﻿AREACD,AREANM,quads,quads5,jobdensity,incomedeprivation
E34000007,Carlton in Lindrick BUA,Low Income Residential,Low Income Residential,36%,3
E34000016,Dorchester (West Dorset) BUA,Middle Income Working,Other,178%,6
E34000020,Ely BUA,High Income Working,High Income Working,90%,8
E34000026,Market Weighton BUA,High Income Residential,High Income Residential,49%,8
E34000027,Downham Market BUA,Low Income Residential,Low Income Residential,55%,5
E34000039,Penrith BUA,High Income Working,High Income Working,118%,7
E34000048,Bolsover BUA,Low Income Residential,Low Income Residential,32%,2
E34000055,March BUA,Low Income Residential,Low Income Residential,38%,3
E34000056,Southam BUA,High Income Working,High Income Working,86%,8
E34000067,Royston BUA,High Income Working,High Income Working,71%,9
E34000068,Studley BUA,Middle Income Working,Other,76%,6
E34000086,Irthlingborough BUA,Middle Income Residential,Other,41%,5
E34000109,Freshwater BUA,Low Income Working,Low Income Working,76%,3
E34000115,Barnoldswick BUA,Middle Income Mixed,Other,58%,5
E34000156,Wirksworth BUA,Middle Income Residential,Other,47%,6
E34000161,Dalton-in-Furness BUA,Middle Income Residential,Other,29%,6
E34000174,Bedlington BUA,Low Income Residential,Low Income Residential,31%,3
E34000175,Brigg BUA,Low Income Working,Low Income Working,95%,3
E34000181,Widnes BUA,Low Income Mixed,Other,69%,2
E34000182,Hethersett BUA,High Income Residential,High Income Residential,42%,9
E34000184,Coningsby Airfield BUA,Middle Income Residential,Other,56%,5
E34000188,Amble BUA,Low Income Residential,Low Income Residential,37%,2
E34000193,Skelton (Redcar and Cleveland) BUA,Low Income Residential,Low Income Residential,30%,2
E34000231,Seaford BUA,Middle Income Residential,Other,38%,6
E34000234,Ryhill BUA,Low Income Residential,Low Income Residential,13%,2
E34000242,Budleigh Salterton BUA,High Income Residential,High Income Residential,43%,8
E34000250,Great Dunmow BUA,High Income Working,High Income Working,76%,7
E34000271,Wideopen BUA,Middle Income Residential,Other,44%,5
E34000273,Frodsham BUA,High Income Residential,High Income Residential,48%,7
E34000278,Rothwell BUA,Low Income Residential,Low Income Residential,36%,4
E34000290,Chard BUA,Low Income Working,Low Income Working,71%,4
E34000306,Hook (Hart) BUA,High Income Working,High Income Working,111%,10
E34000310,Rainworth BUA,Low Income Residential,Low Income Residential,26%,4
E34000313,Beverley BUA,High Income Working,High Income Working,91%,7
E34000327,Haverhill BUA,Middle Income Residential,Other,55%,5
E34000353,St Leonards BUA,High Income Residential,High Income Residential,50%,10
E34000360,Upton (Wakefield) BUA,Low Income Residential,Low Income Residential,12%,2
E34000363,Wincanton BUA,Middle Income Working,Other,77%,5
E34000387,Chinnor BUA,High Income Residential,High Income Residential,33%,10
E34000396,Thurcroft BUA,Low Income Residential,Low Income Residential,28%,1
E34000403,Exmouth BUA,Middle Income Residential,Other,46%,6
E34000409,Bolton-le-Sands BUA,High Income Residential,High Income Residential,49%,10
E34000416,Crediton BUA,Middle Income Mixed,Other,69%,5
E34000430,Henley-on-Thames BUA,High Income Working,High Income Working,115%,9
E34000440,Snodland BUA,Low Income Residential,Low Income Residential,44%,4
E34000458,Meltham BUA,Middle Income Residential,Other,39%,6
E34000469,Minehead BUA,Middle Income Working,Other,84%,5
E34000473,Daventry BUA,Low Income Working,Low Income Working,92%,4
E34000482,Keyworth BUA,High Income Residential,High Income Residential,47%,9
E34000490,Deal BUA,Low Income Residential,Low Income Residential,29%,3
E34000499,Hythe BUA,High Income Residential,High Income Residential,33%,7
E34000504,Ibstock BUA,Middle Income Residential,Other,34%,5
E34000508,Market Deeping BUA,High Income Residential,High Income Residential,54%,8
E34000509,Horncastle BUA,Low Income Working,Low Income Working,78%,4
E34000521,Glastonbury BUA,Low Income Mixed,Other,68%,2
E34000527,Witham BUA,Low Income Working,Low Income Working,85%,4
E34000550,Holmes Chapel BUA,High Income Mixed,Other,68%,10
E34000553,Whaley Bridge BUA,High Income Residential,High Income Residential,54%,9
E34000567,Gerrards Cross BUA,High Income Working,High Income Working,100%,10
E34000573,Ulverston BUA,Middle Income Working,Other,86%,6
E34000574,Chapeltown BUA,Middle Income Mixed,Other,58%,5
E34000589,Hornsea BUA,Low Income Residential,Low Income Residential,53%,3
E34000591,Wem BUA,Middle Income Residential,Other,43%,5
E34000597,Loughborough BUA,Middle Income Working,Other,70%,5
E34000628,Maghull BUA,High Income Residential,High Income Residential,38%,7
E34000633,Southport BUA,Low Income Working,Low Income Working,77%,3
E34000645,Thornbury BUA,High Income Mixed,Other,66%,8
E34000656,Street BUA,Middle Income Working,Other,85%,6
E34000682,Bishop's Waltham BUA,High Income Residential,High Income Residential,49%,9
E34000692,Frome BUA,Low Income Residential,Low Income Residential,49%,4
E34000697,Bagshot BUA,High Income Working,High Income Working,89%,9
E34000710,Ross-on-Wye BUA,Middle Income Working,Other,108%,5
E34000712,Storrington BUA,High Income Residential,High Income Residential,48%,9
E34000732,Alnwick BUA,Low Income Working,Low Income Working,89%,4
E34000741,Billinge BUA,High Income Residential,High Income Residential,24%,7
E34000755,Hailsham BUA,Low Income Residential,Low Income Residential,53%,4
E34000762,Richmond BUA,High Income Mixed,Other,63%,7
E34000766,Cheddar BUA,High Income Working,High Income Working,93%,7
E34000768,Oakley (Basingstoke and Deane) BUA,High Income Residential,High Income Residential,25%,10
E34000776,Mablethorpe BUA,Low Income Residential,Low Income Residential,43%,1
E34000786,Lutterworth BUA,High Income Working,High Income Working,224%,8
E34000792,Sawston BUA,High Income Working,High Income Working,92%,8
E34000796,Sidmouth BUA,High Income Working,High Income Working,79%,8
E34000815,Epping BUA,High Income Working,High Income Working,88%,7
E34000830,Torpoint BUA,Low Income Residential,Low Income Residential,37%,5
E34000839,Hilton (South Derbyshire) BUA,High Income Residential,High Income Residential,30%,10
E34000843,Burghfield Common BUA,High Income Residential,High Income Residential,52%,9
E34000850,Buckingham BUA,High Income Mixed,Other,61%,9
E34000852,Netley BUA,High Income Residential,High Income Residential,51%,7
E34000857,Brackley BUA,High Income Working,High Income Working,75%,10
E34000867,Ivybridge BUA,High Income Residential,High Income Residential,37%,8
E34000879,Marske-by-the-Sea BUA,Middle Income Residential,Other,29%,5
E34000884,Denmead BUA,High Income Residential,High Income Residential,38%,9
E34000885,Paddock Wood BUA,High Income Working,High Income Working,96%,7
E34000891,Garforth BUA,High Income Mixed,Other,60%,9
E34000922,Northallerton BUA,Middle Income Working,Other,134%,6
E34000926,Tenterden BUA,High Income Working,High Income Working,88%,7
E34000935,Market Warsop BUA,Low Income Residential,Low Income Residential,24%,2
E34000969,Tadcaster BUA,High Income Working,High Income Working,122%,9
E34000970,Long Ashton BUA,High Income Residential,High Income Residential,42%,10
E34000980,Hayle BUA,Low Income Mixed,Other,61%,2
E34000991,Conisbrough BUA,Low Income Residential,Low Income Residential,31%,1
E34000994,Nantwich BUA,High Income Mixed,Other,64%,7
E34001024,Market Drayton BUA,Low Income Working,Low Income Working,75%,4
E34001039,Portishead BUA,High Income Working,High Income Working,83%,9
E34001050,Crofton BUA,High Income Residential,High Income Residential,17%,7
E34001052,Wotton-under-Edge BUA,High Income Residential,High Income Residential,39%,8
E34001064,Marple BUA,High Income Mixed,Other,63%,8
E34001066,Southwell BUA,High Income Working,High Income Working,70%,10
E34001067,Dawlish BUA,Low Income Residential,Low Income Residential,47%,4
E34001068,Dronfield BUA,High Income Mixed,Other,57%,9
E34001070,Wootton Bassett BUA,High Income Mixed,Other,57%,7
E34001073,Hawkinge BUA,Middle Income Residential,Other,16%,6
E34001102,Peasedown St John BUA,High Income Residential,High Income Residential,31%,7
E34001108,New Waltham BUA,High Income Residential,High Income Residential,20%,9
E34001117,Dinnington (Rotherham) BUA,Low Income Mixed,Other,61%,3
E34001119,Stansted Mountfitchet BUA,High Income Working,High Income Working,88%,9
E34001126,Balsall Common BUA,High Income Residential,High Income Residential,42%,10
E34001129,Bayston Hill BUA,High Income Residential,High Income Residential,33%,9
E34001202,Faringdon BUA,Middle Income Residential,Other,48%,5
E34001214,Weaverham BUA,Low Income Residential,Low Income Residential,31%,4
E34001232,Ilminster BUA,Middle Income Mixed,Other,60%,6
E34001233,Ferryhill BUA,Low Income Residential,Low Income Residential,31%,1
E34001247,Raunds BUA,Middle Income Residential,Other,43%,6
E34001263,Halstead BUA,Middle Income Residential,Other,56%,5
E34001267,Newport (Isle of Wight) BUA,Low Income Working,Low Income Working,123%,3
E34001322,Ponteland BUA,High Income Residential,High Income Residential,54%,10
E34001339,Measham BUA,Middle Income Mixed,Other,59%,5
E34001373,Oakham BUA,High Income Working,High Income Working,95%,9
E34001392,Brotton BUA,Low Income Residential,Low Income Residential,39%,2
E34001398,Okehampton BUA,Low Income Working,Low Income Working,70%,4
E34001401,Great Wakering BUA,Middle Income Residential,Other,19%,6
E34001416,Clitheroe BUA,High Income Working,High Income Working,81%,7
E34001422,Helsby BUA,High Income Mixed,Other,60%,9
E34001430,Petersfield BUA,High Income Working,High Income Working,100%,9
E34001434,Louth BUA,Low Income Working,Low Income Working,81%,2
E34001445,Ashington (Northumberland) BUA,Low Income Mixed,Other,56%,1
E34001461,Newmarket BUA,High Income Working,High Income Working,90%,7
E34001475,Culcheth BUA,High Income Residential,High Income Residential,37%,9
E34001481,Heswall BUA,High Income Residential,High Income Residential,54%,8
E34001491,Sheerness BUA,Low Income Mixed,Other,58%,1
E34001493,Driffield BUA,Middle Income Residential,Other,51%,6
E34001504,Retford BUA,Low Income Residential,Low Income Residential,54%,4
E34001518,Radcliffe on Trent BUA,High Income Residential,High Income Residential,38%,9
E34001520,Ruskington BUA,Middle Income Residential,Other,35%,5
E34001537,Wigton BUA,Low Income Working,Low Income Working,84%,4
E34001545,Leominster BUA,Low Income Working,Low Income Working,76%,2
E34001604,Bodmin BUA,Low Income Working,Low Income Working,91%,2
E34001609,Caister-on-Sea BUA,Low Income Residential,Low Income Residential,31%,4
E34001645,Devizes BUA,Middle Income Working,Other,97%,5
E34001686,Cotgrave BUA,Middle Income Residential,Other,30%,6
E34001696,Wingate BUA,Low Income Residential,Low Income Residential,19%,2
E34001704,Elland BUA,Low Income Working,Low Income Working,124%,4
E34001711,Bishop's Stortford BUA,High Income Mixed,Other,66%,10
E34001715,Kenilworth BUA,High Income Working,High Income Working,86%,10
E34001733,Hungerford BUA,High Income Working,High Income Working,101%,8
E34001739,Countesthorpe BUA,High Income Residential,High Income Residential,24%,9
E34001750,Easington (County Durham) BUA,Low Income Residential,Low Income Residential,37%,1
E34001759,New Romney BUA,Low Income Mixed,Other,62%,4
E34001766,Highworth BUA,High Income Residential,High Income Residential,49%,7
E34001807,Washingborough BUA,High Income Residential,High Income Residential,24%,9
E34001850,South Ockendon BUA,Low Income Residential,Low Income Residential,35%,2
E34001881,Chipping Norton BUA,High Income Mixed,Other,67%,7
E34001895,West Chiltington Common BUA,High Income Mixed,Other,57%,9
E34001896,New Rossington BUA,Low Income Residential,Low Income Residential,25%,2
E34001940,Brightlingsea BUA,Middle Income Residential,Other,41%,5
E34001958,Stanford-le-Hope BUA,Middle Income Residential,Other,48%,6
E34001962,Yeovil BUA,Middle Income Working,Other,102%,5
E34001966,North Baddesley BUA,High Income Residential,High Income Residential,29%,8
E34001982,Amesbury BUA,High Income Mixed,Other,65%,7
E34001993,Crook BUA,Low Income Residential,Low Income Residential,42%,1
E34002010,Shipston-on-Stour BUA,High Income Residential,High Income Residential,55%,8
E34002041,Maldon BUA,Middle Income Working,Other,78%,5
E34002053,Sudbury BUA,Low Income Working,Low Income Working,69%,4
E34002054,Brandon (County Durham) BUA,Low Income Working,Low Income Working,81%,3
E34002061,Ormskirk BUA,High Income Mixed,Other,59%,8
E34002074,Blyth (Northumberland) BUA,Low Income Residential,Low Income Residential,43%,1
E34002085,Holbeach BUA,Low Income Residential,Low Income Residential,47%,4
E34002105,East Horsley BUA,High Income Residential,High Income Residential,49%,10
E34002125,Burwell BUA,High Income Residential,High Income Residential,36%,9
E34002141,Darlington BUA,Low Income Working,Low Income Working,86%,2
E34002160,Axminster BUA,Middle Income Mixed,Other,65%,5
E34002161,Looe BUA,Low Income Mixed,Other,65%,3
E34002164,Southwater BUA,High Income Residential,High Income Residential,37%,10
E34002172,Cranfield BUA,High Income Working,High Income Working,110%,10
E34002176,Norton Canes BUA,Low Income Working,Low Income Working,139%,3
E34002180,Newquay BUA,Low Income Mixed,Other,58%,3
E34002182,Hemsworth BUA,Low Income Residential,Low Income Residential,37%,2
E34002191,Lightwater BUA,High Income Residential,High Income Residential,42%,10
E34002199,Bewdley BUA,High Income Residential,High Income Residential,37%,7
E34002202,Sawtry BUA,High Income Residential,High Income Residential,49%,8
E34002212,Millom BUA,Low Income Residential,Low Income Residential,43%,3
E34002254,Thirsk BUA,Middle Income Residential,Other,50%,6
E34002257,Huntingdon BUA,Middle Income Working,Other,112%,5
E34002285,Shirebrook BUA,Low Income Mixed,Other,63%,1
E34002367,Sherborne BUA,Middle Income Working,Other,101%,6
E34002384,Silsden BUA,High Income Residential,High Income Residential,41%,8
E34002432,Willington (County Durham) BUA,Low Income Residential,Low Income Residential,26%,1
E34002433,South Molton BUA,Low Income Working,Low Income Working,110%,4
E34002446,Honiton BUA,Middle Income Working,Other,71%,5
E34002470,Chippenham (Wiltshire) BUA,High Income Working,High Income Working,77%,7
E34002474,Gillingham (North Dorset) BUA,High Income Mixed,Other,60%,8
E34002475,Redbourn BUA,High Income Residential,High Income Residential,46%,8
E34002505,West Mersea BUA,High Income Residential,High Income Residential,42%,7
E34002511,Tring BUA,High Income Mixed,Other,58%,9
E34002512,Guisborough BUA,Low Income Residential,Low Income Residential,53%,4
E34002528,Olney BUA,High Income Working,High Income Working,70%,10
E34002529,New Alresford BUA,High Income Mixed,Other,67%,10
E34002540,Marchwood BUA,High Income Residential,High Income Residential,53%,9
E34002554,Rugeley BUA,Low Income Mixed,Other,64%,4
E34002562,Saffron Walden BUA,High Income Working,High Income Working,74%,8
E34002605,Knutsford BUA,High Income Working,High Income Working,146%,7
E34002608,Shepley BUA,High Income Residential,High Income Residential,31%,10
E34002609,Biggleswade BUA,Middle Income Residential,Other,53%,6
E34002624,Ripon BUA,High Income Mixed,Other,67%,8
E34002637,Selsey BUA,Middle Income Residential,Other,55%,5
E34002653,Ilfracombe BUA,Low Income Mixed,Other,58%,2
E34002678,Saltburn-by-the-Sea BUA,Low Income Residential,Low Income Residential,44%,2
E34002686,Ventnor BUA,Low Income Working,Low Income Working,75%,2
E34002689,Newton Aycliffe BUA,Low Income Working,Low Income Working,100%,2
E34002694,Newbiggin-by-the-Sea BUA,Low Income Residential,Low Income Residential,30%,1
E34002712,Filey BUA,Low Income Residential,Low Income Residential,48%,2
E34002717,Hoo St Werburgh BUA,Middle Income Residential,Other,21%,5
E34002727,Arlesey BUA,High Income Residential,High Income Residential,29%,7
E34002729,South Woodham Ferrers BUA,High Income Residential,High Income Residential,50%,9
E34002730,Earls Barton BUA,High Income Residential,High Income Residential,53%,8
E34002733,Lichfield BUA,Middle Income Working,Other,88%,6
E34002746,Calverton BUA,Middle Income Residential,Other,39%,6
E34002766,Blackfield BUA,Middle Income Mixed,Other,58%,5
E34002796,Yaxley BUA,High Income Residential,High Income Residential,48%,7
E34002801,Lymm BUA,High Income Mixed,Other,64%,10
E34002816,Dereham BUA,Low Income Mixed,Other,68%,4
E34002820,Shrewsbury BUA,Middle Income Working,Other,107%,5
E34002826,Witley BUA,High Income Residential,High Income Residential,45%,8
E34002854,Newport (Telford and Wrekin) BUA,High Income Residential,High Income Residential,43%,7
E34002872,Beaconsfield BUA,High Income Working,High Income Working,138%,10
E34002877,Croesowallt BUA,Low Income Working,Low Income Working,73%,3
E34002878,Chapel-en-le-Frith BUA,High Income Mixed,Other,59%,8
E34002906,Longridge BUA,High Income Mixed,Other,63%,9
E34002917,Verwood BUA,High Income Residential,High Income Residential,42%,9
E34002927,Whitchurch (Shropshire) BUA,Low Income Mixed,Other,61%,4
E34002963,Tidworth BUA,High Income Residential,High Income Residential,32%,10
E34002971,Bracebridge Heath BUA,High Income Residential,High Income Residential,39%,9
E34002993,Barton-upon-Humber BUA,Low Income Mixed,Other,64%,3
E34003008,Aylsham BUA,High Income Mixed,Other,63%,7
E34003021,Poringland BUA,High Income Residential,High Income Residential,25%,9
E34003024,Manningtree BUA,High Income Mixed,Other,62%,7
E34003029,Keynsham BUA,Middle Income Mixed,Other,67%,6
E34003071,Sleaford BUA,Middle Income Working,Other,72%,6
E34003078,Barrow-in-Furness BUA,Low Income Working,Low Income Working,100%,2
E34003082,Wellesbourne BUA,High Income Mixed,Other,63%,9
E34003098,Clowne BUA,Low Income Residential,Low Income Residential,45%,3
E34003102,Chatteris BUA,Low Income Residential,Low Income Residential,46%,5
E34003104,Brixham BUA,Low Income Mixed,Other,57%,2
E34003109,Murton (County Durham) BUA,Low Income Residential,Low Income Residential,33%,2
E34003112,Tiverton BUA,Low Income Mixed,Other,68%,4
E34003124,Hurstpierpoint BUA,High Income Residential,High Income Residential,36%,10
E34003129,South Hayling BUA,Middle Income Residential,Other,45%,6
E34003154,Egremont BUA,Low Income Residential,Low Income Residential,40%,3
E34003165,Swaffham BUA,Low Income Working,Low Income Working,80%,3
E34003168,Ledbury BUA,High Income Working,High Income Working,69%,7
E34003174,Skipton BUA,Middle Income Working,Other,172%,5
E34003178,Bradford on Avon BUA,High Income Mixed,Other,56%,7
E34003196,Oundle BUA,High Income Working,High Income Working,87%,10
E34003205,Sherburn in Elmet BUA,High Income Working,High Income Working,156%,8
E34003206,Ludlow BUA,Low Income Working,Low Income Working,74%,4
E34003218,Bingham BUA,High Income Residential,High Income Residential,43%,8
E34003222,Lewes BUA,Middle Income Working,Other,112%,6
E34003241,Benson BUA,High Income Residential,High Income Residential,39%,10
E34003243,Liphook BUA,High Income Working,High Income Working,70%,7
E34003244,Haxby BUA,High Income Residential,High Income Residential,25%,10
E34003253,Shaftesbury BUA,Middle Income Working,Other,76%,6
E34003258,Bungay BUA,Low Income Working,Low Income Working,73%,4
E34003294,Calne BUA,Middle Income Residential,Other,45%,5
E34003297,King's Hill BUA,High Income Working,High Income Working,163%,10
E34003299,Cobham (Elmbridge) BUA,High Income Working,High Income Working,79%,10
E34003308,Beccles BUA,Low Income Working,Low Income Working,72%,4
E34003332,Tiptree BUA,High Income Mixed,Other,57%,8
E34003343,Peacehaven BUA,Low Income Residential,Low Income Residential,25%,4
E34003347,Tetbury BUA,High Income Mixed,Other,65%,7
E34003354,Leighton Buzzard BUA,High Income Mixed,Other,56%,7
E34003376,Broughton Astley BUA,High Income Residential,High Income Residential,36%,10
E34003389,Whittlesey BUA,Low Income Residential,Low Income Residential,40%,4
E34003397,Brandon (Forest Heath) BUA,Low Income Residential,Low Income Residential,46%,4
E34003412,Cottenham BUA,High Income Residential,High Income Residential,51%,7
E34003418,Bourne BUA,High Income Working,High Income Working,73%,7
E34003424,Staplehurst BUA,High Income Residential,High Income Residential,40%,8
E34003425,Cheadle BUA,Middle Income Residential,Other,40%,6
E34003440,Brixworth BUA,High Income Mixed,Other,66%,9
E34003456,Chipping Ongar BUA,Middle Income Mixed,Other,69%,6
E34003462,Fleetwood BUA,Low Income Residential,Low Income Residential,55%,1
E34003463,Shildon BUA,Low Income Residential,Low Income Residential,47%,1
E34003490,Hemsby BUA,Low Income Residential,Low Income Residential,49%,4
E34003491,Ashby-de-la-Zouch BUA,High Income Working,High Income Working,144%,7
E34003494,Wadebridge BUA,Middle Income Mixed,Other,62%,5
E34003511,Harpenden BUA,High Income Working,High Income Working,141%,10
E34003514,Halesworth BUA,Middle Income Working,Other,113%,5
E34003517,Attleborough BUA,Middle Income Mixed,Other,63%,6
E34003525,Fleet BUA,High Income Mixed,Other,58%,10
E34003541,Ramsey (Huntingdonshire) BUA,Middle Income Residential,Other,45%,5
E34003553,Wantage BUA,High Income Residential,High Income Residential,47%,8
E34003561,East Leake BUA,High Income Mixed,Other,61%,9
E34003562,Askern BUA,Low Income Residential,Low Income Residential,24%,1
E34003565,Long Sutton (South Holland) BUA,Middle Income Mixed,Other,69%,5
E34003566,Battle BUA,Middle Income Working,Other,80%,6
E34003574,New Ollerton BUA,Low Income Mixed,Other,65%,2
E34003596,Uttoxeter BUA,High Income Working,High Income Working,81%,7
E34003597,Bircotes BUA,Low Income Residential,Low Income Residential,24%,2
E34003606,North Walsham BUA,Low Income Mixed,Other,63%,3
E34003628,Seaton (East Devon) BUA,Middle Income Mixed,Other,62%,6
E34003657,Stotfold BUA,High Income Residential,High Income Residential,25%,9
E34003678,Shepshed BUA,High Income Mixed,Other,57%,8
E34003679,Clacton-on-Sea BUA,Low Income Mixed,Other,66%,1
E34003687,Whitby BUA,Low Income Working,Low Income Working,78%,3
E34003707,Ashbourne BUA,High Income Working,High Income Working,107%,7
E34003710,Cheltenham BUA,Middle Income Working,Other,98%,6
E34003723,Congleton BUA,Middle Income Mixed,Other,61%,6
E34003741,Rishton BUA,Low Income Residential,Low Income Residential,48%,3
E34003742,Todmorden BUA,Low Income Residential,Low Income Residential,46%,3
E34003743,Stocksbridge BUA,Middle Income Residential,Other,40%,5
E34003749,Shifnal BUA,Middle Income Residential,Other,33%,6
E34003750,Twyford (Wokingham) BUA,High Income Working,High Income Working,74%,10
E34003756,Spennymoor BUA,Low Income Mixed,Other,56%,1
E34003761,Stubbington BUA,High Income Residential,High Income Residential,43%,10
E34003769,Alton (East Hampshire) BUA,High Income Working,High Income Working,87%,8
E34003774,Radlett BUA,High Income Mixed,Other,58%,10
E34003793,Withernsea BUA,Low Income Residential,Low Income Residential,46%,1
E34003804,Neston BUA,High Income Residential,High Income Residential,44%,7
E34003809,Middlewich BUA,High Income Mixed,Other,67%,7
E34003851,Edenbridge BUA,Middle Income Mixed,Other,68%,6
E34003862,Maryport BUA,Low Income Residential,Low Income Residential,50%,1
E34003864,Wymondham (South Norfolk) BUA,High Income Working,High Income Working,78%,7
E34003866,Creswell BUA,Low Income Residential,Low Income Residential,18%,1
E34003892,Saltash BUA,Middle Income Residential,Other,39%,6
E34003904,Potters Bar BUA,High Income Working,High Income Working,89%,8
E34003922,Pembury BUA,High Income Working,High Income Working,128%,9
E34003928,Clevedon BUA,High Income Working,High Income Working,77%,8
E34003940,Anstey BUA,High Income Residential,High Income Residential,30%,7
E34003989,Great Torrington BUA,Low Income Residential,Low Income Residential,53%,4
E34004012,Wroughton BUA,Middle Income Residential,Other,51%,6
E34004090,Tavistock BUA,Middle Income Mixed,Other,66%,6
E34004099,Codsall BUA,High Income Residential,High Income Residential,36%,7
E34004122,Cockermouth BUA,High Income Working,High Income Working,79%,7
E34004125,Blandford Forum BUA,Middle Income Working,Other,71%,6
E34004134,Sittingbourne BUA,Low Income Mixed,Other,67%,3
E34004138,Buxton (High Peak) BUA,Middle Income Mixed,Other,65%,5
E34004141,Newhaven BUA,Low Income Mixed,Other,66%,3
E34004142,Hadleigh BUA,High Income Working,High Income Working,88%,7
E34004143,Thetford BUA,Low Income Mixed,Other,66%,3
E34004149,Billingshurst BUA,High Income Residential,High Income Residential,48%,8
E34004151,Annfield Plain BUA,Low Income Residential,Low Income Residential,53%,1
E34004153,Emsworth BUA,High Income Residential,High Income Residential,41%,8
E34004154,Bognor Regis BUA,Middle Income Mixed,Other,64%,5
E34004155,Tarleton BUA,High Income Residential,High Income Residential,41%,9
E34004157,Westbury (Wiltshire) BUA,Middle Income Residential,Other,42%,6
E34004162,Strensall BUA,High Income Residential,High Income Residential,25%,10
E34004169,Liss BUA,High Income Residential,High Income Residential,44%,8
E34004170,Towcester BUA,High Income Residential,High Income Residential,56%,9
E34004175,Totnes BUA,Low Income Working,Low Income Working,107%,2
E34004181,Hinckley BUA,High Income Working,High Income Working,84%,7
E34004185,Yarm BUA,High Income Residential,High Income Residential,55%,9
E34004187,Princes Risborough BUA,High Income Working,High Income Working,71%,9
E34004190,Seaham BUA,Low Income Residential,Low Income Residential,50%,2
E34004191,Hexham BUA,High Income Working,High Income Working,92%,7
E34004192,Scunthorpe BUA,Low Income Working,Low Income Working,87%,2
E34004193,Belper BUA,High Income Residential,High Income Residential,47%,8
E34004196,Littleport BUA,Middle Income Residential,Other,28%,5
E34004197,Freckleton BUA,High Income Working,High Income Working,145%,7
E34004204,Berwick-upon-Tweed BUA,Low Income Working,Low Income Working,84%,3
E34004210,Stratford-upon-Avon BUA,High Income Working,High Income Working,110%,8
E34004213,Wombourne BUA,High Income Residential,High Income Residential,44%,7
E34004217,Burgess Hill BUA,High Income Working,High Income Working,76%,9
E34004218,Spalding BUA,Middle Income Working,Other,93%,6
E34004222,Ampthill BUA,High Income Residential,High Income Residential,53%,9
E34004224,Barnard Castle BUA,Middle Income Working,Other,117%,6
E34004225,Matlock BUA,High Income Working,High Income Working,89%,7
E34004228,Aveley BUA,Low Income Residential,Low Income Residential,45%,3
E34004229,Morpeth BUA,High Income Working,High Income Working,90%,7
E34004233,Fakenham BUA,Middle Income Working,Other,109%,5
E34004240,Lydney BUA,Low Income Mixed,Other,62%,3
E34004242,Cleator Moor BUA,Low Income Residential,Low Income Residential,31%,2
E34004246,Brentwood BUA,High Income Working,High Income Working,78%,8
E34004251,Warrington BUA,Low Income Working,Low Income Working,118%,4
E34004252,Coleshill (North Warwickshire) BUA,High Income Working,High Income Working,238%,8
E34004256,Winsford (Cheshire West and Chester) BUA,Low Income Working,Low Income Working,75%,2
E34004262,Kirkby BUA,Low Income Working,Low Income Working,96%,1
E34004263,Alcester BUA,High Income Working,High Income Working,153%,7
E34004266,Desborough BUA,High Income Residential,High Income Residential,33%,7
E34004267,Biddulph BUA,Middle Income Residential,Other,29%,5
E34004270,Featherstone (Wakefield) BUA,Low Income Mixed,Other,60%,2
E34004274,Witney BUA,High Income Working,High Income Working,80%,8
E34004277,Liskeard BUA,Low Income Working,Low Income Working,75%,2
E34004278,Faversham BUA,Low Income Mixed,Other,57%,3
E34004281,Market Harborough BUA,High Income Working,High Income Working,75%,9
E34004282,Swanage BUA,High Income Mixed,Other,61%,7
E34004292,Evesham BUA,Middle Income Mixed,Other,65%,5
E34004293,Canvey Island BUA,Low Income Residential,Low Income Residential,31%,2
E34004294,Great Malvern BUA,Low Income Working,Low Income Working,75%,4
E34004302,Cambourne BUA,High Income Residential,High Income Residential,51%,7
E34004306,Salisbury BUA,High Income Working,High Income Working,101%,7
E34004315,Lowestoft BUA,Low Income Mixed,Other,57%,2
E34004321,Crewkerne BUA,Middle Income Working,Other,78%,6
E34004322,Ilkley BUA,High Income Working,High Income Working,80%,10
E34004327,Skegness BUA,Low Income Working,Low Income Working,89%,1
E34004328,Malmesbury BUA,High Income Working,High Income Working,157%,9
E34004329,Danbury BUA,High Income Residential,High Income Residential,43%,9
E34004334,Hereford BUA,Middle Income Working,Other,88%,5
E34004335,Formby BUA,High Income Residential,High Income Residential,51%,9
E34004336,Sandbach BUA,High Income Mixed,Other,60%,8
E34004337,Edwinstowe BUA,High Income Residential,High Income Residential,32%,7
E34004338,St Ives (Cornwall) BUA,Low Income Working,Low Income Working,98%,4
E34004340,Pocklington BUA,High Income Residential,High Income Residential,46%,9
E34004343,Melton Mowbray BUA,High Income Working,High Income Working,76%,7
E34004346,Catterick Garrison BUA,High Income Residential,High Income Residential,38%,10
E34004349,Tonbridge BUA,High Income Mixed,Other,64%,8
E34004354,Ravenshead BUA,High Income Residential,High Income Residential,31%,10
E34004358,Castle Donington BUA,High Income Working,High Income Working,232%,7
E34004367,Penkridge BUA,High Income Residential,High Income Residential,39%,8
E34004383,Boston BUA,Low Income Working,Low Income Working,84%,3
E34004388,Crowborough BUA,High Income Mixed,Other,59%,9
E34004389,King's Lynn BUA,Low Income Working,Low Income Working,97%,2
E34004392,Haywards Heath BUA,High Income Mixed,Other,62%,9
E34004393,Bridgwater BUA,Low Income Mixed,Other,64%,2
E34004397,Gainsborough BUA,Low Income Mixed,Other,62%,1
E34004398,Dover BUA,Low Income Mixed,Other,57%,2
E34004399,Maidstone BUA,Middle Income Working,Other,83%,5
E34004403,Bath BUA,High Income Working,High Income Working,98%,7
E34004408,Scarborough BUA,Low Income Working,Low Income Working,78%,2
E34004409,Oxted BUA,High Income Mixed,Other,65%,10
E34004415,Shepton Mallet BUA,Middle Income Working,Other,75%,5
E34004421,Stone (Stafford) BUA,High Income Working,High Income Working,81%,8
E34004422,Godmanchester BUA,High Income Mixed,Other,62%,9
E34004426,Polesworth BUA,Middle Income Working,Other,183%,6
E34004435,Otford BUA,High Income Working,High Income Working,74%,10
E34004441,Kingsbridge BUA,Middle Income Working,Other,88%,5
E34004442,Tewkesbury BUA,Middle Income Working,Other,97%,6
E34004453,Bulford Camp BUA,High Income Residential,High Income Residential,24%,9
E34004458,West Clandon BUA,High Income Residential,High Income Residential,50%,10
E34004462,Prestwood BUA,High Income Residential,High Income Residential,55%,10
E34004471,Barnstaple BUA,Low Income Working,Low Income Working,116%,3
E34004474,Preesall BUA,Low Income Residential,Low Income Residential,36%,5
E34004479,Melksham BUA,Middle Income Mixed,Other,69%,5
E34004483,Warminster BUA,High Income Mixed,Other,65%,7
E34004484,Bridport BUA,Middle Income Working,Other,80%,5
E34004485,Thame BUA,High Income Working,High Income Working,115%,10
E34004487,Durham BUA,High Income Working,High Income Working,96%,9
E34004546,Rowlands Gill BUA,Low Income Residential,Low Income Residential,26%,3
E35000002,Redcar BUASD,Low Income Mixed,Other,59%,2
E35000003,Kidderminster BUASD,Low Income Working,Low Income Working,73%,3
E35000004,Chadderton BUASD,Low Income Working,Low Income Working,99%,2
E35000006,Longbenton BUASD,Low Income Working,Low Income Working,112%,3
E35000012,Watford BUASD,Middle Income Working,Other,135%,6
E35000013,Stevenage BUASD,Low Income Working,Low Income Working,87%,4
E35000015,Ramsbottom BUASD,High Income Residential,High Income Residential,51%,9
E35000021,Holmfirth BUASD,High Income Working,High Income Working,80%,8
E35000027,Chalford BUASD,High Income Residential,High Income Residential,39%,10
E35000032,Church BUASD,Low Income Working,Low Income Working,77%,1
E35000033,Bentley BUASD,Low Income Residential,Low Income Residential,36%,2
E35000035,Wednesbury BUASD,Low Income Mixed,Other,66%,1
E35000036,Bursledon BUASD,Middle Income Residential,Other,48%,5
E35000037,Hyde (Tameside) BUASD,Low Income Mixed,Other,61%,2
E35000042,Clayton-le-Moors BUASD,Low Income Mixed,Other,66%,3
E35000043,Birstall BUASD,High Income Residential,High Income Residential,27%,8
E35000044,Urmston BUASD,High Income Working,High Income Working,160%,7
E35000050,Poynton BUASD,High Income Residential,High Income Residential,49%,10
E35000051,York BUASD,High Income Working,High Income Working,93%,7
E35000052,Hindley BUASD,Low Income Residential,Low Income Residential,33%,3
E35000056,Duffield BUASD,High Income Residential,High Income Residential,44%,10
E35000057,Innsworth BUASD,High Income Working,High Income Working,88%,8
E35000064,Uppermill BUASD,High Income Working,High Income Working,77%,10
E35000067,Seaton Delaval BUASD,Low Income Residential,Low Income Residential,32%,3
E35000069,Sedgley BUASD,Low Income Residential,Low Income Residential,24%,4
E35000070,Sandy BUASD,Middle Income Mixed,Other,62%,5
E35000071,Launceston BUASD,Low Income Working,Low Income Working,72%,3
E35000072,Brinsley BUASD,High Income Residential,High Income Residential,29%,7
E35000079,Gorleston-on-Sea BUASD,Low Income Mixed,Other,64%,1
E35000083,North Ascot BUASD,High Income Working,High Income Working,93%,10
E35000084,Walton-on-the-Naze BUASD,Low Income Residential,Low Income Residential,26%,2
E35000088,Borrowash BUASD,High Income Residential,High Income Residential,29%,7
E35000092,Dunscroft BUASD,Low Income Residential,Low Income Residential,31%,3
E35000101,Fence Houses BUASD,Low Income Residential,Low Income Residential,33%,2
E35000104,Ware BUASD,High Income Working,High Income Working,72%,8
E35000106,Northam BUASD,Low Income Residential,Low Income Residential,45%,4
E35000108,Farnborough BUASD,High Income Working,High Income Working,89%,7
E35000114,Baldock BUASD,High Income Residential,High Income Residential,44%,7
E35000115,Letchworth Garden City BUASD,Low Income Working,Low Income Working,83%,4
E35000120,Chorley BUASD,Low Income Working,Low Income Working,77%,3
E35000121,Guiseley BUASD,High Income Mixed,Other,59%,10
E35000125,Maidenhead BUASD,High Income Working,High Income Working,103%,8
E35000131,Basingstoke BUASD,High Income Working,High Income Working,88%,7
E35000135,Swanley BUASD,Low Income Residential,Low Income Residential,56%,3
E35000136,Horwich BUASD,Low Income Working,Low Income Working,108%,4
E35000137,Thornton (Wyre) BUASD,Middle Income Residential,Other,36%,6
E35000138,Ruddington BUASD,High Income Working,High Income Working,87%,8
E35000141,Chorleywood BUASD,High Income Residential,High Income Residential,46%,10
E35000142,Shevington Vale BUASD,High Income Residential,High Income Residential,45%,9
E35000146,Hedon BUASD,High Income Mixed,Other,68%,7
E35000148,Worthing BUASD,Middle Income Working,Other,85%,5
E35000153,Saltdean BUASD,High Income Residential,High Income Residential,24%,8
E35000157,Romiley BUASD,Low Income Working,Low Income Working,77%,2
E35000158,Clifton (City of Nottingham) BUASD,Low Income Residential,Low Income Residential,37%,1
E35000159,South Elmsall BUASD,Low Income Working,Low Income Working,102%,2
E35000166,Ashton-in-Makerfield BUASD,Middle Income Residential,Other,46%,5
E35000170,Prescot BUASD,Low Income Working,Low Income Working,75%,2
E35000173,Sale BUASD,Low Income Working,Low Income Working,79%,2
E35000175,South Kirkby BUASD,Low Income Residential,Low Income Residential,47%,1
E35000181,Eccles BUASD,Low Income Working,Low Income Working,85%,1
E35000183,Cottingham BUASD,High Income Working,High Income Working,93%,7
E35000191,Dewsbury BUASD,Low Income Working,Low Income Working,76%,1
E35000193,Syston BUASD,High Income Working,High Income Working,71%,7
E35000194,Morley BUASD,Low Income Working,Low Income Working,119%,5
E35000198,Gillingham BUASD,Low Income Mixed,Other,63%,4
E35000202,Pelton BUASD,Low Income Residential,Low Income Residential,17%,2
E35000203,Rothwell BUASD,Middle Income Residential,Other,34%,5
E35000207,Aldershot BUASD,Middle Income Mixed,Other,56%,5
E35000218,Dunstable BUASD,Low Income Residential,Low Income Residential,48%,4
E35000219,Trimley St Mary BUASD,High Income Residential,High Income Residential,45%,8
E35000220,Braunton BUASD,High Income Residential,High Income Residential,47%,8
E35000224,Hazel Grove BUASD,High Income Working,High Income Working,88%,9
E35000225,Northfleet BUASD,Low Income Residential,Low Income Residential,56%,3
E35000229,New Milton BUASD,Middle Income Mixed,Other,66%,5
E35000230,Heckmondwike BUASD,Low Income Mixed,Other,61%,2
E35000236,Ashtead BUASD,High Income Residential,High Income Residential,53%,10
E35000243,Altrincham BUASD,High Income Working,High Income Working,129%,8
E35000246,Hullbridge BUASD,High Income Residential,High Income Residential,17%,7
E35000247,Bilston BUASD,Low Income Mixed,Other,62%,1
E35000248,Woodbridge BUASD,High Income Working,High Income Working,88%,7
E35000251,Winchester BUASD,High Income Working,High Income Working,119%,8
E35000252,Histon BUASD,High Income Working,High Income Working,89%,10
E35000254,Denton BUASD,Low Income Residential,Low Income Residential,52%,3
E35000255,Plymstock BUASD,High Income Mixed,Other,59%,8
E35000257,Irlam BUASD,Low Income Working,Low Income Working,72%,2
E35000258,Bedworth BUASD,Low Income Residential,Low Income Residential,56%,3
E35000262,Whickham BUASD,Middle Income Working,Other,124%,6
E35000267,Kirkby-in-Ashfield BUASD,Low Income Working,Low Income Working,103%,2
E35000268,Yatton BUASD,High Income Residential,High Income Residential,54%,8
E35000277,Middleton (Rochdale) BUASD,Low Income Residential,Low Income Residential,44%,1
E35000278,Swinton BUASD,Low Income Working,Low Income Working,76%,3
E35000279,Sandhurst BUASD,High Income Mixed,Other,57%,10
E35000280,St Austell BUASD,Low Income Working,Low Income Working,70%,3
E35000281,Swallownest BUASD,Middle Income Residential,Other,32%,5
E35000284,Dudley (Dudley) BUASD,Low Income Working,Low Income Working,105%,1
E35000289,Great Harwood BUASD,Low Income Residential,Low Income Residential,39%,3
E35000294,Groby BUASD,High Income Residential,High Income Residential,22%,10
E35000295,Knottingley BUASD,Low Income Residential,Low Income Residential,50%,1
E35000297,Cullompton BUASD,Middle Income Mixed,Other,61%,5
E35000298,Wednesfield BUASD,Low Income Residential,Low Income Residential,51%,2
E35000300,Waterbeach BUASD,High Income Working,High Income Working,69%,10
E35000312,Ince-in-Makerfield BUASD,Low Income Mixed,Other,64%,1
E35000316,Salford BUASD,Low Income Working,Low Income Working,122%,1
E35000317,Halifax BUASD,Low Income Working,Low Income Working,84%,1
E35000322,Crowthorne BUASD,High Income Working,High Income Working,77%,10
E35000326,Bromsgrove BUASD,Middle Income Working,Other,154%,6
E35000334,St Blazey BUASD,Low Income Mixed,Other,61%,3
E35000338,Gatley BUASD,High Income Mixed,Other,64%,8
E35000339,Bloxwich BUASD,Low Income Residential,Low Income Residential,54%,1
E35000343,Pickering BUASD,Middle Income Working,Other,89%,6
E35000347,Woburn Sands BUASD,High Income Mixed,Other,61%,10
E35000348,Heathfield BUASD,High Income Residential,High Income Residential,50%,8
E35000354,Euxton BUASD,High Income Residential,High Income Residential,56%,9
E35000355,Weston BUASD,Low Income Residential,Low Income Residential,30%,5
E35000357,Kingswinford BUASD,Middle Income Residential,Other,53%,5
E35000358,Uckfield BUASD,High Income Mixed,Other,58%,8
E35000359,Wells BUASD,Middle Income Working,Other,103%,6
E35000360,Hetton-le-Hole BUASD,Low Income Residential,Low Income Residential,28%,1
E35000362,Trowbridge BUASD,Middle Income Mixed,Other,62%,5
E35000363,Redhill BUASD,High Income Working,High Income Working,76%,7
E35000364,Addlestone BUASD,High Income Residential,High Income Residential,54%,7
E35000368,Haydock BUASD,Low Income Working,Low Income Working,101%,3
E35000378,Coleford BUASD,Low Income Working,Low Income Working,87%,3
E35000380,Smethwick BUASD,Low Income Mixed,Other,66%,1
E35000381,Sutton in Ashfield BUASD,Low Income Working,Low Income Working,81%,2
E35000382,Kidlington BUASD,High Income Working,High Income Working,95%,9
E35000386,Chigwell BUASD,Middle Income Residential,Other,38%,6
E35000387,Ossett BUASD,Middle Income Mixed,Other,60%,5
E35000388,Mansfield Woodhouse BUASD,Low Income Residential,Low Income Residential,22%,3
E35000390,Southend-on-Sea BUASD,Low Income Working,Low Income Working,72%,2
E35000397,Brierley Hill BUASD,Low Income Working,Low Income Working,74%,2
E35000398,Wallasey BUASD,Low Income Residential,Low Income Residential,47%,1
E35000402,Harwich BUASD,Low Income Residential,Low Income Residential,35%,2
E35000403,Barrow upon Soar BUASD,High Income Residential,High Income Residential,47%,8
E35000404,Kendal BUASD,High Income Working,High Income Working,96%,8
E35000405,South Shields BUASD,Low Income Residential,Low Income Residential,50%,1
E35000414,Corsham BUASD,Middle Income Working,Other,71%,6
E35000417,Mirfield BUASD,High Income Residential,High Income Residential,39%,7
E35000418,Coppull BUASD,Middle Income Residential,Other,34%,5
E35000419,Norwich BUASD,Low Income Working,Low Income Working,102%,3
E35000422,Higham Ferrers BUASD,High Income Residential,High Income Residential,34%,8
E35000424,Norton-on-Derwent BUASD,Middle Income Mixed,Other,69%,6
E35000427,Stourbridge BUASD,Low Income Mixed,Other,60%,4
E35000429,Westhoughton BUASD,Middle Income Residential,Other,31%,5
E35000431,Felixstowe BUASD,Low Income Working,Low Income Working,97%,5
E35000436,Yate BUASD,High Income Mixed,Other,69%,7
E35000438,Goldthorpe BUASD,Low Income Mixed,Other,65%,1
E35000439,Whitehaven BUASD,Low Income Mixed,Other,57%,3
E35000440,Baildon BUASD,High Income Residential,High Income Residential,50%,7
E35000441,Shefford BUASD,High Income Residential,High Income Residential,51%,8
E35000442,Lees BUASD,Middle Income Residential,Other,28%,6
E35000444,Steyning BUASD,High Income Residential,High Income Residential,54%,9
E35000450,Nuneaton BUASD,Low Income Mixed,Other,65%,3
E35000453,Wisbech BUASD,Low Income Working,Low Income Working,72%,2
E35000455,Chatham BUASD,Low Income Residential,Low Income Residential,53%,2
E35000458,Dukinfield BUASD,Low Income Mixed,Other,62%,2
E35000462,Falmouth BUASD,Low Income Working,Low Income Working,89%,4
E35000465,How Wood BUASD,High Income Residential,High Income Residential,28%,10
E35000467,Farnworth BUASD,Low Income Mixed,Other,65%,1
E35000470,Sawbridgeworth BUASD,High Income Residential,High Income Residential,49%,9
E35000473,Whitstable BUASD,Middle Income Residential,Other,54%,6
E35000475,Cleckheaton BUASD,Middle Income Working,Other,86%,5
E35000476,Halesowen BUASD,Low Income Working,Low Income Working,71%,4
E35000477,Nailsea BUASD,High Income Residential,High Income Residential,48%,9
E35000481,Ashford (Spelthorne) BUASD,High Income Residential,High Income Residential,38%,9
E35000483,Sutton Coldfield BUASD,High Income Working,High Income Working,73%,8
E35000485,Northwood BUASD,High Income Working,High Income Working,120%,10
E35000487,Narborough/Enderby BUASD,High Income Working,High Income Working,305%,9
E35000490,Great Notley BUASD,High Income Residential,High Income Residential,47%,10
E35000491,North Wingfield BUASD,Low Income Mixed,Other,64%,2
E35000498,Burnley BUASD,Low Income Working,Low Income Working,71%,1
E35000499,Soham BUASD,High Income Residential,High Income Residential,36%,7
E35000502,Hatfield BUASD,Middle Income Working,Other,127%,6
E35000507,Burnham-on-Sea BUASD,Low Income Mixed,Other,67%,4
E35000508,Ingatestone BUASD,High Income Mixed,Other,56%,9
E35000510,Bingley BUASD,High Income Residential,High Income Residential,52%,7
E35000513,Blackwater BUASD,High Income Working,High Income Working,90%,9
E35000514,Crosby BUASD,Low Income Mixed,Other,56%,3
E35000516,Sandown BUASD,Low Income Mixed,Other,66%,2
E35000523,Hessle BUASD,Middle Income Working,Other,124%,6
E35000528,Bishop Auckland BUASD,Low Income Working,Low Income Working,76%,1
E35000529,Immingham BUASD,Low Income Working,Low Income Working,132%,1
E35000538,Bootle BUASD,Low Income Working,Low Income Working,87%,1
E35000549,Brough BUASD,High Income Working,High Income Working,84%,10
E35000550,Ouston BUASD,High Income Residential,High Income Residential,18%,9
E35000551,Polegate BUASD,Middle Income Residential,Other,46%,5
E35000553,Haworth BUASD,High Income Residential,High Income Residential,34%,7
E35000562,Great Wyrley BUASD,Middle Income Residential,Other,29%,5
E35000563,Thrapston BUASD,High Income Working,High Income Working,89%,9
E35000565,Broadstairs BUASD,Middle Income Working,Other,117%,5
E35000567,Banstead BUASD,High Income Mixed,Other,61%,10
E35000569,Cheadle BUASD,Middle Income Working,Other,134%,5
E35000570,Waltham BUASD,High Income Residential,High Income Residential,34%,9
E35000572,Rawtenstall BUASD,Low Income Residential,Low Income Residential,53%,3
E35000573,Houghton Regis BUASD,Low Income Mixed,Other,64%,2
E35000574,Rowley Regis BUASD,Low Income Residential,Low Income Residential,43%,1
E35000575,Workington BUASD,Low Income Mixed,Other,64%,2
E35000580,Billingham BUASD,Low Income Mixed,Other,57%,3
E35000582,Hebburn BUASD,Low Income Residential,Low Income Residential,36%,1
E35000583,Midsomer Norton BUASD,High Income Mixed,Other,65%,8
E35000588,Aldridge BUASD,Low Income Working,Low Income Working,76%,4
E35000589,Kimberley BUASD,Middle Income Residential,Other,45%,5
E35000590,Macclesfield BUASD,Middle Income Working,Other,108%,6
E35000591,Windsor BUASD,High Income Working,High Income Working,103%,9
E35000595,Walkden BUASD,Middle Income Mixed,Other,59%,5
E35000597,Darlaston BUASD,Low Income Mixed,Other,59%,1
E35000601,Whitburn BUASD,Low Income Residential,Low Income Residential,13%,3
E35000603,Burton Latimer BUASD,Middle Income Residential,Other,54%,5
E35000605,Hucknall BUASD,Low Income Mixed,Other,62%,3
E35000608,Oldbury (Sandwell) BUASD,Low Income Working,Low Income Working,197%,1
E35000610,Dodworth BUASD,Middle Income Working,Other,88%,5
E35000618,Stalybridge BUASD,Low Income Residential,Low Income Residential,46%,2
E35000619,Stapleford BUASD,Low Income Residential,Low Income Residential,35%,4
E35000621,Moorends BUASD,Low Income Residential,Low Income Residential,27%,1
E35000624,Bury St Edmunds BUASD,High Income Working,High Income Working,125%,7
E35000629,Romsey BUASD,High Income Working,High Income Working,89%,9
E35000631,Caterham BUASD,High Income Mixed,Other,57%,9
E35000633,Thatcham BUASD,High Income Residential,High Income Residential,55%,8
E35000634,Sheringham BUASD,Middle Income Working,Other,70%,6
E35000635,Carterton BUASD,High Income Residential,High Income Residential,21%,10
E35000639,Eastbourne BUASD,Low Income Working,Low Income Working,84%,4
E35000640,Darwen BUASD,Low Income Mixed,Other,56%,2
E35000644,Horbury BUASD,High Income Residential,High Income Residential,49%,7
E35000648,Braintree BUASD,Low Income Mixed,Other,63%,5
E35000652,Carlton (Gedling) BUASD,Low Income Residential,Low Income Residential,45%,4
E35000657,Wallingford BUASD,High Income Working,High Income Working,104%,8
E35000660,Horsham BUASD,High Income Working,High Income Working,86%,9
E35000666,Bacup BUASD,Low Income Residential,Low Income Residential,34%,1
E35000668,Tyldesley BUASD,Middle Income Residential,Other,24%,6
E35000669,Castleford BUASD,Low Income Working,Low Income Working,106%,2
E35000672,Woodingdean BUASD,Low Income Residential,Low Income Residential,35%,3
E35000674,Heywood BUASD,Low Income Working,Low Income Working,88%,1
E35000676,Bramhall BUASD,High Income Residential,High Income Residential,39%,10
E35000681,Hartley (Sevenoaks) BUASD,High Income Residential,High Income Residential,45%,9
E35000682,Thurnscoe BUASD,Low Income Residential,Low Income Residential,21%,1
E35000684,Radstock BUASD,Low Income Residential,Low Income Residential,53%,4
E35000688,Crawley BUASD,Middle Income Working,Other,129%,5
E35000689,Worsbrough BUASD,Low Income Residential,Low Income Residential,27%,1
E35000690,Littlehampton BUASD,Middle Income Residential,Other,53%,5
E35000692,Goole BUASD,Low Income Mixed,Other,62%,3
E35000697,Mexborough BUASD,Low Income Residential,Low Income Residential,40%,1
E35000699,East Wittering BUASD,Middle Income Residential,Other,37%,5
E35000700,Chichester BUASD,Middle Income Working,Other,139%,6
E35000703,Sturry BUASD,High Income Working,High Income Working,72%,7
E35000707,Cromer BUASD,Low Income Working,Low Income Working,91%,3
E35000708,Ewell BUASD,High Income Mixed,Other,62%,9
E35000715,Throckley BUASD,Low Income Residential,Low Income Residential,31%,1
E35000718,Penryn BUASD,Low Income Mixed,Other,62%,4
E35000719,Borehamwood BUASD,Low Income Working,Low Income Working,101%,4
E35000726,Royton BUASD,Middle Income Working,Other,72%,6
E35000727,Kibworth Harcourt BUASD,High Income Residential,High Income Residential,48%,9
E35000728,Thornton (Bradford) BUASD,Low Income Residential,Low Income Residential,18%,4
E35000731,Shipley BUASD,Low Income Mixed,Other,69%,2
E35000734,Droylsden BUASD,Low Income Residential,Low Income Residential,23%,3
E35000735,Thorne BUASD,Low Income Mixed,Other,64%,2
E35000745,Banbury BUASD,Low Income Working,Low Income Working,98%,4
E35000753,Sevenoaks BUASD,High Income Working,High Income Working,97%,10
E35000754,Bollington BUASD,High Income Working,High Income Working,83%,9
E35000756,Shevington BUASD,High Income Residential,High Income Residential,24%,7
E35000757,Blackburn BUASD,Low Income Working,Low Income Working,86%,1
E35000760,Kempston BUASD,Low Income Working,Low Income Working,82%,3
E35000761,Cirencester BUASD,High Income Working,High Income Working,121%,7
E35000768,Whetstone BUASD,High Income Working,High Income Working,74%,8
E35000772,Brighouse BUASD,Middle Income Working,Other,132%,5
E35000775,Nelson (Pendle) BUASD,Low Income Residential,Low Income Residential,53%,1
E35000776,Whitefield BUASD,Low Income Residential,Low Income Residential,37%,2
E35000778,Truro BUASD,Low Income Working,Low Income Working,189%,4
E35000779,Arnold BUASD,Middle Income Residential,Other,41%,5
E35000780,Stamford BUASD,High Income Mixed,Other,66%,7
E35000781,Broseley BUASD,Middle Income Residential,Other,28%,5
E35000785,Taunton BUASD,Middle Income Working,Other,103%,5
E35000787,Ashton-under-Lyne BUASD,Low Income Working,Low Income Working,87%,1
E35000789,Eckington BUASD,Low Income Residential,Low Income Residential,42%,4
E35000793,New Mills BUASD,High Income Residential,High Income Residential,46%,7
E35000797,Oaklands BUASD,High Income Residential,High Income Residential,32%,10
E35000801,Poole BUASD,Middle Income Working,Other,97%,6
E35000803,Windermere BUASD,High Income Working,High Income Working,79%,8
E35000804,Ackworth Moor Top BUASD,High Income Residential,High Income Residential,26%,7
E35000811,Rushden BUASD,Middle Income Residential,Other,51%,5
E35000813,Alsager BUASD,High Income Residential,High Income Residential,38%,7
E35000814,Oswaldtwistle BUASD,Low Income Residential,Low Income Residential,35%,4
E35000817,Horndean BUASD,High Income Residential,High Income Residential,51%,7
E35000829,Southwick BUASD,Low Income Residential,Low Income Residential,45%,4
E35000831,Dartmouth BUASD,Middle Income Working,Other,96%,5
E35000833,Coseley BUASD,Low Income Residential,Low Income Residential,18%,2
E35000835,Christchurch BUASD,High Income Working,High Income Working,76%,7
E35000841,Birkenhead BUASD,Low Income Mixed,Other,69%,1
E35000842,Fulwood BUASD,Middle Income Working,Other,81%,6
E35000843,Great Yarmouth BUASD,Low Income Working,Low Income Working,87%,1
E35000848,Ingleby Barwick BUASD,High Income Residential,High Income Residential,27%,10
E35000850,Breaston BUASD,High Income Residential,High Income Residential,33%,7
E35000853,North Hykeham BUASD,High Income Working,High Income Working,103%,8
E35000869,Wivenhoe BUASD,High Income Residential,High Income Residential,21%,9
E35000872,Didcot BUASD,High Income Working,High Income Working,91%,8
E35000874,Chadwell St Mary BUASD,Low Income Residential,Low Income Residential,19%,1
E35000876,Waltham Cross BUASD,Low Income Working,Low Income Working,136%,2
E35000877,Eastwood BUASD,Low Income Mixed,Other,63%,3
E35000879,Bordon BUASD,High Income Residential,High Income Residential,40%,7
E35000880,Camborne BUASD,Low Income Working,Low Income Working,74%,1
E35000882,Blackheath BUASD,Low Income Mixed,Other,59%,1
E35000883,Taverham BUASD,High Income Residential,High Income Residential,40%,9
E35000885,Little Lever BUASD,Middle Income Residential,Other,21%,6
E35000888,Atherton BUASD,Low Income Mixed,Other,61%,2
E35000892,St Ives BUASD,High Income Working,High Income Working,73%,8
E35000897,Marlborough BUASD,High Income Working,High Income Working,91%,8
E35000899,Hertford BUASD,High Income Working,High Income Working,152%,8
E35000901,West Bridgford BUASD,High Income Mixed,Other,63%,9
E35000902,Bletchley BUASD,Low Income Working,Low Income Working,94%,2
E35000904,Berkhamsted BUASD,High Income Working,High Income Working,100%,10
E35000906,Knaresborough BUASD,High Income Working,High Income Working,73%,9
E35000908,Willenhall BUASD,Low Income Mixed,Other,62%,1
E35000910,Helston BUASD,Middle Income Working,Other,69%,5
E35000913,Bulkington BUASD,High Income Residential,High Income Residential,27%,7
E35000923,Ramsgate BUASD,Low Income Residential,Low Income Residential,48%,1
E35000924,Adlington BUASD,High Income Residential,High Income Residential,42%,7
E35000925,Kippax BUASD,High Income Residential,High Income Residential,19%,7
E35000926,Penzance BUASD,Low Income Working,Low Income Working,81%,1
E35000932,Cheadle Hulme BUASD,High Income Mixed,Other,59%,9
E35000933,Radcliffe BUASD,Low Income Residential,Low Income Residential,37%,2
E35000934,Coalville BUASD,Low Income Mixed,Other,62%,4
E35000938,Garstang BUASD,High Income Mixed,Other,58%,9
E35000940,Tipton BUASD,Low Income Residential,Low Income Residential,45%,1
E35000950,Bridlington BUASD,Low Income Residential,Low Income Residential,49%,1
E35000952,Litherland BUASD,Low Income Residential,Low Income Residential,22%,1
E35000953,Kirkham BUASD,Middle Income Mixed,Other,66%,6
E35000961,Barnsley BUASD,Low Income Working,Low Income Working,77%,2
E35000962,Platt Bridge BUASD,Low Income Residential,Low Income Residential,26%,2
E35000963,Luton BUASD,Low Income Working,Low Income Working,83%,2
E35000964,Wath upon Dearne BUASD,Low Income Working,Low Income Working,112%,2
E35000965,Quorn (Quorndon) BUASD,High Income Residential,High Income Residential,39%,10
E35000969,Burscough BUASD,Middle Income Mixed,Other,69%,6
E35000970,Dursley BUASD,Middle Income Residential,Other,37%,6
E35000975,Harrogate BUASD,High Income Working,High Income Working,98%,8
E35000976,Godalming BUASD,High Income Working,High Income Working,89%,9
E35000979,Kingsteignton BUASD,High Income Residential,High Income Residential,51%,7
E35000985,Bebington BUASD,Middle Income Working,Other,81%,5
E35000986,East Cowes BUASD,Low Income Residential,Low Income Residential,39%,2
E35000987,Frampton Cotterell/Winterbourne BUASD,High Income Residential,High Income Residential,34%,9
E35000992,Long Eaton BUASD,Low Income Residential,Low Income Residential,53%,4
E35000993,West Bromwich (East) BUASD,Low Income Residential,Low Income Residential,21%,5
E35000995,Bolton Upon Dearne BUASD,Low Income Residential,Low Income Residential,26%,1
E35000997,Lytham St Anne's BUASD,Middle Income Working,Other,69%,6
E35000998,Wellington BUASD,Middle Income Mixed,Other,67%,5
E35001001,Failsworth BUASD,Low Income Residential,Low Income Residential,44%,2
E35001004,Haslingden BUASD,Low Income Residential,Low Income Residential,55%,4
E35001007,Heysham BUASD,Low Income Residential,Low Income Residential,41%,2
E35001011,Cleethorpes BUASD,Low Income Residential,Low Income Residential,53%,2
E35001012,Walton-on-Thames BUASD,High Income Working,High Income Working,71%,8
E35001013,Pudsey BUASD,Middle Income Mixed,Other,67%,6
E35001014,Grayshott BUASD,High Income Working,High Income Working,91%,10
E35001027,Pontefract BUASD,Low Income Residential,Low Income Residential,54%,3
E35001028,Stretford BUASD,Low Income Residential,Low Income Residential,56%,3
E35001036,Teignmouth BUASD,Low Income Residential,Low Income Residential,45%,3
E35001040,Crewe BUASD,Low Income Working,Low Income Working,71%,3
E35001042,Gravesend BUASD,Low Income Residential,Low Income Residential,47%,3
E35001045,Frimley BUASD,High Income Working,High Income Working,171%,10
E35001053,Wraysbury BUASD,High Income Mixed,Other,62%,10
E35001055,Newton Abbot BUASD,Low Income Working,Low Income Working,92%,4
E35001056,Morecambe BUASD,Low Income Working,Low Income Working,74%,2
E35001059,Sileby BUASD,Middle Income Residential,Other,40%,6
E35001061,Cleveleys BUASD,Low Income Residential,Low Income Residential,25%,3
E35001065,Paulton BUASD,High Income Residential,High Income Residential,39%,7
E35001066,Stakeford BUASD,Low Income Residential,Low Income Residential,28%,3
E35001069,Yateley BUASD,High Income Residential,High Income Residential,49%,10
E35001070,Stonehouse BUASD,Middle Income Working,Other,193%,5
E35001073,Armthorpe BUASD,Low Income Mixed,Other,62%,4
E35001075,Stainforth BUASD,Low Income Residential,Low Income Residential,20%,1
E35001085,Keighley BUASD,Low Income Residential,Low Income Residential,56%,1
E35001086,Burnham-on-Crouch BUASD,Middle Income Residential,Other,53%,5
E35001090,Selston BUASD,Low Income Residential,Low Income Residential,18%,4
E35001094,Havant BUASD,Low Income Working,Low Income Working,82%,2
E35001095,Golborne BUASD,Middle Income Working,Other,80%,5
E35001097,Cheshunt BUASD,Middle Income Residential,Other,40%,5
E35001099,Shaw (Oldham) BUASD,Low Income Working,Low Income Working,75%,4
E35001102,Earl Shilton BUASD,Low Income Residential,Low Income Residential,24%,4
E35001106,Shanklin BUASD,Low Income Mixed,Other,64%,2
E35001109,Whitnash BUASD,High Income Residential,High Income Residential,20%,9
E35001112,Hythe BUASD,Middle Income Residential,Other,50%,5
E35001114,Mossley BUASD,Low Income Residential,Low Income Residential,30%,4
E35001115,Maltby BUASD,Low Income Residential,Low Income Residential,32%,2
E35001116,Totton BUASD,High Income Mixed,Other,61%,7
E35001118,Portslade-by-Sea BUASD,Low Income Mixed,Other,60%,3
E35001121,Cross Hills BUASD,High Income Mixed,Other,61%,8
E35001127,West Kirby BUASD,High Income Residential,High Income Residential,49%,8
E35001128,Blaydon BUASD,Low Income Mixed,Other,63%,2
E35001129,Killamarsh BUASD,Middle Income Residential,Other,40%,6
E35001131,Milnrow BUASD,Low Income Residential,Low Income Residential,56%,4
E35001132,Bishop's Cleeve BUASD,High Income Residential,High Income Residential,32%,9
E35001137,Ringwood BUASD,High Income Working,High Income Working,104%,7
E35001140,Dorking BUASD,High Income Working,High Income Working,107%,8
E35001141,Rawmarsh BUASD,Low Income Residential,Low Income Residential,46%,1
E35001145,Barrowford BUASD,High Income Residential,High Income Residential,51%,9
E35001146,Bournemouth BUASD,Low Income Working,Low Income Working,81%,4
E35001147,Kearsley BUASD,Low Income Residential,Low Income Residential,49%,3
E35001149,Ashford (Ashford) BUASD,Low Income Working,Low Income Working,99%,3
E35001152,Southborough BUASD,Middle Income Residential,Other,31%,6
E35001153,Welwyn Garden City BUASD,Middle Income Working,Other,141%,5
E35001154,Chalfont St Giles BUASD,High Income Residential,High Income Residential,46%,10
E35001155,Cowes BUASD,Middle Income Mixed,Other,68%,6
E35001157,Cudworth BUASD,Low Income Residential,Low Income Residential,36%,2
E35001158,Sandiacre BUASD,Middle Income Residential,Other,50%,6
E35001159,Doncaster BUASD,Low Income Working,Low Income Working,106%,2
E35001160,Selby BUASD,Low Income Working,Low Income Working,79%,3
E35001161,Hartlepool BUASD,Low Income Mixed,Other,59%,1
E35001162,Wickford BUASD,High Income Residential,High Income Residential,44%,7
E35001164,Broomhall/Windlesham/Virginia Water BUASD,High Income Working,High Income Working,87%,10
E35001165,Eastleigh BUASD,High Income Working,High Income Working,101%,9
E35001167,Kettering BUASD,Low Income Working,Low Income Working,112%,4
E35001171,Lymington BUASD,High Income Working,High Income Working,88%,7
E35001175,Royston BUASD,Low Income Residential,Low Income Residential,18%,2
E35001176,Diss BUASD,Middle Income Working,Other,90%,5
E35001178,Longton BUASD,High Income Residential,High Income Residential,46%,10
E35001180,Esher BUASD,High Income Mixed,Other,66%,10
E35001181,Ryton BUASD,Middle Income Residential,Other,28%,5
E35001182,Rochdale BUASD,Low Income Mixed,Other,66%,1
E35001183,St Albans BUASD,High Income Working,High Income Working,91%,8
E35001185,North Walney BUASD,Low Income Residential,Low Income Residential,15%,4
E35001186,Kiveton Park BUASD,Middle Income Working,Other,86%,5
E35001187,Catshill BUASD,High Income Residential,High Income Residential,28%,8
E35001190,Canterbury BUASD,Middle Income Working,Other,97%,6
E35001191,Normanton BUASD,Low Income Working,Low Income Working,83%,4
E35001192,Folkestone BUASD,Low Income Mixed,Other,62%,2
E35001194,St Neots BUASD,Middle Income Mixed,Other,58%,6
E35001195,Fareham BUASD,High Income Working,High Income Working,78%,8
E35001196,Sunderland BUASD,Low Income Working,Low Income Working,71%,1
E35001197,Ripley BUASD,Low Income Working,Low Income Working,76%,4
E35001198,Farnham BUASD,High Income Working,High Income Working,90%,9
E35001199,Bolton BUASD,Low Income Mixed,Other,67%,1
E35001200,Guildford BUASD,High Income Working,High Income Working,113%,9
E35001201,Northampton BUASD,Low Income Working,Low Income Working,103%,3
E35001202,Heanor BUASD,Low Income Residential,Low Income Residential,53%,3
E35001203,Burntwood BUASD,Middle Income Residential,Other,47%,6
E35001205,Abingdon BUASD,High Income Working,High Income Working,70%,9
E35001208,Worsley BUASD,High Income Residential,High Income Residential,28%,9
E35001210,High Wycombe BUASD,High Income Working,High Income Working,90%,7
E35001213,East Grinstead BUASD,High Income Mixed,Other,68%,10
E35001214,Brownhills BUASD,Low Income Mixed,Other,56%,2
E35001215,Atherstone BUASD,Low Income Working,Low Income Working,121%,3
E35001216,Burton upon Trent BUASD,Low Income Working,Low Income Working,86%,4
E35001217,Bamber Bridge BUASD,High Income Mixed,Other,58%,7
E35001218,Wilmslow BUASD,High Income Working,High Income Working,116%,8
E35001219,Gloucester BUASD,Low Income Working,Low Income Working,87%,4
E35001220,Otley BUASD,High Income Residential,High Income Residential,56%,7
E35001221,Bushey BUASD,High Income Mixed,Other,66%,8
E35001222,Gateshead BUASD,Low Income Working,Low Income Working,85%,1
E35001223,Newport Pagnell BUASD,High Income Residential,High Income Residential,56%,9
E35001224,Ilkeston BUASD,Low Income Mixed,Other,65%,2
E35001225,Newton-le-Willows BUASD,Low Income Mixed,Other,67%,2
E35001227,Tilbury BUASD,Low Income Mixed,Other,64%,1
E35001228,Droitwich BUASD,Middle Income Mixed,Other,58%,5
E35001229,Mountsorrel BUASD,High Income Residential,High Income Residential,36%,7
E35001230,Chesterfield BUASD,Low Income Working,Low Income Working,90%,3
E35001232,Billericay BUASD,High Income Mixed,Other,64%,10
E35001234,Bideford BUASD,Low Income Mixed,Other,61%,3
E35001235,Wendover BUASD,High Income Residential,High Income Residential,43%,10
E35001236,Jarrow BUASD,Low Income Mixed,Other,66%,1
E35001238,Tamworth BUASD,Low Income Mixed,Other,59%,3
E35001239,Newbury BUASD,High Income Working,High Income Working,141%,7
E35001240,Hale (Trafford) BUASD,High Income Working,High Income Working,72%,10
E35001241,Weymouth BUASD,Low Income Residential,Low Income Residential,54%,4
E35001242,Bracknell BUASD,High Income Working,High Income Working,98%,7
E35001244,Cinderford BUASD,Low Income Residential,Low Income Residential,50%,3
E35001245,Cookham BUASD,High Income Residential,High Income Residential,47%,10
E35001246,Ferndown BUASD,High Income Working,High Income Working,115%,8
E35001248,Cannock BUASD,Low Income Mixed,Other,56%,3
E35001249,Royal Tunbridge Wells BUASD,High Income Working,High Income Working,92%,8
E35001250,Preston BUASD,Low Income Working,Low Income Working,96%,2
E35001251,Oldham BUASD,Low Income Mixed,Other,68%,1
E35001252,Mildenhall BUASD,Middle Income Residential,Other,49%,6
E35001256,Accrington BUASD,Low Income Mixed,Other,59%,1
E35001257,Bedford BUASD,Low Income Working,Low Income Working,92%,3
E35001258,Peterlee BUASD,Low Income Residential,Low Income Residential,35%,1
E35001260,Exeter BUASD,Middle Income Working,Other,118%,5
E35001263,Corby BUASD,Low Income Working,Low Income Working,77%,2
E35001264,Reigate BUASD,High Income Working,High Income Working,109%,9
E35001266,Stourport-on-Severn BUASD,Low Income Residential,Low Income Residential,51%,4
E35001267,Prudhoe BUASD,Middle Income Residential,Other,56%,5
E35001268,Hastings BUASD,Low Income Working,Low Income Working,74%,1
E35001270,Stockport BUASD,Low Income Working,Low Income Working,103%,3
E35001272,Rugby BUASD,Middle Income Working,Other,85%,6
E35001276,Marlow BUASD,High Income Working,High Income Working,140%,9
E35001278,Aylesbury BUASD,Middle Income Working,Other,82%,6
E35001279,Solihull BUASD,High Income Working,High Income Working,102%,8
E35001281,Ipswich BUASD,Low Income Working,Low Income Working,88%,3
E35001282,Liversedge BUASD,Low Income Residential,Low Income Residential,43%,3
E35001283,Penistone BUASD,High Income Residential,High Income Residential,32%,8
E35001284,Basildon BUASD,Low Income Working,Low Income Working,88%,1
E35001286,Worksop BUASD,Low Income Working,Low Income Working,83%,3
E35001287,Chertsey BUASD,Middle Income Working,Other,138%,6
E35001288,Chelmsford BUASD,High Income Working,High Income Working,108%,7
E35001290,Standish BUASD,High Income Residential,High Income Residential,48%,8
E35001291,Fazeley BUASD,Middle Income Working,Other,152%,5
E35001292,Andover BUASD,Middle Income Working,Other,84%,6
E35001293,Watton BUASD,Middle Income Residential,Other,45%,6
E35001295,Warlingham BUASD,High Income Residential,High Income Residential,38%,10
E35001297,Wingerworth BUASD,High Income Residential,High Income Residential,22%,10
E35001298,Woking BUASD,High Income Working,High Income Working,81%,9
E35001299,Chesham BUASD,Middle Income Working,Other,73%,6
E35001301,Woodley BUASD,High Income Working,High Income Working,102%,9
E35001302,Yeadon BUASD,High Income Working,High Income Working,94%,7
E35001303,Clay Cross BUASD,Low Income Mixed,Other,60%,2
E35001305,Runcorn BUASD,Low Income Working,Low Income Working,86%,1
E35001306,Wellingborough BUASD,Low Income Working,Low Income Working,83%,2
E35001307,Telford BUASD,Low Income Working,Low Income Working,90%,2
E35001308,Ditton BUASD,Middle Income Working,Other,92%,6
E35001311,Egham BUASD,High Income Working,High Income Working,147%,9
E35001313,Wolverhampton BUASD,Low Income Working,Low Income Working,71%,1
E35001314,Staines BUASD,High Income Working,High Income Working,78%,8
E35001315,Torquay BUASD,Low Income Working,Low Income Working,85%,1
E35001318,Paignton BUASD,Low Income Working,Low Income Working,82%,3
E35001320,Grimsby BUASD,Low Income Working,Low Income Working,84%,1
E35001321,West Hallam BUASD,High Income Residential,High Income Residential,35%,9
E35001322,Weston-Super-Mare BUASD,Low Income Mixed,Other,68%,2
E35001323,Beeston (Broxtowe) BUASD,High Income Working,High Income Working,82%,7
E35001324,Warwick BUASD,High Income Working,High Income Working,198%,7
E35001325,Filton BUASD,High Income Working,High Income Working,162%,8
E35001326,Stafford BUASD,Middle Income Working,Other,86%,6
E35001327,West Kingsdown BUASD,High Income Mixed,Other,59%,8
E35001329,Rotherham BUASD,Low Income Working,Low Income Working,73%,1
E35001332,Leyland BUASD,Middle Income Working,Other,108%,5
E35001334,Mansfield BUASD,Low Income Working,Low Income Working,70%,2
E35001337,Swadlincote BUASD,Low Income Residential,Low Income Residential,39%,4
E35001340,Northwich BUASD,Middle Income Working,Other,81%,5
E35001341,Iver Heath BUASD,High Income Working,High Income Working,76%,7
E35001345,Rainford BUASD,High Income Residential,High Income Residential,55%,7
E35001346,Stroud BUASD,Middle Income Mixed,Other,68%,6
E35001347,Lancaster BUASD,Low Income Mixed,Other,59%,4
E35001348,Harlow BUASD,Low Income Working,Low Income Working,90%,3
E35001349,Wokingham BUASD,High Income Working,High Income Working,92%,10
E35001350,Kidsgrove BUASD,Middle Income Mixed,Other,58%,5
E35001351,Littleborough BUASD,Middle Income Residential,Other,44%,6
E35001352,Camberley BUASD,High Income Working,High Income Working,96%,9
E35001353,Slough BUASD,Low Income Working,Low Income Working,90%,4
E35001354,Tynemouth BUASD,Low Income Working,Low Income Working,106%,2
E35001356,Alfreton BUASD,Low Income Working,Low Income Working,94%,2
E35001357,Colchester BUASD,Low Income Working,Low Income Working,90%,4
E35001359,Wimborne Minster BUASD,High Income Working,High Income Working,72%,8
E35001360,Kingsnorth (Ashford) BUASD,High Income Residential,High Income Residential,27%,8
E35001361,Ryde BUASD,Low Income Residential,Low Income Residential,49%,2
E35001362,Cramlington BUASD,Middle Income Working,Other,95%,5
E35001363,Grantham BUASD,Low Income Working,Low Income Working,75%,4
E35001365,Wombwell BUASD,Low Income Residential,Low Income Residential,34%,2
E35001366,Chester-le-Street BUASD,Low Income Mixed,Other,61%,3
E35001367,Kesgrave BUASD,High Income Working,High Income Working,74%,10
E35001370,Epsom BUASD,High Income Working,High Income Working,97%,8
E35001373,Minster (Swale) BUASD,Low Income Residential,Low Income Residential,22%,3
E35001374,Horsforth BUASD,High Income Mixed,Other,69%,9
E35001375,Hoylake BUASD,High Income Residential,High Income Residential,47%,8
E35001378,Rayleigh BUASD,High Income Residential,High Income Residential,53%,8
E35001379,Wigan BUASD,Low Income Working,Low Income Working,78%,3
E35001380,Partington BUASD,Low Income Residential,Low Income Residential,24%,1
E35001381,Dudley (North Tyneside) BUASD,Low Income Residential,Low Income Residential,28%,1
E35001385,Middlesbrough BUASD,Low Income Working,Low Income Working,73%,1
E35001386,Waltham Abbey BUASD,Low Income Mixed,Other,63%,3
E35001387,Consett BUASD,Low Income Residential,Low Income Residential,54%,3
E35001388,Whitworth BUASD,Low Income Residential,Low Income Residential,27%,3
E35001389,Peterborough BUASD,Low Income Working,Low Income Working,112%,2
E35001391,Carlisle BUASD,Low Income Working,Low Income Working,104%,3
E35001392,Royal Leamington Spa BUASD,Middle Income Working,Other,77%,6
E35001393,Poulton-le-Fylde BUASD,High Income Mixed,Other,57%,8
E35001395,Stanley BUASD,Low Income Residential,Low Income Residential,34%,1
E35001397,Bexhill BUASD,Low Income Residential,Low Income Residential,55%,3
E35001400,Leek BUASD,Low Income Working,Low Income Working,70%,4
E35001401,Wallsend BUASD,Low Income Residential,Low Income Residential,39%,1
E35001402,Huddersfield BUASD,Low Income Working,Low Income Working,75%,2
E35001404,Hunstanton BUASD,Low Income Mixed,Other,69%,4
E35001405,Cambridge BUASD,High Income Working,High Income Working,126%,8
E35001407,Colne BUASD,Low Income Working,Low Income Working,71%,2
E35001409,Weybridge BUASD,High Income Working,High Income Working,125%,10
E35001411,Glossop BUASD,Middle Income Mixed,Other,57%,5
E35001413,Hoddesdon BUASD,Middle Income Mixed,Other,68%,6
E35001414,Staveley BUASD,Low Income Residential,Low Income Residential,43%,2
E35001415,Bury BUASD,Low Income Working,Low Income Working,95%,3
E35001416,Redruth BUASD,Low Income Working,Low Income Working,70%,2
E35001417,Amersham BUASD,High Income Working,High Income Working,107%,10
E35001418,Swanscombe BUASD,Middle Income Working,Other,145%,5
E35001419,Wetherby BUASD,High Income Working,High Income Working,178%,9
E35001421,Locks Heath/Warsash/Whiteley BUASD,High Income Working,High Income Working,138%,10
E35001423,Nailsworth BUASD,High Income Working,High Income Working,105%,8
E35001424,Leiston BUASD,Low Income Residential,Low Income Residential,39%,4
E35001425,Skelmersdale BUASD,Low Income Working,Low Income Working,83%,1
E35001427,Washington BUASD,Low Income Working,Low Income Working,101%,3
E35001428,Ellesmere Port BUASD,Low Income Working,Low Income Working,77%,3
E35001432,Rickmansworth BUASD,High Income Working,High Income Working,88%,9
E35001435,Carnforth BUASD,Middle Income Mixed,Other,64%,5
E35001436,Newcastle-under-Lyme BUASD,Low Income Working,Low Income Working,79%,4
E35001437,Swindon BUASD,Low Income Working,Low Income Working,90%,5
E35001438,Walsall BUASD,Low Income Working,Low Income Working,114%,1
E35001441,Oxford BUASD,Middle Income Working,Other,117%,6
E35001442,Shoreham-by-Sea BUASD,Middle Income Mixed,Other,60%,5
E35001444,Rochester BUASD,Low Income Working,Low Income Working,79%,3
E35001446,Hoyland BUASD,Low Income Residential,Low Income Residential,31%,2
E35001447,Hemel Hempstead BUASD,Middle Income Working,Other,92%,5
E35001448,Brierfield BUASD,Low Income Working,Low Income Working,89%,2
E35001451,Lincoln BUASD,Low Income Working,Low Income Working,81%,2
E35001452,Worcester BUASD,Middle Income Working,Other,91%,5
E35001453,Stowmarket BUASD,Middle Income Mixed,Other,61%,6
E35001454,Grays BUASD,Low Income Working,Low Income Working,98%,5
E35001456,Batley BUASD,Low Income Mixed,Other,58%,3
E35001457,Rochford BUASD,Middle Income Mixed,Other,60%,5
E35001458,Margate BUASD,Low Income Mixed,Other,59%,1
E35001459,Haslemere BUASD,High Income Residential,High Income Residential,54%,10
E35001461,Cranleigh BUASD,High Income Mixed,Other,64%,10
E35001462,Bicester BUASD,High Income Working,High Income Working,84%,9
E35001463,Bridgnorth BUASD,High Income Mixed,Other,60%,7
E35001464,Wareham BUASD,Middle Income Working,Other,89%,6
E35001468,South Normanton BUASD,Low Income Working,Low Income Working,120%,4
E35001471,Merley BUASD,High Income Residential,High Income Residential,51%,10
E35001472,Blackpool BUASD,Low Income Working,Low Income Working,89%,1
E35001474,Wakefield BUASD,Low Income Working,Low Income Working,106%,3
E35001476,Bude BUASD,Low Income Working,Low Income Working,94%,2
E35001479,Gosport BUASD,Low Income Residential,Low Income Residential,41%,4
E35001480,Seaton BUASD,High Income Residential,High Income Residential,43%,9
E35001481,Thornaby-on-Tees BUASD,Low Income Working,Low Income Working,97%,1
E35001482,Adwick le Street BUASD,Low Income Residential,Low Income Residential,42%,1
E35001485,Houghton-le-Spring BUASD,Low Income Residential,Low Income Residential,30%,2
E35001486,Herne Bay BUASD,Low Income Residential,Low Income Residential,35%,4
E35001487,Tadley BUASD,High Income Working,High Income Working,117%,10
E35001490,Leatherhead BUASD,High Income Working,High Income Working,115%,9
E35001491,West Bromwich BUASD,Low Income Working,Low Income Working,94%,1
E35001492,Whitley Bay BUASD,High Income Residential,High Income Residential,47%,8
E35001493,Horley BUASD,High Income Residential,High Income Residential,53%,8
E35001494,Newark-on-Trent BUASD,Low Income Working,Low Income Working,80%,3
E35001496,Pershore BUASD,Low Income Working,Low Income Working,112%,4
E35001497,St Helens BUASD,Low Income Mixed,Other,64%,1
E35001498,Stockton-on-Tees BUASD,Low Income Working,Low Income Working,84%,1
E35001499,Hitchin BUASD,High Income Working,High Income Working,72%,8
E35001500,Burley in Wharfedale BUASD,High Income Residential,High Income Residential,27%,10
E35001501,Reading BUASD,Middle Income Working,Other,96%,6
E35001502,Hedge End BUASD,High Income Mixed,Other,59%,10
E35001503,Westergate BUASD,High Income Mixed,Other,60%,8
E35001507,Loughton BUASD,Middle Income Working,Other,105%,5
E35001516,Milton Keynes BUASD,Low Income Working,Low Income Working,125%,4
E35001517,Redditch BUASD,Low Income Working,Low Income Working,72%,4
K06000004,Chester BUASD,Low Income Working,Low Income Working,99%,4
W37000020,Ruthin BUA,High Income Working,High Income Working,121%,9
W37000039,Gresford BUA,High Income Mixed,Other,63%,10
W37000046,Broughton (Flintshire) BUA,High Income Working,High Income Working,339%,10
W37000092,Abertillery BUA,Low Income Residential,Low Income Residential,27%,3
W37000094,Pencoed BUA,High Income Working,High Income Working,70%,9
W37000100,Newtown (Powys) BUA,Middle Income Working,Other,101%,6
W37000105,Pembroke Dock BUA,Low Income Working,Low Income Working,70%,2
W37000111,Pyle BUA,Low Income Residential,Low Income Residential,50%,2
W37000114,Brynna BUA,High Income Residential,High Income Residential,18%,9
W37000123,Caerleon BUA,High Income Residential,High Income Residential,49%,10
W37000129,Mountain Ash BUA,Low Income Residential,Low Income Residential,21%,1
W37000138,Denbigh BUA,High Income Working,High Income Working,72%,8
W37000146,Pontarddulais BUA,High Income Residential,High Income Residential,39%,8
W37000147,Abertridwr BUA,Low Income Residential,Low Income Residential,11%,1
W37000164,Cwmavon BUA,Middle Income Residential,Other,12%,6
W37000173,Brecon BUA,High Income Working,High Income Working,98%,9
W37000177,Cil-y-coed BUA,High Income Residential,High Income Residential,48%,8
W37000187,Pembroke BUA,Low Income Residential,Low Income Residential,42%,3
W37000191,Tonyrefail BUA,Low Income Residential,Low Income Residential,22%,3
W37000209,Llandrindod Wells BUA,Middle Income Working,Other,149%,6
W37000225,Milford Haven BUA,Low Income Residential,Low Income Residential,42%,4
W37000243,Llandudno BUA,Low Income Working,Low Income Working,121%,4
W37000249,Rhoose BUA,High Income Residential,High Income Residential,40%,10
W37000254,Ferndale BUA,Low Income Residential,Low Income Residential,27%,1
W37000273,Mold BUA,High Income Working,High Income Working,148%,8
W37000295,Porthcawl BUA,High Income Mixed,Other,57%,8
W37000301,Holyhead BUA,Low Income Residential,Low Income Residential,50%,1
W37000334,Hirwaun BUA,Low Income Residential,Low Income Residential,14%,1
W37000338,Tredegar BUA,Low Income Residential,Low Income Residential,48%,2
W37000342,Barry BUA,Low Income Residential,Low Income Residential,53%,4
W37000347,Abercynon BUA,Low Income Residential,Low Income Residential,37%,2
W37000354,Monmouth BUA,High Income Working,High Income Working,78%,9
W37000356,Coedpoeth BUA,High Income Residential,High Income Residential,41%,7
W37000359,Carmarthen BUA,High Income Working,High Income Working,175%,8
W37000361,Haverfordwest BUA,Middle Income Working,Other,119%,6
W37000363,Merthyr Tydfil BUA,Low Income Working,Low Income Working,77%,3
W37000366,Blaenavon BUA,Low Income Residential,Low Income Residential,48%,3
W38000001,Wrexham BUASD,Middle Income Working,Other,80%,6
W38000003,Abersychan BUASD,Low Income Residential,Low Income Residential,19%,3
W38000007,Abercarn BUASD,High Income Residential,High Income Residential,42%,7
W38000009,Bangor BUASD,High Income Working,High Income Working,100%,8
W38000010,Kinmel Bay BUASD,Low Income Residential,Low Income Residential,48%,3
W38000016,Maesteg BUASD,Low Income Residential,Low Income Residential,24%,1
W38000017,Treharris BUASD,Middle Income Residential,Other,37%,6
W38000018,Ammanford BUASD,Middle Income Working,Other,73%,6
W38000019,Shotton BUASD,High Income Mixed,Other,68%,8
W38000032,Newbridge BUASD,Low Income Residential,Low Income Residential,34%,4
W38000034,Brynmawr BUASD,Low Income Residential,Low Income Residential,34%,4
W38000040,Undy BUASD,High Income Residential,High Income Residential,27%,10
W38000043,Caernarfon BUASD,Low Income Working,Low Income Working,124%,3
W38000044,Abergavenny BUASD,Middle Income Working,Other,119%,6
W38000045,Rhosllanerchrugog BUASD,Low Income Residential,Low Income Residential,33%,4
W38000047,Prestatyn BUASD,Middle Income Residential,Other,51%,6
W38000050,Gowerton BUASD,High Income Residential,High Income Residential,42%,8
W38000051,RAF Station St Athan BUASD,High Income Residential,High Income Residential,29%,8
W38000055,Connah's Quay BUASD,High Income Residential,High Income Residential,42%,8
W38000056,Treherbert BUASD,Low Income Residential,Low Income Residential,15%,1
W38000060,Buckley BUASD,High Income Residential,High Income Residential,39%,9
W38000061,Chepstow BUASD,High Income Working,High Income Working,100%,9
W38000064,Treorchy BUASD,Low Income Residential,Low Income Residential,45%,4
W38000065,Rhondda BUASD,Low Income Residential,Low Income Residential,37%,3
W38000067,Llantwit Major BUASD,High Income Residential,High Income Residential,48%,10
W38000069,Tonypandy BUASD,Low Income Residential,Low Income Residential,35%,2
W38000072,Sarn BUASD,Middle Income Mixed,Other,59%,6
W38000073,Burry Port BUASD,High Income Residential,High Income Residential,24%,8
W38000075,Llantrisant BUASD,High Income Working,High Income Working,160%,10
W38000077,Dinas Powis BUASD,High Income Residential,High Income Residential,33%,10
W38000079,Cefn-mawr BUASD,Low Income Residential,Low Income Residential,19%,1
W38000080,Risca BUASD,Middle Income Residential,Other,29%,6
W38000081,Pontypridd BUASD,Middle Income Working,Other,104%,6
W38000086,Caerphilly BUASD,Low Income Working,Low Income Working,76%,4
W38000087,Gorseinon BUASD,High Income Mixed,Other,65%,8
W38000094,Llanelli BUASD,Low Income Working,Low Income Working,78%,4
W38000096,Sandycroft BUASD,High Income Working,High Income Working,114%,8
W38000105,Ystradgynlais BUASD,Low Income Residential,Low Income Residential,44%,4
W38000107,Church Village BUASD,High Income Residential,High Income Residential,47%,10
W38000108,Rhymney BUASD,Low Income Residential,Low Income Residential,39%,1
W38000110,Pontllan-fraith BUASD,Middle Income Residential,Other,45%,6
W38000111,Pontypool BUASD,Middle Income Working,Other,72%,6
W38000112,Rhyl BUASD,Low Income Mixed,Other,57%,1
W38000114,Welshpool BUASD,Middle Income Working,Other,136%,6
W38000117,Abergele BUASD,Middle Income Mixed,Other,57%,6
W38000120,Colwyn Bay BUASD,Middle Income Working,Other,82%,6
W38000122,Beddau BUASD,High Income Residential,High Income Residential,18%,7
W38000123,Penarth BUASD,High Income Working,High Income Working,93%,10
W38000124,Bargod BUASD,Low Income Residential,Low Income Residential,28%,1
W38000125,Aberdare BUASD,Low Income Residential,Low Income Residential,36%,4
W38000126,Blackwood BUASD,High Income Residential,High Income Residential,55%,7
W38000127,Ystrad Mynach BUASD,Middle Income Working,Other,78%,6
W38000128,Swansea BUASD,Low Income Working,Low Income Working,82%,4
W38000129,Bridgend BUASD,High Income Working,High Income Working,115%,7
W38000131,Taff's Well BUASD,High Income Working,High Income Working,96%,9
W38000132,Holywell BUASD,Low Income Residential,Low Income Residential,56%,4
W38000133,Aberystwyth BUASD,High Income Mixed,Other,57%,10
W38000135,Neath BUASD,Middle Income Mixed,Other,56%,6
W38000136,Pen-y-groes BUASD,High Income Working,High Income Working,76%,8
W38000138,Ebbw Vale BUASD,Low Income Mixed,Other,69%,3
W38000140,Cwmbran BUASD,Middle Income Working,Other,87%,6
W38000142,Llandudno Junction BUASD,High Income Working,High Income Working,81%,9
W38000143,Flint BUASD,High Income Working,High Income Working,70%,7
W38000144,Port Talbot BUASD,Low Income Mixed,Other,68%,3
W38000145,Porth BUASD,Low Income Residential,Low Income Residential,34%,3
W38000146,Pontardawe BUASD,High Income Residential,High Income Residential,30%,7
W38000147,Newport BUASD,Low Income Working,Low Income Working,76%,3