AREANM,AREACD,time1,time2,time3,time4,time5,time6,time7,time8,time9,time10,time11,time12,time13,time14,time15,time16
Hartlepool,E06000001,17.71077673,17.67570656,17.7665751,17.8340082,17.95813451,18.58576742,18.91306251,19.35439621,19.54673419,19.81399351,19.94515741,20.15963114,19.93104944,19.99938393,19.87685411,19.99925974
Middlesbrough,E06000002,17.83557114,17.88132692,18.1575097,18.45641293,18.46631384,18.34277842,18.31108125,18.56103209,18.95367595,18.89518145,19.03131035,18.90202388,19.00374869,18.8489296,18.91238955,19.19988158
Redcar and Cleveland,E06000003,18.49649048,18.9409064,19.11597423,19.13969897,19.24671087,19.36663494,19.82928179,20.05719215,20.20718289,20.22690968,20.18300502,20.58192214,20.46294627,20.39859745,20.25097674,20.35625398
Stockton-on-Tees,E06000004,18.39097677,18.58099396,18.58284764,18.58283266,18.76525312,19.0223222,19.21808058,19.73346226,20.09446035,20.46148515,20.37997641,20.44822369,20.2595221,20.111198,19.93427426,19.9676259
Darlington,E06000005,18.3449911,18.47357709,18.66981103,18.94832052,19.16914696,19.24258139,19.38790635,19.72987964,20.41711738,20.52622229,20.50592312,20.4804273,20.34786251,20.41231963,20.29289254,20.35936059
Halton,E06000006,17.45201277,17.54212815,17.73586026,17.96059406,18.11466094,17.99664127,18.4092066,18.84254265,19.35294634,19.18978478,18.78932908,18.89053336,18.79292455,19.05829042,19.31048268,19.74238446
Warrington,E06000007,18.38061666,18.67033201,18.96076358,19.29104678,19.16614713,18.9967138,19.38433679,19.73592448,20.159414,20.18059348,20.03820309,20.00386952,19.98799679,20.06406632,20.16393363,20.31049256
Blackburn with Darwen,E06000008,17.565114,17.63550372,17.91034448,18.33511897,18.28887432,18.43678594,18.39250112,18.73492489,18.93681235,19.27799135,19.50449606,19.60209431,19.50913774,19.24047028,19.06539776,19.07325651
Blackpool,E06000009,17.97177298,18.09532965,18.32841563,18.56021396,18.58287877,18.63738847,19.09708096,19.25452755,19.51104047,19.25721126,19.37894066,19.39171721,19.26468467,19.2648772,19.113773,19.14748328
"Kingston upon Hull, City of",E06000010,18.1393026,18.02594836,18.12959511,18.29006982,18.32370233,18.45914922,18.76404205,19.1028625,19.27823086,19.29050556,19.32163827,19.1410205,18.97424571,18.93055022,18.85428311,18.88747854
East Riding of Yorkshire,E06000011,19.57166349,19.55462755,19.69304949,20.01734957,20.13121442,20.27344484,20.4320839,20.71490475,20.77895844,20.69464796,20.7724822,20.93959959,21.00345006,21.1294803,21.13616856,21.29287496
North East Lincolnshire,E06000012,19.15648734,19.09917162,19.36218727,19.5756342,19.57264556,19.32124189,19.46222136,19.71977258,20.28845115,20.19328404,20.31920515,20.33104321,20.64244335,20.67023379,20.47599903,20.58769493
North Lincolnshire,E06000013,19.22215602,19.39241056,19.5044313,19.6275875,19.57277045,19.55645797,19.58898817,20.16006982,20.286789,20.78585163,20.62771189,20.81484216,20.56925894,20.61724717,20.55931698,20.66618689
York,E06000014,19.69398663,19.88222744,20.35990181,20.63825094,20.77595471,20.61002779,20.80616509,20.73263178,21.06757837,21.16638313,21.51323842,21.41998469,21.46040195,21.43164031,21.54748363,21.56832944
Derby,E06000015,19.00639709,19.21126538,19.64615137,19.86608817,19.95762024,19.91277306,20.0643556,20.30101761,20.76291789,20.97510004,20.82124086,20.96556498,20.96786738,21.16517935,20.98899238,20.81465266
Leicester,E06000016,18.36846142,18.35452508,18.31394242,18.51409315,18.85552042,19.01983916,19.28613684,19.48655552,19.87616884,20.10556772,20.12941693,20.14824078,19.98149662,20.07470209,20.06879947,20.27547508
Rutland,E06000017,20.90095861,20.84438615,21.40579742,21.90296755,22.47512462,21.90597308,21.81626442,21.57864982,21.88226437,21.95802402,22.5731908,23.0407917,23.01403413,23.00049237,22.76256684,22.82934659
Nottingham,E06000018,18.3966019,18.60730807,18.81092625,19.21519733,19.38930432,19.35786298,19.37975282,19.70170393,20.09879131,20.1992581,20.3333726,20.25636508,20.06819189,19.76553636,19.65296152,19.94591888
"Herefordshire, County of",E06000019,20.24465921,20.26563155,20.21732117,20.59667772,20.6917029,20.89000826,20.78773259,21.20853074,21.55019383,21.77208928,21.80464976,21.84819502,21.66905446,21.56639307,21.57574746,21.60894994
Telford and Wrekin,E06000020,18.6783401,18.73788638,19.15003602,19.39966983,19.80032584,19.86435699,20.03762252,20.05794125,20.2192954,20.15189332,20.120334,20.308053,20.21573673,20.29229329,19.90347146,20.15882045
Stoke-on-Trent,E06000021,17.96392435,18.07231675,18.48378028,18.80664846,18.91759389,18.63387448,18.66969813,18.86633253,19.39534735,19.60309955,19.65641682,19.76019095,19.74826591,19.83968218,19.48403944,19.25286181
Bath and North East Somerset,E06000022,20.62115514,20.42103419,20.4415225,20.6579347,20.95030713,21.18530835,21.25029359,21.25668784,21.59508323,21.6859903,21.77305394,21.88862704,21.84813638,22.01483005,21.94347944,22.12857078
"Bristol, City of",E06000023,19.12410439,19.23072973,19.37771526,19.74051817,19.88451255,20.08970634,20.19110413,20.49155238,20.63343896,20.92452015,20.75549289,20.79765338,20.93183823,21.09549893,21.06297092,20.83164254
North Somerset,E06000024,19.87657,20.23498298,20.38299897,20.51637379,20.63570306,20.80284537,21.12353656,21.28612762,21.42875543,21.50326368,21.52997451,21.91137354,21.64244741,21.59299203,21.41743949,21.67623138
South Gloucestershire,E06000025,19.99123983,20.2224231,20.4426726,21.04333865,20.99751194,21.0849376,21.10620491,21.33552414,21.56090354,21.68314333,21.8494861,21.99185536,21.99200411,22.01007934,21.94979519,22.02876829
Plymouth,E06000026,19.23426403,19.22608502,19.54056057,19.93546191,20.08878278,20.17083945,20.15453096,20.24339964,20.49805716,20.4478405,20.57754041,20.61433747,20.85899436,20.77186754,20.40613085,20.29250371
Torbay,E06000027,19.64024553,19.9985311,20.14823515,20.89542585,20.85578006,20.91825094,20.85521339,21.02288322,20.96802236,20.98100744,21.06384646,21.21715155,20.97119659,20.83527145,20.78533474,21.02791424
Swindon,E06000030,18.82204315,18.90452909,19.11187446,19.29515181,19.37825898,19.7700469,20.14107473,20.58599236,20.65324877,20.72286118,20.67843493,20.93848953,20.90547557,21.04472853,20.75142278,20.83190683
Peterborough,E06000031,18.65054425,19.2316239,19.27009553,19.65207891,19.45806985,19.76996749,20.01607323,20.25245697,20.73141822,20.74921558,20.91492205,20.81457802,20.87089275,20.82904962,20.79270536,20.69718793
Luton,E06000032,18.28321411,18.56541217,18.81377119,18.939264,19.12834714,19.31396403,19.55156796,20.08621258,20.38079565,20.34996577,20.43049223,20.46309068,20.66479328,20.57608884,20.57103993,20.68482987
Southend-on-Sea,E06000033,19.08957813,19.28448873,19.37456499,19.5579156,19.86136063,19.96316673,20.2812703,20.30998524,20.69693145,20.82220848,20.85235559,20.9469877,20.89803275,20.97455505,20.58215569,20.3300736
Thurrock,E06000034,18.74220691,18.80421637,19.1568622,19.47571758,19.6471483,19.61785148,19.83429917,19.97228786,20.24262195,20.17865388,20.37594153,20.39419972,20.55559157,20.34025117,20.18586303,20.18173843
Medway,E06000035,18.64865634,18.89431513,19.08474647,19.16637433,19.30779262,19.43847155,19.85798223,19.98667285,20.27035728,20.3291752,20.40699828,20.24335994,20.1934405,20.41251989,20.55145958,20.68546069
Bracknell Forest,E06000036,19.00357713,19.35731224,19.63340321,20.25788442,20.83194794,21.09259134,21.44288335,21.64413189,21.57020695,21.37115705,21.62993309,22.22396342,22.3174254,22.00404263,21.99926218,22.55483938
West Berkshire,E06000037,19.85609608,20.1447759,20.47876823,20.84145578,20.87142364,20.91734114,21.16904426,21.5294908,21.86535181,22.14611357,21.84080889,21.93360471,21.84925887,22.10168659,21.97512899,22.2269287
Reading,E06000038,19.81768915,19.82488816,19.8036389,19.91293297,20.19625989,20.32750526,20.46859449,20.65396556,20.89836845,20.82379162,20.76822019,20.93362329,21.2221237,21.19667819,20.92482291,20.98266926
Slough,E06000039,19.07597165,19.09962078,19.11285376,19.4036503,20.01242063,20.37924406,20.18765339,20.39598561,20.59949635,20.83663831,20.65891614,20.84250112,20.8561315,20.84213909,20.82088709,20.77729661
Windsor and Maidenhead,E06000040,19.5288285,19.71621751,19.97319221,20.05472784,20.34258118,20.54914199,20.95058396,21.32567861,21.64898936,21.83497506,21.98895289,22.19226908,22.31532433,22.18626884,22.19219063,22.26128941
Wokingham,E06000041,19.96411217,20.12456039,20.59215151,20.69570461,20.91647862,21.08373286,21.49996677,21.64020734,21.77970428,21.70875842,21.8064817,21.85547843,22.1573627,22.29056442,22.80964155,22.99163459
Milton Keynes,E06000042,18.69802919,18.72281862,18.67811305,19.15224348,19.43709707,19.78923027,20.00200866,20.18149761,20.45910188,20.46150902,20.6287062,20.69670035,20.80713695,20.88722229,21.09179663,21.12282705
Brighton and Hove,E06000043,19.68937822,19.90961137,19.83623557,20.33070575,20.25849086,20.5796223,20.55075992,20.89669628,20.94337828,21.12310711,21.12092275,21.47649927,21.45594817,21.31763018,20.91579168,20.88562755
Portsmouth,E06000044,18.94727051,19.14460017,19.26977971,19.79944489,20.14946984,20.34510468,20.46301551,20.6294581,20.65521841,20.62152559,20.32118653,20.31782196,20.44497313,20.57483749,20.55937161,20.3457766
Southampton,E06000045,19.62090279,19.46586922,19.59335067,19.88993164,20.10773975,20.01027279,20.46677184,20.72565794,21.27842691,20.87713809,20.78396313,20.99804826,20.94153888,20.82704419,20.57507426,20.63735855
Isle of Wight,E06000046,19.84515228,20.1642992,20.561723,21.03396284,20.97322278,20.95418849,21.07326182,21.20974983,21.53832303,21.38857659,21.29724488,21.39374698,21.5207398,21.69367747,21.37981673,21.37602802
County Durham,E06000047,18.30192106,18.37653216,18.38608026,18.61528951,18.74684425,18.94893709,19.10412302,19.39624184,19.59138071,19.7782079,19.60297676,19.7312046,19.71096315,19.87657125,19.8467798,19.91431258
Cheshire East,E06000049,19.28631422,19.46822855,19.75922122,20.0675892,20.3366169,20.42541778,20.60763486,20.69321292,21.02261544,21.03441417,21.28425395,21.4582521,21.57042326,21.59515656,21.50751228,21.60719333
Cheshire West and Chester,E06000050,19.35607866,19.44921449,19.62142694,19.88095682,19.93585476,19.90454716,20.06059272,20.28055458,20.6935568,20.65788139,20.89395329,20.93589721,21.00560757,20.88337729,20.91199841,20.98913126
Shropshire,E06000051,19.48154364,19.64076605,19.98167241,20.49892711,20.64025082,20.67152328,20.71814527,20.95898279,21.2277834,21.4283807,21.42462134,21.67664413,21.53244334,21.5523363,21.22916334,21.26404762
Cornwall,E06000052,19.8495782,19.97889667,20.14397895,20.54182498,20.58945654,20.68523903,20.71140299,20.78663612,21.07521686,21.23052049,21.27684966,21.37512068,21.39154281,21.47353643,21.28224302,21.27605323
Wiltshire,E06000054,19.90200851,20.10269749,20.38911265,20.66731439,20.87715617,21.02702291,21.16909209,21.31126551,21.51112579,21.60166335,21.64912135,21.76607017,21.69094697,21.71144688,21.69169945,21.90459923
Bedford,E06000055,19.67706773,19.83047136,19.79194804,19.94034932,19.92815202,20.0957734,20.27481658,20.42470274,20.83974317,21.28944204,21.63330428,21.76234931,21.44700448,21.33195718,21.30361279,21.5023604
Central Bedfordshire,E06000056,19.23253271,19.26984198,19.56030006,19.71003272,19.98753349,20.13220861,20.37069561,20.62725368,21.10489537,21.37013558,21.35431922,21.27927612,21.18989343,21.62958295,21.95137861,22.05434614
Northumberland,E06000057,18.82125964,18.91865074,18.92103207,19.20468114,19.42089337,19.69472376,19.79422676,20.0797176,20.3436199,20.41428379,20.41695546,20.5278439,20.58624544,20.60980046,20.50216491,20.60167999
"Bournemouth, Christchurch and Poole",E06000058,20.22280578,20.36126998,20.65662229,21.00872726,21.08303167,21.03457884,21.13196689,21.27379102,21.53757629,21.55607449,21.62861757,21.64066961,21.45411112,21.408574,21.30503849,21.59571697
Dorset,E06000059,20.53974376,20.73178551,21.01909442,21.36907096,21.59156383,21.69328363,21.88114787,21.99380066,22.3584273,22.45412697,22.45547281,22.46300356,22.33991534,22.26742217,22.16868085,22.24933146
Aylesbury Vale,E07000004,19.37687105,19.47064866,19.52105122,19.74269791,19.96738926,20.27095791,20.52145716,20.78885437,21.30631807,21.55254269,21.65748247,21.57751241,21.52352052,21.68912649,21.71311677,22.01862764
Chiltern,E07000005,20.88630104,20.80426668,20.96884684,21.24295361,21.80517429,22.08878312,22.54709409,22.46008967,22.63227282,22.94204028,23.44081932,23.66902893,23.34985852,23.51996647,23.36770375,23.37348866
South Bucks,E07000006,19.72954617,19.86991861,20.13964317,20.64360186,20.98523315,21.56488045,21.58345524,21.58323247,22.2494243,22.34583655,22.6711511,22.57150773,22.47108455,22.13184173,21.92288507,22.17518288
Wycombe,E07000007,20.32424315,20.43021386,20.92089119,21.34834496,21.59937865,21.67761581,21.93254757,22.1069285,22.16852288,21.95836284,22.27530708,22.40699278,22.4977872,22.57317931,22.63100304,22.74685405
Cambridge,E07000008,20.12992125,20.0403296,20.14206037,20.24612593,20.55979094,20.67945533,21.08513382,21.36645397,21.87664939,21.8720722,21.53922319,21.3654519,21.42785741,21.59180775,21.24648502,21.30820959
East Cambridgeshire,E07000009,20.56380491,20.41518307,20.81212291,21.22891051,21.14747019,21.2009929,21.28701975,21.91950516,21.78412831,22.37030429,22.39399653,22.59000599,22.19267181,22.02577412,22.13771248,22.28747697
Fenland,E07000010,19.11539492,19.38196148,19.38205476,19.34294499,19.57598756,19.86422896,20.46078698,20.67480511,20.9218925,20.96519805,21.00701569,21.00854781,21.1233452,21.07482955,20.94823835,20.86153577
Huntingdonshire,E07000011,19.5888388,19.79293656,19.80366551,20.05401212,20.23975038,20.62763952,21.05774718,21.11726831,21.65272863,21.53355154,21.681015,21.79010419,22.01097707,22.00399158,21.8028101,21.70538669
South Cambridgeshire,E07000012,20.6938721,21.14846061,21.31630126,21.58640339,21.65863441,21.7233164,21.73828245,22.20939051,22.72970889,22.87163178,22.81713133,22.61095274,22.5638766,22.62753245,22.65811159,23.08105595
Allerdale,E07000026,18.51497212,18.79650092,19.05149001,19.41775266,19.36518158,19.45265819,19.56824333,20.02120069,20.03749816,20.29693672,20.20443787,20.44892947,20.36095025,20.49793488,20.28146641,20.69209026
Barrow-in-Furness,E07000027,19.01481656,18.99370969,19.38106523,19.40929796,19.56995788,19.30810028,19.37541061,19.40365466,19.6786373,20.06666704,20.15402001,20.29553242,19.97049548,19.91151538,19.94810697,19.83073119
Carlisle,E07000028,18.63258029,18.99567293,19.28199677,19.8317854,20.00663232,19.99691897,19.91597328,20.042569,20.24900407,20.16393326,20.40760483,20.77430672,20.92780357,20.76876094,20.63471091,20.69921718
Copeland,E07000029,18.38858403,18.48949425,18.78541161,19.1426785,19.11260854,18.95687499,19.1918262,19.59457154,19.75252486,19.86539147,19.67044151,20.01839859,19.97944539,20.26643477,20.06558579,20.28641383
Eden,E07000030,19.65752512,19.83810845,20.25992032,20.75937309,20.81757618,20.96122981,21.1239827,21.2188356,21.49619463,21.64241368,22.15698073,22.65355039,22.78346347,22.93600941,22.68078004,23.10996429
South Lakeland,E07000031,20.11082046,20.18838217,20.58332682,20.61378413,20.80301314,20.87994791,21.02354644,21.19094297,21.30251981,21.36063751,21.61821325,21.96604049,22.18514151,22.0838449,22.02758213,21.96739302
Amber Valley,E07000032,18.85718715,18.97664055,19.45664041,19.92609318,20.29988353,20.06599002,20.12435845,19.95737857,20.37665277,20.89831125,21.14970144,21.15121519,20.64057899,20.78338836,20.81038539,21.27369171
Bolsover,E07000033,18.28492123,18.28613427,18.08366253,18.30511018,18.59442703,18.6629891,19.00707756,19.04702997,19.64180236,19.51988077,19.58298798,19.51995583,19.4568886,19.4931156,19.43016103,19.70792533
Chesterfield,E07000034,18.44509704,18.73631501,18.8419306,19.03780309,19.28592679,19.74613139,20.16759164,20.27651236,20.25245797,20.33952764,20.33563104,20.50003635,20.3611707,20.41164506,20.1294708,19.9365202
Derbyshire Dales,E07000035,19.55657905,19.90433489,19.8960519,20.24289137,20.3165097,20.8233282,21.24704016,21.46628337,21.54988857,21.6201586,21.76415743,21.92926156,21.56539094,21.52354365,21.67817114,22.35752693
Erewash,E07000036,18.89820556,19.12278754,19.55255032,19.62892878,19.74264101,20.0311269,20.3030062,20.87016518,21.08378527,21.47417127,21.27218266,20.96756179,20.71889007,20.68884094,21.0781106,21.4532131
High Peak,E07000037,19.10529453,18.98817712,19.16244191,19.42902147,19.86113781,20.24403481,20.36079752,20.62696662,20.74810954,20.77615152,20.61635842,20.98483111,21.0856446,21.05014712,20.83386574,20.82062016
North East Derbyshire,E07000038,18.51715225,18.6718744,18.89835294,19.26093236,19.37589088,19.46549626,19.88704062,20.23410205,20.8610147,20.76954932,20.88139857,21.05086696,20.91758121,20.80255767,20.33145841,20.38472688
South Derbyshire,E07000039,18.66145857,18.85956146,18.88529103,19.5504448,19.89882912,19.94457703,19.86215318,20.10894811,20.51760054,20.7902636,20.58998812,20.76616241,20.34352247,20.57588936,20.38494421,20.9341964
East Devon,E07000040,20.63707258,20.61672679,20.83147554,21.30094457,21.52803561,21.62545974,21.57708902,21.72480084,22.00082829,22.13614792,22.04973993,22.08844406,22.02642944,22.05264194,22.09008859,22.39859843
Exeter,E07000041,20.0297105,20.2448294,20.43901848,20.77247725,21.09036381,21.14470115,21.15549812,21.15589592,21.59445762,21.6314759,21.94502084,22.05230872,22.26806823,21.9792383,21.96888704,21.88307741
Mid Devon,E07000042,20.43942425,20.70789337,21.1856213,21.2896043,21.22041656,21.04637655,21.28131036,21.57540166,22.2806654,22.3885703,22.65207877,22.61421081,22.51665916,22.31976339,22.29880848,22.57194946
North Devon,E07000043,20.21305166,20.35610397,20.30879861,20.59781671,20.69489984,20.72847146,21.06938308,21.46941306,21.63038663,21.33571877,21.2100135,21.33022119,21.45194043,21.33161697,21.38232358,21.28011747
South Hams,E07000044,20.40986785,20.33745405,20.71291403,21.16128599,21.29662454,21.54999839,21.47247375,21.80466625,21.82780224,22.02094314,22.32611602,22.5287492,22.61276996,22.22203312,22.13619075,22.25892764
Teignbridge,E07000045,20.50770004,20.65639748,20.76846161,21.36053908,21.59719421,21.47548329,21.26879408,21.20625074,21.47756739,21.74984229,22.01802425,22.1189343,22.21095588,22.14568651,22.20179192,22.12165813
Torridge,E07000046,19.75401457,20.22251194,20.17433242,20.80561523,21.06885497,21.13747245,21.07285277,21.39002903,21.32626452,21.50734739,21.1827128,21.5039746,21.19404446,21.22667111,21.08155986,21.09705027
West Devon,E07000047,20.3084737,21.04342385,21.25634788,21.43419867,21.84240163,21.83555957,21.98687732,21.45834085,21.5775576,21.52093642,21.76906007,22.13729227,22.35795976,22.25605975,22.37185431,22.08442622
Eastbourne,E07000061,20.51113278,20.42990466,20.34238522,20.57676696,20.6962583,21.14739469,21.3739386,21.51958066,21.57742704,21.35455089,21.31609336,21.45801074,21.58179574,21.63681413,21.71051302,21.65905648
Hastings,E07000062,18.5842164,18.91479386,19.27450166,19.44155072,19.67820998,19.58196171,19.6452238,19.79508763,20.02506464,20.24723005,20.51481518,20.52531753,20.51600818,20.31943333,20.46643026,20.58328371
Lewes,E07000063,20.88378642,21.01140684,21.14005649,21.44107757,21.60782712,21.92552267,22.11315242,22.10931449,22.30382232,22.35656127,22.83626879,23.22763213,23.17984356,23.13793966,22.70525073,22.73890478
Rother,E07000064,19.86619083,20.18301044,20.57627744,20.97676554,21.16361596,21.23605417,21.34514196,21.57338045,21.66838239,21.87377089,21.94022603,22.06798962,21.83406559,21.99596855,21.85546378,22.30127985
Wealden,E07000065,20.78122357,20.78877896,20.78792836,21.01001731,21.34063897,21.32401052,21.67758819,21.54833713,21.91260254,21.82792071,22.12947821,22.33267139,22.25430788,22.26956381,22.14863797,22.29523622
Basildon,E07000066,19.32846237,19.14421592,19.37326719,19.40110122,19.72040001,19.77063242,20.26004661,20.46456051,20.70195368,20.67380936,20.8568889,20.97908192,21.0980573,20.90771306,21.07898354,21.1571007
Braintree,E07000067,18.66573434,19.39112237,19.58806445,20.21415678,20.45805289,20.4150675,20.3521982,20.24451613,20.79784682,20.85345349,20.92193868,21.0445569,20.76472981,20.77780765,20.62964581,20.81856079
Brentwood,E07000068,19.61030649,20.17122406,20.42178191,21.19232398,21.01113701,21.25357003,21.183568,21.56363131,21.64162807,21.77795493,21.51834459,21.43948664,21.41822531,21.5273676,21.58185924,21.70146851
Castle Point,E07000069,18.81232216,18.90538323,19.34618743,19.84011115,20.07038241,19.94288221,20.39935197,20.57531819,21.1296132,20.71858306,20.52835145,20.52441751,20.58790826,20.81800833,20.7946396,20.89918367
Chelmsford,E07000070,20.59238376,20.60026678,20.55476325,20.77738708,21.08165243,21.48824963,21.63654761,21.74064651,21.79366295,21.69246501,21.81417586,21.96699034,21.97288247,21.87682727,21.61279578,21.74756754
Colchester,E07000071,19.9589988,20.10950847,20.21371642,20.28554761,20.6824231,20.995206,21.19633978,21.13725265,21.16016918,21.26566853,21.49848273,21.27368781,21.28508515,21.03043093,21.05220294,20.96499947
Epping Forest,E07000072,19.56099881,19.43596075,19.62389107,19.92419333,20.01213336,19.95665008,20.14494429,20.58790955,21.10561321,21.3720527,21.76502585,21.30587574,21.1752379,20.81696381,21.12954063,21.15851143
Harlow,E07000073,19.77203672,20.59080952,20.56800448,20.8337372,20.59784704,20.80208681,20.91032047,20.77666056,20.65136775,20.59477453,21.22940891,21.21805146,21.48165637,21.27876908,21.2901326,20.92733401
Maldon,E07000074,19.21342685,19.49409956,19.75941052,20.2532664,20.48434399,20.23192523,20.71494427,21.07679653,21.44910116,21.24199383,21.12745226,21.08791759,21.23405957,21.39258843,21.73924017,21.35962338
Rochford,E07000075,20.04339784,20.30911359,20.7546882,21.14742529,21.3722774,21.34539779,21.51011491,21.24658974,21.66480438,21.74555925,22.18468507,22.09896379,22.16436862,22.08715481,21.94880326,21.69681492
Tendring,E07000076,19.62342931,19.95758355,20.04071643,20.21132371,20.00757852,20.35853492,20.43512829,20.78634996,20.8020711,20.67183445,20.54149409,20.79506806,20.89505896,20.91870666,20.62742253,20.58889037
Uttlesford,E07000077,20.03022024,20.09409672,20.0653722,20.40617503,20.81601974,21.32983298,21.44229718,22.0388627,22.00167017,22.25548771,22.41288811,22.50457617,22.457664,21.99325743,22.0080565,22.12703022
Cheltenham,E07000078,20.08065426,20.3346339,20.30418694,20.61498921,20.71793866,21.06068502,21.51304308,21.4672262,21.92975589,21.96583999,21.81840914,21.60695445,21.29791808,21.33716578,21.29151649,21.49116152
Cotswold,E07000079,20.46774037,20.48853671,20.53119817,20.88888486,21.11349317,21.30581322,21.30867179,21.51405107,22.01531387,22.69893948,22.55252544,22.58297724,22.40025973,22.53785065,22.49088456,22.5813055
Forest of Dean,E07000080,19.40685518,19.59820087,20.14806894,20.51483921,20.78162984,20.32544947,20.63917073,20.7782095,21.37581273,21.50096602,21.43177226,21.50660249,21.15101723,21.10249536,21.00115781,21.1135926
Gloucester,E07000081,19.46080501,19.37080931,19.23534742,19.46430176,19.67064024,20.14059212,20.356543,20.65648453,20.96844542,21.17936074,21.00488559,20.68478498,20.72015847,21.05794778,21.05996116,20.93082257
Stroud,E07000082,19.47906836,19.68893387,20.12303362,20.39787724,20.68774569,20.55286009,21.02592981,21.00444522,21.2271481,21.13795746,20.88946362,20.89604877,20.84550548,21.07509951,21.01972083,21.07805012
Tewkesbury,E07000083,19.93956337,20.08634042,20.12111811,20.54450738,20.91323943,21.46428251,21.37077459,21.63973198,21.5697254,21.86913501,21.88047061,22.13887991,22.53940046,22.2602722,22.13785972,22.17669911
Basingstoke and Deane,E07000084,19.54406308,19.72304682,19.98577457,20.31003581,20.56931549,20.544663,20.83583014,20.55680231,20.59868525,20.54345661,20.94821674,21.28691215,21.28437299,21.38607075,21.31771375,21.4436841
East Hampshire,E07000085,19.55669658,19.93368011,20.12867516,20.44516465,20.73190886,20.86518108,21.11809828,21.24049921,21.58223749,21.60481564,21.58933408,21.7642555,21.92816048,21.90448549,21.97964176,21.93135903
Eastleigh,E07000086,19.55292271,19.47312606,19.67844153,20.10048262,20.44245975,20.77748597,21.21299297,21.45724865,21.95663181,22.04157953,22.05144431,21.99965081,21.79127621,22.061016,22.03072004,22.42491495
Fareham,E07000087,19.97914958,20.33936744,20.69802685,21.08601916,21.11704575,21.22192371,21.21127517,21.4331075,21.35063147,21.5453593,21.50918612,21.4737341,21.4969863,21.35899533,21.55556827,21.71347376
Gosport,E07000088,19.5226282,19.60596081,19.92071674,19.77278395,19.88848235,19.97917491,20.02462518,20.23995252,20.24729856,20.30939779,20.43429989,20.7537933,20.9299631,21.01013679,20.99693774,21.06140272
Hart,E07000089,20.88124092,20.71653079,20.73311576,21.48306468,21.72012385,22.34749874,22.28202598,22.82619822,22.72011345,22.68547213,22.72210869,23.27999237,23.36017378,23.03962497,22.48858426,22.59524428
Havant,E07000090,19.70982811,19.97195503,20.12320659,20.34284222,20.5015618,20.84995221,21.17068206,21.3659924,21.43734928,21.41436361,21.4628877,21.44139015,21.57579758,21.63856505,21.67779233,21.7248441
New Forest,E07000091,21.14099263,21.2288261,21.41189354,21.72404704,21.85177894,21.9649147,22.09166578,22.25581353,22.55470163,22.55890326,22.71028973,22.7058952,22.87111219,22.91805374,22.79124204,22.962764
Rushmoor,E07000092,18.39024952,18.58688807,19.197406,19.86222427,19.87820693,19.86101743,20.20345955,20.44741945,20.78481417,20.8943628,20.87440289,21.02232385,20.82457722,20.83042864,20.53366514,20.66915369
Test Valley,E07000093,20.01527796,19.80787482,20.03164616,20.2042913,20.76655426,20.92665193,21.24322414,21.36563633,21.92302084,21.86972025,21.82024851,21.76873358,22.0077267,22.35196596,22.33331379,22.340898
Winchester,E07000094,20.04259971,19.93520987,20.32123345,20.84764055,21.17011306,20.99809678,20.91311444,21.54879347,22.25753946,22.94079446,22.75425734,22.70390507,22.54366929,22.59624034,22.59508311,22.62572192
Broxbourne,E07000095,19.81915691,19.70985535,20.01772158,20.10336144,20.49580189,20.73552524,21.18497394,21.41332829,21.75587743,21.52900097,21.95327124,22.29089825,22.67290853,22.44341442,22.28141734,21.92816793
Dacorum,E07000096,19.85926967,20.00701084,19.99537086,20.32915796,20.59345485,20.66917304,20.9480476,21.04316859,21.82368662,21.90541124,21.74960479,21.82195762,21.70055397,21.99068941,21.77980555,21.95347729
Hertsmere,E07000098,19.03604494,19.1511008,19.42680002,19.58970674,19.81757719,20.36508432,20.47343088,21.04227945,21.36011573,21.4376327,21.72551641,21.78288274,21.97238925,21.85131541,21.83873932,21.82506127
North Hertfordshire,E07000099,18.96419399,19.4323728,20.11075545,20.4496299,20.51055957,20.16712358,20.07085956,19.92463706,20.28138761,20.49053458,20.68202614,20.7440864,20.776951,21.05340468,21.08090551,21.20465516
Three Rivers,E07000102,19.80850519,20.11509994,20.05344775,20.31508024,20.22159109,20.73478854,21.3220124,21.66759,21.93822025,21.97063924,21.90635304,21.85519566,21.63079176,21.73907425,21.5914648,21.47827212
Watford,E07000103,18.63648076,18.94520345,19.19342302,19.26849804,19.4238715,19.6295058,19.90481939,20.0965106,20.45291553,20.31151723,20.54215716,20.27372886,20.49364857,20.41593775,20.35981487,20.55956664
Ashford,E07000105,19.76777696,19.56766144,19.78479884,20.20137315,20.50851521,20.79924487,21.04278918,21.13383205,21.61317879,21.90509476,22.09700327,21.64309883,21.66697825,21.47392249,21.62956908,21.60765929
Canterbury,E07000106,19.56092463,19.70812202,19.82633917,20.04467259,20.13976202,20.31010771,20.67686468,20.99110978,21.18526804,21.18185055,21.19367416,21.29062616,21.29816116,21.43538901,21.44684388,21.63249817
Dartford,E07000107,18.57726895,18.50659637,18.44210635,18.91076372,19.25328852,19.27308187,19.17774891,19.26497677,19.42951347,19.79454868,20.04649497,20.31746786,20.36562261,20.31327639,20.15574471,19.87043817
Dover,E07000108,19.56609534,19.86578597,20.05689051,20.09183897,20.0624372,20.11628526,20.44886376,20.55178359,20.82435469,20.68748003,20.9576271,21.10050669,21.08507082,20.89802897,20.60294231,20.76489453
Gravesham,E07000109,19.20499801,19.11828211,19.59816799,19.8980059,19.88901496,19.9880486,20.22572652,20.57162102,20.65065671,20.89454417,20.70415811,20.84251388,20.88207758,21.23388454,21.17695748,21.11266518
Maidstone,E07000110,19.4036956,19.5107556,19.63856381,19.75447215,20.04785639,20.15262234,20.74808167,20.78566332,21.29783846,21.10903144,21.0965276,20.89661546,21.05807372,21.18901622,21.42710671,21.26482614
Sevenoaks,E07000111,20.46144599,20.68797253,20.93427543,21.27950536,21.12789188,20.81593742,20.82678436,21.11217894,21.56080226,21.75215899,21.87423964,22.13167305,21.92994397,22.26042195,22.26153308,22.34567218
Folkestone and Hythe,E07000112,19.32854854,19.73137846,19.75148469,19.95039805,20.11885441,20.79784055,21.15858616,21.38350551,21.47869598,21.46189322,21.43346498,21.3799595,21.53313705,21.42755469,21.32675007,21.27819839
Swale,E07000113,18.72030791,19.20676122,19.55472692,19.70205921,19.50916557,19.58367277,19.59670354,19.83604094,20.09047018,20.61057183,20.78780954,20.93014087,20.84742971,20.81265923,20.86340191,21.10454494
Thanet,E07000114,19.22866897,19.26951004,19.2318188,19.3965998,19.55671852,19.86532718,19.97589606,20.27299949,20.4699763,20.67583906,20.71028897,20.7237099,20.67815338,20.55694575,20.65801851,20.81270884
Tonbridge and Malling,E07000115,20.26891708,20.59608558,20.34632992,20.76981006,20.88021485,21.16220293,21.17493087,21.14518787,21.49873192,21.74954698,22.10503598,22.49407229,22.45137961,22.47134926,22.52033455,22.1009834
Tunbridge Wells,E07000116,19.6907576,19.71122309,20.21816479,20.59845451,20.74021709,20.99728678,21.06677764,21.36015562,21.76456998,22.38108472,22.58105334,22.43230698,21.97981957,21.82235578,21.66288015,21.88087778
Burnley,E07000117,17.79901445,17.80025749,17.86345804,17.82416786,18.03805299,18.02037263,18.50880389,19.18258637,19.48114997,19.33778474,18.9013585,19.00174986,19.45888133,20.12062412,20.18346405,20.03974021
Chorley,E07000118,18.52552702,18.68690454,18.70187718,19.19718857,19.55425569,19.56688609,19.46538609,19.72670756,20.06913256,20.07509057,20.15998317,20.39000936,20.49321074,20.43757445,20.47584073,20.44865899
Fylde,E07000119,19.18674668,19.28086414,19.52839882,19.89096059,20.00474736,20.2242384,20.25682072,20.45787623,20.89018843,21.04928055,20.80972578,20.69388874,20.79532359,20.87147252,20.81756539,20.81195504
Hyndburn,E07000120,17.88302989,18.12379847,18.3829994,18.48898093,18.75675753,18.52975975,18.95688729,18.8289682,19.09728572,19.24169257,19.3728717,19.66537451,19.68881357,19.75445623,19.70958062,19.48989032
Lancaster,E07000121,19.42217459,19.34057255,19.59221131,19.76689848,19.80142193,19.67116665,19.83536299,20.20030261,20.64486883,20.69321188,20.39837203,20.20295329,19.96760435,20.15257153,20.33964896,20.64026851
Pendle,E07000122,18.77849686,19.03076929,19.22682297,19.72357204,19.81082946,20.21466674,20.17489344,20.30401469,20.21477867,20.46162631,20.4095885,20.46158997,20.2289319,20.18201138,19.8252891,19.84432367
Preston,E07000123,18.10619562,18.25581485,18.27188758,18.68675316,18.99194894,18.93669958,19.01780057,19.02923502,19.79732768,19.88890055,20.01698353,19.78960892,19.97383435,19.99264758,20.00394262,19.92057858
Ribble Valley,E07000124,19.30799062,19.57374033,19.89422772,20.40255743,20.30533631,20.95568384,20.75031696,21.01255494,20.80434165,21.15237517,21.55979308,21.6237986,21.76794526,21.54393675,21.76404735,21.79831865
Rossendale,E07000125,18.07339188,18.1404954,18.13777185,18.26491513,18.57196468,18.71341396,18.99517098,19.14959535,19.58284067,19.84621701,19.64122967,19.97339699,19.68346677,19.97955376,20.13019225,20.26706982
South Ribble,E07000126,19.0639858,19.43875532,19.81567708,20.01463032,19.81587674,19.66553078,19.99901606,20.45790043,20.74708173,20.88933467,20.70254933,21.00395339,21.34722751,21.78220148,21.72188404,21.5183551
West Lancashire,E07000127,18.20028091,18.33592427,18.66930003,18.88655724,18.96751109,19.19530257,19.38425097,19.72485306,20.03254651,20.37464669,20.53665727,20.70264933,20.58800106,20.77467113,20.7729238,20.69951873
Wyre,E07000128,19.52405002,19.49125951,19.40232977,19.54155999,19.64537139,20.11610658,20.21403577,20.36453692,20.52909612,20.49745719,20.56087273,20.8555088,20.90993481,20.98308314,20.8863522,20.97778214
Blaby,E07000129,20.40532275,20.58928122,20.58323339,20.93947668,21.0056524,21.23657497,21.57359154,21.64705082,21.90772103,21.88347996,21.92515568,22.15616757,22.04807858,22.13814803,21.92962493,22.09398589
Charnwood,E07000130,19.39558556,19.66077479,19.71477313,20.01281998,20.70165726,20.90537329,21.18924975,21.12092783,21.51364699,21.35623391,21.33825472,21.29843891,21.48254172,21.41464538,21.54082955,21.57062834
Harborough,E07000131,19.61033454,19.78176978,20.01178694,20.32059847,20.85323291,21.47802483,21.84966808,22.08377329,22.27960024,22.09648547,22.13845845,21.94736303,22.17553505,22.28998968,22.36627003,22.19426108
Hinckley and Bosworth,E07000132,19.66528762,19.68927902,19.41297028,19.48355702,19.82863948,20.33356134,20.92057046,21.16890116,21.80978695,21.65352185,21.76209849,21.92779865,21.91746049,22.05141235,21.64024747,21.81655396
Melton,E07000133,20.27810523,20.63269205,20.24106853,20.53167358,20.68848237,20.52404032,20.93294783,21.08849081,22.03998348,21.78008047,21.57346834,21.80035737,21.7727751,21.87891541,21.78841311,21.74983241
North West Leicestershire,E07000134,18.83662934,18.98421986,18.96600487,19.34079569,19.46550811,20.12481159,20.45251022,20.33892884,20.55163992,20.72762168,21.14338108,21.04198511,20.93314554,20.91784828,20.97420908,21.26494385
Oadby and Wigston,E07000135,19.75972903,19.77587167,19.98832931,20.26691234,20.32936837,20.62396666,20.92267512,21.05187022,21.19139449,21.3877947,21.60486783,21.8120621,21.48825419,21.62775357,21.71305214,22.28682669
Boston,E07000136,19.2551299,19.57307609,19.63615972,19.68824688,19.64981603,19.98626571,19.82042267,20.18015637,20.28215143,20.67551769,20.53423339,20.49754516,20.38266216,20.60666377,20.10586651,20.22226103
East Lindsey,E07000137,19.50614487,19.46390375,19.55142677,19.69591266,19.89595328,19.97244719,20.14811876,20.32861645,20.40017137,20.54338947,20.44432807,20.42864569,20.37538744,20.44543091,20.44159736,20.37167949
Lincoln,E07000138,19.30502783,19.18393595,19.25939937,19.31299756,19.19602172,19.11830087,19.53261973,19.95880424,20.58507186,20.36056044,20.07776707,20.14434931,20.10468285,20.24229318,19.73410031,19.61515598
North Kesteven,E07000139,19.00482434,19.23953812,19.42854628,20.12061869,20.57265065,20.66430785,20.66685123,20.79069636,21.12827505,21.21479997,21.45191799,21.69624969,21.76112535,21.78768586,21.41513378,21.26985295
South Holland,E07000140,19.30978523,19.36848213,19.94873901,20.33624164,20.60992862,20.36365135,20.41530725,20.73761373,21.35224909,21.3101551,21.34328539,21.09026496,20.85008754,20.85802494,20.84738826,21.14495451
South Kesteven,E07000141,20.08409119,20.20635671,20.28728766,20.09876035,20.02603714,19.99147194,20.51181022,20.92392175,21.17976812,21.26032958,21.27765379,21.5725088,21.37778452,21.27798662,21.14277811,21.21023084
West Lindsey,E07000142,19.178079,19.39742159,19.40028759,19.74854152,19.87790443,20.37933616,20.57482383,20.93504954,21.01569292,21.0173064,20.90434817,21.27464886,21.2551056,21.50262553,21.29183941,21.27477042
Breckland,E07000143,19.59092376,19.54805169,20.09633823,20.24651521,20.42845352,20.36352028,20.5576744,20.7122611,20.83071257,20.99455469,20.98225987,21.09617977,20.90657373,21.1210651,21.24277279,21.6265229
Broadland,E07000144,19.75333569,20.06782127,20.43638283,20.46198128,20.5942684,20.7328176,20.89675,20.87151442,20.99895648,21.44003719,21.58159697,21.90781488,21.62670484,21.79039887,21.77989996,22.09726007
Great Yarmouth,E07000145,19.69262748,19.87010641,19.84987518,19.64555186,19.90649431,19.76240998,19.8286055,20.00721788,20.23001332,20.45927833,20.46692035,20.62573831,20.91720087,21.02963636,21.2119018,20.99880585
King's Lynn and West Norfolk,E07000146,19.85160888,19.9325915,20.23287595,20.61426815,20.70928009,20.81378474,21.09813774,21.47028267,21.60988067,21.51892382,21.37230507,21.57375402,21.7534718,21.93176035,21.57959344,21.32231148
North Norfolk,E07000147,20.28556753,20.36582573,20.72231817,21.26227859,21.78259788,21.86211617,21.87800982,21.95008363,22.27857435,22.27475968,22.25585744,22.13757218,22.30278827,22.37046148,22.47099111,22.47558129
Norwich,E07000148,20.85725318,20.67702376,21.12947691,21.06013475,21.3160646,21.06847271,21.21425468,21.43157996,21.77515661,21.99685066,21.88016388,21.92902002,21.83290823,21.88798986,21.5242639,21.54137233
South Norfolk,E07000149,20.72189972,20.66378235,20.79510955,21.12769054,21.171322,21.15435899,21.13857365,21.37226476,21.68870476,22.03072626,22.35334947,22.38140086,22.1665411,22.0414942,22.07681857,22.39452641
Corby,E07000150,17.99287101,18.00126346,18.24422467,18.32942001,18.910008,18.94354054,19.26453913,18.36732997,18.44093477,18.52138167,19.10047413,19.52316815,19.48636541,19.85372372,19.49485329,19.67749537
Daventry,E07000151,19.57923516,19.61660994,19.92660139,19.82305802,20.01677975,20.02641275,20.55177698,20.99756044,21.23369155,21.02518627,20.75088154,20.8154317,20.93254298,20.94366484,20.97976734,21.28519047
East Northamptonshire,E07000152,19.27536255,19.23585371,19.26543936,19.23472705,19.38878645,19.52203953,19.8445289,20.13154782,20.71370837,20.80004058,21.25849998,21.28378743,21.36350322,21.06195306,20.98839555,21.00364213
Kettering,E07000153,19.33313652,19.13688933,19.20021184,19.69200624,19.92795356,20.26990444,20.35390246,20.4484453,20.81198036,20.8842654,20.92744139,20.9496938,20.92160512,21.05454724,20.94751853,21.10919899
Northampton,E07000154,19.36191218,19.28028871,19.55368674,19.74448684,19.86119021,20.02444088,20.13287024,20.32746179,20.30837044,20.19053115,20.28960146,20.49535284,20.67359042,20.73038328,20.83719883,20.90603789
South Northamptonshire,E07000155,19.79164733,20.04782827,20.43499853,20.57700965,20.88374233,20.78762764,21.3593609,21.47884786,21.76793643,21.85849214,21.88005619,22.16714386,22.18915777,22.28435979,21.98939648,21.82283423
Wellingborough,E07000156,19.59445032,19.66068924,20.03889713,19.99620331,20.2857983,20.48404856,20.59622645,20.77721783,20.78354518,21.37229225,21.53538688,21.58205822,21.27949094,20.82877371,20.49754102,20.29790662
Craven,E07000163,20.31418519,20.58853305,20.60702473,20.90879686,20.86895715,20.82965995,21.02027099,21.35976828,21.6429934,21.800343,21.77269617,21.99368162,22.10354551,22.0964279,21.94593408,22.03110941
Hambleton,E07000164,19.83038046,19.99402858,20.7726257,20.91695177,21.21395084,21.09747283,21.34581509,21.72491153,22.03803297,22.38495593,22.01508973,22.32305748,22.27883294,22.67232684,22.39563088,22.37343053
Harrogate,E07000165,20.11064282,20.12283112,20.34884631,20.64838768,20.70461027,20.57694998,20.8880796,21.23710986,21.63864096,21.66178279,22.08977611,21.98642515,22.02564393,21.88364334,22.21567196,22.34109241
Richmondshire,E07000166,19.8564454,20.1578823,19.75133761,20.0058483,20.07040184,20.61202253,21.05377247,21.10276228,21.07563963,20.88783117,21.02977744,21.0726136,20.83081366,21.08312647,21.35493262,21.51018632
Ryedale,E07000167,20.28381871,19.9946454,20.57295851,21.14404634,21.39921285,21.21791686,21.46256921,21.40217568,21.39875219,21.05512565,21.04456631,21.78263456,22.02305557,22.63038314,22.13050398,22.38595247
Scarborough,E07000168,19.47015097,19.41160387,19.70560924,19.96839928,20.36806224,20.37091769,20.65959011,20.59530939,20.61737673,20.65784689,20.69376853,21.09078749,21.09891913,21.20635386,20.95062435,21.05717334
Selby,E07000169,19.24743641,19.74429302,20.26532804,20.48579583,20.15862637,20.17506988,20.43052966,20.80402205,21.19680107,21.01841588,21.18836432,21.09791749,21.4583087,21.20207792,21.05434781,20.96771123
Ashfield,E07000170,18.1560016,18.25017987,18.58472083,19.12315447,19.0894875,19.18714137,19.21382098,19.43678565,19.84097672,19.84647032,20.10164901,20.06798908,19.7414478,19.92174544,19.88856787,20.35269931
Bassetlaw,E07000171,18.64569695,18.59287872,18.51878379,18.73332232,19.12865863,19.14650289,19.31764736,19.50923485,20.13680038,20.23196965,20.38878897,20.31026572,20.31264954,20.30755952,20.36245435,20.66168211
Broxtowe,E07000172,19.27876114,19.74314811,19.66236219,20.03697087,19.94588953,20.21805945,20.27846143,20.55661603,20.67103572,20.82833885,20.83265906,21.05698465,20.84416224,20.80269551,20.57926521,20.59499898
Gedling,E07000173,19.02069053,19.17052592,19.70181915,20.21699121,20.18790587,20.23233806,20.24544089,20.70653122,21.03144432,20.76049744,20.90169075,20.95697657,21.16815438,20.97092443,20.69543572,20.67895641
Mansfield,E07000174,18.60968254,19.03953468,19.13072146,19.34922701,19.29491179,19.53320948,19.45604522,19.65090067,19.88790327,20.23426712,20.01151736,19.98540908,19.94853901,19.92310639,19.60191214,19.6385547
Newark and Sherwood,E07000175,18.91958547,19.35044789,19.5480071,19.61182347,19.59189056,19.9284202,20.05834987,20.28731338,20.39741789,20.62629731,20.90777254,20.76197233,20.71276968,20.78295832,20.98055637,21.03954319
Rushcliffe,E07000176,19.80687562,20.05610136,20.07635713,20.36516346,20.87936342,21.08964285,21.02790818,21.09594415,21.47274598,21.81578871,21.98682763,22.27336121,22.25911822,22.25214414,22.02174062,22.06744071
Cherwell,E07000177,19.59459163,20.07101173,20.5135484,20.95954473,21.20104211,20.97148182,20.96385922,20.97016421,21.50857165,21.54138432,21.43738792,21.11123383,21.14845411,21.17206901,21.37489993,21.35809697
Oxford,E07000178,20.10873316,20.07100489,20.13707686,20.2295026,20.53485531,20.9410452,21.62493141,21.55694783,21.71889534,21.5314722,21.7368825,21.72212511,21.80184547,21.81881046,21.7484705,21.95454769
South Oxfordshire,E07000179,20.26725804,20.40112714,20.52649218,20.99432674,20.95123548,21.21636354,21.52682182,21.72082635,21.9988437,21.79024511,21.84405936,21.86182243,22.11564957,22.28895422,22.35439989,22.25614537
Vale of White Horse,E07000180,20.53345121,20.73729368,20.52698876,20.76233822,20.77472595,21.57968717,21.97398042,22.13998316,21.87729923,21.76474378,21.64591406,21.97359161,22.36904861,22.8761074,23.07318845,23.05906679
West Oxfordshire,E07000181,19.91247144,20.04374929,19.95191989,20.37374392,20.85977939,21.10891876,21.16261192,20.70913479,21.10889878,21.32187862,21.61526506,21.47505507,21.34804233,21.47757521,21.64881685,21.92226247
Mendip,E07000187,19.75182817,19.88192446,19.90175647,20.65868954,20.73940143,21.19979457,21.33701301,21.53913671,21.63586235,21.67546046,21.91126482,22.06057663,21.79333876,21.75505753,21.51994962,22.20421899
Sedgemoor,E07000188,20.21941514,20.44405624,20.15875985,20.42688042,20.61728176,20.8823012,21.08028398,20.93350361,21.33706643,21.49725226,21.78732946,21.86710626,21.90221129,22.1451093,22.22429529,22.27861838
South Somerset,E07000189,20.26642064,20.22831276,20.40850597,20.61389518,21.00424359,21.2857717,21.38045814,21.56113765,21.72023647,21.92174203,22.02754726,22.36279248,22.31129341,22.24966098,22.05601354,22.03753252
Cannock Chase,E07000192,18.75960412,19.06652299,18.86643139,19.13524827,18.86303703,18.7534157,18.99639729,19.5152335,20.46811613,20.72705784,20.86988332,20.63010838,20.62395502,20.72568393,20.80474929,20.72893443
East Staffordshire,E07000193,18.77403452,18.9826072,19.14539255,19.41893972,19.59821967,19.86902332,20.37210879,20.61145541,20.63345465,20.81462749,20.70768682,20.85238696,20.48555768,20.68686176,20.71884186,21.08451239
Lichfield,E07000194,18.4687604,18.51176558,18.73526111,19.17924159,19.54763428,19.4680617,19.92810564,19.96910962,20.60179708,20.6563737,20.97071628,20.92180887,20.97748216,21.05771678,21.10424298,21.2665285
Newcastle-under-Lyme,E07000195,19.16677787,19.42908053,19.60944286,19.69065718,19.54087462,19.70091486,19.809049,20.05736459,20.39647211,20.34425282,20.47988417,20.50282555,20.42229195,20.34278665,20.65218565,20.84779814
South Staffordshire,E07000196,18.92907129,18.99096179,19.08222827,19.42508153,19.59023607,19.68747295,19.976998,20.52095484,21.08377124,21.1111282,21.24882146,21.37523401,21.4963167,21.56972251,21.38560604,21.71499417
Stafford,E07000197,19.8588955,19.91401006,19.86775336,19.98928499,19.96133703,20.17380105,20.37332938,20.80944229,21.14957456,21.44478456,21.43967303,21.36391165,21.09326621,21.34582337,21.58260664,21.96236256
Staffordshire Moorlands,E07000198,19.08785747,19.09925555,19.36785048,19.44440116,19.76406496,19.7530966,19.99447955,20.27961525,20.82622108,21.09221422,21.00866806,20.84791179,20.68051279,20.8125305,20.79805338,20.98464757
Tamworth,E07000199,18.35577354,18.65789082,18.89388168,19.28791282,19.32498653,19.40177793,19.81830071,20.39731474,21.03705474,20.92533894,20.79544706,20.58498049,20.92038658,21.0091395,21.1410518,20.84683392
Babergh,E07000200,20.22448136,20.34252583,20.32205869,20.73605566,20.85678095,21.20465533,21.08739053,20.99009587,21.48184367,21.85480939,22.20713559,22.07895329,21.88536446,21.89037893,21.75248372,22.13134833
Ipswich,E07000202,19.46311012,19.60446932,19.66691866,20.00109747,20.43911299,20.49595235,20.53571233,20.72944433,21.05105857,21.38837447,21.18928602,21.26972167,20.89604545,21.04107066,20.9090133,20.96314563
Mid Suffolk,E07000203,19.72451869,19.91085111,20.21897208,20.91421892,21.22482579,21.21644944,21.31097783,21.6134915,22.11257936,22.2874252,21.901093,22.17901283,22.17357811,22.49154025,22.21698457,22.18242993
Elmbridge,E07000207,20.43430507,20.71630438,20.68899746,21.00391224,20.93209211,21.17816324,21.35861079,21.44952301,21.98604404,22.07168592,22.36396264,22.46930758,22.40437713,22.68488614,22.51377149,22.55161378
Epsom and Ewell,E07000208,21.43826315,21.58722045,21.79091721,21.41017228,21.33664143,21.3566372,22.22190228,22.45547567,22.53224433,22.43975912,22.43479644,22.52056525,22.5129454,22.587374,22.70084873,22.97114053
Guildford,E07000209,21.30805179,21.46808881,21.20388699,21.36948072,21.61269554,21.82068026,22.06762991,22.00209731,22.22168547,22.32192723,22.20565659,22.28413257,22.11467368,22.3058815,22.2272398,22.47967855
Mole Valley,E07000210,20.7448154,20.84001295,20.68002609,20.75706568,21.08615155,21.29911852,21.54950849,21.67290487,22.09529602,22.43589646,22.44927487,22.19043812,21.88923877,22.19962555,22.53587753,23.01039771
Reigate and Banstead,E07000211,19.50710064,19.57942959,19.72812396,19.84874038,20.36712613,20.32205061,20.6411825,20.68210003,21.15164915,21.4102679,21.55400427,21.44020251,21.1438361,21.14467129,21.32622524,21.64820647
Runnymede,E07000212,20.22819336,20.45454597,20.37192988,20.52492061,20.87353843,20.72851156,21.03159781,21.35540008,21.97697025,21.75410362,21.36096838,21.71605511,21.69202425,21.8440112,21.50418954,21.6947345
Spelthorne,E07000213,20.05361938,20.24903088,20.1247563,20.41722114,20.51679365,21.04902678,21.20625431,21.19789958,21.24991819,21.01603647,21.25085134,21.43629023,21.48534258,21.49000536,21.57219667,21.76869084
Surrey Heath,E07000214,19.66071898,19.57025389,19.7082895,20.02992258,20.50684456,20.73716641,21.15485855,21.20267888,21.41807512,21.17576834,21.17888982,21.34881125,21.39584443,21.4569681,21.64828808,21.99407242
Tandridge,E07000215,19.89963752,20.38034298,20.41291088,20.70496775,20.56878154,20.70338653,20.95702069,21.11860768,21.39824363,21.28092394,21.13889614,21.30159834,21.46272912,21.88006347,21.84202961,22.07637268
Waverley,E07000216,20.50817576,20.59925606,20.58931425,20.70400219,21.22491621,21.77313112,22.17226676,22.18797043,22.46142509,22.74399485,22.82633911,22.75843612,22.59630651,22.68698485,22.7985761,22.87794849
Woking,E07000217,20.25427404,20.48488808,20.83378632,21.08548507,20.99662031,20.98974058,21.38129429,21.90745933,22.21667291,21.86758639,21.64265148,21.75382787,22.00957881,21.64205311,21.88373367,22.26016245
North Warwickshire,E07000218,18.6632601,18.58910861,18.58674217,18.62724915,19.08460371,19.2300087,19.82621467,19.88675009,20.06072798,20.21030166,20.19154053,20.60872946,20.38370805,20.35496743,20.61115949,20.444685
Nuneaton and Bedworth,E07000219,18.22509133,18.30790576,18.53647599,18.4697666,18.78358819,19.26431487,19.96395052,19.99134315,20.17358577,20.26392277,20.44620553,20.48761952,20.27105313,20.28629266,20.3009306,20.39144185
Rugby,E07000220,18.97735564,19.05863332,19.20766971,19.62615202,19.96210255,20.31527945,20.78049111,21.09818313,21.43239489,21.44864401,21.55003078,21.57564609,21.66148779,21.59893968,21.52790385,21.48749886
Stratford-on-Avon,E07000221,19.67319291,20.07923593,20.20903132,20.38465621,20.23328298,20.56706043,20.97814523,21.57067937,22.06836979,22.34375001,22.48698575,22.2870282,22.18890932,22.02051721,22.06419384,22.10905457
Warwick,E07000222,19.89728808,20.09570879,20.36613399,20.64718436,20.86511132,21.11189178,21.28817364,21.68463156,22.15743102,22.30662294,22.33428268,22.21755365,22.22210872,22.16117237,22.33023724,22.19733913
Adur,E07000223,20.247974,20.32518493,20.20787516,20.32639977,20.09899556,20.03432802,20.26454316,20.71724817,21.00920136,20.91492209,21.02234369,21.26945267,21.36107905,21.41504723,21.19324827,21.50541491
Arun,E07000224,20.05663949,20.41904302,20.50390032,20.5055636,20.65958819,21.0481028,21.26545652,21.29249566,21.5286806,21.52667205,21.8801318,21.88074178,21.75485703,21.52666016,21.48047324,21.54783044
Chichester,E07000225,20.26713294,20.39650658,20.79145245,20.75195273,20.90298564,20.87952054,21.21696455,21.63568852,21.74587484,22.1560392,22.21566989,22.64190851,22.28221467,22.33447959,22.05108966,22.30454037
Crawley,E07000226,19.36327493,19.76520126,19.82813048,20.0471337,20.57662669,20.74880554,20.88130171,20.61027922,21.16084763,21.22174821,21.06745302,21.20413375,21.79152135,21.96049155,21.61053571,21.61666837
Horsham,E07000227,20.50331366,20.63613899,21.02730706,21.30449145,21.42958862,21.45035659,21.36427316,21.66216625,22.07627335,22.26218607,22.30679261,22.42386714,22.33844113,22.40635119,22.33646126,22.67511338
Mid Sussex,E07000228,19.62774686,19.92536436,20.12703463,20.53174425,20.73718268,20.81395321,20.90955058,20.91992195,21.30913332,21.54551451,21.79128843,22.15424826,22.22822787,22.35886549,22.16842062,22.18140868
Worthing,E07000229,19.6595994,19.94746576,19.80639743,19.96553146,19.98119343,20.21702135,20.60051002,20.67184772,21.08138556,21.16808127,21.36798446,21.2696056,21.08215256,20.99047441,20.90161205,21.03031607
Bromsgrove,E07000234,18.89580631,19.11554637,19.42022017,19.69365503,20.01799928,20.02298684,20.15728712,20.35288778,20.63338461,20.86455495,20.82417527,21.0252312,21.02908248,21.35781588,21.31342085,21.51152654
Malvern Hills,E07000235,19.70486216,19.73045711,19.87945297,20.23846919,20.62280123,20.8987967,20.93903165,20.73715931,20.93479568,20.98818055,21.1508438,21.26175049,21.15151549,21.23852826,21.02501662,21.36674275
Redditch,E07000236,19.29364441,19.49564433,19.62002334,19.95709234,19.9109711,20.03106286,20.494654,20.70512061,20.87906465,20.60352425,20.74905785,21.14628953,21.59140783,21.43075355,21.27398659,21.14407135
Worcester,E07000237,19.51061882,19.39117496,19.4689299,19.55151901,19.95770552,20.11135816,20.4816943,20.94126354,21.42442319,21.23103959,21.20670133,21.21999995,21.57035172,21.83223478,21.50934058,20.99368438
Wychavon,E07000238,20.20162871,20.47428259,20.31801479,20.85107027,21.11156628,21.27916969,21.50215669,21.62355073,22.06787003,22.03622074,22.11595059,22.00084321,22.18720502,22.66042607,22.78395358,22.67637561
Wyre Forest,E07000239,19.44918287,19.70175419,19.62551156,19.95611454,20.16294442,20.68169901,20.73079364,20.712441,20.86958553,21.04598305,21.10069207,21.11304593,20.94510592,21.14827859,21.06919193,21.20417695
St Albans,E07000240,20.10681328,19.80520168,20.18721424,20.42085338,21.03728489,20.92117659,21.16312633,21.47754742,22.1153064,22.44248641,22.63373222,22.51523258,22.19304742,22.16523233,22.0894495,22.4041449
Welwyn Hatfield,E07000241,20.12611308,20.20947075,20.80544594,20.66304989,20.7021645,20.13080855,20.7087183,20.83915907,21.34190469,21.50507407,21.97400594,21.98609401,21.88470565,21.65489362,21.82101398,21.72986538
East Hertfordshire,E07000242,19.96493371,19.94353029,20.00997858,20.38753494,20.82855793,20.9921551,21.15138716,21.12715651,21.69142758,21.44061906,22.05527908,21.98296101,22.48536694,22.46639147,22.34404942,22.1411863
Stevenage,E07000243,18.77244862,19.33972791,19.70821872,20.26153542,19.78855146,19.98616211,20.38940935,20.88284057,21.0344264,20.7271932,20.59009469,20.40334866,20.16404921,20.19385097,20.01716125,20.69536155
East Suffolk,E07000244,20.19055608,20.32568923,20.46040391,20.74659673,20.88068009,21.05372346,21.22168247,21.29915317,21.4743867,21.44801128,21.59623914,21.84792925,21.93000363,22.02478571,21.85527963,21.77784254
West Suffolk,E07000245,19.5712843,19.77908706,19.95450816,20.51800999,20.94030533,21.30535372,21.38673171,21.24347501,21.64879509,21.7750439,21.93001397,21.88990249,21.73582736,21.77712772,21.87656107,22.18826518
Somerset West and Taunton,E07000246,20.39661502,20.54831083,20.75244233,21.08400184,20.93919129,20.99157356,20.79956304,21.0521394,21.26786442,21.55621214,21.57928483,21.84918569,21.61247444,21.72426022,21.59092601,21.80915149
Bolton,E08000001,18.24658701,18.11397394,18.09699516,18.50015331,18.7451362,19.14824591,19.2059181,19.62457872,19.76294179,20.01294916,19.98843592,20.0261664,19.86024315,19.86195226,19.95334065,20.09584941
Bury,E08000002,18.42649225,18.45629863,18.76651987,18.99049096,19.16923555,19.03007023,19.02691451,19.13732177,19.45139686,19.63191007,19.76311615,20.02491996,19.90066021,19.94029742,19.68032196,20.13005185
Manchester,E08000003,17.69423342,17.70302836,18.06517865,18.22955562,18.32127269,18.03189079,18.15691762,18.20074888,18.64325459,18.68269217,18.85862921,18.76203184,18.79176298,18.72300264,18.65627732,18.84776984
Oldham,E08000004,17.86904916,18.02822918,18.24234324,18.45935157,18.22238137,18.3721983,18.57089575,19.15477261,19.47292886,19.71603276,19.8050429,19.53544542,19.41677277,19.29903657,19.55816637,19.82618172
Rochdale,E08000005,17.92584986,18.08825792,18.0798618,18.46818368,18.77316394,18.95228418,19.15135084,19.21195586,19.60878836,19.691947,19.84343576,19.74883108,19.59097655,19.61005027,19.70565642,19.92437488
Salford,E08000006,17.50548117,17.46575241,17.83992688,18.10198242,18.4450961,18.18902172,18.31834617,18.49924073,19.01880877,19.16159611,19.06400838,19.15197392,19.18192553,19.34389493,19.30787933,19.39190536
Stockport,E08000007,19.3721785,19.67957573,19.84899187,20.24256272,20.39974691,20.53916423,20.57002941,20.66150106,21.07045265,21.17412718,21.02087691,21.00373082,20.96632463,21.20423412,21.21327043,21.29563489
Tameside,E08000008,18.00514827,18.17267516,18.19036889,18.32233979,18.24973063,18.31797405,18.337723,18.71085638,18.95996148,19.13019207,18.94147189,19.09031289,19.17807443,19.36719546,19.33885142,19.19583064
Trafford,E08000009,19.20169607,19.32851613,19.37389781,19.70958656,20.07531809,20.25398103,20.55890606,20.87211914,21.12918394,21.37202776,21.24328575,21.52407702,21.40850823,21.60694219,21.50066139,21.74869812
Wigan,E08000010,17.36962048,17.62089412,17.93089303,18.34849326,18.49207188,18.53832104,18.70128801,18.97613301,19.20945836,19.24605826,19.48364673,19.66220845,19.75633012,19.60245162,19.42695077,19.40374201
Knowsley,E08000011,17.44735227,17.51580511,17.58669311,18.0586815,18.01621733,18.13532442,18.34173965,18.67644541,19.10868327,19.12433605,19.22236448,19.09698246,19.01645835,18.94937469,19.08236519,19.11830631
Liverpool,E08000012,17.15103458,17.28635679,17.56619201,17.83947802,18.18999832,18.22063141,18.4871064,18.59483251,18.90177175,19.02287538,19.0777186,19.35143333,19.37999505,19.45893052,19.32561026,19.3128387
St. Helens,E08000013,17.87715797,18.15622026,18.22037142,18.86893505,18.86390279,19.03848313,18.90984681,19.14597869,19.46360706,19.86935924,20.05714794,20.16344499,19.90591794,19.76294497,19.63864903,19.76713325
Sefton,E08000014,18.66198214,18.95985286,19.13926652,19.61571548,19.59517011,19.81898043,19.85317945,20.2762685,20.80787536,20.98383201,20.95729592,20.75748027,20.74943467,20.91778103,21.09400068,21.16074316
Wirral,E08000015,18.94326741,19.10538724,19.26796917,19.62388204,19.72795356,19.69373289,19.64903752,19.71495308,20.05508497,20.16817581,20.32137192,20.37895165,20.3439801,20.36203592,20.41398896,20.55479258
Barnsley,E08000016,18.07023479,18.09983391,18.12201702,18.33864507,18.49261832,18.84971381,19.00096967,19.20142125,19.3645861,19.7700514,19.82914023,19.93692344,19.74721509,20.07327594,20.15507999,20.12742667
Doncaster,E08000017,18.48240276,18.57512443,18.70213671,18.9453159,19.17766381,19.4353865,19.58453229,19.87117763,20.2114038,20.17729172,20.14923454,19.97910365,20.03561207,19.96554257,20.10204722,20.09273699
Rotherham,E08000018,18.24122366,18.3115261,18.51500605,18.96973836,19.21487124,19.36529222,19.41311217,19.60363934,19.98752416,20.11299232,20.09103974,20.03018631,19.94944475,19.92068941,20.00655988,20.1962539
Sheffield,E08000019,18.91036704,19.08783994,19.17907666,19.53750966,19.57582824,19.7866064,19.88433154,20.12416651,20.36870158,20.4383801,20.39359313,20.53014156,20.57186157,20.73336977,20.57945536,20.57724591
Newcastle upon Tyne,E08000021,18.21854613,18.32152097,18.51728021,18.72327254,18.8358684,19.00656604,19.17740964,19.30981782,19.70815053,19.84692191,20.14358553,20.05390105,19.81540951,19.64135345,19.60684523,19.89481606
North Tyneside,E08000022,18.17096262,18.46379457,18.94604481,19.22747454,19.37904602,19.2502679,19.54611202,19.65275167,20.14822136,20.30708454,20.4623067,20.41483872,20.20241942,20.42537328,20.19000659,20.32196443
South Tyneside,E08000023,18.38429573,18.10586801,18.17184762,18.51815459,18.85118397,18.90873483,19.03766896,19.42614174,19.80445165,19.71366194,19.81178348,20.04129035,20.10283444,19.90699228,19.83536759,19.85407027
Sunderland,E08000024,17.73881501,17.82356995,18.03564397,18.30761001,18.51223683,18.60032475,18.78426304,18.89465227,19.28498143,19.19064813,19.21362377,19.16265728,19.35534169,19.4854517,19.58917271,19.70417192
Birmingham,E08000025,18.82428255,18.95452843,19.06878265,19.44403922,19.58925096,19.725951,19.9763004,20.19798327,20.46600012,20.4702975,20.51571052,20.62486474,20.65399292,20.79887359,20.67089543,20.71315438
Coventry,E08000026,19.199238,19.28298258,19.39707383,19.64330401,19.74957881,19.88603123,20.06279072,20.2866004,20.54451147,20.65759906,20.71530593,20.74878914,20.57176041,20.57274016,20.56047495,20.62784296
Dudley,E08000027,18.85456952,18.91945385,19.16701665,19.59995281,19.79828696,19.93547188,20.19301496,20.43980684,20.74741462,20.93930711,20.97579851,21.04746337,20.87786013,21.15427594,21.15202086,21.12977114
Sandwell,E08000028,17.94566287,18.13984901,18.36744334,18.63935508,18.66936294,18.77948566,19.23759982,19.55862317,19.9951205,20.11792532,20.07278634,20.09001685,19.87364656,20.02805735,19.92149836,20.02013631
Solihull,E08000029,19.89277831,20.11515869,20.50585592,20.99596436,21.32219378,21.36387881,21.57659889,21.6266444,22.12496319,22.08365696,22.16252375,21.90592585,21.93853009,22.17009204,22.31728481,22.3841872
Walsall,E08000030,18.8482491,19.12173912,19.37441053,19.51011097,19.6642167,19.56122456,20.03917547,20.23105186,20.61210172,20.67632535,20.85722991,20.84780647,20.67721007,20.55485523,20.43499897,20.56612942
Wolverhampton,E08000031,19.11573095,19.06495177,18.93024538,19.14308548,19.29950098,19.57772938,19.83337958,19.84414554,20.0716093,20.19557063,20.34228796,20.36283318,20.20536598,20.22719378,20.05870783,19.91861726
Bradford,E08000032,18.58693512,18.67552307,18.86748504,18.93730873,18.93965265,19.02727984,19.27455414,19.56489616,19.89280177,20.03600383,19.9524104,19.96618991,19.96089767,20.12244766,20.1502196,20.24021594
Calderdale,E08000033,18.76250269,19.06438387,19.24766972,19.65677913,19.67696813,19.87548898,19.79594393,20.05754568,20.35748567,20.55205049,20.70716659,20.84001764,20.84575739,20.71264115,20.56287811,20.5808133
Kirklees,E08000034,18.46085474,18.66491952,18.76137712,19.16653244,19.14224854,19.2987557,19.54784632,19.8703501,20.2621932,20.22012981,20.45964796,20.43431801,20.54529257,20.55049379,20.59461626,20.63696758
Leeds,E08000035,19.2783306,19.44033221,19.63695413,19.92153689,19.97997334,19.95052557,19.93286311,20.05308119,20.17438246,20.18445576,20.11106945,20.26721978,20.25582773,20.38207957,20.33226796,20.27912551
Wakefield,E08000036,18.35436901,18.55711308,18.7034711,18.9725887,19.10611166,19.19376051,19.43426898,19.53991117,19.83625799,19.79527182,19.99992343,20.25171342,20.33189169,20.35628924,20.1781143,20.13819604
Gateshead,E08000037,18.04065981,18.16617856,18.11845588,18.49467009,18.92465021,19.25941129,19.48626766,19.47213911,19.62586783,19.44793685,19.50067964,19.63043482,19.70972596,19.79980126,19.75703697,20.02189589
Barking and Dagenham,E09000002,18.30021848,18.24259288,18.30676021,18.72795789,19.0523009,19.14922322,19.24071368,19.29132192,19.82771513,20.01760959,20.22819216,20.2007613,20.22823074,20.46227348,20.52146362,20.60665432
Barnet,E09000003,20.10731141,20.41907476,20.63070457,20.83439932,21.14055546,21.4411673,21.72061444,21.68090345,21.90864251,22.14291965,22.40499574,22.53401628,22.52460552,22.65013058,22.66273497,22.84330975
Bexley,E09000004,19.16954519,19.35868513,19.69367864,20.40843838,20.73903388,20.80605056,20.96994213,21.07120065,21.36377039,21.49999016,21.51848325,21.69138221,21.54536902,21.68413778,21.71324904,21.79970675
Brent,E09000005,20.29285684,20.54889061,20.80694823,21.35437351,21.81010617,21.9618316,21.99623381,21.77799434,22.17200361,22.05203202,22.23968394,22.26339273,22.47882582,22.64900862,22.51042545,22.74228888
Bromley,E09000006,20.06952309,20.31175324,20.56478132,21.05189672,21.14134461,21.13067427,21.28189443,21.47657855,21.75137502,21.70446136,22.02415091,22.0486922,22.33325633,22.24517988,22.40899814,22.25928257
Camden,E09000007,19.80557822,19.72753603,19.97878206,20.23247052,20.60973795,21.01777242,21.70120015,22.44530261,22.79444824,23.1470467,23.43228072,23.99214624,23.90020426,24.43261244,24.12469333,24.64234255
Croydon,E09000008,19.11807633,19.2364379,19.57793528,19.83301104,20.26906641,20.29065047,20.59737585,20.57306322,20.90167353,21.08441928,21.28946171,21.41165833,21.27286175,21.36445003,21.42376128,21.63626868
Ealing,E09000009,19.69373798,19.92470159,20.09053866,20.47204886,20.82227694,20.83635943,20.69264234,20.84744851,21.19982889,21.43183355,21.48011838,21.51934072,21.59344623,21.80810688,22.14841898,22.31625242
Enfield,E09000010,19.45018057,19.6006159,19.89675382,20.2047779,20.52339936,20.60529982,20.81785068,20.88562593,21.47363302,21.576753,21.8501097,21.75578717,21.79218312,21.9634626,21.98983888,22.31606869
Greenwich,E09000011,18.86221325,18.91715476,18.99698481,19.59045237,19.80918683,19.82445188,19.76938914,19.7895553,20.26393216,20.34165276,20.74338616,20.50527187,20.65656065,20.45769391,20.71684798,20.87355958
Hackney,E09000012,19.66437751,19.77388094,20.0175381,20.00490797,20.28544509,20.44732679,20.53936195,20.3763984,20.31766117,20.60110431,20.91735029,21.1351906,21.00073202,21.04218622,21.18729839,21.6056905
Hammersmith and Fulham,E09000013,20.46737472,20.70756868,20.7640947,21.18583974,21.33582969,21.34829431,21.35643128,21.18386823,21.35391446,21.37070593,21.40421948,21.75737981,21.6500792,22.00477375,21.96869583,22.15748506
Haringey,E09000014,19.00709358,19.27439701,19.923001,20.60656676,21.03605391,21.26034227,21.70476163,21.79543154,21.75289082,21.67733642,22.20037229,22.38819082,22.35598318,22.33151092,22.51462941,22.77608196
Harrow,E09000015,20.94532173,20.89098841,20.73894628,21.19617421,21.46662824,21.85698927,22.04515667,22.36743476,22.75274,22.9478387,23.03793732,23.08964661,23.14356683,23.17210026,23.25872531,23.43591425
Havering,E09000016,19.0230889,19.19641734,19.30228152,19.84630255,19.97435673,20.45994216,20.76671355,21.03804493,21.42498075,21.4753415,21.49974909,21.4189481,21.62222905,21.65118125,21.57381447,21.55850874
Hillingdon,E09000017,19.46635983,19.57023009,19.83092841,20.44958989,20.79010172,20.97910334,20.9301875,21.16310225,21.34819198,21.31864592,21.49408198,21.50694167,21.36913176,21.46259495,21.55954469,21.70594888
Hounslow,E09000018,18.73149295,18.71610257,18.97724098,19.23908638,19.65570816,19.90645545,20.36164329,20.73291122,21.07710674,21.25461888,21.29438448,21.58338198,21.68353628,21.8584592,21.54414629,21.52593793
Islington,E09000019,18.72530598,18.65112167,18.72833897,19.13017423,19.45258721,19.63845594,19.63088891,19.99465118,20.42913696,20.88618323,20.97683575,21.22698301,21.15000128,21.29717553,21.02591724,21.20146679
Kensington and Chelsea,E09000020,22.16532326,22.6377625,22.68197083,23.03317718,22.89509675,23.28671983,23.2337793,23.53042892,23.3103283,22.8932553,23.17386351,23.49682098,23.64910543,23.55631951,23.8343803,24.50402641
Kingston upon Thames,E09000021,19.31828956,19.5036214,20.0063559,20.62217611,20.6316073,20.72806752,20.9905566,21.3898285,21.69872481,21.82637748,21.64132456,21.99040434,21.93545418,22.54956593,22.33400435,22.45157895
Lambeth,E09000022,18.85486272,18.84121164,18.81136049,19.11363052,19.55694383,19.75230362,19.93604567,20.04337205,20.71603449,21.00021134,21.28337145,21.2898152,21.31366933,21.33303229,21.35645401,21.52693137
Lewisham,E09000023,18.17024084,18.40231182,18.44931954,18.96631382,19.32355219,19.51261618,19.94704729,20.16669516,20.58675611,20.71709839,20.85180986,21.01633363,20.89028253,21.01521139,21.38973229,21.49390925
Merton,E09000024,20.08862874,20.3327906,20.5303562,20.57188895,20.53058907,20.5355053,20.73184524,21.24813433,21.72031434,21.78749228,21.5788915,21.5078108,21.56449529,21.66194631,21.72353606,21.85652577
Newham,E09000025,18.36090804,18.35434087,18.1939341,18.42296576,18.61527666,19.22767307,19.451006,19.87520723,20.31922158,20.65817446,20.6347268,20.78148122,20.52693184,21.06421818,20.95415161,21.25912953
Redbridge,E09000026,19.53508824,19.62207289,19.67893503,20.07691123,20.35036625,20.61646542,20.81001623,20.95654503,21.26437393,21.49715714,21.54603234,21.82844701,21.6560839,21.74924827,21.82109006,22.15743824
Richmond upon Thames,E09000027,19.90010419,20.24861448,20.64147879,20.99768161,21.38307956,21.74373201,22.44592277,22.67217128,22.93931263,22.92927079,22.81612842,22.95984801,22.86356243,23.18534128,23.11544,23.58574548
Southwark,E09000028,19.19268811,19.25993476,19.44668279,19.94863091,20.23173213,20.48499902,20.60665775,20.603115,20.81192767,21.05110397,21.60071947,21.45013814,21.35017455,21.32526596,22.07972426,22.22270124
Sutton,E09000029,19.01864283,19.26295908,19.77644791,20.27577237,20.44911267,20.31371266,20.53267738,20.78890511,21.38152644,21.39265837,21.42594233,20.98350349,21.29313299,21.27432761,21.8095387,21.56426351
Tower Hamlets,E09000030,18.04425389,18.34968667,18.62011983,18.94356209,18.82990306,18.68164522,18.88822421,19.27986676,19.88386347,19.97569247,20.41781927,20.3268443,20.37786604,20.44565119,20.92906324,21.14921022
Waltham Forest,E09000031,18.63258128,18.95442239,19.22056857,19.53685287,19.66070296,19.95375834,20.12603981,20.48307652,20.93585551,21.24756473,21.48982391,21.61799629,21.53665396,21.64658059,21.75316446,22.26434463
Wandsworth,E09000032,18.99444191,19.0904241,19.3259422,19.54928111,19.80268602,19.89255091,20.21714718,20.45161029,20.8584454,20.85051546,21.05734453,21.29541273,21.242262,21.34643752,21.32511678,21.68393319
Westminster,E09000033,20.94554249,21.0595203,20.97009629,21.69830509,21.85849482,22.33256702,22.52713053,22.50160207,22.5193502,22.51110311,23.1864736,23.41803069,23.43070286,23.30481354,23.42317701,23.73322036
Antrim and Newtownabbey,N09000001,18.91954237,18.8187843,19.06320692,19.52712989,19.69011608,19.95019963,20.01416448,20.26043566,20.34912512,20.28941771,20.41256814,20.37544805,20.37299446,20.23931605,20.17157082,20.38767124
"Armagh, Banbridge and Craigavon",N09000002,18.97640728,19.1048407,19.63013537,19.73719777,20.16847513,20.04377701,20.25817707,20.35162807,20.8326906,20.81875518,20.68849059,20.51135467,20.5720351,20.87791385,20.87875608,20.9568488
Belfast,N09000003,18.7812621,18.96840846,19.15010474,19.25442764,19.27154299,19.21876849,19.27291331,19.49630493,19.72710968,19.72991983,19.66870129,19.78901123,19.85954743,19.83021662,19.8589497,19.9206838
Causeway Coast and Glens,N09000004,19.58802934,19.61111763,19.74529423,19.71445755,20.2182367,20.40014529,20.67064905,20.48992654,20.7278981,20.88279291,20.78220638,20.81686474,20.888322,21.5362528,21.35911089,21.31388359
Derry and Strabane,N09000005,17.83803353,18.04050587,18.34488283,18.68734098,18.73280326,18.73246174,18.8029692,19.17244051,19.64157277,19.97301378,20.19527086,20.08155611,20.31456259,20.07778186,20.00632733,19.76863694
Fermanagh and Omagh,N09000006,18.89712165,19.40596343,19.6779555,19.88288119,19.99557142,20.23163281,20.27772199,20.79358926,20.87748217,21.28467648,21.01002971,20.78132801,20.63784761,20.46904546,20.43565191,20.81163565
Lisburn and Castlereagh,N09000007,18.85597853,19.03884913,19.30676238,19.62750073,19.772261,20.07910592,19.98605891,20.39450945,20.44121617,20.86579726,20.72497856,20.89033327,20.9068811,21.09848029,21.30986765,21.41498262
Mid and East Antrim,N09000008,18.99288459,19.33612444,19.40738623,19.73916604,19.54731564,19.7128987,20.03759548,20.32438118,20.71842819,20.69712764,20.70568893,20.84672478,20.78014575,20.94240087,20.73588029,20.70787314
Mid Ulster,N09000009,19.00475781,19.1828711,19.43951354,19.92010234,20.0645887,19.92389699,20.05116519,20.01813563,20.41527016,20.50565366,20.90695445,20.93803465,21.00729086,20.79673885,20.83877551,20.75668638
"Newry, Mourne and Down",N09000010,18.64956869,18.80462937,19.06263587,19.14707687,19.49089354,19.60921583,19.9872983,20.18964448,20.5770388,20.62015912,20.5771872,20.54596403,20.75207496,20.79857306,20.70320145,20.85913968
North Down and Ards,N09000011,19.66956411,19.74590729,20.06257405,20.28914276,20.43874159,20.35957924,20.28778216,20.28623574,20.47331871,20.6509735,20.77035658,20.84537503,20.93304031,20.89045333,20.89480823,20.74964303
Clackmannanshire,S12000005,17.78870742,17.99194736,17.79933488,17.88866631,18.47098925,19.02729754,19.33050436,18.93179354,19.29224185,19.28008643,18.94990593,18.91780392,19.01960852,19.3425194,18.95670188,19.18587109
Dumfries and Galloway,S12000006,18.6983305,18.61900859,18.58228128,18.78156226,18.82158332,19.2423485,19.40169905,19.85248761,19.84822596,19.85408667,19.86703813,19.76932888,19.83924066,20.08798439,20.12341472,20.19447904
East Ayrshire,S12000008,17.07508749,17.21192042,17.10113822,17.62843863,17.65076254,18.05741493,18.22426207,18.62247108,18.89398174,19.0105714,18.75368103,18.72379162,18.41325291,18.54951783,18.67531423,18.81132294
East Lothian,S12000010,18.3286032,18.4886649,18.6443008,19.23766337,19.21488682,19.31071766,19.25439837,19.44448789,19.79164282,19.93575678,20.10187333,20.22953985,20.48463278,20.66091614,20.38272594,20.29771051
East Renfrewshire,S12000011,19.6115207,19.49672876,19.72092959,20.17509642,20.25971131,20.13756668,20.16078226,20.39420475,20.77904129,20.71234355,20.84800639,20.88208367,21.25391565,21.36825072,21.11526364,21.28402884
Na h-Eileanan Siar,S12000013,19.58687067,19.42916967,19.64380949,19.81324168,19.83275092,20.13932876,20.4789601,20.84518975,20.731347,20.13218101,19.99874683,20.46379079,21.13044926,21.19154185,20.9523903,21.02014585
Falkirk,S12000014,17.60256985,17.4958496,17.83879616,17.93250833,18.09204409,17.95865459,18.22768542,18.67669204,19.18046663,19.25054498,19.2756082,19.31364175,19.44920777,19.40752002,19.22172966,19.15954384
Highland,S12000017,18.7728368,18.99223855,19.30289152,19.45630863,19.38886981,19.34262275,19.6329019,19.93533103,20.059506,20.30489678,20.67994395,21.04451316,20.79064935,20.95616868,20.76514198,20.87616468
Inverclyde,S12000018,17.60324684,17.71849382,17.85251417,18.09191975,18.22184688,18.48520809,18.64939324,18.86103969,18.99780491,19.01427679,19.26385594,19.33487224,19.38710778,19.39686153,19.30759331,19.05384685
Midlothian,S12000019,17.58398187,17.82061134,18.01182933,18.11380239,18.16360469,18.73072396,19.07741346,19.18836619,19.30491818,19.38083422,19.68405051,19.72068495,19.67121366,19.76723238,19.77932597,20.03321003
Moray,S12000020,18.8342386,18.7125656,18.74843117,18.70567455,18.92908601,19.12265043,19.70954555,19.91972108,19.97676495,19.68391781,19.94502997,20.24989467,20.3641341,20.42065566,20.2148331,20.2448846
North Ayrshire,S12000021,18.04759532,18.09284554,18.27952765,18.39794713,18.47670002,18.39680371,18.45077462,18.68063431,19.02018045,19.27431052,19.40924537,19.49982538,19.23975619,19.48876242,19.3370228,19.49517369
Orkney Islands,S12000023,18.9017112,19.07311759,19.82687939,19.76475103,19.53470691,19.38655865,19.45025294,19.93364883,19.88832596,20.03720697,20.22683669,20.82781731,21.20100572,21.13130812,20.1205411,20.5399143
Scottish Borders ,S12000026,18.57055774,18.5696804,18.79911155,19.1208127,19.31838201,19.45390793,19.6958665,19.83712014,20.14896666,20.20982482,20.55693324,20.52974294,20.52267202,20.44045527,20.55832543,20.51848143
Shetland Islands,S12000027,19.35910596,19.20016929,20.42958719,20.42661289,20.81729528,20.26607073,20.547786,20.13782784,19.55868735,20.16050026,20.8863338,21.19870536,20.34969668,20.07534885,20.31638346,20.86130516
South Ayrshire,S12000028,18.34585664,18.48373819,18.76856875,18.9804132,19.12207358,19.33192918,19.42387286,19.5386278,19.58145628,19.61722323,19.66422484,19.62826543,19.75767375,19.92928996,20.13712116,20.27756041
South Lanarkshire,S12000029,17.61677763,17.78667733,17.94706146,18.13031888,18.3287619,18.48211804,18.60217146,18.73103032,18.94419198,18.9746643,19.04172278,19.07449137,19.05114363,19.15275027,19.11868422,19.24182902
Stirling,S12000030,18.37953686,18.68883515,18.66744054,18.87166371,18.94074051,19.33054598,19.61462902,19.93170716,20.12033912,20.311676,20.33453501,20.18149939,20.07005547,20.13278619,20.7196061,21.016585
Aberdeen City,S12000033,18.71855152,18.80354861,18.845839,19.10510166,18.95349376,18.91383448,18.96970902,19.21281295,19.63282782,19.65317418,19.76455138,19.59089724,19.6141183,19.70318057,19.78073076,19.89780585
Aberdeenshire,S12000034,19.24767321,19.15917464,19.39237341,19.39920206,19.55276278,19.44916719,19.61548828,19.75300389,20.00267223,19.99825345,20.07711756,20.12593856,20.18614511,20.29948303,20.37981498,20.67831173
Argyll and Bute,S12000035,18.68892948,18.70701957,19.04083672,19.26261282,19.28223157,19.28505531,19.48075285,19.63641114,20.06726573,20.06038514,20.24253974,20.34950122,20.47682698,20.62400902,20.65762962,20.45490072
City of Edinburgh,S12000036,19.12266032,19.20087226,19.25639951,19.52940577,19.69550682,19.82586895,19.82236199,19.93925767,20.0472047,20.16035462,20.20815506,20.47533275,20.47425731,20.51461139,20.49576221,20.53853301
Renfrewshire,S12000038,17.46234579,17.49351284,17.56502653,17.59530697,17.8972387,17.9305341,18.32828815,18.42563641,18.88259998,18.854174,19.03118039,19.15511836,19.2055233,19.05722161,18.90136846,19.13721754
West Dunbartonshire,S12000039,17.22387495,17.60982303,17.57460534,17.79616484,17.56539681,17.69124566,17.78862962,18.01492603,18.47874974,18.26252996,18.32290375,18.19578029,18.35968493,18.45979659,18.5186774,18.40610005
West Lothian,S12000040,16.73289337,16.96604325,17.2750317,17.56212766,17.64063939,17.9239732,18.35906471,18.4486144,18.62872715,18.56398379,18.76712682,18.95499481,19.26006229,19.25931243,19.28728587,19.20772268
Angus,S12000041,18.38872231,18.43762317,18.59395894,19.06131205,19.38706606,19.48045528,19.62341768,19.6560004,19.93900531,20.00282795,20.17320066,20.21250429,20.46467245,20.51761468,20.58750214,20.51264852
Dundee City,S12000042,18.0979026,18.20138946,18.24869221,18.67642226,19.04612203,18.98198615,19.00843652,18.76306281,19.03143376,18.91937619,19.07349113,19.33882784,19.30097839,19.30329596,19.03595488,19.22910389
North Lanarkshire,S12000044,17.10250229,17.06788233,17.24749313,17.53752124,17.75309244,17.74308825,17.80659659,18.00254596,18.20235771,18.21290678,18.27815178,18.47653911,18.50530143,18.58657183,18.51296234,18.54638209
East Dunbartonshire,S12000045,19.03160354,19.15443539,19.699703,19.76603613,19.97688664,19.82402753,20.42158582,20.58258623,21.07480454,21.11583208,21.04227816,21.07090543,21.05330524,21.16427418,21.06695155,21.41110904
Glasgow City,S12000049,16.96961201,17.05097284,17.0673282,17.26023193,17.29093407,17.35392786,17.50105231,17.77315877,18.18692246,18.17800225,18.15351772,18.05028487,18.15570245,18.21528156,18.14193921,18.20344502
Fife,S12000047,18.13551662,18.32430158,18.5855532,18.9506444,19.02112468,18.9371902,18.93737591,19.1513547,19.56076784,19.69349368,19.66261385,19.99543192,19.9635774,19.92590213,19.71374494,19.89000297
Perth and Kinross,S12000048,18.94143387,19.00243905,19.14683559,19.44423374,19.6243843,19.71076023,19.90263511,20.26021792,20.67501923,20.78098605,20.68027019,20.79249543,20.75744062,20.90875946,20.87764307,21.04698195
Isle of Anglesey,W06000001,19.31862,19.60115,19.77005,20.15525,20.20707,20.80812,20.55873,20.64554,20.66078,21.2912,21.38574,21.49542,21.09419,21.22407,21.03617,21.34295
Gwynedd,W06000002,19.49774,19.56496,19.86123,20.10595,20.35013,20.34053,20.4221,20.53043,21.14345,21.20221,21.61639,21.50175,21.56566,21.44885,21.32017,21.3169
Conwy,W06000003,19.43535,19.73727,20.20898,20.57316,20.53187,20.50331,20.67873,20.86641,21.21401,21.16532,21.26431,21.49601,21.37919,21.68859,21.40959,21.59171
Denbighshire,W06000004,19.28323,19.493,19.30806,19.61803,19.75687,19.67132,19.35733,19.34275,19.73578,20.0289,20.0441,19.84784,19.87342,19.78999,19.80652,19.71089
Flintshire,W06000005,19.12732,19.28572,19.0743,19.17424,19.16089,19.64024,19.93883,20.25479,20.56783,20.55095,20.59118,20.60864,20.55821,20.66276,20.66883,20.925
Wrexham,W06000006,18.2859,18.70983,18.96764,19.1188,19.12937,19.28846,19.46023,19.65224,19.94522,20.23844,20.23627,20.13556,19.69459,19.6428,19.64364,19.91295
Ceredigion,W06000008,20.21974,20.28895,20.58095,20.89981,21.22697,21.49686,21.68913,21.6756,21.58985,21.72306,22.00485,22.39522,22.13957,21.94138,21.84745,21.95034
Pembrokeshire,W06000009,19.16864,19.49338,19.30328,19.63462,19.67796,20.0685,20.23449,20.40319,20.83182,20.85859,21.10507,21.25641,21.2934,21.35311,21.18558,21.34343
Carmarthenshire,W06000010,18.49932,18.64038,18.94336,19.28297,19.62857,19.7325,19.85643,19.91519,20.20044,20.30224,20.43454,20.37422,20.27134,20.24405,20.29559,20.29353
Swansea,W06000011,18.83448,19.08086,19.25752,19.51541,19.59157,19.799,19.99477,20.28115,20.48063,20.57647,20.50979,20.57469,20.41747,20.30914,20.34715,20.51403
Neath Port Talbot,W06000012,18.61833,18.66766,18.73762,18.94038,19.26947,19.31999,19.36375,19.34608,19.54774,19.71271,19.81086,19.88543,20.02835,19.94513,19.96143,19.8203
Bridgend,W06000013,17.97238,17.94839,18.3174,18.64451,18.9477,19.17595,19.67532,19.65915,19.80653,19.55964,19.59845,19.7682,19.81649,20.01383,19.83351,19.7307
Vale of Glamorgan,W06000014,19.00378,19.17786,19.36729,19.50754,19.76388,20.19091,20.69692,21.01094,21.23767,21.47243,21.48289,21.46959,21.51668,21.69916,21.60715,21.5722
Cardiff,W06000015,18.65882,18.86799,19.27523,19.82197,19.95511,20.00358,20.02117,20.10406,20.462,20.74583,20.83783,20.75869,20.58648,20.75569,20.7409,20.79824
Rhondda Cynon Taf,W06000016,18.03182,18.05475,18.16858,18.58389,18.5267,18.4668,18.48109,18.90925,19.45379,19.53012,19.41712,19.4415,19.39552,19.52871,19.54562,19.59326
Caerphilly,W06000018,18.00885,18.04515,17.9739,18.48468,18.82482,19.17728,19.23474,19.3175,19.62864,19.56468,19.76145,19.72312,19.73659,19.71153,19.65495,19.76548
Blaenau Gwent,W06000019,17.44631,17.59059,17.57163,18.1803,18.02823,18.21889,18.31411,18.51109,18.78538,18.7014,19.00865,18.95898,19.21522,19.41428,19.36222,19.19925
Torfaen,W06000020,18.72588,18.87007,19.24999,19.37093,19.4614,19.69607,19.56441,19.93246,20.18091,20.11728,19.91996,19.87988,20.27648,20.63374,20.61742,20.34784
Monmouthshire,W06000021,19.5671,19.82116,20.69774,21.00931,21.3141,21.08347,21.29159,21.25911,21.61115,21.64699,22.02167,21.93419,21.88138,21.9318,21.89822,21.93412
Newport,W06000022,19.19244,19.43017,19.27983,19.43053,19.3527,19.6807,19.63046,20.10194,20.24918,20.32512,20.33749,20.26395,20.30209,20.18499,20.07672,20.0785
Powys,W06000023,19.45885,19.6639,19.8676,20.38953,20.71158,20.97301,21.17145,21.25653,21.54652,21.59715,21.71634,21.6286,21.60728,21.7426,21.98931,21.77421
Merthyr Tydfil,W06000024,17.28823,16.95996,17.28506,17.92995,18.52282,18.90694,18.82215,19.12962,19.45595,19.20012,19.19739,19.09266,19.47619,19.44551,19.53998,19.15425
