{
"ons":{
"label":"Population Projections for England and Wales, by local authority",
"source":"Office for National Statistics",
"updated":"2014-10-01",
"area": {
"code":"K04000001",
"label":"England and Wales"
},
"time": {
"label":"1998-2038",
"index":["1998",  "2008",  "2018",  "2028",  "2038"]
},
"concept":{
"label":["population", "% of population"],
"units":["count", "%"],
"max":[        1207,         2.07]
},
"sums":{
"series1":[       27910,        29223,        31067,        34125,        36218],
"series2":[       30491,        31498,        32802,        35449,        37281]
},
"dimension":{
"label":"age",
"index":["0", "1", "2", "3", "4", "5", "6", "7", "8", "9", "10", "11", "12", "13", "14", "15", "16", "17", "18", "19", "20", "21", "22", "23", "24", "25", "26", "27", "28", "29", "30", "31", "32", "33", "34", "35", "36", "37", "38", "39", "40", "41", "42", "43", "44", "45", "46", "47", "48", "49", "50", "51", "52", "53", "54", "55", "56", "57", "58", "59", "60", "61", "62", "63", "64", "65", "66", "67", "68", "69", "70", "71", "72", "73", "74", "75", "76", "77", "78", "79", "80", "81", "82", "83", "84", "85", "86", "87", "88", "89", "90+"]
},
"series":["male", "female"],
"value":[[[[         305,        0.52],[         338,        0.56],[         344,        0.54],[         359,        0.52],[         372,        0.51]],
[[         363,        0.62],[         345,        0.57],[         344,        0.54],[         367,        0.53],[         375,        0.51]],
[[         363,        0.62],[         320,        0.53],[         380,        0.59],[         375,        0.54],[         380,        0.52]],
[[         358,        0.61],[         336,        0.55],[         370,        0.58],[         379,        0.54],[         383,        0.52]],
[[         402,        0.69],[         308,        0.51],[         432,        0.68],[         385,        0.55],[         386,        0.53]],
[[         324,        0.55],[         332,        0.55],[         414,        0.65],[         390,        0.56],[         391,        0.53]],
[[         364,        0.62],[         296,        0.49],[         400,        0.63],[         392,        0.56],[         392,        0.53]],
[[         381,        0.65],[         295,        0.49],[         401,        0.63],[         394,        0.57],[         397,        0.54]],
[[         377,        0.65],[         321,        0.53],[         423,        0.66],[         394,        0.57],[         397,        0.54]],
[[         389,        0.67],[         344,        0.57],[         391,        0.61],[         398,        0.57],[         399,        0.54]],
[[         360,        0.62],[         359,        0.59],[         416,        0.65],[         403,        0.58],[         403,        0.55]],
[[         322,        0.55],[         365,         0.6],[         362,        0.57],[         406,        0.58],[         412,        0.56]],
[[         330,        0.57],[         372,        0.61],[         346,        0.54],[         418,         0.6],[         418,        0.57]],
[[         327,        0.56],[         342,        0.56],[         363,        0.57],[         423,        0.61],[         421,        0.57]],
[[         385,        0.66],[         408,        0.67],[         360,        0.56],[         458,        0.66],[         429,        0.58]],
[[         386,        0.66],[         324,        0.53],[         371,        0.58],[         468,        0.67],[         437,        0.59]],
[[         397,        0.68],[         385,        0.63],[         338,        0.53],[         464,        0.67],[         437,        0.59]],
[[         382,        0.65],[         415,        0.68],[         296,        0.46],[         455,        0.65],[         430,        0.59]],
[[         387,        0.66],[         403,        0.66],[         347,        0.54],[         441,        0.63],[         412,        0.56]],
[[         330,        0.57],[         314,        0.52],[         296,        0.46],[         343,        0.49],[         345,        0.47]],
[[         177,         0.3],[         324,        0.53],[         297,        0.47],[         310,        0.45],[         306,        0.42]],
[[         175,         0.3],[         286,        0.47],[         285,        0.45],[         293,        0.42],[         306,        0.42]],
[[         213,        0.36],[         314,        0.52],[         309,        0.48],[         297,        0.43],[         327,        0.44]],
[[         266,        0.46],[         325,        0.54],[         289,        0.45],[         297,        0.43],[         336,        0.46]],
[[         329,        0.56],[         303,         0.5],[         351,        0.55],[         297,        0.43],[         356,        0.48]],
[[         305,        0.52],[         289,        0.48],[         256,         0.4],[         303,        0.44],[         371,         0.5]],
[[         360,        0.62],[         317,        0.52],[         308,        0.48],[         293,        0.42],[         378,        0.51]],
[[         334,        0.57],[         317,        0.52],[         319,         0.5],[         292,        0.42],[         375,        0.51]],
[[         332,        0.57],[         295,        0.49],[         308,        0.48],[         319,        0.46],[         381,        0.52]],
[[         377,        0.65],[         314,        0.52],[         304,        0.48],[         335,        0.48],[         370,         0.5]],
[[         375,        0.64],[         299,        0.49],[         349,        0.55],[         351,         0.5],[         385,        0.52]],
[[         368,        0.63],[         314,        0.52],[         296,        0.46],[         363,        0.52],[         376,        0.51]],
[[         373,        0.64],[         315,        0.52],[         345,        0.54],[         390,        0.56],[         377,        0.51]],
[[         387,        0.66],[         334,        0.55],[         364,        0.57],[         378,        0.54],[         371,         0.5]],
[[         391,        0.67],[         331,        0.55],[         328,        0.51],[         401,        0.58],[         368,         0.5]],
[[         440,        0.75],[         362,         0.6],[         326,        0.51],[         393,        0.56],[         373,        0.51]],
[[         381,        0.65],[         401,        0.66],[         373,        0.58],[         413,        0.59],[         367,         0.5]],
[[         364,        0.62],[         427,         0.7],[         363,        0.57],[         440,        0.63],[         378,        0.51]],
[[         365,        0.62],[         410,        0.68],[         375,        0.59],[         433,        0.62],[         394,        0.54]],
[[         366,        0.63],[         428,         0.7],[         368,        0.58],[         398,        0.57],[         413,        0.56]],
[[         364,        0.62],[         451,        0.74],[         357,        0.56],[         424,        0.61],[         426,        0.58]],
[[         336,        0.58],[         449,        0.74],[         422,        0.66],[         398,        0.57],[         436,        0.59]],
[[         362,        0.62],[         468,        0.77],[         378,        0.59],[         432,        0.62],[         455,        0.62]],
[[         354,        0.61],[         468,        0.77],[         418,        0.65],[         429,        0.62],[         442,         0.6]],
[[         348,         0.6],[         456,        0.75],[         406,        0.64],[         405,        0.58],[         471,        0.64]],
[[         364,        0.62],[         472,        0.78],[         414,        0.65],[         432,        0.62],[         463,        0.63]],
[[         333,        0.57],[         398,        0.66],[         477,        0.75],[         449,        0.65],[         475,        0.65]],
[[         353,         0.6],[         427,         0.7],[         507,        0.79],[         437,        0.63],[         494,        0.67]],
[[         372,        0.64],[         394,        0.65],[         441,        0.69],[         435,        0.63],[         485,        0.66]],
[[         381,        0.65],[         394,        0.65],[         470,        0.74],[         429,        0.62],[         454,        0.62]],
[[         448,        0.77],[         397,        0.65],[         453,        0.71],[         403,        0.58],[         467,        0.64]],
[[         470,         0.8],[         380,        0.63],[         498,        0.78],[         429,        0.62],[         442,         0.6]],
[[         402,        0.69],[         353,        0.58],[         454,        0.71],[         400,        0.57],[         462,        0.63]],
[[         385,        0.66],[         357,        0.59],[         510,         0.8],[         429,        0.62],[         458,        0.62]],
[[         379,        0.65],[         375,        0.62],[         472,        0.74],[         437,        0.63],[         431,        0.59]],
[[         376,        0.64],[         378,        0.62],[         473,        0.74],[         435,        0.63],[         447,        0.61]],
[[         345,        0.59],[         354,        0.58],[         381,         0.6],[         479,        0.69],[         457,        0.62]],
[[         286,        0.49],[         356,        0.59],[         442,        0.69],[         478,        0.69],[         449,        0.61]],
[[         341,        0.58],[         360,        0.59],[         383,         0.6],[         447,        0.64],[         441,         0.6]],
[[         315,        0.54],[         403,        0.66],[         367,        0.57],[         471,        0.68],[         436,        0.59]],
[[         294,         0.5],[         445,        0.73],[         362,        0.57],[         464,        0.67],[         412,        0.56]],
[[         331,        0.57],[         454,        0.75],[         388,        0.61],[         501,        0.72],[         426,        0.58]],
[[         312,        0.53],[         390,        0.64],[         351,        0.55],[         467,        0.67],[         408,        0.56]],
[[         298,        0.51],[         387,        0.64],[         353,        0.55],[         506,        0.73],[         433,        0.59]],
[[         279,        0.48],[         385,        0.63],[         343,        0.54],[         475,        0.68],[         441,         0.6]],
[[         294,         0.5],[         371,        0.61],[         371,        0.58],[         469,        0.67],[         445,        0.61]],
[[         313,        0.54],[         325,        0.54],[         311,        0.49],[         400,        0.57],[         482,        0.66]],
[[         294,         0.5],[         270,        0.44],[         377,        0.59],[         428,        0.62],[         487,        0.66]],
[[         268,        0.46],[         309,        0.51],[         332,        0.52],[         391,        0.56],[         458,        0.62]],
[[         281,        0.48],[         275,        0.45],[         373,        0.58],[         382,        0.55],[         478,        0.65]],
[[         295,        0.51],[         260,        0.43],[         401,        0.63],[         369,        0.53],[         463,        0.63]],
[[         292,         0.5],[         302,         0.5],[         413,        0.65],[         364,        0.52],[         491,        0.67]],
[[         290,         0.5],[         269,        0.44],[         336,        0.53],[         339,        0.49],[         465,        0.63]],
[[         279,        0.48],[         266,        0.44],[         356,        0.56],[         335,        0.48],[         484,        0.66]],
[[         277,        0.47],[         223,        0.37],[         327,        0.51],[         339,        0.49],[         457,        0.62]],
[[         255,        0.44],[         238,        0.39],[         336,        0.53],[         340,        0.49],[         444,         0.6]],
[[         250,        0.43],[         231,        0.38],[         263,        0.41],[         305,        0.44],[         388,        0.53]],
[[         275,        0.47],[         243,         0.4],[         214,        0.34],[         322,        0.46],[         392,        0.53]],
[[         247,        0.42],[         194,        0.32],[         268,        0.42],[         293,        0.42],[         353,        0.48]],
[[         152,        0.26],[         205,        0.34],[         209,        0.33],[         313,        0.45],[         330,        0.45]],
[[         127,        0.22],[         191,        0.31],[         219,        0.34],[         331,        0.48],[         316,        0.43]],
[[         150,        0.26],[         193,        0.32],[         208,        0.33],[         332,        0.48],[         301,        0.41]],
[[         123,        0.21],[         156,        0.26],[         188,        0.29],[         265,        0.38],[         273,        0.37]],
[[         113,        0.19],[         160,        0.26],[         180,        0.28],[         258,        0.37],[         261,        0.36]],
[[         102,        0.17],[         138,        0.23],[         132,        0.21],[         233,        0.33],[         255,        0.35]],
[[         495,        0.85],[         126,        0.21],[         126,         0.2],[         218,        0.31],[         238,        0.32]],
[[           .,           .],[         116,        0.19],[         145,        0.23],[         166,        0.24],[         205,        0.28]],
[[           .,           .],[          95,        0.16],[         116,        0.18],[         126,        0.18],[         201,        0.27]],
[[           .,           .],[          76,        0.13],[          88,        0.14],[         137,         0.2],[         173,        0.24]],
[[           .,           .],[          64,        0.11],[          86,        0.13],[         102,        0.15],[         172,        0.23]],
[[           .,           .],[         149,        0.25],[         265,        0.41],[         373,        0.54],[         664,         0.9]]],
[[[         292,         0.5],[         343,        0.56],[         301,        0.47],[         346,         0.5],[         358,        0.49]],
[[         278,        0.48],[         312,        0.51],[         344,        0.54],[         357,        0.51],[         365,         0.5]],
[[         337,        0.58],[         315,        0.52],[         346,        0.54],[         364,        0.52],[         369,         0.5]],
[[         335,        0.57],[         294,        0.48],[         375,        0.59],[         371,        0.53],[         374,        0.51]],
[[         330,        0.57],[         291,        0.48],[         365,        0.57],[         375,        0.54],[         377,        0.51]],
[[         334,        0.57],[         290,        0.48],[         380,        0.59],[         379,        0.54],[         380,        0.52]],
[[         350,         0.6],[         296,        0.49],[         434,        0.68],[         379,        0.54],[         379,        0.52]],
[[         355,        0.61],[         258,        0.42],[         384,         0.6],[         379,        0.54],[         381,        0.52]],
[[         368,        0.63],[         334,        0.55],[         362,        0.57],[         382,        0.55],[         384,        0.52]],
[[         368,        0.63],[         318,        0.52],[         367,        0.57],[         385,        0.55],[         386,        0.53]],
[[         374,        0.64],[         280,        0.46],[         369,        0.58],[         386,        0.55],[         386,        0.53]],
[[         324,        0.55],[         301,         0.5],[         329,        0.52],[         380,        0.55],[         386,        0.53]],
[[         307,        0.53],[         352,        0.58],[         341,        0.53],[         371,        0.53],[         382,        0.52]],
[[         313,        0.54],[         375,        0.62],[         313,        0.49],[         397,        0.57],[         385,        0.52]],
[[         292,         0.5],[         341,        0.56],[         295,        0.46],[         379,        0.54],[         391,        0.53]],
[[         313,        0.54],[         371,        0.61],[         285,        0.45],[         395,        0.57],[         392,        0.53]],
[[         321,        0.55],[         397,        0.65],[         327,        0.51],[         444,        0.64],[         392,        0.53]],
[[         322,        0.55],[         378,        0.62],[         290,        0.45],[         401,        0.58],[         391,        0.53]],
[[         288,        0.49],[         368,        0.61],[         329,        0.52],[         379,        0.54],[         369,         0.5]],
[[         228,        0.39],[         305,         0.5],[         264,        0.41],[         274,        0.39],[         280,        0.38]],
[[         154,        0.26],[         300,        0.49],[         219,        0.34],[         248,        0.36],[         250,        0.34]],
[[         198,        0.34],[         269,        0.44],[         217,        0.34],[         243,        0.35],[         262,        0.36]],
[[         246,        0.42],[         280,        0.46],[         262,        0.41],[         264,        0.38],[         284,        0.39]],
[[         294,         0.5],[         281,        0.46],[         290,        0.45],[         254,        0.37],[         300,        0.41]],
[[         301,        0.52],[         293,        0.48],[         288,        0.45],[         258,        0.37],[         300,        0.41]],
[[         327,        0.56],[         317,        0.52],[         292,        0.46],[         262,        0.38],[         323,        0.44]],
[[         377,        0.65],[         289,        0.48],[         289,        0.45],[         278,         0.4],[         357,        0.49]],
[[         359,        0.61],[         320,        0.53],[         310,        0.49],[         279,         0.4],[         344,        0.47]],
[[         334,        0.57],[         325,        0.54],[         281,        0.44],[         305,        0.44],[         354,        0.48]],
[[         371,        0.64],[         319,        0.53],[         322,         0.5],[         313,        0.45],[         348,        0.47]],
[[         370,        0.63],[         328,        0.54],[         358,        0.56],[         330,        0.47],[         364,         0.5]],
[[         423,        0.72],[         328,        0.54],[         335,        0.52],[         360,        0.52],[         364,         0.5]],
[[         417,        0.71],[         372,        0.61],[         379,        0.59],[         363,        0.52],[         370,         0.5]],
[[         383,        0.66],[         357,        0.59],[         360,        0.56],[         376,        0.54],[         363,        0.49]],
[[         371,        0.64],[         366,         0.6],[         344,        0.54],[         387,        0.56],[         366,         0.5]],
[[         404,        0.69],[         403,        0.66],[         401,        0.63],[         403,        0.58],[         365,         0.5]],
[[         415,        0.71],[         465,        0.77],[         437,        0.68],[         425,        0.61],[         366,         0.5]],
[[         427,        0.73],[         442,        0.73],[         454,        0.71],[         449,        0.65],[         378,        0.51]],
[[         394,        0.67],[         413,        0.68],[         403,        0.63],[         434,        0.62],[         399,        0.54]],
[[         367,        0.63],[         451,        0.74],[         452,        0.71],[         448,        0.64],[         418,        0.57]],
[[         397,        0.68],[         439,        0.72],[         429,        0.67],[         461,        0.66],[         435,        0.59]],
[[         372,        0.64],[         502,        0.83],[         404,        0.63],[         457,        0.66],[         457,        0.62]],
[[         346,        0.59],[         480,        0.79],[         399,        0.62],[         458,        0.66],[         447,        0.61]],
[[         366,        0.63],[         442,        0.73],[         445,         0.7],[         461,        0.66],[         453,        0.62]],
[[         363,        0.62],[         412,        0.68],[         456,        0.71],[         442,        0.64],[         465,        0.63]],
[[         344,        0.59],[         425,         0.7],[         454,        0.71],[         474,        0.68],[         466,        0.63]],
[[         363,        0.62],[         469,        0.77],[         521,        0.82],[         480,        0.69],[         485,        0.66]],
[[         380,        0.65],[         426,         0.7],[         484,        0.76],[         488,         0.7],[         499,        0.68]],
[[         385,        0.66],[         407,        0.67],[         454,        0.71],[         481,        0.69],[         477,        0.65]],
[[         391,        0.67],[         387,        0.64],[         454,        0.71],[         490,         0.7],[         476,        0.65]],
[[         467,         0.8],[         415,        0.68],[         471,        0.74],[         444,        0.64],[         477,        0.65]],
[[         525,         0.9],[         401,        0.66],[         512,         0.8],[         431,        0.62],[         469,        0.64]],
[[         422,        0.72],[         388,        0.64],[         460,        0.72],[         427,        0.61],[         472,        0.64]],
[[         413,        0.71],[         396,        0.65],[         445,         0.7],[         452,        0.65],[         472,        0.64]],
[[         420,        0.72],[         341,        0.56],[         468,        0.73],[         457,        0.66],[         452,        0.61]],
[[         376,        0.64],[         355,        0.58],[         453,        0.71],[         480,        0.69],[         482,        0.66]],
[[         344,        0.59],[         408,        0.67],[         446,         0.7],[         521,        0.75],[         491,        0.67]],
[[         309,        0.53],[         375,        0.62],[         426,        0.67],[         489,         0.7],[         502,        0.68]],
[[         341,        0.58],[         406,        0.67],[         431,        0.67],[         477,        0.69],[         504,        0.69]],
[[         363,        0.62],[         439,        0.72],[         397,        0.62],[         501,        0.72],[         505,        0.69]],
[[         366,        0.63],[         474,        0.78],[         421,        0.66],[         495,        0.71],[         464,        0.63]],
[[         335,        0.57],[         581,        0.96],[         419,        0.66],[         532,        0.76],[         453,        0.62]],
[[         350,         0.6],[         418,        0.69],[         378,        0.59],[         505,        0.73],[         455,        0.62]],
[[         319,        0.55],[         429,        0.71],[         397,        0.62],[         500,        0.72],[         477,        0.65]],
[[         299,        0.51],[         419,        0.69],[         355,        0.56],[         500,        0.72],[         489,        0.67]],
[[         333,        0.57],[         373,        0.61],[         405,        0.63],[         495,        0.71],[         519,        0.71]],
[[         351,         0.6],[         339,        0.56],[         395,        0.62],[         502,        0.72],[         553,        0.75]],
[[         374,        0.64],[         310,        0.51],[         388,        0.61],[         464,        0.67],[         527,        0.72]],
[[         356,        0.61],[         340,        0.56],[         415,        0.65],[         457,        0.66],[         509,        0.69]],
[[         396,        0.68],[         375,        0.62],[         474,        0.74],[         426,        0.61],[         523,        0.71]],
[[         373,        0.64],[         359,        0.59],[         485,        0.76],[         440,        0.63],[         521,        0.71]],
[[         365,        0.62],[         319,        0.53],[         547,        0.86],[         411,        0.59],[         545,        0.74]],
[[         353,         0.6],[         334,        0.55],[         377,        0.59],[         388,        0.56],[         518,         0.7]],
[[         329,        0.56],[         334,        0.55],[         354,        0.55],[         395,        0.57],[         509,        0.69]],
[[         351,         0.6],[         300,        0.49],[         373,        0.58],[         359,        0.52],[         502,        0.68]],
[[         355,        0.61],[         317,        0.52],[         366,        0.57],[         379,        0.54],[         485,        0.66]],
[[         367,        0.63],[         324,        0.53],[         293,        0.46],[         370,        0.53],[         472,        0.64]],
[[         384,        0.66],[         322,        0.53],[         274,        0.43],[         361,        0.52],[         437,        0.59]],
[[         399,        0.68],[         282,        0.46],[         297,        0.47],[         369,        0.53],[         421,        0.57]],
[[         265,        0.45],[         297,        0.49],[         323,        0.51],[         403,        0.58],[         392,        0.53]],
[[         202,        0.35],[         264,        0.43],[         301,        0.47],[         405,        0.58],[         389,        0.53]],
[[         258,        0.44],[         259,        0.43],[         254,         0.4],[         441,        0.63],[         354,        0.48]],
[[         249,        0.43],[         263,        0.43],[         246,        0.39],[         312,        0.45],[         327,        0.44]],
[[         262,        0.45],[         222,        0.37],[         243,        0.38],[         278,         0.4],[         315,        0.43]],
[[         245,        0.42],[         220,        0.36],[         214,        0.34],[         263,        0.38],[         274,        0.37]],
[[        1207,        2.07],[         189,        0.31],[         198,        0.31],[         244,        0.35],[         272,        0.37]],
[[           .,           .],[         192,        0.32],[         178,        0.28],[         190,        0.27],[         251,        0.34]],
[[           .,           .],[         193,        0.32],[         161,        0.25],[         163,        0.23],[         229,        0.31]],
[[           .,           .],[         166,        0.27],[         156,        0.24],[         162,        0.23],[         217,         0.3]],
[[           .,           .],[         119,         0.2],[         124,        0.19],[         151,        0.22],[         212,        0.29]],
[[           .,           .],[         415,        0.68],[         489,        0.77],[         520,        0.75],[         801,        1.09]]]]}}
