{
"ons":{
"label":"Population Projections for England and Wales, by local authority",
"source":"Office for National Statistics",
"updated":"2014-10-01",
"area": {
"code":"K04000001",
"label":"England and Wales"
},
"time": {
"label":"1998-2038",
"index":["1998",  "2008",  "2018",  "2028",  "2038"]
},
"concept":{
"label":["population", "% of population"],
"units":["count", "%"],
"max":[        1862,         1.57]
},
"sums":{
"series1":[       56240,        59604,        62216,        63674,        65125],
"series2":[       57945,        61566,        64462,        66535,        68545]
},
"dimension":{
"label":"age",
"index":["0", "1", "2", "3", "4", "5", "6", "7", "8", "9", "10", "11", "12", "13", "14", "15", "16", "17", "18", "19", "20", "21", "22", "23", "24", "25", "26", "27", "28", "29", "30", "31", "32", "33", "34", "35", "36", "37", "38", "39", "40", "41", "42", "43", "44", "45", "46", "47", "48", "49", "50", "51", "52", "53", "54", "55", "56", "57", "58", "59", "60", "61", "62", "63", "64", "65", "66", "67", "68", "69", "70", "71", "72", "73", "74", "75", "76", "77", "78", "79", "80", "81", "82", "83", "84", "85", "86", "87", "88", "89", "90+"]
},
"series":["male", "female"],
"value":[[[[         623,        0.55],[         647,        0.53],[         600,        0.47],[         621,        0.48],[         623,        0.47]],
[[         657,        0.58],[         643,        0.53],[         656,        0.52],[         626,        0.48],[         622,        0.47]],
[[         647,        0.57],[         659,        0.54],[         655,        0.52],[         638,        0.49],[         630,        0.47]],
[[         670,        0.59],[         696,        0.57],[         636,         0.5],[         650,         0.5],[         639,        0.48]],
[[         716,        0.63],[         658,        0.54],[         680,        0.54],[         651,         0.5],[         639,        0.48]],
[[         689,         0.6],[         626,        0.52],[         751,        0.59],[         662,        0.51],[         648,        0.48]],
[[         737,        0.65],[         643,        0.53],[         722,        0.57],[         667,        0.51],[         655,        0.49]],
[[         750,        0.66],[         672,        0.55],[         708,        0.56],[         670,        0.51],[         661,        0.49]],
[[         728,        0.64],[         722,         0.6],[         785,        0.62],[         671,        0.52],[         665,         0.5]],
[[         686,         0.6],[         682,        0.56],[         655,        0.52],[         673,        0.52],[         671,         0.5]],
[[         734,        0.64],[         713,        0.59],[         684,        0.54],[         683,        0.52],[         678,        0.51]],
[[         692,        0.61],[         733,         0.6],[         655,        0.52],[         672,        0.52],[         683,        0.51]],
[[         715,        0.63],[         761,        0.63],[         688,        0.54],[         686,        0.53],[         683,        0.51]],
[[         705,        0.62],[         778,        0.64],[         729,        0.58],[         687,        0.53],[         686,        0.51]],
[[         683,         0.6],[         804,        0.66],[         659,        0.52],[         703,        0.54],[         693,        0.52]],
[[         694,        0.61],[         800,        0.66],[         675,        0.53],[         751,        0.58],[         695,        0.52]],
[[         702,        0.61],[         791,        0.65],[         668,        0.53],[         729,        0.56],[         693,        0.52]],
[[         703,        0.62],[         879,        0.73],[         662,        0.52],[         717,        0.55],[         687,        0.51]],
[[         679,        0.59],[         760,        0.63],[         716,        0.57],[         732,        0.56],[         666,         0.5]],
[[         469,        0.41],[         613,        0.51],[         578,        0.46],[         529,        0.41],[         548,        0.41]],
[[         443,        0.39],[         600,         0.5],[         539,        0.43],[         522,         0.4],[         520,        0.39]],
[[         460,         0.4],[         550,        0.45],[         602,        0.48],[         541,        0.42],[         539,         0.4]],
[[         568,         0.5],[         585,        0.48],[         633,         0.5],[         572,        0.44],[         589,        0.44]],
[[         654,        0.57],[         582,        0.48],[         648,        0.51],[         605,        0.46],[         621,        0.46]],
[[         732,        0.64],[         593,        0.49],[         695,        0.55],[         591,        0.45],[         636,        0.48]],
[[         757,        0.66],[         629,        0.52],[         767,        0.61],[         578,        0.44],[         670,         0.5]],
[[         905,        0.79],[         608,         0.5],[         683,        0.54],[         569,        0.44],[         678,        0.51]],
[[         886,        0.78],[         637,        0.53],[         774,        0.61],[         588,        0.45],[         682,        0.51]],
[[         822,        0.72],[         658,        0.54],[         688,        0.54],[         632,        0.49],[         693,        0.52]],
[[         882,        0.77],[         606,         0.5],[         653,        0.52],[         630,        0.48],[         651,        0.49]],
[[         896,        0.78],[         585,        0.48],[         664,        0.52],[         658,        0.51],[         683,        0.51]],
[[         843,        0.74],[         608,         0.5],[         687,        0.54],[         692,        0.53],[         678,        0.51]],
[[         867,        0.76],[         641,        0.53],[         660,        0.52],[         713,        0.55],[         679,        0.51]],
[[         924,        0.81],[         700,        0.58],[         649,        0.51],[         700,        0.54],[         676,        0.51]],
[[         826,        0.72],[         763,        0.63],[         676,        0.53],[         745,        0.57],[         665,         0.5]],
[[         911,         0.8],[         831,        0.69],[         706,        0.56],[         771,        0.59],[         652,        0.49]],
[[         893,        0.78],[         948,        0.78],[         669,        0.53],[         759,        0.58],[         648,        0.48]],
[[         803,         0.7],[         933,        0.77],[         684,        0.54],[         828,        0.64],[         667,         0.5]],
[[         808,        0.71],[         892,        0.74],[         769,        0.61],[         773,        0.59],[         707,        0.53]],
[[         816,        0.71],[         981,        0.81],[         713,        0.56],[         747,        0.57],[         724,        0.54]],
[[         810,        0.71],[         953,        0.79],[         596,        0.47],[         757,        0.58],[         744,        0.56]],
[[         760,        0.67],[         949,        0.78],[         678,        0.54],[         742,        0.57],[         772,        0.58]],
[[         798,         0.7],[         936,        0.77],[         683,        0.54],[         750,        0.58],[         791,        0.59]],
[[         738,        0.65],[         990,        0.82],[         775,        0.61],[         735,        0.56],[         775,        0.58]],
[[         757,        0.66],[         932,        0.77],[         853,        0.67],[         723,        0.56],[         814,        0.61]],
[[         728,        0.64],[        1002,        0.83],[         864,        0.68],[         746,        0.57],[         834,        0.62]],
[[         796,         0.7],[         937,        0.77],[         954,        0.75],[         745,        0.57],[         836,        0.63]],
[[         835,        0.73],[         876,        0.72],[         998,        0.79],[         774,        0.59],[         895,        0.67]],
[[         886,        0.78],[         845,         0.7],[         943,        0.74],[         807,        0.62],[         854,        0.64]],
[[         871,        0.76],[         864,        0.71],[        1027,        0.81],[         758,        0.58],[         832,        0.62]],
[[         982,        0.86],[         846,         0.7],[         986,        0.78],[         667,        0.51],[         833,        0.62]],
[[        1059,        0.93],[         814,        0.67],[        1049,        0.83],[         718,        0.55],[         809,        0.61]],
[[         790,        0.69],[         870,        0.72],[         920,        0.73],[         751,        0.58],[         818,        0.61]],
[[         836,        0.73],[         783,        0.65],[        1047,        0.83],[         803,        0.62],[         805,         0.6]],
[[         821,        0.72],[         759,        0.63],[        1003,        0.79],[         848,        0.65],[         789,        0.59]],
[[         799,         0.7],[         806,        0.67],[        1020,        0.81],[         881,        0.68],[         802,         0.6]],
[[         717,        0.63],[         809,        0.67],[         937,        0.74],[         981,        0.75],[         795,        0.59]],
[[         659,        0.58],[         843,         0.7],[         883,         0.7],[        1011,        0.78],[         819,        0.61]],
[[         630,        0.55],[         884,        0.73],[         901,        0.71],[         967,        0.74],[         836,        0.63]],
[[         650,        0.57],[         886,        0.73],[         831,        0.66],[        1013,        0.78],[         786,        0.59]],
[[         596,        0.52],[         984,        0.81],[         866,        0.68],[        1000,        0.77],[         698,        0.52]],
[[         591,        0.52],[        1059,        0.87],[         801,        0.63],[        1022,        0.78],[         737,        0.55]],
[[         543,        0.48],[         778,        0.64],[         875,        0.69],[         949,        0.73],[         764,        0.57]],
[[         569,         0.5],[         793,        0.65],[         784,        0.62],[        1017,        0.78],[         812,        0.61]],
[[         520,        0.46],[         772,        0.64],[         765,         0.6],[         975,        0.75],[         845,        0.63]],
[[         551,        0.48],[         764,        0.63],[         764,         0.6],[        1009,        0.77],[         879,        0.66]],
[[         580,        0.51],[         653,        0.54],[         789,        0.62],[         926,        0.71],[         968,        0.72]],
[[         528,        0.46],[         601,         0.5],[         805,        0.64],[         877,        0.67],[         991,        0.74]],
[[         521,        0.46],[         562,        0.46],[         794,        0.63],[         853,        0.66],[         943,        0.71]],
[[         503,        0.44],[         617,        0.51],[         831,        0.66],[         807,        0.62],[         977,        0.73]],
[[         457,         0.4],[         516,        0.43],[         889,         0.7],[         817,        0.63],[         960,        0.72]],
[[         453,         0.4],[         481,         0.4],[         992,        0.78],[         747,        0.57],[         961,        0.72]],
[[         477,        0.42],[         458,        0.38],[         683,        0.54],[         780,         0.6],[         889,        0.67]],
[[         428,        0.37],[         450,        0.37],[         655,        0.52],[         697,        0.54],[         922,        0.69]],
[[         399,        0.35],[         397,        0.33],[         681,        0.54],[         662,        0.51],[         876,        0.66]],
[[         382,        0.33],[         439,        0.36],[         618,        0.49],[         659,        0.51],[         881,        0.66]],
[[         394,        0.35],[         416,        0.34],[         504,         0.4],[         651,         0.5],[         790,        0.59]],
[[         401,        0.35],[         355,        0.29],[         452,        0.36],[         652,         0.5],[         739,        0.55]],
[[         337,         0.3],[         334,        0.28],[         430,        0.34],[         623,        0.48],[         693,        0.52]],
[[         256,        0.22],[         339,        0.28],[         463,        0.37],[         637,        0.49],[         639,        0.48]],
[[         199,        0.17],[         265,        0.22],[         382,         0.3],[         644,        0.49],[         618,        0.46]],
[[         200,        0.18],[         283,        0.23],[         317,        0.25],[         684,        0.53],[         551,        0.41]],
[[         191,        0.17],[         267,        0.22],[         292,        0.23],[         450,        0.35],[         549,        0.41]],
[[         171,        0.15],[         233,        0.19],[         270,        0.21],[         431,        0.33],[         477,        0.36]],
[[         150,        0.13],[         182,        0.15],[         201,        0.16],[         412,        0.32],[         439,        0.33]],
[[         546,        0.48],[         172,        0.14],[         244,        0.19],[         360,        0.28],[         418,        0.31]],
[[           .,           .],[         147,        0.12],[         204,        0.16],[         271,        0.21],[         381,        0.29]],
[[           .,           .],[         125,         0.1],[         157,        0.12],[         229,        0.18],[         366,        0.27]],
[[           .,           .],[         102,        0.08],[         134,        0.11],[         206,        0.16],[         333,        0.25]],
[[           .,           .],[          81,        0.07],[         131,         0.1],[         193,        0.15],[         308,        0.23]],
[[           .,           .],[         185,        0.15],[         374,         0.3],[         622,        0.48],[        1259,        0.94]]],
[[[         621,        0.54],[         643,        0.53],[         604,        0.48],[         592,        0.45],[         594,        0.44]],
[[         641,        0.56],[         633,        0.52],[         612,        0.48],[         595,        0.46],[         591,        0.44]],
[[         640,        0.56],[         607,         0.5],[         601,        0.47],[         603,        0.46],[         594,        0.44]],
[[         641,        0.56],[         575,        0.47],[         613,        0.48],[         610,        0.47],[         599,        0.45]],
[[         664,        0.58],[         559,        0.46],[         620,        0.49],[         615,        0.47],[         603,        0.45]],
[[         614,        0.54],[         613,        0.51],[         701,        0.55],[         621,        0.48],[         608,        0.45]],
[[         695,        0.61],[         634,        0.52],[         667,        0.53],[         622,        0.48],[         611,        0.46]],
[[         715,        0.63],[         613,        0.51],[         687,        0.54],[         626,        0.48],[         618,        0.46]],
[[         726,        0.64],[         672,        0.55],[         669,        0.53],[         636,        0.49],[         630,        0.47]],
[[         685,         0.6],[         734,        0.61],[         643,        0.51],[         639,        0.49],[         636,        0.48]],
[[         666,        0.58],[         720,        0.59],[         690,        0.54],[         647,         0.5],[         642,        0.48]],
[[         708,        0.62],[         762,        0.63],[         731,        0.58],[         643,        0.49],[         652,        0.49]],
[[         683,         0.6],[         729,         0.6],[         686,        0.54],[         650,         0.5],[         661,        0.49]],
[[         655,        0.57],[         767,        0.63],[         582,        0.46],[         669,        0.51],[         665,         0.5]],
[[         633,        0.55],[         752,        0.62],[         627,        0.49],[         668,        0.51],[         670,         0.5]],
[[         649,        0.57],[         751,        0.62],[         648,        0.51],[         722,        0.55],[         670,         0.5]],
[[         674,        0.59],[         793,        0.65],[         652,        0.51],[         715,        0.55],[         670,         0.5]],
[[         690,         0.6],[         816,        0.67],[         620,        0.49],[         719,        0.55],[         663,         0.5]],
[[         624,        0.55],[         716,        0.59],[         647,        0.51],[         667,        0.51],[         641,        0.48]],
[[         454,         0.4],[         547,        0.45],[         580,        0.46],[         464,        0.36],[         463,        0.35]],
[[         361,        0.32],[         515,        0.43],[         507,         0.4],[         481,        0.37],[         461,        0.34]],
[[         343,         0.3],[         546,        0.45],[         586,        0.46],[         544,        0.42],[         524,        0.39]],
[[         523,        0.46],[         583,        0.48],[         601,        0.47],[         602,        0.46],[         610,        0.46]],
[[         613,        0.54],[         672,        0.55],[         700,        0.55],[         589,        0.45],[         649,        0.49]],
[[         671,        0.59],[         614,        0.51],[         707,        0.56],[         612,        0.47],[         682,        0.51]],
[[         720,        0.63],[         632,        0.52],[         728,        0.57],[         604,        0.46],[         714,        0.53]],
[[         809,        0.71],[         626,        0.52],[         772,        0.61],[         614,        0.47],[         737,        0.55]],
[[         833,        0.73],[         668,        0.55],[         762,         0.6],[         625,        0.48],[         742,        0.56]],
[[         849,        0.74],[         711,        0.59],[         691,        0.55],[         651,         0.5],[         724,        0.54]],
[[         863,        0.76],[         602,         0.5],[         729,        0.58],[         688,        0.53],[         714,        0.53]],
[[         883,        0.77],[         579,        0.48],[         694,        0.55],[         698,        0.54],[         743,        0.56]],
[[         820,        0.72],[         623,        0.51],[         761,         0.6],[         756,        0.58],[         731,        0.55]],
[[         877,        0.77],[         656,        0.54],[         755,         0.6],[         749,        0.58],[         734,        0.55]],
[[         908,         0.8],[         683,        0.56],[         800,        0.63],[         777,         0.6],[         707,        0.53]],
[[         910,         0.8],[         768,        0.63],[         705,        0.56],[         793,        0.61],[         705,        0.53]],
[[         871,        0.76],[         847,         0.7],[         742,        0.59],[         798,        0.61],[         696,        0.52]],
[[         832,        0.73],[         923,        0.76],[         738,        0.58],[         849,        0.65],[         697,        0.52]],
[[         856,        0.75],[         932,        0.77],[         786,        0.62],[         849,        0.65],[         708,        0.53]],
[[         817,        0.72],[         943,        0.78],[         815,        0.64],[         799,        0.61],[         730,        0.55]],
[[         798,         0.7],[         985,        0.81],[         739,        0.58],[         805,        0.62],[         767,        0.57]],
[[         753,        0.66],[         966,         0.8],[         661,        0.52],[         798,        0.61],[         775,        0.58]],
[[         761,        0.67],[         957,        0.79],[         700,        0.55],[         817,        0.63],[         826,        0.62]],
[[         753,        0.66],[         978,        0.81],[         763,         0.6],[         815,        0.63],[         808,         0.6]],
[[         762,        0.67],[        1006,        0.83],[         768,        0.61],[         847,        0.65],[         826,        0.62]],
[[         835,        0.73],[         994,        0.82],[         783,        0.62],[         763,        0.59],[         844,        0.63]],
[[         765,        0.67],[         995,        0.82],[         875,        0.69],[         780,         0.6],[         849,        0.64]],
[[         728,        0.64],[         865,        0.71],[        1003,        0.79],[         791,        0.61],[         900,        0.67]],
[[         772,        0.68],[         908,        0.75],[         967,        0.76],[         830,        0.64],[         900,        0.67]],
[[         860,        0.75],[         850,         0.7],[         994,        0.78],[         848,        0.65],[         865,        0.65]],
[[         917,         0.8],[         878,        0.72],[        1010,         0.8],[         785,         0.6],[         868,        0.65]],
[[         956,        0.84],[         810,        0.67],[        1003,        0.79],[         723,        0.56],[         859,        0.64]],
[[         994,        0.87],[         803,        0.66],[        1032,        0.81],[         743,        0.57],[         860,        0.64]],
[[         776,        0.68],[         799,        0.66],[        1050,        0.83],[         776,         0.6],[         866,        0.65]],
[[         813,        0.71],[         790,        0.65],[        1023,        0.81],[         800,        0.61],[         885,        0.66]],
[[         835,        0.73],[         882,        0.73],[        1023,        0.81],[         844,        0.65],[         820,        0.61]],
[[         765,        0.67],[         804,        0.66],[         999,        0.79],[         907,         0.7],[         834,        0.62]],
[[         686,         0.6],[         755,        0.62],[         903,        0.71],[        1008,        0.77],[         837,        0.63]],
[[         584,        0.51],[         786,        0.65],[         940,        0.74],[         998,        0.77],[         874,        0.65]],
[[         573,         0.5],[         885,        0.73],[         848,        0.67],[        1000,        0.77],[         885,        0.66]],
[[         610,        0.53],[         937,        0.77],[         927,        0.73],[        1040,         0.8],[         826,        0.62]],
[[         613,        0.54],[         968,         0.8],[         838,        0.66],[        1031,        0.79],[         763,        0.57]],
[[         655,        0.57],[        1002,        0.83],[         811,        0.64],[        1047,         0.8],[         777,        0.58]],
[[         566,         0.5],[         778,        0.64],[         803,        0.63],[        1048,         0.8],[         804,         0.6]],
[[         566,         0.5],[         764,        0.63],[         770,        0.61],[        1049,        0.81],[         821,        0.61]],
[[         561,        0.49],[         855,        0.71],[         849,        0.67],[        1008,        0.77],[         861,        0.64]],
[[         553,        0.48],[         744,        0.61],[         818,        0.65],[        1010,        0.78],[         917,        0.69]],
[[         531,        0.47],[         665,        0.55],[         731,        0.58],[         914,         0.7],[        1002,        0.75]],
[[         556,        0.49],[         526,        0.43],[         766,         0.6],[         915,         0.7],[        1001,        0.75]],
[[         531,        0.47],[         547,        0.45],[         848,        0.67],[         837,        0.64],[         991,        0.74]],
[[         522,        0.46],[         575,        0.47],[         908,        0.72],[         881,        0.68],[        1021,        0.76]],
[[         523,        0.46],[         557,        0.46],[         920,        0.73],[         812,        0.62],[        1004,        0.75]],
[[         539,        0.47],[         591,        0.49],[         975,        0.77],[         775,         0.6],[        1010,        0.76]],
[[         521,        0.46],[         515,        0.43],[         736,        0.58],[         768,        0.59],[        1008,        0.75]],
[[         552,        0.48],[         489,         0.4],[         688,        0.54],[         737,        0.57],[        1007,        0.75]],
[[         498,        0.44],[         480,         0.4],[         767,        0.61],[         790,        0.61],[         959,        0.72]],
[[         494,        0.43],[         475,        0.39],[         666,        0.53],[         744,        0.57],[         942,         0.7]],
[[         542,        0.47],[         462,        0.38],[         584,        0.46],[         664,        0.51],[         849,        0.64]],
[[         522,        0.46],[         467,        0.39],[         472,        0.37],[         688,        0.53],[         821,        0.61]],
[[         560,        0.49],[         425,        0.35],[         464,        0.37],[         727,        0.56],[         742,        0.56]],
[[         381,        0.33],[         397,        0.33],[         487,        0.38],[         754,        0.58],[         761,        0.57]],
[[         359,        0.31],[         402,        0.33],[         431,        0.34],[         743,        0.57],[         684,        0.51]],
[[         356,        0.31],[         370,        0.31],[         449,        0.35],[         764,        0.59],[         636,        0.48]],
[[         318,        0.28],[         356,        0.29],[         396,        0.31],[         562,        0.43],[         610,        0.46]],
[[         298,        0.26],[         350,        0.29],[         347,        0.27],[         505,        0.39],[         561,        0.42]],
[[         303,        0.27],[         317,        0.26],[         337,        0.27],[         536,        0.41],[         573,        0.43]],
[[        1792,        1.57],[         299,        0.25],[         307,        0.24],[         441,        0.34],[         519,        0.39]],
[[           .,           .],[         311,        0.26],[         266,        0.21],[         364,        0.28],[         452,        0.34]],
[[           .,           .],[         295,        0.24],[         218,        0.17],[         290,        0.22],[         446,        0.33]],
[[           .,           .],[         258,        0.21],[         241,        0.19],[         273,        0.21],[         448,        0.34]],
[[           .,           .],[         206,        0.17],[         201,        0.16],[         259,         0.2],[         427,        0.32]],
[[           .,           .],[         728,         0.6],[         898,        0.71],[        1086,        0.83],[        1862,        1.39]]]]}}
