{
"ons":{
"label":"Population Projections for England and Wales, by local authority",
"source":"Office for National Statistics",
"updated":"2014-10-01",
"area": {
"code":"K04000001",
"label":"England and Wales"
},
"time": {
"label":"1998-2038",
"index":["1998",  "2008",  "2018",  "2028",  "2038"]
},
"concept":{
"label":["population", "% of population"],
"units":["count", "%"],
"max":[        1213,         1.52]
},
"sums":{
"series1":[       44909,        44398,        42916,        41841,        40225],
"series2":[       46761,        45512,        43344,        41638,        39465]
},
"dimension":{
"label":"age",
"index":["0", "1", "2", "3", "4", "5", "6", "7", "8", "9", "10", "11", "12", "13", "14", "15", "16", "17", "18", "19", "20", "21", "22", "23", "24", "25", "26", "27", "28", "29", "30", "31", "32", "33", "34", "35", "36", "37", "38", "39", "40", "41", "42", "43", "44", "45", "46", "47", "48", "49", "50", "51", "52", "53", "54", "55", "56", "57", "58", "59", "60", "61", "62", "63", "64", "65", "66", "67", "68", "69", "70", "71", "72", "73", "74", "75", "76", "77", "78", "79", "80", "81", "82", "83", "84", "85", "86", "87", "88", "89", "90+"]
},
"series":["male", "female"],
"value":[[[[         501,        0.55],[         410,        0.46],[         365,        0.42],[         333,         0.4],[         306,        0.38]],
[[         505,        0.55],[         415,        0.46],[         387,        0.45],[         342,        0.41],[         313,        0.39]],
[[         482,        0.53],[         399,        0.44],[         359,        0.42],[         355,        0.43],[         323,        0.41]],
[[         560,        0.61],[         428,        0.48],[         369,        0.43],[         356,        0.43],[         324,        0.41]],
[[         548,         0.6],[         455,        0.51],[         392,        0.45],[         368,        0.44],[         335,        0.42]],
[[         537,        0.59],[         418,        0.46],[         410,        0.48],[         374,        0.45],[         341,        0.43]],
[[         586,        0.64],[         434,        0.48],[         402,        0.47],[         383,        0.46],[         351,        0.44]],
[[         583,        0.64],[         428,        0.48],[         451,        0.52],[         387,        0.46],[         358,        0.45]],
[[         545,        0.59],[         474,        0.53],[         425,        0.49],[         388,        0.46],[         369,        0.46]],
[[         609,        0.66],[         508,        0.57],[         452,        0.52],[         406,        0.49],[         379,        0.48]],
[[         581,        0.63],[         531,        0.59],[         465,        0.54],[         406,        0.49],[         384,        0.48]],
[[         566,        0.62],[         572,        0.64],[         418,        0.48],[         394,        0.47],[         383,        0.48]],
[[         608,        0.66],[         512,        0.57],[         445,        0.52],[         407,        0.49],[         385,        0.48]],
[[         578,        0.63],[         577,        0.64],[         453,        0.53],[         410,        0.49],[         382,        0.48]],
[[         570,        0.62],[         582,        0.65],[         462,        0.54],[         418,         0.5],[         387,        0.49]],
[[         587,        0.64],[         565,        0.63],[         415,        0.48],[         431,        0.52],[         387,        0.49]],
[[         545,        0.59],[         544,        0.61],[         433,         0.5],[         422,        0.51],[         392,        0.49]],
[[         587,        0.64],[         532,        0.59],[         428,         0.5],[         457,        0.55],[         394,        0.49]],
[[         529,        0.58],[         505,        0.56],[         479,        0.56],[         410,        0.49],[         365,        0.46]],
[[         504,        0.55],[         572,        0.64],[         560,        0.65],[         387,        0.46],[         347,        0.44]],
[[         459,         0.5],[         576,        0.64],[         641,        0.74],[         382,        0.46],[         336,        0.42]],
[[         449,        0.49],[         542,         0.6],[         608,         0.7],[         358,        0.43],[         333,        0.42]],
[[         469,        0.51],[         563,        0.63],[         567,        0.66],[         378,        0.45],[         345,        0.43]],
[[         479,        0.52],[         532,        0.59],[         548,        0.64],[         385,        0.46],[         353,        0.44]],
[[         514,        0.56],[         538,         0.6],[         562,        0.65],[         391,        0.47],[         361,        0.45]],
[[         564,        0.62],[         517,        0.58],[         542,        0.63],[         357,        0.43],[         365,        0.46]],
[[         581,        0.63],[         464,        0.52],[         501,        0.58],[         362,        0.43],[         353,        0.44]],
[[         591,        0.64],[         502,        0.56],[         503,        0.58],[         363,        0.43],[         380,        0.48]],
[[         665,        0.73],[         519,        0.58],[         398,        0.46],[         373,        0.45],[         360,        0.45]],
[[         649,        0.71],[         410,        0.46],[         415,        0.48],[         402,        0.48],[         356,        0.45]],
[[         718,        0.78],[         422,        0.47],[         377,        0.44],[         441,        0.53],[         359,        0.45]],
[[         720,        0.79],[         390,        0.43],[         384,        0.45],[         493,        0.59],[         345,        0.43]],
[[         645,         0.7],[         424,        0.47],[         400,        0.46],[         496,        0.59],[         360,        0.45]],
[[         703,        0.77],[         419,        0.47],[         376,        0.44],[         499,         0.6],[         366,        0.46]],
[[         683,        0.75],[         425,        0.47],[         423,        0.49],[         523,        0.63],[         370,        0.46]],
[[         728,        0.79],[         470,        0.52],[         347,         0.4],[         489,        0.59],[         344,        0.43]],
[[         682,        0.74],[         513,        0.57],[         420,        0.49],[         522,        0.63],[         366,        0.46]],
[[         700,        0.76],[         499,        0.55],[         433,         0.5],[         544,        0.65],[         380,        0.48]],
[[         689,        0.75],[         574,        0.64],[         484,        0.56],[         479,        0.57],[         394,        0.49]],
[[         644,         0.7],[         597,        0.66],[         436,        0.51],[         531,        0.64],[         431,        0.54]],
[[         637,        0.69],[         651,        0.72],[         476,        0.55],[         501,         0.6],[         467,        0.59]],
[[         636,        0.69],[         695,        0.77],[         463,        0.54],[         469,        0.56],[         510,        0.64]],
[[         697,        0.76],[         658,        0.73],[         449,        0.52],[         466,        0.56],[         522,        0.66]],
[[         602,        0.66],[         671,        0.75],[         447,        0.52],[         460,        0.55],[         521,        0.65]],
[[         587,        0.64],[         686,        0.76],[         459,        0.53],[         471,        0.56],[         549,        0.69]],
[[         618,        0.67],[         698,        0.78],[         514,         0.6],[         423,        0.51],[         539,        0.68]],
[[         560,        0.61],[         731,        0.81],[         511,        0.59],[         437,        0.52],[         561,         0.7]],
[[         594,        0.65],[         711,        0.79],[         536,        0.62],[         439,        0.53],[         576,        0.72]],
[[         599,        0.65],[         656,        0.73],[         540,        0.63],[         498,         0.6],[         522,        0.66]],
[[         711,        0.78],[         628,         0.7],[         599,        0.69],[         410,        0.49],[         555,         0.7]],
[[         638,         0.7],[         620,        0.69],[         671,        0.78],[         480,        0.57],[         521,        0.65]],
[[         780,        0.85],[         658,        0.73],[         703,        0.81],[         461,        0.55],[         494,        0.62]],
[[         575,        0.63],[         683,        0.76],[         645,        0.75],[         458,        0.55],[         485,        0.61]],
[[         631,        0.69],[         626,         0.7],[         654,        0.76],[         484,        0.58],[         488,        0.61]],
[[         662,        0.72],[         627,         0.7],[         673,        0.78],[         494,        0.59],[         494,        0.62]],
[[         597,        0.65],[         607,        0.68],[         714,        0.83],[         544,        0.65],[         444,        0.56]],
[[         565,        0.62],[         589,        0.66],[         696,        0.81],[         560,        0.67],[         461,        0.58]],
[[         529,        0.58],[         663,        0.74],[         722,        0.84],[         554,        0.66],[         465,        0.58]],
[[         563,        0.61],[         629,         0.7],[         665,        0.77],[         571,        0.68],[         526,        0.66]],
[[         555,        0.61],[         703,        0.78],[         641,        0.74],[         633,        0.76],[         443,        0.56]],
[[         554,         0.6],[         678,        0.75],[         632,        0.73],[         698,        0.84],[         509,        0.64]],
[[         518,        0.57],[         814,        0.91],[         632,        0.73],[         690,        0.83],[         497,        0.62]],
[[         520,        0.57],[         612,        0.68],[         659,        0.76],[         678,        0.81],[         504,        0.63]],
[[         487,        0.53],[         643,        0.72],[         628,        0.73],[         702,        0.84],[         533,        0.67]],
[[         456,         0.5],[         630,         0.7],[         634,        0.73],[         728,        0.87],[         541,        0.68]],
[[         480,        0.52],[         601,        0.67],[         576,        0.67],[         739,        0.89],[         592,        0.74]],
[[         453,        0.49],[         572,        0.64],[         591,        0.69],[         717,        0.86],[         614,        0.77]],
[[         461,         0.5],[         516,        0.57],[         645,        0.75],[         734,        0.88],[         602,        0.76]],
[[         422,        0.46],[         535,         0.6],[         598,        0.69],[         700,        0.84],[         617,        0.77]],
[[         428,        0.47],[         508,        0.57],[         697,        0.81],[         627,        0.75],[         653,        0.82]],
[[         409,        0.45],[         483,        0.54],[         627,        0.73],[         621,        0.74],[         693,        0.87]],
[[         354,        0.39],[         436,        0.48],[         676,        0.78],[         614,        0.74],[         675,        0.85]],
[[         357,        0.39],[         434,        0.48],[         512,        0.59],[         615,        0.74],[         644,        0.81]],
[[         355,        0.39],[         399,        0.44],[         503,        0.58],[         581,         0.7],[         646,        0.81]],
[[         324,        0.35],[         366,        0.41],[         511,        0.59],[         526,        0.63],[         645,        0.81]],
[[         315,        0.34],[         350,        0.39],[         467,        0.54],[         494,        0.59],[         634,         0.8]],
[[         282,        0.31],[         338,        0.38],[         403,        0.47],[         473,        0.57],[         598,        0.75]],
[[         304,        0.33],[         325,        0.36],[         359,        0.42],[         498,         0.6],[         590,        0.74]],
[[         259,        0.28],[         287,        0.32],[         385,        0.45],[         453,        0.54],[         545,        0.68]],
[[         184,         0.2],[         285,        0.32],[         324,        0.38],[         497,         0.6],[         478,         0.6]],
[[         135,        0.15],[         255,        0.28],[         341,         0.4],[         433,        0.52],[         460,        0.58]],
[[         143,        0.16],[         198,        0.22],[         262,         0.3],[         464,        0.56],[         434,        0.54]],
[[         143,        0.16],[         192,        0.21],[         235,        0.27],[         341,        0.41],[         416,        0.52]],
[[         150,        0.16],[         197,        0.22],[         230,        0.27],[         303,        0.36],[         376,        0.47]],
[[         132,        0.14],[         141,        0.16],[         183,        0.21],[         286,        0.34],[         325,        0.41]],
[[          78,        0.09],[         139,        0.15],[         174,         0.2],[         247,         0.3],[         286,        0.36]],
[[         106,        0.12],[         105,        0.12],[         165,        0.19],[         201,        0.24],[         257,        0.32]],
[[          71,        0.08],[         107,        0.12],[         127,        0.15],[         159,        0.19],[         248,        0.31]],
[[          59,        0.06],[          92,         0.1],[         114,        0.13],[         150,        0.18],[         206,        0.26]],
[[          55,        0.06],[          53,        0.06],[          87,         0.1],[         115,        0.14],[         204,        0.26]],
[[         136,        0.15],[         160,        0.18],[         226,        0.26],[         342,        0.41],[         598,        0.75]]],
[[[         422,        0.46],[         360,         0.4],[         280,        0.32],[         322,        0.39],[         300,        0.38]],
[[         467,        0.51],[         386,        0.43],[         321,        0.37],[         335,         0.4],[         308,        0.39]],
[[         523,        0.57],[         393,        0.44],[         362,        0.42],[         352,        0.42],[         323,        0.41]],
[[         487,        0.53],[         389,        0.43],[         385,        0.45],[         365,        0.44],[         333,        0.42]],
[[         520,        0.57],[         426,        0.47],[         390,        0.45],[         367,        0.44],[         337,        0.42]],
[[         575,        0.63],[         380,        0.42],[         362,        0.42],[         370,        0.44],[         338,        0.42]],
[[         557,        0.61],[         421,        0.47],[         455,        0.53],[         378,        0.45],[         347,        0.44]],
[[         545,        0.59],[         411,        0.46],[         406,        0.47],[         377,        0.45],[         352,        0.44]],
[[         610,        0.67],[         434,        0.48],[         443,        0.51],[         383,        0.46],[         358,        0.45]],
[[         531,        0.58],[         503,        0.56],[         450,        0.52],[         385,        0.46],[         360,        0.45]],
[[         558,        0.61],[         477,        0.53],[         425,        0.49],[         381,        0.46],[         358,        0.45]],
[[         546,         0.6],[         494,        0.55],[         411,        0.48],[         370,        0.44],[         356,        0.45]],
[[         537,        0.59],[         549,        0.61],[         420,        0.49],[         387,        0.46],[         357,        0.45]],
[[         579,        0.63],[         509,        0.57],[         410,        0.48],[         396,        0.47],[         360,        0.45]],
[[         543,        0.59],[         583,        0.65],[         428,         0.5],[         406,        0.49],[         365,        0.46]],
[[         561,        0.61],[         586,        0.65],[         406,        0.47],[         375,        0.45],[         368,        0.46]],
[[         489,        0.53],[         541,         0.6],[         409,        0.47],[         451,        0.54],[         375,        0.47]],
[[         520,        0.57],[         487,        0.54],[         448,        0.52],[         409,        0.49],[         363,        0.46]],
[[         424,        0.46],[         478,        0.53],[         407,        0.47],[         388,        0.46],[         331,        0.42]],
[[         388,        0.42],[         392,        0.44],[         380,        0.44],[         340,        0.41],[         298,        0.37]],
[[         386,        0.42],[         400,        0.44],[         361,        0.42],[         319,        0.38],[         287,        0.36]],
[[         393,        0.43],[         368,        0.41],[         368,        0.43],[         300,        0.36],[         284,        0.36]],
[[         471,        0.51],[         389,        0.43],[         412,        0.48],[         311,        0.37],[         298,        0.37]],
[[         484,        0.53],[         403,        0.45],[         387,        0.45],[         298,        0.36],[         302,        0.38]],
[[         477,        0.52],[         342,        0.38],[         378,        0.44],[         308,        0.37],[         308,        0.39]],
[[         510,        0.56],[         396,        0.44],[         368,        0.43],[         280,        0.34],[         285,        0.36]],
[[         534,        0.58],[         358,         0.4],[         327,        0.38],[         282,        0.34],[         314,        0.39]],
[[         524,        0.57],[         390,        0.43],[         334,        0.39],[         298,        0.36],[         305,        0.38]],
[[         616,        0.67],[         371,        0.41],[         407,        0.47],[         300,        0.36],[         309,        0.39]],
[[         570,        0.62],[         372,        0.41],[         378,        0.44],[         330,         0.4],[         308,        0.39]],
[[         622,        0.68],[         337,        0.37],[         346,         0.4],[         337,         0.4],[         301,        0.38]],
[[         605,        0.66],[         392,        0.44],[         370,        0.43],[         349,        0.42],[         286,        0.36]],
[[         597,        0.65],[         422,        0.47],[         352,        0.41],[         374,        0.45],[         299,        0.38]],
[[         682,        0.74],[         441,        0.49],[         416,        0.48],[         377,        0.45],[         297,        0.37]],
[[         672,        0.73],[         463,        0.51],[         380,        0.44],[         395,        0.47],[         307,        0.39]],
[[         655,        0.71],[         503,        0.56],[         423,        0.49],[         398,        0.48],[         301,        0.38]],
[[         645,         0.7],[         557,        0.62],[         393,        0.46],[         401,        0.48],[         317,         0.4]],
[[         650,        0.71],[         580,        0.65],[         466,        0.54],[         427,        0.51],[         333,        0.42]],
[[         667,        0.73],[         659,        0.73],[         416,        0.48],[         454,        0.54],[         349,        0.44]],
[[         660,        0.72],[         608,        0.68],[         433,         0.5],[         443,        0.53],[         378,        0.47]],
[[         627,        0.68],[         634,        0.71],[         396,        0.46],[         405,        0.49],[         398,         0.5]],
[[         609,        0.66],[         659,        0.73],[         441,        0.51],[         454,        0.54],[         418,        0.52]],
[[         622,        0.68],[         665,        0.74],[         461,        0.53],[         427,        0.51],[         436,        0.55]],
[[         576,        0.63],[         730,        0.81],[         493,        0.57],[         467,        0.56],[         442,        0.55]],
[[         587,        0.64],[         732,        0.81],[         475,        0.55],[         428,        0.51],[         456,        0.57]],
[[         599,        0.65],[         704,        0.78],[         538,        0.62],[         482,        0.58],[         454,        0.57]],
[[         588,        0.64],[         684,        0.76],[         619,        0.72],[         435,        0.52],[         446,        0.56]],
[[         666,        0.73],[         706,        0.79],[         604,         0.7],[         491,        0.59],[         458,        0.57]],
[[         638,         0.7],[         687,        0.76],[         670,        0.78],[         438,        0.52],[         485,        0.61]],
[[         665,        0.73],[         687,        0.76],[         613,        0.71],[         441,        0.53],[         471,        0.59]],
[[         668,        0.73],[         684,        0.76],[         641,        0.74],[         398,        0.48],[         429,        0.54]],
[[         846,        0.92],[         659,        0.73],[         687,         0.8],[         450,        0.54],[         480,         0.6]],
[[         608,        0.66],[         676,        0.75],[         695,        0.81],[         465,        0.56],[         453,        0.57]],
[[         595,        0.65],[         623,        0.69],[         799,        0.93],[         509,        0.61],[         496,        0.62]],
[[         591,        0.64],[         620,        0.69],[         727,        0.84],[         501,         0.6],[         458,        0.57]],
[[         568,        0.62],[         626,         0.7],[         750,        0.87],[         554,        0.66],[         520,        0.65]],
[[         582,        0.63],[         669,        0.74],[         698,        0.81],[         630,        0.75],[         486,        0.61]],
[[         537,        0.59],[         712,        0.79],[         699,        0.81],[         619,        0.74],[         544,        0.68]],
[[         630,        0.69],[         670,        0.75],[         719,        0.83],[         710,        0.85],[         487,        0.61]],
[[         599,        0.65],[         695,        0.77],[         697,        0.81],[         677,        0.81],[         494,        0.62]],
[[         543,        0.59],[         775,        0.86],[         693,         0.8],[         697,        0.83],[         451,        0.57]],
[[         578,        0.63],[         896,           1],[         687,         0.8],[         696,        0.83],[         488,        0.61]],
[[         544,        0.59],[         658,        0.73],[         671,        0.78],[         726,        0.87],[         508,        0.64]],
[[         539,        0.59],[         626,         0.7],[         611,        0.71],[         795,        0.95],[         535,        0.67]],
[[         524,        0.57],[         632,         0.7],[         605,         0.7],[         768,        0.92],[         539,        0.68]],
[[         538,        0.59],[         599,        0.67],[         634,        0.73],[         761,        0.91],[         583,        0.73]],
[[         550,         0.6],[         586,        0.65],[         654,        0.76],[         720,        0.86],[         646,        0.81]],
[[         487,        0.53],[         547,        0.61],[         667,        0.77],[         689,        0.83],[         625,        0.78]],
[[         529,        0.58],[         589,        0.66],[         643,        0.75],[         689,        0.83],[         699,        0.88]],
[[         497,        0.54],[         576,        0.64],[         646,        0.75],[         659,        0.79],[         654,        0.82]],
[[         450,        0.49],[         498,        0.55],[         693,         0.8],[         632,        0.76],[         658,        0.83]],
[[         453,        0.49],[         551,        0.61],[         785,        0.91],[         620,        0.74],[         650,        0.82]],
[[         454,         0.5],[         475,        0.53],[         569,        0.66],[         591,        0.71],[         660,        0.83]],
[[         439,        0.48],[         492,        0.55],[         558,        0.65],[         545,        0.65],[         714,         0.9]],
[[         436,        0.48],[         445,        0.49],[         539,        0.62],[         537,        0.64],[         676,        0.85]],
[[         416,        0.45],[         444,        0.49],[         487,        0.56],[         533,        0.64],[         661,        0.83]],
[[         426,        0.46],[         448,         0.5],[         460,        0.53],[         552,        0.66],[         617,        0.77]],
[[         442,        0.48],[         407,        0.45],[         444,        0.51],[         550,        0.66],[         578,        0.73]],
[[         427,        0.47],[         381,        0.42],[         424,        0.49],[         508,        0.61],[         569,        0.71]],
[[         307,        0.33],[         368,        0.41],[         427,         0.5],[         515,        0.62],[         542,        0.68]],
[[         268,        0.29],[         325,        0.36],[         366,        0.42],[         533,        0.64],[         510,        0.64]],
[[         300,        0.33],[         318,        0.35],[         402,        0.47],[         582,         0.7],[         482,         0.6]],
[[         301,        0.33],[         321,        0.36],[         332,        0.38],[         413,        0.49],[         444,        0.56]],
[[         290,        0.32],[         279,        0.31],[         340,        0.39],[         372,        0.45],[         394,        0.49]],
[[         255,        0.28],[         269,         0.3],[         271,        0.31],[         365,        0.44],[         375,        0.47]],
[[         232,        0.25],[         229,        0.25],[         237,        0.27],[         313,        0.37],[         365,        0.46]],
[[         214,        0.23],[         228,        0.25],[         241,        0.28],[         274,        0.33],[         356,        0.45]],
[[         199,        0.22],[         238,        0.26],[         228,        0.26],[         249,         0.3],[         338,        0.42]],
[[         154,        0.17],[         210,        0.23],[         175,         0.2],[         236,        0.28],[         292,        0.37]],
[[         195,        0.21],[         132,        0.15],[         138,        0.16],[         213,        0.26],[         277,        0.35]],
[[         571,        0.62],[         498,        0.55],[         582,        0.67],[         806,        0.97],[        1213,        1.52]]]]}}
