{
"ons":{
"label":"Population Projections for England and Wales, by local authority",
"source":"Office for National Statistics",
"updated":"2014-10-01",
"area": {
"code":"K04000001",
"label":"England and Wales"
},
"time": {
"label":"1998-2038",
"index":["1998",  "2008",  "2018",  "2028",  "2038"]
},
"concept":{
"label":["population", "% of population"],
"units":["count", "%"],
"max":[        3899,         2.85]
},
"sums":{
"series1":[       64423,        70580,        76841,        84269,        90436],
"series2":[       72492,        77878,        82986,        90973,        97237]
},
"dimension":{
"label":"age",
"index":["0", "1", "2", "3", "4", "5", "6", "7", "8", "9", "10", "11", "12", "13", "14", "15", "16", "17", "18", "19", "20", "21", "22", "23", "24", "25", "26", "27", "28", "29", "30", "31", "32", "33", "34", "35", "36", "37", "38", "39", "40", "41", "42", "43", "44", "45", "46", "47", "48", "49", "50", "51", "52", "53", "54", "55", "56", "57", "58", "59", "60", "61", "62", "63", "64", "65", "66", "67", "68", "69", "70", "71", "72", "73", "74", "75", "76", "77", "78", "79", "80", "81", "82", "83", "84", "85", "86", "87", "88", "89", "90+"]
},
"series":["male", "female"],
"value":[[[[         670,        0.49],[         746,         0.5],[         720,        0.45],[         772,        0.44],[         811,        0.43]],
[[         703,        0.51],[         726,        0.49],[         793,         0.5],[         788,        0.45],[         818,        0.44]],
[[         720,        0.53],[         721,        0.49],[         828,        0.52],[         809,        0.46],[         830,        0.44]],
[[         694,        0.51],[         745,         0.5],[         846,        0.53],[         823,        0.47],[         836,        0.45]],
[[         734,        0.54],[         698,        0.47],[         757,        0.47],[         835,        0.48],[         842,        0.45]],
[[         790,        0.58],[         666,        0.45],[         899,        0.56],[         849,        0.48],[         850,        0.45]],
[[         838,        0.61],[         671,        0.45],[         898,        0.56],[         860,        0.49],[         858,        0.46]],
[[         852,        0.62],[         699,        0.47],[         903,        0.56],[         875,         0.5],[         867,        0.46]],
[[         808,        0.59],[         704,        0.47],[         926,        0.58],[         892,        0.51],[         880,        0.47]],
[[         793,        0.58],[         765,        0.52],[         935,        0.59],[         898,        0.51],[         891,        0.47]],
[[         793,        0.58],[         763,        0.51],[         873,        0.55],[         903,        0.52],[         897,        0.48]],
[[         775,        0.57],[         828,        0.56],[         819,        0.51],[         895,        0.51],[         899,        0.48]],
[[         730,        0.53],[         807,        0.54],[         815,        0.51],[         906,        0.52],[         899,        0.48]],
[[         750,        0.55],[         817,        0.55],[         803,         0.5],[         929,        0.53],[         903,        0.48]],
[[         744,        0.54],[         782,        0.53],[         762,        0.48],[         861,        0.49],[         907,        0.48]],
[[         718,        0.52],[         808,        0.54],[         763,        0.48],[         956,        0.55],[         912,        0.49]],
[[         737,        0.54],[         846,        0.57],[         700,        0.44],[         970,        0.55],[         921,        0.49]],
[[         755,        0.55],[         904,        0.61],[         747,        0.47],[         977,        0.56],[         922,        0.49]],
[[         632,        0.46],[         894,         0.6],[         719,        0.45],[         938,        0.54],[         923,        0.49]],
[[         601,        0.44],[         793,        0.53],[         709,        0.44],[         874,         0.5],[         862,        0.46]],
[[         527,        0.38],[         747,         0.5],[         678,        0.42],[         794,        0.45],[         815,        0.43]],
[[         419,        0.31],[         720,        0.48],[         745,        0.47],[         752,        0.43],[         799,        0.43]],
[[         569,        0.42],[         709,        0.48],[         737,        0.46],[         751,        0.43],[         821,        0.44]],
[[         672,        0.49],[         742,         0.5],[         819,        0.51],[         749,        0.43],[         853,        0.45]],
[[         694,        0.51],[         722,        0.49],[         767,        0.48],[         727,        0.41],[         820,        0.44]],
[[         750,        0.55],[         718,        0.48],[         836,        0.52],[         711,        0.41],[         868,        0.46]],
[[         772,        0.56],[         679,        0.46],[         780,        0.49],[         683,        0.39],[         880,        0.47]],
[[         797,        0.58],[         732,        0.49],[         838,        0.52],[         710,        0.41],[         875,        0.47]],
[[         799,        0.58],[         728,        0.49],[         872,        0.55],[         705,         0.4],[         842,        0.45]],
[[         819,         0.6],[         735,         0.5],[         763,        0.48],[         740,        0.42],[         832,        0.44]],
[[         802,        0.59],[         655,        0.44],[         753,        0.47],[         751,        0.43],[         834,        0.44]],
[[         874,        0.64],[         619,        0.42],[         733,        0.46],[         787,        0.45],[         817,        0.44]],
[[         914,        0.67],[         630,        0.42],[         825,        0.52],[         789,        0.45],[         796,        0.42]],
[[         886,        0.65],[         667,        0.45],[         748,        0.47],[         789,        0.45],[         770,        0.41]],
[[         922,        0.67],[         719,        0.48],[         750,        0.47],[         811,        0.46],[         765,        0.41]],
[[         942,        0.69],[         825,        0.56],[         805,         0.5],[         845,        0.48],[         755,         0.4]],
[[         866,        0.63],[         850,        0.57],[         749,        0.47],[         836,        0.48],[         746,         0.4]],
[[         829,        0.61],[         900,        0.61],[         824,        0.52],[         900,        0.51],[         786,        0.42]],
[[         792,        0.58],[         901,        0.61],[         777,        0.49],[         899,        0.51],[         799,        0.43]],
[[         850,        0.62],[        1038,         0.7],[         882,        0.55],[         849,        0.48],[         839,        0.45]],
[[         856,        0.63],[         943,        0.64],[         755,        0.47],[         872,         0.5],[         851,        0.45]],
[[         825,         0.6],[        1013,        0.68],[         743,        0.46],[         849,        0.48],[         884,        0.47]],
[[         779,        0.57],[        1036,         0.7],[         744,        0.47],[         891,        0.51],[         904,        0.48]],
[[         776,        0.57],[        1059,        0.71],[         774,        0.48],[         881,         0.5],[         897,        0.48]],
[[         789,        0.58],[        1021,        0.69],[         795,         0.5],[         858,        0.49],[         930,         0.5]],
[[         788,        0.58],[        1009,        0.68],[         921,        0.58],[         916,        0.52],[         958,        0.51]],
[[         814,        0.59],[         979,        0.66],[         947,        0.59],[         907,        0.52],[         966,        0.51]],
[[         728,        0.53],[         907,        0.61],[        1032,        0.65],[         952,        0.54],[        1015,        0.54]],
[[         856,        0.63],[         923,        0.62],[        1019,        0.64],[         902,        0.51],[        1016,        0.54]],
[[         850,        0.62],[         891,         0.6],[        1131,        0.71],[         963,        0.55],[         974,        0.52]],
[[         934,        0.68],[         897,         0.6],[        1077,        0.67],[         872,         0.5],[         994,        0.53]],
[[        1028,        0.75],[         876,        0.59],[        1120,         0.7],[         860,        0.49],[         967,        0.52]],
[[         838,        0.61],[         833,        0.56],[        1059,        0.66],[         871,         0.5],[        1004,        0.53]],
[[         881,        0.64],[         833,        0.56],[        1151,        0.72],[         905,        0.52],[        1007,        0.54]],
[[         875,        0.64],[         886,         0.6],[        1116,         0.7],[         937,        0.53],[         984,        0.52]],
[[         833,        0.61],[         839,        0.57],[        1058,        0.66],[        1036,        0.59],[        1033,        0.55]],
[[         723,        0.53],[         867,        0.58],[        1040,        0.65],[        1086,        0.62],[        1046,        0.56]],
[[         660,        0.48],[         822,        0.55],[        1032,        0.65],[        1132,        0.65],[        1093,        0.58]],
[[         673,        0.49],[         964,        0.65],[        1043,        0.65],[        1143,        0.65],[        1056,        0.56]],
[[         717,        0.52],[         996,        0.67],[         996,        0.62],[        1229,         0.7],[        1102,        0.59]],
[[         762,        0.56],[        1094,        0.74],[         954,         0.6],[        1224,         0.7],[        1045,        0.56]],
[[         691,         0.5],[        1204,        0.81],[         974,        0.61],[        1283,        0.73],[        1050,        0.56]],
[[         711,        0.52],[        1002,        0.67],[         923,        0.58],[        1269,        0.72],[        1078,        0.57]],
[[         728,        0.53],[        1014,        0.68],[        1003,        0.63],[        1325,        0.76],[        1126,         0.6]],
[[         687,         0.5],[        1020,        0.69],[         984,        0.62],[        1323,        0.75],[        1175,        0.63]],
[[         709,        0.52],[        1009,        0.68],[         984,        0.62],[        1283,        0.73],[        1280,        0.68]],
[[         766,        0.56],[         897,         0.6],[        1019,        0.64],[        1311,        0.75],[        1357,        0.72]],
[[         763,        0.56],[         776,        0.52],[         954,         0.6],[        1279,        0.73],[        1417,        0.76]],
[[         802,        0.59],[         842,        0.57],[        1140,        0.71],[        1288,        0.73],[        1425,        0.76]],
[[         765,        0.56],[         890,         0.6],[        1169,        0.73],[        1229,         0.7],[        1504,         0.8]],
[[         730,        0.53],[         861,        0.58],[        1286,         0.8],[        1187,        0.68],[        1483,        0.79]],
[[         715,        0.52],[         870,        0.59],[        1383,        0.87],[        1180,        0.67],[        1529,        0.81]],
[[         738,        0.54],[         795,        0.54],[        1052,        0.66],[        1119,        0.64],[        1498,         0.8]],
[[         723,        0.53],[         787,        0.53],[        1090,        0.68],[        1109,        0.63],[        1525,        0.81]],
[[         707,        0.52],[         733,        0.49],[        1023,        0.64],[        1102,        0.63],[        1494,         0.8]],
[[         676,        0.49],[         671,        0.45],[         970,        0.61],[        1065,        0.61],[        1417,        0.76]],
[[         681,         0.5],[         699,        0.47],[         814,        0.51],[        1041,        0.59],[        1376,        0.73]],
[[         668,        0.49],[         702,        0.47],[         722,        0.45],[         972,        0.55],[        1298,        0.69]],
[[         737,        0.54],[         650,        0.44],[         725,        0.45],[        1062,        0.61],[        1253,        0.67]],
[[         447,        0.33],[         604,        0.41],[         700,        0.44],[        1064,        0.61],[        1166,        0.62]],
[[         398,        0.29],[         560,        0.38],[         710,        0.44],[        1102,        0.63],[        1084,        0.58]],
[[         412,         0.3],[         523,        0.35],[         664,        0.42],[        1145,        0.65],[        1026,        0.55]],
[[         411,         0.3],[         519,        0.35],[         575,        0.36],[         847,        0.48],[         941,         0.5]],
[[         462,        0.34],[         444,         0.3],[         529,        0.33],[         807,        0.46],[         882,        0.47]],
[[         381,        0.28],[         415,        0.28],[         476,         0.3],[         739,        0.42],[         837,        0.45]],
[[        1598,        1.17],[         373,        0.25],[         416,        0.26],[         659,        0.38],[         771,        0.41]],
[[           .,           .],[         325,        0.22],[         370,        0.23],[         545,        0.31],[         717,        0.38]],
[[           .,           .],[         262,        0.18],[         370,        0.23],[         429,        0.24],[         638,        0.34]],
[[           .,           .],[         267,        0.18],[         316,         0.2],[         405,        0.23],[         629,        0.34]],
[[           .,           .],[         170,        0.11],[         268,        0.17],[         363,        0.21],[         585,        0.31]],
[[           .,           .],[         589,         0.4],[         829,        0.52],[        1259,        0.72],[        2306,        1.23]]],
[[[         650,        0.47],[         686,        0.46],[         686,        0.43],[         733,        0.42],[         770,        0.41]],
[[         650,        0.47],[         694,        0.47],[         715,        0.45],[         742,        0.42],[         770,        0.41]],
[[         660,        0.48],[         655,        0.44],[         843,        0.53],[         757,        0.43],[         776,        0.41]],
[[         691,         0.5],[         635,        0.43],[         786,        0.49],[         771,        0.44],[         783,        0.42]],
[[         677,        0.49],[         679,        0.46],[         758,        0.47],[         780,        0.45],[         786,        0.42]],
[[         678,         0.5],[         690,        0.46],[         826,        0.52],[         788,        0.45],[         790,        0.42]],
[[         711,        0.52],[         728,        0.49],[         902,        0.56],[         797,        0.45],[         795,        0.42]],
[[         741,        0.54],[         704,        0.47],[         792,         0.5],[         814,        0.46],[         807,        0.43]],
[[         775,        0.57],[         693,        0.47],[         794,         0.5],[         824,        0.47],[         813,        0.43]],
[[         755,        0.55],[         698,        0.47],[         821,        0.51],[         823,        0.47],[         817,        0.44]],
[[         774,        0.57],[         772,        0.52],[         812,        0.51],[         833,        0.48],[         827,        0.44]],
[[         724,        0.53],[         770,        0.52],[         791,        0.49],[         832,        0.47],[         834,        0.44]],
[[         703,        0.51],[         763,        0.51],[         752,        0.47],[         890,        0.51],[         841,        0.45]],
[[         673,        0.49],[         758,        0.51],[         676,        0.42],[         873,         0.5],[         853,        0.45]],
[[         640,        0.47],[         764,        0.51],[         718,        0.45],[         847,        0.48],[         856,        0.46]],
[[         671,        0.49],[         729,        0.49],[         746,        0.47],[         890,        0.51],[         858,        0.46]],
[[         721,        0.53],[         776,        0.52],[         769,        0.48],[         954,        0.54],[         858,        0.46]],
[[         689,         0.5],[         829,        0.56],[         724,        0.45],[         846,        0.48],[         858,        0.46]],
[[         634,        0.46],[         830,        0.56],[         670,        0.42],[         849,        0.48],[         873,        0.47]],
[[         535,        0.39],[         778,        0.52],[         666,        0.42],[         869,         0.5],[         861,        0.46]],
[[         488,        0.36],[         745,         0.5],[         621,        0.39],[         786,        0.45],[         800,        0.43]],
[[         568,        0.41],[         701,        0.47],[         669,        0.42],[         753,        0.43],[         779,        0.42]],
[[         617,        0.45],[         684,        0.46],[         685,        0.43],[         733,        0.42],[         810,        0.43]],
[[         693,        0.51],[         692,        0.47],[         707,        0.44],[         676,        0.39],[         793,        0.42]],
[[         753,        0.55],[         710,        0.48],[         737,        0.46],[         686,        0.39],[         786,        0.42]],
[[         782,        0.57],[         647,        0.44],[         655,        0.41],[         679,        0.39],[         806,        0.43]],
[[         854,        0.62],[         684,        0.46],[         745,        0.47],[         679,        0.39],[         852,        0.45]],
[[         806,        0.59],[         679,        0.46],[         776,        0.49],[         683,        0.39],[         812,        0.43]],
[[         750,        0.55],[         749,         0.5],[         812,        0.51],[         697,         0.4],[         813,        0.43]],
[[         861,        0.63],[         678,        0.46],[         853,        0.53],[         731,        0.42],[         820,        0.44]],
[[         841,        0.61],[         718,        0.48],[         811,        0.51],[         756,        0.43],[         825,        0.44]],
[[         853,        0.62],[         695,        0.47],[         802,         0.5],[         770,        0.44],[         809,        0.43]],
[[         884,        0.65],[         701,        0.47],[         835,        0.52],[         778,        0.44],[         802,        0.43]],
[[         956,         0.7],[         764,        0.51],[         771,        0.48],[         807,        0.46],[         772,        0.41]],
[[         933,        0.68],[         841,        0.57],[         887,        0.55],[         839,        0.48],[         777,        0.41]],
[[         829,        0.61],[         824,        0.56],[         790,        0.49],[         821,        0.47],[         770,        0.41]],
[[         917,        0.67],[         925,        0.62],[         875,        0.55],[         871,         0.5],[         768,        0.41]],
[[         885,        0.65],[         999,        0.67],[         830,        0.52],[         913,        0.52],[         789,        0.42]],
[[         828,         0.6],[         934,        0.63],[         959,         0.6],[         917,        0.52],[         807,        0.43]],
[[         846,        0.62],[        1028,        0.69],[         808,        0.51],[         935,        0.53],[         839,        0.45]],
[[         858,        0.63],[        1062,        0.72],[         842,        0.53],[         945,        0.54],[         871,        0.46]],
[[         830,        0.61],[        1034,         0.7],[         818,        0.51],[         939,        0.54],[         893,        0.48]],
[[         822,         0.6],[        1026,        0.69],[         790,        0.49],[         938,        0.54],[         899,        0.48]],
[[         789,        0.58],[        1127,        0.76],[         880,        0.55],[         919,        0.52],[         921,        0.49]],
[[         820,         0.6],[        1090,        0.73],[         960,         0.6],[         968,        0.55],[         952,        0.51]],
[[         795,        0.58],[         999,        0.67],[         939,        0.59],[         944,        0.54],[         948,        0.51]],
[[         820,         0.6],[        1076,        0.72],[        1059,        0.66],[         991,        0.57],[         997,        0.53]],
[[         798,        0.58],[         971,        0.65],[        1109,        0.69],[         980,        0.56],[        1044,        0.56]],
[[         831,        0.61],[         977,        0.66],[        1062,        0.66],[        1077,        0.61],[        1044,        0.56]],
[[         930,        0.68],[         939,        0.63],[        1139,        0.71],[         962,        0.55],[        1065,        0.57]],
[[         965,         0.7],[         975,        0.66],[        1140,        0.71],[         982,        0.56],[        1080,        0.58]],
[[        1084,        0.79],[         957,        0.64],[        1164,        0.73],[         960,        0.55],[        1083,        0.58]],
[[         905,        0.66],[         898,         0.6],[        1129,        0.71],[         948,        0.54],[        1086,        0.58]],
[[         882,        0.64],[         878,        0.59],[        1289,        0.81],[        1019,        0.58],[        1089,        0.58]],
[[         840,        0.61],[         910,        0.61],[        1183,        0.74],[        1108,        0.63],[        1124,         0.6]],
[[         840,        0.61],[         922,        0.62],[        1122,         0.7],[        1121,        0.64],[        1128,         0.6]],
[[         746,        0.54],[         982,        0.66],[        1256,        0.79],[        1227,         0.7],[        1188,        0.63]],
[[         679,         0.5],[         937,        0.63],[        1175,        0.74],[        1289,        0.74],[        1194,        0.64]],
[[         742,        0.54],[        1036,         0.7],[        1103,        0.69],[        1251,        0.71],[        1295,        0.69]],
[[         790,        0.58],[        1120,        0.75],[        1132,        0.71],[        1351,        0.77],[        1204,        0.64]],
[[         823,         0.6],[        1246,        0.84],[        1116,         0.7],[        1392,        0.79],[        1223,        0.65]],
[[         814,        0.59],[        1400,        0.94],[        1140,        0.71],[        1440,        0.82],[        1216,        0.65]],
[[         844,        0.62],[        1114,        0.75],[        1083,        0.68],[        1439,        0.82],[        1234,        0.66]],
[[         850,        0.62],[        1112,        0.75],[        1080,        0.68],[        1561,        0.89],[        1309,         0.7]],
[[         828,         0.6],[        1148,        0.77],[        1089,        0.68],[        1503,        0.86],[        1407,        0.75]],
[[         831,        0.61],[        1118,        0.75],[        1077,        0.67],[        1476,        0.84],[        1462,        0.78]],
[[         882,        0.64],[         955,        0.64],[        1226,        0.77],[        1571,         0.9],[        1575,        0.84]],
[[         936,        0.68],[         848,        0.57],[        1135,        0.71],[        1476,        0.84],[        1656,        0.88]],
[[         958,         0.7],[        1017,        0.69],[        1242,        0.78],[        1423,        0.81],[        1598,        0.85]],
[[         938,        0.69],[        1001,        0.67],[        1373,        0.86],[        1439,        0.82],[        1693,         0.9]],
[[         942,        0.69],[        1024,        0.69],[        1416,        0.89],[        1391,        0.79],[        1697,         0.9]],
[[         929,        0.68],[         969,        0.65],[        1601,           1],[        1363,        0.78],[        1716,        0.91]],
[[         949,        0.69],[         954,        0.64],[        1260,        0.79],[        1274,        0.73],[        1686,         0.9]],
[[         940,        0.69],[         901,        0.61],[        1165,        0.73],[        1235,         0.7],[        1761,        0.94]],
[[         961,         0.7],[         865,        0.58],[        1100,        0.69],[        1225,         0.7],[        1684,         0.9]],
[[         971,        0.71],[         851,        0.57],[        1162,        0.73],[        1193,        0.68],[        1606,        0.86]],
[[        1038,        0.76],[         865,        0.58],[         922,        0.58],[        1241,        0.71],[        1614,        0.86]],
[[        1113,        0.81],[         882,        0.59],[         803,         0.5],[        1154,        0.66],[        1480,        0.79]],
[[        1134,        0.83],[         869,        0.59],[         941,        0.59],[        1186,        0.68],[        1393,        0.74]],
[[         731,        0.53],[         798,        0.54],[         909,        0.57],[        1263,        0.72],[        1365,        0.73]],
[[         702,        0.51],[         792,        0.53],[         840,        0.53],[        1279,        0.73],[        1297,        0.69]],
[[         747,        0.55],[         730,        0.49],[         796,         0.5],[        1393,        0.79],[        1221,        0.65]],
[[         789,        0.58],[         734,        0.49],[         748,        0.47],[        1057,         0.6],[        1117,         0.6]],
[[         744,        0.54],[         693,        0.47],[         675,        0.42],[         939,        0.54],[        1040,        0.55]],
[[         737,        0.54],[         640,        0.43],[         634,         0.4],[         874,         0.5],[         988,        0.53]],
[[        3899,        2.85],[         657,        0.44],[         530,        0.33],[         825,        0.47],[         919,        0.49]],
[[           .,           .],[         631,        0.43],[         550,        0.34],[         652,        0.37],[         905,        0.48]],
[[           .,           .],[         575,        0.39],[         504,        0.32],[         553,        0.32],[         827,        0.44]],
[[           .,           .],[         501,        0.34],[         501,        0.31],[         588,        0.34],[         793,        0.42]],
[[           .,           .],[         376,        0.25],[         425,        0.27],[         525,         0.3],[         783,        0.42]],
[[           .,           .],[        1667,        1.12],[        1777,        1.11],[        2104,         1.2],[        3410,        1.82]]]]}}
