{
"ons":{
"label":"Population Projections for England and Wales, by local authority",
"source":"Office for National Statistics",
"updated":"2014-10-01",
"area": {
"code":"K04000001",
"label":"England and Wales"
},
"time": {
"label":"1998-2038",
"index":["1998",  "2008",  "2018",  "2028",  "2038"]
},
"concept":{
"label":["population", "% of population"],
"units":["count", "%"],
"max":[        2162,         1.26]
},
"sums":{
"series1":[       77752,        83180,       104984,       121645,       131851],
"series2":[       83224,        89272,       107014,       123349,       132787]
},
"dimension":{
"label":"age",
"index":["0", "1", "2", "3", "4", "5", "6", "7", "8", "9", "10", "11", "12", "13", "14", "15", "16", "17", "18", "19", "20", "21", "22", "23", "24", "25", "26", "27", "28", "29", "30", "31", "32", "33", "34", "35", "36", "37", "38", "39", "40", "41", "42", "43", "44", "45", "46", "47", "48", "49", "50", "51", "52", "53", "54", "55", "56", "57", "58", "59", "60", "61", "62", "63", "64", "65", "66", "67", "68", "69", "70", "71", "72", "73", "74", "75", "76", "77", "78", "79", "80", "81", "82", "83", "84", "85", "86", "87", "88", "89", "90+"]
},
"series":["male", "female"],
"value":[[[[        1286,         0.8],[        1832,        1.06],[        1957,        0.92],[        1989,        0.81],[        2113,         0.8]],
[[        1293,         0.8],[        1848,        1.07],[        1986,        0.94],[        2045,        0.83],[        2141,        0.81]],
[[        1269,        0.79],[        1678,        0.97],[        2052,        0.97],[        2094,        0.85],[        2162,        0.82]],
[[        1276,        0.79],[        1589,        0.92],[        1880,        0.89],[        2102,        0.86],[        2144,        0.81]],
[[        1325,        0.82],[        1416,        0.82],[        2013,        0.95],[        2111,        0.86],[        2132,        0.81]],
[[        1268,        0.79],[        1414,        0.82],[        2150,        1.01],[        2126,        0.87],[        2129,         0.8]],
[[        1265,        0.79],[        1236,        0.72],[        2067,        0.98],[        2129,        0.87],[        2118,         0.8]],
[[        1327,        0.82],[        1242,        0.72],[        1969,        0.93],[        2134,        0.87],[        2106,         0.8]],
[[        1258,        0.78],[        1191,        0.69],[        1982,        0.93],[        2116,        0.86],[        2088,        0.79]],
[[        1211,        0.75],[        1218,        0.71],[        1842,        0.87],[        2097,        0.86],[        2072,        0.78]],
[[        1198,        0.74],[        1360,        0.79],[        1913,         0.9],[        2089,        0.85],[        2063,        0.78]],
[[        1118,        0.69],[        1292,        0.75],[        1942,        0.92],[        2046,        0.84],[        2055,        0.78]],
[[        1118,        0.69],[        1264,        0.73],[        1709,        0.81],[        2120,        0.87],[        2046,        0.77]],
[[        1138,        0.71],[        1251,        0.73],[        1575,        0.74],[        1991,        0.81],[        2034,        0.77]],
[[        1041,        0.65],[        1321,        0.77],[        1390,        0.66],[        2025,        0.83],[        2039,        0.77]],
[[        1051,        0.65],[        1213,         0.7],[        1481,         0.7],[        2095,        0.86],[        2032,        0.77]],
[[         999,        0.62],[        1122,        0.65],[        1395,        0.66],[        2096,        0.86],[        2035,        0.77]],
[[         989,        0.61],[        1253,        0.73],[        1438,        0.68],[        1950,         0.8],[        2033,        0.77]],
[[        1019,        0.63],[        1098,        0.64],[        1367,        0.64],[        1930,        0.79],[        1994,        0.75]],
[[         882,        0.55],[         940,        0.55],[        1158,        0.55],[        1601,        0.65],[        1751,        0.66]],
[[         931,        0.58],[        1031,         0.6],[        1271,         0.6],[        1610,        0.66],[        1696,        0.64]],
[[         994,        0.62],[         961,        0.56],[        1296,        0.61],[        1622,        0.66],[        1687,        0.64]],
[[        1045,        0.65],[        1048,        0.61],[        1368,        0.65],[        1552,        0.63],[        1785,        0.67]],
[[        1109,        0.69],[        1282,        0.74],[        1515,        0.71],[        1505,        0.61],[        1774,        0.67]],
[[        1001,        0.62],[        1226,        0.71],[        1576,        0.74],[        1462,         0.6],[        1834,        0.69]],
[[        1093,        0.68],[        1241,        0.72],[        1570,        0.74],[        1494,        0.61],[        1899,        0.72]],
[[        1144,        0.71],[        1315,        0.76],[        1608,        0.76],[        1465,         0.6],[        1936,        0.73]],
[[        1300,        0.81],[        1321,        0.77],[        1646,        0.78],[        1529,        0.62],[        1874,        0.71]],
[[        1249,        0.78],[        1276,        0.74],[        1740,        0.82],[        1546,        0.63],[        1875,        0.71]],
[[        1351,        0.84],[        1257,        0.73],[        1622,        0.77],[        1578,        0.64],[        1818,        0.69]],
[[        1408,        0.87],[        1238,        0.72],[        1814,        0.86],[        1665,        0.68],[        1879,        0.71]],
[[        1497,        0.93],[        1247,        0.72],[        1709,        0.81],[        1696,        0.69],[        1862,         0.7]],
[[        1369,        0.85],[        1293,        0.75],[        1704,         0.8],[        1717,         0.7],[        1802,        0.68]],
[[        1376,        0.85],[        1352,        0.78],[        1891,        0.89],[        1758,        0.72],[        1744,        0.66]],
[[        1376,        0.85],[        1309,        0.76],[        1746,        0.82],[        1823,        0.74],[        1703,        0.64]],
[[        1336,        0.83],[        1328,        0.77],[        1657,        0.78],[        1825,        0.74],[        1699,        0.64]],
[[        1258,        0.78],[        1299,        0.75],[        1706,         0.8],[        1812,        0.74],[        1648,        0.62]],
[[        1241,        0.77],[        1352,        0.78],[        1664,        0.78],[        1900,        0.78],[        1677,        0.63]],
[[        1197,        0.74],[        1359,        0.79],[        1617,        0.76],[        1936,        0.79],[        1700,        0.64]],
[[        1129,         0.7],[        1314,        0.76],[        1503,        0.71],[        1863,        0.76],[        1708,        0.65]],
[[        1130,         0.7],[        1327,        0.77],[        1404,        0.66],[        1923,        0.78],[        1734,        0.66]],
[[        1058,        0.66],[        1352,        0.78],[        1508,        0.71],[        1859,        0.76],[        1775,        0.67]],
[[         936,        0.58],[        1296,        0.75],[        1361,        0.64],[        1852,        0.76],[        1782,        0.67]],
[[         883,        0.55],[        1274,        0.74],[        1508,        0.71],[        1931,        0.79],[        1799,        0.68]],
[[         911,        0.57],[        1202,         0.7],[        1463,        0.69],[        1839,        0.75],[        1824,        0.69]],
[[         881,        0.55],[        1169,        0.68],[        1435,        0.68],[        1775,        0.72],[        1772,        0.67]],
[[         843,        0.52],[        1116,        0.65],[        1410,        0.67],[        1696,        0.69],[        1771,        0.67]],
[[         912,        0.57],[        1106,        0.64],[        1411,        0.67],[        1671,        0.68],[        1819,        0.69]],
[[         897,        0.56],[        1074,        0.62],[        1369,        0.65],[        1624,        0.66],[        1821,        0.69]],
[[         909,        0.56],[        1045,        0.61],[        1234,        0.58],[        1517,        0.62],[        1770,        0.67]],
[[        1026,        0.64],[        1037,         0.6],[        1232,        0.58],[        1441,        0.59],[        1793,        0.68]],
[[        1067,        0.66],[         915,        0.53],[        1240,        0.58],[        1425,        0.58],[        1718,        0.65]],
[[         816,        0.51],[         866,         0.5],[        1223,        0.58],[        1343,        0.55],[        1720,        0.65]],
[[         758,        0.47],[         811,        0.47],[        1154,        0.54],[        1374,        0.56],[        1751,        0.66]],
[[         708,        0.44],[         818,        0.47],[        1064,         0.5],[        1361,        0.56],[        1676,        0.63]],
[[         720,        0.45],[         774,        0.45],[        1098,        0.52],[        1322,        0.54],[        1634,        0.62]],
[[         654,        0.41],[         745,        0.43],[        1104,        0.52],[        1280,        0.52],[        1552,        0.59]],
[[         597,        0.37],[         746,        0.43],[         943,        0.44],[        1293,        0.53],[        1530,        0.58]],
[[         629,        0.39],[         721,        0.42],[         997,        0.47],[        1229,         0.5],[        1477,        0.56]],
[[         623,        0.39],[         701,        0.41],[         954,        0.45],[        1159,        0.47],[        1374,        0.52]],
[[         637,         0.4],[         739,        0.43],[         897,        0.42],[        1121,        0.46],[        1285,        0.49]],
[[         659,        0.41],[         766,        0.44],[         802,        0.38],[        1108,        0.45],[        1240,        0.47]],
[[         621,        0.39],[         623,        0.36],[         784,        0.37],[        1050,        0.43],[        1147,        0.43]],
[[         607,        0.38],[         565,        0.33],[         715,        0.34],[        1003,        0.41],[        1139,        0.43]],
[[         569,        0.35],[         499,        0.29],[         680,        0.32],[         908,        0.37],[        1107,        0.42]],
[[         603,        0.37],[         507,        0.29],[         633,         0.3],[         888,        0.36],[        1051,         0.4]],
[[         603,        0.37],[         449,        0.26],[         560,        0.26],[         869,        0.35],[         998,        0.38]],
[[         599,        0.37],[         407,        0.24],[         565,        0.27],[         774,        0.32],[         987,        0.37]],
[[         654,        0.41],[         438,        0.25],[         506,        0.24],[         765,        0.31],[         927,        0.35]],
[[         580,        0.36],[         419,        0.24],[         492,        0.23],[         703,        0.29],[         864,        0.33]],
[[         567,        0.35],[         454,        0.26],[         497,        0.23],[         666,        0.27],[         830,        0.31]],
[[         562,        0.35],[         414,        0.24],[         472,        0.22],[         604,        0.25],[         811,        0.31]],
[[         588,        0.37],[         405,        0.23],[         433,         0.2],[         567,        0.23],[         770,        0.29]],
[[         536,        0.33],[         380,        0.22],[         415,         0.2],[         494,         0.2],[         724,        0.27]],
[[         539,        0.33],[         372,        0.22],[         370,        0.17],[         473,        0.19],[         649,        0.25]],
[[         547,        0.34],[         360,        0.21],[         340,        0.16],[         456,        0.19],[         633,        0.24]],
[[         539,        0.33],[         349,         0.2],[         277,        0.13],[         400,        0.16],[         619,        0.23]],
[[         470,        0.29],[         327,        0.19],[         272,        0.13],[         397,        0.16],[         552,        0.21]],
[[         518,        0.32],[         357,        0.21],[         282,        0.13],[         362,        0.15],[         537,         0.2]],
[[         274,        0.17],[         297,        0.17],[         270,        0.13],[         338,        0.14],[         491,        0.19]],
[[         217,        0.13],[         293,        0.17],[         267,        0.13],[         332,        0.14],[         459,        0.17]],
[[         237,        0.15],[         253,        0.15],[         244,        0.12],[         336,        0.14],[         408,        0.15]],
[[         264,        0.16],[         239,        0.14],[         215,         0.1],[         270,        0.11],[         365,        0.14]],
[[         227,        0.14],[         220,        0.13],[         219,         0.1],[         239,         0.1],[         310,        0.12]],
[[         197,        0.12],[         213,        0.12],[         162,        0.08],[         213,        0.09],[         288,        0.11]],
[[         645,         0.4],[         165,         0.1],[         164,        0.08],[         182,        0.07],[         264,         0.1]],
[[           .,           .],[         188,        0.11],[         153,        0.07],[         148,        0.06],[         223,        0.08]],
[[           .,           .],[         114,        0.07],[         121,        0.06],[         131,        0.05],[         203,        0.08]],
[[           .,           .],[         120,        0.07],[         126,        0.06],[         124,        0.05],[         171,        0.06]],
[[           .,           .],[          86,        0.05],[          71,        0.03],[         106,        0.04],[         152,        0.06]],
[[           .,           .],[         240,        0.14],[         379,        0.18],[         461,        0.19],[         666,        0.25]]],
[[[        1210,        0.75],[        1724,           1],[        1862,        0.88],[        1896,        0.77],[        2014,        0.76]],
[[        1273,        0.79],[        1644,        0.95],[        1937,        0.91],[        1934,        0.79],[        2025,        0.77]],
[[        1128,         0.7],[        1569,        0.91],[        1998,        0.94],[        1959,         0.8],[        2023,        0.76]],
[[        1135,        0.71],[        1450,        0.84],[        1942,        0.92],[        1981,        0.81],[        2021,        0.76]],
[[        1250,        0.78],[        1333,        0.77],[        1892,        0.89],[        1992,        0.81],[        2012,        0.76]],
[[        1275,        0.79],[        1233,        0.71],[        1799,        0.85],[        2001,        0.82],[        2004,        0.76]],
[[        1300,        0.81],[        1311,        0.76],[        1913,         0.9],[        2001,        0.82],[        1990,        0.75]],
[[        1168,        0.73],[        1237,        0.72],[        1839,        0.87],[        1998,        0.82],[        1973,        0.75]],
[[        1113,        0.69],[        1204,         0.7],[        1833,        0.86],[        1990,        0.81],[        1965,        0.74]],
[[        1069,        0.66],[        1217,        0.71],[        1794,        0.85],[        1971,         0.8],[        1948,        0.74]],
[[        1049,        0.65],[        1315,        0.76],[        1824,        0.86],[        1936,        0.79],[        1912,        0.72]],
[[         993,        0.62],[        1264,        0.73],[        1707,        0.81],[        1893,        0.77],[        1901,        0.72]],
[[        1058,        0.66],[        1178,        0.68],[        1531,        0.72],[        1974,        0.81],[        1897,        0.72]],
[[        1124,         0.7],[        1198,        0.69],[        1497,        0.71],[        1917,        0.78],[        1885,        0.71]],
[[        1024,        0.64],[        1180,        0.68],[        1295,        0.61],[        1867,        0.76],[        1873,        0.71]],
[[         977,        0.61],[        1185,        0.69],[        1294,        0.61],[        1852,        0.76],[        1868,        0.71]],
[[         910,        0.57],[        1222,        0.71],[        1376,        0.65],[        1919,        0.78],[        1878,        0.71]],
[[         971,         0.6],[        1105,        0.64],[        1327,        0.63],[        1825,        0.74],[        1887,        0.71]],
[[        1021,        0.63],[        1036,         0.6],[        1244,        0.59],[        1754,        0.72],[        1834,        0.69]],
[[         994,        0.62],[         943,        0.55],[        1035,        0.49],[        1464,         0.6],[        1516,        0.57]],
[[         885,        0.55],[        1009,        0.59],[        1135,        0.54],[        1397,        0.57],[        1463,        0.55]],
[[         955,        0.59],[        1015,        0.59],[        1140,        0.54],[        1359,        0.55],[        1464,        0.55]],
[[        1102,        0.68],[        1264,        0.73],[        1130,        0.53],[        1389,        0.57],[        1607,        0.61]],
[[        1131,         0.7],[        1410,        0.82],[        1432,        0.68],[        1430,        0.58],[        1674,        0.63]],
[[        1160,        0.72],[        1475,        0.86],[        1416,        0.67],[        1418,        0.58],[        1716,        0.65]],
[[        1185,        0.74],[        1458,        0.85],[        1497,        0.71],[        1428,        0.58],[        1768,        0.67]],
[[        1300,        0.81],[        1478,        0.86],[        1556,        0.73],[        1461,         0.6],[        1848,         0.7]],
[[        1372,        0.85],[        1591,        0.92],[        1604,        0.76],[        1518,        0.62],[        1816,        0.69]],
[[        1392,        0.86],[        1547,         0.9],[        1609,        0.76],[        1559,        0.64],[        1826,        0.69]],
[[        1451,         0.9],[        1505,        0.87],[        1791,        0.84],[        1629,        0.66],[        1843,         0.7]],
[[        1430,        0.89],[        1417,        0.82],[        1862,        0.88],[        1702,        0.69],[        1877,        0.71]],
[[        1473,        0.92],[        1414,        0.82],[        1816,        0.86],[        1729,        0.71],[        1831,        0.69]],
[[        1437,        0.89],[        1446,        0.84],[        1865,        0.88],[        1713,         0.7],[        1792,        0.68]],
[[        1489,        0.92],[        1478,        0.86],[        1883,        0.89],[        1774,        0.72],[        1742,        0.66]],
[[        1456,         0.9],[        1464,        0.85],[        1810,        0.85],[        1782,        0.73],[        1699,        0.64]],
[[        1410,        0.88],[        1348,        0.78],[        1775,        0.84],[        1832,        0.75],[        1681,        0.64]],
[[        1260,        0.78],[        1356,        0.79],[        1802,        0.85],[        1875,        0.77],[        1663,        0.63]],
[[        1244,        0.77],[        1458,        0.85],[        1636,        0.77],[        1912,        0.78],[        1698,        0.64]],
[[        1192,        0.74],[        1393,        0.81],[        1799,        0.85],[        1933,        0.79],[        1724,        0.65]],
[[        1148,        0.71],[        1429,        0.83],[        1670,        0.79],[        1948,         0.8],[        1760,        0.67]],
[[        1004,        0.62],[        1379,         0.8],[        1676,        0.79],[        2004,        0.82],[        1794,        0.68]],
[[        1043,        0.65],[        1379,         0.8],[        1617,        0.76],[        1934,        0.79],[        1810,        0.68]],
[[         947,        0.59],[        1338,        0.78],[        1603,        0.76],[        1979,        0.81],[        1797,        0.68]],
[[         903,        0.56],[        1390,        0.81],[        1571,        0.74],[        1995,        0.81],[        1822,        0.69]],
[[         977,        0.61],[        1298,        0.75],[        1537,        0.73],[        1928,        0.79],[        1833,        0.69]],
[[         870,        0.54],[        1284,        0.74],[        1458,        0.69],[        1898,        0.77],[        1835,        0.69]],
[[         940,        0.58],[        1147,        0.67],[        1416,        0.67],[        1877,        0.77],[        1859,         0.7]],
[[         882,        0.55],[        1141,        0.66],[        1446,        0.68],[        1796,        0.73],[        1867,        0.71]],
[[         874,        0.54],[        1062,        0.62],[        1469,        0.69],[        1822,        0.74],[        1856,         0.7]],
[[         921,        0.57],[        1034,         0.6],[        1377,        0.65],[        1690,        0.69],[        1861,         0.7]],
[[         926,        0.58],[         919,        0.53],[        1355,        0.64],[        1619,        0.66],[        1893,        0.72]],
[[        1020,        0.63],[         940,        0.55],[        1280,         0.6],[        1592,        0.65],[        1817,        0.69]],
[[         869,        0.54],[         838,        0.49],[        1296,        0.61],[        1515,        0.62],[        1825,        0.69]],
[[         740,        0.46],[         815,        0.47],[        1284,        0.61],[        1507,        0.62],[        1831,        0.69]],
[[         737,        0.46],[         821,        0.48],[        1266,         0.6],[        1428,        0.58],[        1755,        0.66]],
[[         706,        0.44],[         777,        0.45],[        1203,        0.57],[        1366,        0.56],[        1720,        0.65]],
[[         662,        0.41],[         780,        0.45],[        1072,        0.51],[        1311,        0.54],[        1679,        0.63]],
[[         597,        0.37],[         747,        0.43],[        1035,        0.49],[        1327,        0.54],[        1606,        0.61]],
[[         632,        0.39],[         727,        0.42],[         926,        0.44],[        1314,        0.54],[        1599,         0.6]],
[[         723,        0.45],[         767,        0.44],[         956,        0.45],[        1257,        0.51],[        1474,        0.56]],
[[         699,        0.43],[         728,        0.42],[         804,        0.38],[        1199,        0.49],[        1379,        0.52]],
[[         688,        0.43],[         779,        0.45],[         818,        0.39],[        1143,        0.47],[        1337,        0.51]],
[[         706,        0.44],[         651,        0.38],[         735,        0.35],[        1119,        0.46],[        1262,        0.48]],
[[         686,        0.43],[         595,        0.35],[         720,        0.34],[        1088,        0.44],[        1230,        0.46]],
[[         672,        0.42],[         545,        0.32],[         677,        0.32],[        1068,        0.44],[        1173,        0.44]],
[[         648,         0.4],[         576,        0.33],[         683,        0.32],[        1013,        0.41],[        1117,        0.42]],
[[         728,        0.45],[         540,        0.31],[         611,        0.29],[         897,        0.37],[        1065,         0.4]],
[[         789,        0.49],[         439,        0.25],[         627,         0.3],[         859,        0.35],[        1065,         0.4]],
[[         812,         0.5],[         518,         0.3],[         583,        0.28],[         791,        0.32],[        1048,         0.4]],
[[         747,        0.46],[         554,        0.32],[         568,        0.27],[         775,        0.32],[        1000,        0.38]],
[[         747,        0.46],[         547,        0.32],[         548,        0.26],[         672,        0.27],[         956,        0.36]],
[[         781,        0.49],[         492,        0.29],[         619,        0.29],[         676,        0.28],[         915,        0.35]],
[[         851,        0.53],[         505,        0.29],[         492,        0.23],[         611,        0.25],[         897,        0.34]],
[[         815,        0.51],[         513,         0.3],[         466,        0.22],[         599,        0.24],[         869,        0.33]],
[[         818,        0.51],[         460,        0.27],[         387,        0.18],[         565,        0.23],[         850,        0.32]],
[[         805,         0.5],[         478,        0.28],[         445,        0.21],[         565,        0.23],[         807,         0.3]],
[[         759,        0.47],[         518,         0.3],[         432,         0.2],[         510,        0.21],[         727,        0.27]],
[[         727,        0.45],[         532,        0.31],[         329,        0.16],[         504,        0.21],[         693,        0.26]],
[[         724,        0.45],[         527,        0.31],[         386,        0.18],[         480,         0.2],[         633,        0.24]],
[[         474,        0.29],[         471,        0.27],[         372,        0.18],[         463,        0.19],[         614,        0.23]],
[[         350,        0.22],[         480,        0.28],[         433,         0.2],[         421,        0.17],[         522,         0.2]],
[[         430,        0.27],[         423,        0.25],[         330,        0.16],[         461,        0.19],[         508,        0.19]],
[[         408,        0.25],[         440,        0.26],[         308,        0.15],[         354,        0.14],[         448,        0.17]],
[[         451,        0.28],[         412,        0.24],[         315,        0.15],[         321,        0.13],[         419,        0.16]],
[[         387,        0.24],[         392,        0.23],[         267,        0.13],[         264,        0.11],[         379,        0.14]],
[[        2035,        1.26],[         357,        0.21],[         271,        0.13],[         273,        0.11],[         356,        0.13]],
[[           .,           .],[         359,        0.21],[         247,        0.12],[         247,         0.1],[         308,        0.12]],
[[           .,           .],[         329,        0.19],[         242,        0.11],[         185,        0.08],[         282,        0.11]],
[[           .,           .],[         220,        0.13],[         239,        0.11],[         190,        0.08],[         252,         0.1]],
[[           .,           .],[         161,        0.09],[         168,        0.08],[         164,        0.07],[         218,        0.08]],
[[           .,           .],[         645,        0.37],[         882,        0.42],[         803,        0.33],[        1008,        0.38]]]]}}
