{
"ons":{
"label":"Population Projections for England and Wales, by local authority",
"source":"Office for National Statistics",
"updated":"2014-10-01",
"area": {
"code":"K04000001",
"label":"England and Wales"
},
"time": {
"label":"1998-2038",
"index":["1998",  "2008",  "2018",  "2028",  "2038"]
},
"concept":{
"label":["population", "% of population"],
"units":["count", "%"],
"max":[        4665,         1.51]
},
"sums":{
"series1":[      146557,       163598,       194318,       217077,       232531],
"series2":[      161788,       175614,       197822,       213896,       224223]
},
"dimension":{
"label":"age",
"index":["0", "1", "2", "3", "4", "5", "6", "7", "8", "9", "10", "11", "12", "13", "14", "15", "16", "17", "18", "19", "20", "21", "22", "23", "24", "25", "26", "27", "28", "29", "30", "31", "32", "33", "34", "35", "36", "37", "38", "39", "40", "41", "42", "43", "44", "45", "46", "47", "48", "49", "50", "51", "52", "53", "54", "55", "56", "57", "58", "59", "60", "61", "62", "63", "64", "65", "66", "67", "68", "69", "70", "71", "72", "73", "74", "75", "76", "77", "78", "79", "80", "81", "82", "83", "84", "85", "86", "87", "88", "89", "90+"]
},
"series":["male", "female"],
"value":[[[[        2139,        0.69],[        2686,        0.79],[        2733,         0.7],[        2587,         0.6],[        2625,        0.57]],
[[        2113,        0.69],[        2517,        0.74],[        2745,         0.7],[        2609,        0.61],[        2612,        0.57]],
[[        2135,        0.69],[        2501,        0.74],[        2704,        0.69],[        2645,        0.61],[        2620,        0.57]],
[[        2165,         0.7],[        2359,         0.7],[        2670,        0.68],[        2672,        0.62],[        2621,        0.57]],
[[        2153,         0.7],[        2227,        0.66],[        2755,         0.7],[        2698,        0.63],[        2626,        0.57]],
[[        2056,        0.67],[        2192,        0.65],[        2820,        0.72],[        2725,        0.63],[        2638,        0.58]],
[[        2108,        0.68],[        2198,        0.65],[        3062,        0.78],[        2745,        0.64],[        2644,        0.58]],
[[        2027,        0.66],[        2068,        0.61],[        2923,        0.75],[        2756,        0.64],[        2644,        0.58]],
[[        1960,        0.64],[        2175,        0.64],[        2811,        0.72],[        2769,        0.64],[        2652,        0.58]],
[[        1957,        0.63],[        2125,        0.63],[        2766,        0.71],[        2789,        0.65],[        2668,        0.58]],
[[        1967,        0.64],[        2122,        0.63],[        2716,        0.69],[        2791,        0.65],[        2674,        0.59]],
[[        1941,        0.63],[        2156,        0.64],[        2697,        0.69],[        2786,        0.65],[        2696,        0.59]],
[[        1843,         0.6],[        2148,        0.63],[        2593,        0.66],[        2840,        0.66],[        2706,        0.59]],
[[        1878,        0.61],[        2127,        0.63],[        2478,        0.63],[        2790,        0.65],[        2719,         0.6]],
[[        1798,        0.58],[        2184,        0.64],[        2383,        0.61],[        2871,        0.67],[        2744,         0.6]],
[[        1796,        0.58],[        2063,        0.61],[        2304,        0.59],[        2871,        0.67],[        2746,         0.6]],
[[        1946,        0.63],[        2093,        0.62],[        2361,         0.6],[        3022,         0.7],[        2737,         0.6]],
[[        1980,        0.64],[        2142,        0.63],[        2166,        0.55],[        2860,        0.66],[        2748,         0.6]],
[[        1911,        0.62],[        2121,        0.63],[        2262,        0.58],[        2705,        0.63],[        2655,        0.58]],
[[        1420,        0.46],[        1760,        0.52],[        1788,        0.46],[        2004,        0.46],[        2026,        0.44]],
[[        2136,        0.69],[        1569,        0.46],[        1742,        0.44],[        1940,        0.45],[        1968,        0.43]],
[[        2135,        0.69],[        1760,        0.52],[        1887,        0.48],[        2079,        0.48],[        2141,        0.47]],
[[        2310,        0.75],[        2091,        0.62],[        2273,        0.58],[        2319,        0.54],[        2503,        0.55]],
[[        2141,        0.69],[        2458,        0.72],[        2437,        0.62],[        2489,        0.58],[        2766,        0.61]],
[[        2131,        0.69],[        2675,        0.79],[        2689,        0.69],[        2593,         0.6],[        2983,        0.65]],
[[        2334,        0.76],[        2718,         0.8],[        2602,        0.66],[        2629,        0.61],[        3129,        0.69]],
[[        2215,        0.72],[        2781,        0.82],[        2870,        0.73],[        2677,        0.62],[        3306,        0.72]],
[[        2409,        0.78],[        2824,        0.83],[        2957,        0.75],[        2772,        0.64],[        3305,        0.72]],
[[        2415,        0.78],[        3050,         0.9],[        3216,        0.82],[        2898,        0.67],[        3301,        0.72]],
[[        2627,        0.85],[        2967,        0.87],[        3136,         0.8],[        3017,         0.7],[        3312,        0.73]],
[[        2633,        0.85],[        2798,        0.82],[        3395,        0.87],[        3053,        0.71],[        3333,        0.73]],
[[        2741,        0.89],[        2766,        0.82],[        3300,        0.84],[        3146,        0.73],[        3262,        0.71]],
[[        2733,        0.89],[        2735,        0.81],[        3205,        0.82],[        3227,        0.75],[        3215,         0.7]],
[[        2624,        0.85],[        2711,         0.8],[        3205,        0.82],[        3242,        0.75],[        3106,        0.68]],
[[        2610,        0.85],[        2698,         0.8],[        3104,        0.79],[        3273,        0.76],[        3041,        0.67]],
[[        2532,        0.82],[        2773,        0.82],[        3306,        0.84],[        3196,        0.74],[        2976,        0.65]],
[[        2383,        0.77],[        2584,        0.76],[        3236,        0.83],[        3257,        0.76],[        2943,        0.64]],
[[        2340,        0.76],[        2711,         0.8],[        3161,        0.81],[        3363,        0.78],[        2984,        0.65]],
[[        2183,        0.71],[        2690,        0.79],[        3240,        0.83],[        3425,        0.79],[        3050,        0.67]],
[[        2156,         0.7],[        2591,        0.76],[        3281,        0.84],[        3401,        0.79],[        3129,        0.69]],
[[        2063,        0.67],[        2561,        0.75],[        2972,        0.76],[        3493,        0.81],[        3161,        0.69]],
[[        2026,        0.66],[        2646,        0.78],[        2890,        0.74],[        3376,        0.78],[        3236,        0.71]],
[[        1975,        0.64],[        2536,        0.75],[        2734,         0.7],[        3428,         0.8],[        3263,        0.71]],
[[        1943,        0.63],[        2316,        0.68],[        2838,        0.72],[        3377,        0.78],[        3248,        0.71]],
[[        1897,        0.62],[        2406,        0.71],[        2776,        0.71],[        3322,        0.77],[        3303,        0.72]],
[[        1945,        0.63],[        2308,        0.68],[        2864,        0.73],[        3354,        0.78],[        3246,        0.71]],
[[        1910,        0.62],[        2171,        0.64],[        2632,        0.67],[        3320,        0.77],[        3280,        0.72]],
[[        1858,         0.6],[        2215,        0.65],[        2727,         0.7],[        3296,        0.76],[        3358,        0.74]],
[[        1891,        0.61],[        2063,        0.61],[        2705,        0.69],[        3246,        0.75],[        3364,        0.74]],
[[        1880,        0.61],[        2109,        0.62],[        2580,        0.66],[        3223,        0.75],[        3314,        0.73]],
[[        1880,        0.61],[        1993,        0.59],[        2578,        0.66],[        2992,        0.69],[        3375,        0.74]],
[[        2033,        0.66],[        1917,        0.57],[        2595,        0.66],[        2871,        0.67],[        3254,        0.71]],
[[        1699,        0.55],[        1888,        0.56],[        2506,        0.64],[        2738,        0.64],[        3299,        0.72]],
[[        1639,        0.53],[        1838,        0.54],[        2323,        0.59],[        2745,        0.64],[        3249,        0.71]],
[[        1618,        0.52],[        1689,         0.5],[        2455,        0.63],[        2683,        0.62],[        3166,        0.69]],
[[        1577,        0.51],[        1734,        0.51],[        2250,        0.57],[        2715,        0.63],[        3167,        0.69]],
[[        1318,        0.43],[        1626,        0.48],[        2042,        0.52],[        2578,         0.6],[        3118,        0.68]],
[[        1188,        0.39],[        1630,        0.48],[        2179,        0.56],[        2606,         0.6],[        3084,        0.68]],
[[        1322,        0.43],[        1690,         0.5],[        1978,         0.5],[        2517,        0.58],[        3035,        0.66]],
[[        1290,        0.42],[        1656,        0.49],[        1954,         0.5],[        2434,        0.56],[        2958,        0.65]],
[[        1260,        0.41],[        1637,        0.48],[        1938,        0.49],[        2409,        0.56],[        2726,         0.6]],
[[        1233,         0.4],[        1737,        0.51],[        1814,        0.46],[        2379,        0.55],[        2613,        0.57]],
[[        1301,        0.42],[        1470,        0.43],[        1763,        0.45],[        2318,        0.54],[        2485,        0.54]],
[[        1225,         0.4],[        1423,        0.42],[        1730,        0.44],[        2150,         0.5],[        2482,        0.54]],
[[        1190,        0.39],[        1374,        0.41],[        1494,        0.38],[        2176,         0.5],[        2425,        0.53]],
[[        1147,        0.37],[        1247,        0.37],[        1556,         0.4],[        2060,        0.48],[        2432,        0.53]],
[[        1151,        0.37],[        1048,        0.31],[        1435,        0.37],[        1890,        0.44],[        2313,        0.51]],
[[        1152,        0.37],[         973,        0.29],[        1450,        0.37],[        1946,        0.45],[        2321,        0.51]],
[[        1141,        0.37],[        1046,        0.31],[        1554,         0.4],[        1794,        0.42],[        2235,        0.49]],
[[        1069,        0.35],[         992,        0.29],[        1441,        0.37],[        1735,         0.4],[        2162,        0.47]],
[[        1013,        0.33],[         979,        0.29],[        1440,        0.37],[        1698,        0.39],[        2133,        0.47]],
[[         987,        0.32],[         967,        0.29],[        1499,        0.38],[        1577,        0.37],[        2096,        0.46]],
[[         923,         0.3],[         999,        0.29],[        1262,        0.32],[        1514,        0.35],[        2033,        0.45]],
[[         880,        0.29],[         953,        0.28],[        1211,        0.31],[        1475,        0.34],[        1889,        0.41]],
[[         848,        0.28],[         909,        0.27],[        1215,        0.31],[        1302,         0.3],[        1882,        0.41]],
[[         835,        0.27],[         829,        0.24],[         998,        0.25],[        1328,        0.31],[        1776,        0.39]],
[[         859,        0.28],[         823,        0.24],[         906,        0.23],[        1215,        0.28],[        1630,        0.36]],
[[         844,        0.27],[         822,        0.24],[         788,         0.2],[        1209,        0.28],[        1637,        0.36]],
[[         771,        0.25],[         790,        0.23],[         833,        0.21],[        1252,        0.29],[        1498,        0.33]],
[[         515,        0.17],[         690,         0.2],[         800,         0.2],[        1154,        0.27],[        1425,        0.31]],
[[         409,        0.13],[         627,        0.18],[         739,        0.19],[        1122,        0.26],[        1370,         0.3]],
[[         457,        0.15],[         589,        0.17],[         694,        0.18],[        1163,        0.27],[        1259,        0.28]],
[[         521,        0.17],[         540,        0.16],[         700,        0.18],[         952,        0.22],[        1196,        0.26]],
[[         492,        0.16],[         498,        0.15],[         636,        0.16],[         887,        0.21],[        1130,        0.25]],
[[         443,        0.14],[         473,        0.14],[         609,        0.16],[         841,         0.2],[         972,        0.21]],
[[        1858,         0.6],[         398,        0.12],[         540,        0.14],[         679,        0.16],[         949,        0.21]],
[[           .,           .],[         365,        0.11],[         420,        0.11],[         583,        0.14],[         844,        0.18]],
[[           .,           .],[         319,        0.09],[         405,         0.1],[         498,        0.12],[         797,        0.17]],
[[           .,           .],[         275,        0.08],[         356,        0.09],[         493,        0.11],[         779,        0.17]],
[[           .,           .],[         200,        0.06],[         314,        0.08],[         437,         0.1],[         685,        0.15]],
[[           .,           .],[         700,        0.21],[        1221,        0.31],[        1993,        0.46],[        3325,        0.73]]],
[[[        2043,        0.66],[        2520,        0.74],[        2517,        0.64],[        2453,        0.57],[        2489,        0.54]],
[[        2060,        0.67],[        2412,        0.71],[        2582,        0.66],[        2468,        0.57],[        2471,        0.54]],
[[        1942,        0.63],[        2360,         0.7],[        2673,        0.68],[        2494,        0.58],[        2470,        0.54]],
[[        2049,        0.66],[        2199,        0.65],[        2599,        0.66],[        2510,        0.58],[        2463,        0.54]],
[[        2045,        0.66],[        2109,        0.62],[        2534,        0.65],[        2532,        0.59],[        2465,        0.54]],
[[        1957,        0.63],[        2235,        0.66],[        2594,        0.66],[        2569,         0.6],[        2487,        0.54]],
[[        2045,        0.66],[        2033,         0.6],[        2827,        0.72],[        2594,         0.6],[        2498,        0.55]],
[[        1921,        0.62],[        1957,        0.58],[        2761,         0.7],[        2617,        0.61],[        2511,        0.55]],
[[        1936,        0.63],[        2062,        0.61],[        2716,        0.69],[        2639,        0.61],[        2527,        0.55]],
[[        1897,        0.62],[        1993,        0.59],[        2559,        0.65],[        2667,        0.62],[        2551,        0.56]],
[[        1908,        0.62],[        1992,        0.59],[        2635,        0.67],[        2669,        0.62],[        2556,        0.56]],
[[        1912,        0.62],[        2071,        0.61],[        2548,        0.65],[        2650,        0.61],[        2563,        0.56]],
[[        1832,        0.59],[        2055,        0.61],[        2432,        0.62],[        2746,        0.64],[        2574,        0.56]],
[[        1847,         0.6],[        2037,         0.6],[        2347,         0.6],[        2706,        0.63],[        2582,        0.57]],
[[        1814,        0.59],[        2157,        0.64],[        2232,        0.57],[        2695,        0.63],[        2602,        0.57]],
[[        1791,        0.58],[        1966,        0.58],[        2348,         0.6],[        2713,        0.63],[        2624,        0.57]],
[[        1945,        0.63],[        2048,         0.6],[        2077,        0.53],[        2866,        0.67],[        2618,        0.57]],
[[        1917,        0.62],[        2129,        0.63],[        2033,        0.52],[        2727,        0.63],[        2585,        0.57]],
[[        2007,        0.65],[        2124,        0.63],[        2070,        0.53],[        2577,         0.6],[        2499,        0.55]],
[[        2094,        0.68],[        1761,        0.52],[        1621,        0.41],[        1881,        0.44],[        1913,        0.42]],
[[        2225,        0.72],[        1752,        0.52],[        1622,        0.41],[        1928,        0.45],[        1935,        0.42]],
[[        2230,        0.72],[        1979,        0.58],[        1865,        0.48],[        2100,        0.49],[        2176,        0.48]],
[[        2410,        0.78],[        2449,        0.72],[        2111,        0.54],[        2400,        0.56],[        2612,        0.57]],
[[        2351,        0.76],[        2775,        0.82],[        2345,         0.6],[        2491,        0.58],[        2806,        0.61]],
[[        2351,        0.76],[        2888,        0.85],[        2677,        0.68],[        2591,         0.6],[        2962,        0.65]],
[[        2694,        0.87],[        3066,         0.9],[        2615,        0.67],[        2627,        0.61],[        3080,        0.67]],
[[        2782,         0.9],[        3170,        0.93],[        2604,        0.66],[        2562,        0.59],[        3194,         0.7]],
[[        2670,        0.87],[        3165,        0.93],[        2756,         0.7],[        2624,        0.61],[        3127,        0.68]],
[[        2758,        0.89],[        3205,        0.94],[        2990,        0.76],[        2684,        0.62],[        3074,        0.67]],
[[        2763,         0.9],[        3005,        0.89],[        2978,        0.76],[        2740,        0.64],[        3025,        0.66]],
[[        2809,        0.91],[        2985,        0.88],[        3195,        0.81],[        2784,        0.65],[        3044,        0.67]],
[[        2764,         0.9],[        2737,        0.81],[        3194,        0.81],[        2832,        0.66],[        2939,        0.64]],
[[        2865,        0.93],[        2815,        0.83],[        3216,        0.82],[        2812,        0.65],[        2865,        0.63]],
[[        2848,        0.92],[        2694,        0.79],[        3174,        0.81],[        2786,        0.65],[        2727,         0.6]],
[[        2761,         0.9],[        2744,        0.81],[        2990,        0.76],[        2844,        0.66],[        2672,        0.58]],
[[        2613,        0.85],[        2673,        0.79],[        3248,        0.83],[        2861,        0.66],[        2626,        0.57]],
[[        2409,        0.78],[        2828,        0.83],[        3222,        0.82],[        2889,        0.67],[        2563,        0.56]],
[[        2368,        0.77],[        2730,         0.8],[        3162,        0.81],[        2955,        0.69],[        2600,        0.57]],
[[        2391,        0.78],[        2708,         0.8],[        3222,        0.82],[        2982,        0.69],[        2636,        0.58]],
[[        2341,        0.76],[        2793,        0.82],[        3038,        0.77],[        2984,        0.69],[        2688,        0.59]],
[[        2237,        0.73],[        2729,         0.8],[        3012,        0.77],[        3093,        0.72],[        2720,         0.6]],
[[        2192,        0.71],[        2622,        0.77],[        2798,        0.71],[        3051,        0.71],[        2770,        0.61]],
[[        2082,        0.68],[        2724,         0.8],[        2879,        0.73],[        3131,        0.73],[        2761,         0.6]],
[[        1993,        0.65],[        2627,        0.77],[        2765,        0.71],[        3113,        0.72],[        2747,         0.6]],
[[        1981,        0.64],[        2612,        0.77],[        2743,         0.7],[        3054,        0.71],[        2827,        0.62]],
[[        1964,        0.64],[        2477,        0.73],[        2630,        0.67],[        3169,        0.74],[        2833,        0.62]],
[[        1894,        0.61],[        2411,        0.71],[        2828,        0.72],[        3166,        0.73],[        2868,        0.63]],
[[        2028,        0.66],[        2252,        0.66],[        2850,        0.73],[        3107,        0.72],[        2932,        0.64]],
[[        2021,        0.66],[        2286,        0.67],[        2826,        0.72],[        3154,        0.73],[        2942,        0.64]],
[[        2124,        0.69],[        2235,        0.66],[        2843,        0.72],[        2963,        0.69],[        2937,        0.64]],
[[        2164,         0.7],[        2195,        0.65],[        2743,         0.7],[        2921,        0.68],[        3019,        0.66]],
[[        2249,        0.73],[        2037,         0.6],[        2632,        0.67],[        2762,        0.64],[        2959,        0.65]],
[[        1829,        0.59],[        1978,        0.58],[        2677,        0.68],[        2821,        0.65],[        3021,        0.66]],
[[        1751,        0.57],[        1853,        0.55],[        2528,        0.64],[        2693,        0.62],[        3008,        0.66]],
[[        1745,        0.57],[        1809,        0.53],[        2562,        0.65],[        2667,        0.62],[        2921,        0.64]],
[[        1651,        0.54],[        1758,        0.52],[        2400,        0.61],[        2611,        0.61],[        2991,        0.65]],
[[        1425,        0.46],[        1791,        0.53],[        2372,         0.6],[        2687,        0.62],[        2962,        0.65]],
[[        1316,        0.43],[        1826,        0.54],[        2184,        0.56],[        2639,        0.61],[        2893,        0.63]],
[[        1433,        0.46],[        1781,        0.53],[        2152,        0.55],[        2575,         0.6],[        2904,        0.64]],
[[        1523,        0.49],[        1827,        0.54],[        2066,        0.53],[        2577,         0.6],[        2731,         0.6]],
[[        1437,        0.47],[        1823,        0.54],[        2049,        0.52],[        2512,        0.58],[        2650,        0.58]],
[[        1333,        0.43],[        1879,        0.55],[        1877,        0.48],[        2408,        0.56],[        2510,        0.55]],
[[        1337,        0.43],[        1617,        0.48],[        1876,        0.48],[        2449,        0.57],[        2542,        0.56]],
[[        1282,        0.42],[        1534,        0.45],[        1706,        0.44],[        2338,        0.54],[        2442,        0.53]],
[[        1231,         0.4],[        1552,        0.46],[        1696,        0.43],[        2331,        0.54],[        2412,        0.53]],
[[        1238,         0.4],[        1416,        0.42],[        1678,        0.43],[        2200,        0.51],[        2371,        0.52]],
[[        1256,        0.41],[        1288,        0.38],[        1651,        0.42],[        2146,         0.5],[        2429,        0.53]],
[[        1335,        0.43],[        1124,        0.33],[        1674,        0.43],[        1998,        0.46],[        2395,        0.52]],
[[        1334,        0.43],[        1195,        0.35],[        1668,        0.43],[        1993,        0.46],[        2344,        0.51]],
[[        1235,         0.4],[        1249,        0.37],[        1614,        0.41],[        1889,        0.44],[        2354,        0.52]],
[[        1269,        0.41],[        1204,        0.35],[        1606,        0.41],[        1865,        0.43],[        2296,         0.5]],
[[        1262,        0.41],[        1118,        0.33],[        1685,        0.43],[        1725,         0.4],[        2220,        0.49]],
[[        1197,        0.39],[        1141,        0.34],[        1510,        0.39],[        1699,        0.39],[        2238,        0.49]],
[[        1197,        0.39],[        1085,        0.32],[        1420,        0.36],[        1575,        0.37],[        2138,        0.47]],
[[        1200,        0.39],[        1026,         0.3],[        1413,        0.36],[        1525,        0.35],[        2109,        0.46]],
[[        1175,        0.38],[        1091,        0.32],[        1242,        0.32],[        1494,        0.35],[        1988,        0.44]],
[[        1182,        0.38],[        1022,         0.3],[        1181,         0.3],[        1470,        0.34],[        1919,        0.42]],
[[        1200,        0.39],[        1049,        0.31],[         934,        0.24],[        1478,        0.34],[        1784,        0.39]],
[[        1175,        0.38],[         986,        0.29],[         998,        0.25],[        1452,        0.34],[        1753,        0.38]],
[[         821,        0.27],[         936,        0.28],[        1040,        0.27],[        1388,        0.32],[        1647,        0.36]],
[[         758,        0.25],[         886,        0.26],[         995,        0.25],[        1371,        0.32],[        1605,        0.35]],
[[         925,         0.3],[         842,        0.25],[         866,        0.22],[        1395,        0.32],[        1461,        0.32]],
[[         947,        0.31],[         791,        0.23],[         929,        0.24],[        1221,        0.28],[        1413,        0.31]],
[[         949,        0.31],[         795,        0.23],[         844,        0.22],[        1105,        0.26],[        1285,        0.28]],
[[         881,        0.29],[         791,        0.23],[         759,        0.19],[        1067,        0.25],[        1218,        0.27]],
[[        4665,        1.51],[         741,        0.22],[         788,         0.2],[         928,        0.22],[        1155,        0.25]],
[[           .,           .],[         673,         0.2],[         689,        0.18],[         846,         0.2],[        1104,        0.24]],
[[           .,           .],[         621,        0.18],[         624,        0.16],[         663,        0.15],[        1050,        0.23]],
[[           .,           .],[         486,        0.14],[         592,        0.15],[         669,        0.16],[         992,        0.22]],
[[           .,           .],[         406,        0.12],[         534,        0.14],[         650,        0.15],[         904,         0.2]],
[[           .,           .],[        2036,         0.6],[        2265,        0.58],[        2841,        0.66],[        4351,        0.95]]]]}}
