{
"ons":{
"label":"Population Projections for England and Wales, by local authority",
"source":"Office for National Statistics",
"updated":"2014-10-01",
"area": {
"code":"K04000001",
"label":"England and Wales"
},
"time": {
"label":"1998-2038",
"index":["1998",  "2008",  "2018",  "2028",  "2038"]
},
"concept":{
"label":["population", "% of population"],
"units":["count", "%"],
"max":[        2327,         1.18]
},
"sums":{
"series1":[       70269,        75763,        84577,        95096,       101793],
"series2":[       71287,        78401,        87046,        95278,       101180]
},
"dimension":{
"label":"age",
"index":["0", "1", "2", "3", "4", "5", "6", "7", "8", "9", "10", "11", "12", "13", "14", "15", "16", "17", "18", "19", "20", "21", "22", "23", "24", "25", "26", "27", "28", "29", "30", "31", "32", "33", "34", "35", "36", "37", "38", "39", "40", "41", "42", "43", "44", "45", "46", "47", "48", "49", "50", "51", "52", "53", "54", "55", "56", "57", "58", "59", "60", "61", "62", "63", "64", "65", "66", "67", "68", "69", "70", "71", "72", "73", "74", "75", "76", "77", "78", "79", "80", "81", "82", "83", "84", "85", "86", "87", "88", "89", "90+"]
},
"series":["male", "female"],
"value":[[[[         923,        0.65],[        1037,        0.67],[        1172,        0.68],[        1038,        0.55],[        1082,        0.53]],
[[         935,        0.66],[         918,         0.6],[        1161,        0.68],[        1064,        0.56],[        1093,        0.54]],
[[         948,        0.67],[        1012,        0.66],[        1222,        0.71],[        1101,        0.58],[        1114,        0.55]],
[[         938,        0.66],[         972,        0.63],[        1175,        0.68],[        1124,        0.59],[        1123,        0.55]],
[[         988,         0.7],[         918,         0.6],[        1204,         0.7],[        1155,        0.61],[        1142,        0.56]],
[[         926,        0.65],[         910,        0.59],[        1226,        0.71],[        1171,        0.62],[        1150,        0.57]],
[[         953,        0.67],[         958,        0.62],[        1206,         0.7],[        1190,        0.63],[        1161,        0.57]],
[[         950,        0.67],[         894,        0.58],[        1172,        0.68],[        1218,        0.64],[        1177,        0.58]],
[[         947,        0.67],[         970,        0.63],[        1190,        0.69],[        1233,        0.65],[        1190,        0.59]],
[[         946,        0.67],[        1041,        0.68],[        1176,        0.69],[        1255,        0.66],[        1210,         0.6]],
[[        1001,        0.71],[        1041,        0.68],[        1213,        0.71],[        1276,        0.67],[        1233,        0.61]],
[[         922,        0.65],[        1061,        0.69],[        1103,        0.64],[        1276,        0.67],[        1254,        0.62]],
[[         994,         0.7],[        1104,        0.72],[        1137,        0.66],[        1380,        0.72],[        1276,        0.63]],
[[        1016,        0.72],[        1035,        0.67],[        1017,        0.59],[        1352,        0.71],[        1295,        0.64]],
[[         947,        0.67],[        1107,        0.72],[        1102,        0.64],[        1362,        0.72],[        1320,        0.65]],
[[         975,        0.69],[        1044,        0.68],[        1071,        0.62],[        1402,        0.74],[        1341,        0.66]],
[[         918,        0.65],[        1083,         0.7],[        1104,        0.64],[        1402,        0.74],[        1357,        0.67]],
[[        1018,        0.72],[        1072,         0.7],[        1024,         0.6],[        1352,        0.71],[        1371,        0.68]],
[[        1066,        0.75],[        1038,        0.67],[        1082,        0.63],[        1316,        0.69],[        1338,        0.66]],
[[         831,        0.59],[         878,        0.57],[         879,        0.51],[        1077,        0.57],[        1125,        0.55]],
[[         680,        0.48],[         837,        0.54],[         874,        0.51],[        1062,        0.56],[        1102,        0.54]],
[[         707,         0.5],[         850,        0.55],[         898,        0.52],[        1025,        0.54],[        1115,        0.55]],
[[         836,        0.59],[         887,        0.58],[        1027,         0.6],[        1014,        0.53],[        1167,        0.57]],
[[         981,        0.69],[         894,        0.58],[         899,        0.52],[         956,         0.5],[        1145,        0.56]],
[[        1119,        0.79],[         941,        0.61],[         992,        0.58],[         951,         0.5],[        1145,        0.56]],
[[        1070,        0.76],[         985,        0.64],[         963,        0.56],[         901,        0.47],[        1134,        0.56]],
[[        1090,        0.77],[         989,        0.64],[         992,        0.58],[         894,        0.47],[        1143,        0.56]],
[[        1089,        0.77],[        1016,        0.66],[         870,        0.51],[         887,        0.47],[        1111,        0.55]],
[[        1117,        0.79],[        1047,        0.68],[        1016,        0.59],[         921,        0.48],[        1093,        0.54]],
[[        1165,        0.82],[        1015,        0.66],[         938,        0.55],[         971,        0.51],[        1091,        0.54]],
[[        1132,         0.8],[         930,         0.6],[         966,        0.56],[        1005,        0.53],[        1124,        0.55]],
[[        1200,        0.85],[         957,        0.62],[         982,        0.57],[        1068,        0.56],[        1100,        0.54]],
[[        1106,        0.78],[        1015,        0.66],[        1085,        0.63],[        1092,        0.57],[        1091,        0.54]],
[[        1182,        0.84],[         946,        0.61],[        1020,        0.59],[        1072,        0.56],[        1055,        0.52]],
[[        1128,         0.8],[        1046,        0.68],[        1060,        0.62],[        1149,         0.6],[        1049,        0.52]],
[[        1093,        0.77],[         971,        0.63],[        1093,        0.64],[        1148,         0.6],[        1041,        0.51]],
[[        1090,        0.77],[        1146,        0.74],[        1154,        0.67],[        1185,        0.62],[        1041,        0.51]],
[[        1050,        0.74],[        1133,        0.73],[        1155,        0.67],[        1193,        0.63],[        1069,        0.53]],
[[        1007,        0.71],[        1141,        0.74],[        1153,        0.67],[        1256,        0.66],[        1116,        0.55]],
[[        1034,        0.73],[        1188,        0.77],[        1125,        0.66],[        1222,        0.64],[        1162,        0.57]],
[[        1026,        0.72],[        1216,        0.79],[        1073,        0.63],[        1257,        0.66],[        1189,        0.59]],
[[         972,        0.69],[        1284,        0.83],[        1052,        0.61],[        1228,        0.65],[        1244,        0.61]],
[[         934,        0.66],[        1203,        0.78],[        1125,        0.66],[        1298,        0.68],[        1258,        0.62]],
[[         931,        0.66],[        1215,        0.79],[        1095,        0.64],[        1249,        0.66],[        1243,        0.61]],
[[         907,        0.64],[        1180,        0.77],[        1238,        0.72],[        1252,        0.66],[        1314,        0.65]],
[[         940,        0.66],[        1162,        0.75],[        1041,        0.61],[        1280,        0.67],[        1305,        0.64]],
[[         975,        0.69],[        1164,        0.76],[        1204,         0.7],[        1300,        0.68],[        1334,        0.66]],
[[         935,        0.66],[        1076,         0.7],[        1199,         0.7],[        1330,         0.7],[        1352,        0.67]],
[[         981,        0.69],[        1047,        0.68],[        1220,        0.71],[        1324,         0.7],[        1386,        0.68]],
[[         992,         0.7],[        1076,         0.7],[        1258,        0.73],[        1257,        0.66],[        1350,        0.67]],
[[        1113,        0.79],[        1018,        0.66],[        1239,        0.72],[        1173,        0.62],[        1375,        0.68]],
[[        1118,        0.79],[        1027,        0.67],[        1315,        0.77],[        1165,        0.61],[        1333,        0.66]],
[[         913,        0.64],[         938,        0.61],[        1264,        0.74],[        1214,        0.64],[        1397,        0.69]],
[[         872,        0.62],[         934,        0.61],[        1215,        0.71],[        1203,        0.63],[        1355,        0.67]],
[[         870,        0.61],[         910,        0.59],[        1220,        0.71],[        1279,        0.67],[        1340,        0.66]],
[[         847,         0.6],[         902,        0.59],[        1156,        0.67],[        1165,        0.61],[        1349,        0.66]],
[[         691,        0.49],[         858,        0.56],[        1162,        0.68],[        1282,        0.67],[        1355,        0.67]],
[[         651,        0.46],[         861,        0.56],[        1098,        0.64],[        1265,        0.66],[        1364,        0.67]],
[[         680,        0.48],[         929,         0.6],[        1008,        0.59],[        1254,        0.66],[        1344,        0.66]],
[[         757,        0.53],[         891,        0.58],[        1059,        0.62],[        1273,        0.67],[        1274,        0.63]],
[[         701,         0.5],[        1019,        0.66],[         946,        0.55],[        1247,        0.66],[        1179,        0.58]],
[[         691,        0.49],[        1002,        0.65],[         998,        0.58],[        1304,        0.68],[        1156,        0.57]],
[[         630,        0.45],[         812,        0.53],[         932,        0.54],[        1240,        0.65],[        1177,        0.58]],
[[         646,        0.46],[         770,         0.5],[         873,        0.51],[        1203,        0.63],[        1157,        0.57]],
[[         630,        0.45],[         795,        0.52],[         824,        0.48],[        1175,        0.62],[        1209,         0.6]],
[[         577,        0.41],[         732,        0.47],[         831,        0.48],[        1128,        0.59],[        1121,        0.55]],
[[         574,        0.41],[         607,        0.39],[         800,        0.47],[        1096,        0.58],[        1202,        0.59]],
[[         593,        0.42],[         555,        0.36],[         763,        0.44],[        1042,        0.55],[        1180,        0.58]],
[[         588,        0.42],[         597,        0.39],[         839,        0.49],[         964,        0.51],[        1162,        0.57]],
[[         542,        0.38],[         619,         0.4],[         807,        0.47],[         981,        0.52],[        1172,        0.58]],
[[         532,        0.38],[         621,         0.4],[         974,        0.57],[         892,        0.47],[        1144,        0.56]],
[[         555,        0.39],[         577,        0.37],[         907,        0.53],[         896,        0.47],[        1175,        0.58]],
[[         536,        0.38],[         524,        0.34],[         699,        0.41],[         812,        0.43],[        1114,        0.55]],
[[         444,        0.31],[         520,        0.34],[         620,        0.36],[         785,        0.41],[        1083,        0.53]],
[[         440,        0.31],[         471,        0.31],[         704,        0.41],[         751,        0.39],[        1054,        0.52]],
[[         461,        0.33],[         429,        0.28],[         602,        0.35],[         749,        0.39],[        1004,        0.49]],
[[         415,        0.29],[         440,        0.29],[         514,         0.3],[         685,        0.36],[         957,        0.47]],
[[         403,        0.28],[         420,        0.27],[         467,        0.27],[         656,        0.34],[         899,        0.44]],
[[         345,        0.24],[         421,        0.27],[         444,        0.26],[         701,        0.37],[         823,        0.41]],
[[         252,        0.18],[         357,        0.23],[         464,        0.27],[         662,        0.35],[         821,         0.4]],
[[         209,        0.15],[         359,        0.23],[         457,        0.27],[         760,         0.4],[         737,        0.36]],
[[         205,        0.14],[         345,        0.22],[         413,        0.24],[         719,        0.38],[         730,        0.36]],
[[         205,        0.14],[         323,        0.21],[         344,         0.2],[         534,        0.28],[         648,        0.32]],
[[         184,        0.13],[         265,        0.17],[         345,         0.2],[         475,        0.25],[         605,         0.3]],
[[         165,        0.12],[         224,        0.15],[         291,        0.17],[         496,        0.26],[         552,        0.27]],
[[         623,        0.44],[         225,        0.15],[         260,        0.15],[         403,        0.21],[         526,        0.26]],
[[           .,           .],[         196,        0.13],[         244,        0.14],[         331,        0.17],[         467,        0.23]],
[[           .,           .],[         161,         0.1],[         222,        0.13],[         278,        0.15],[         430,        0.21]],
[[           .,           .],[          96,        0.06],[         186,        0.11],[         255,        0.13],[         425,        0.21]],
[[           .,           .],[          98,        0.06],[         146,        0.09],[         244,        0.13],[         370,        0.18]],
[[           .,           .],[         265,        0.17],[         522,         0.3],[         867,        0.46],[        1607,        0.79]]],
[[[         851,         0.6],[        1011,        0.66],[        1138,        0.66],[         989,        0.52],[        1030,        0.51]],
[[         857,        0.61],[         946,        0.61],[        1066,        0.62],[        1011,        0.53],[        1038,        0.51]],
[[         861,        0.61],[         962,        0.62],[        1105,        0.64],[        1037,        0.54],[        1050,        0.52]],
[[         870,        0.61],[         889,        0.58],[        1112,        0.65],[        1065,        0.56],[        1065,        0.52]],
[[         882,        0.62],[         925,         0.6],[        1154,        0.67],[        1087,        0.57],[        1074,        0.53]],
[[         879,        0.62],[         913,        0.59],[        1139,        0.66],[        1103,        0.58],[        1082,        0.53]],
[[         858,        0.61],[         851,        0.55],[        1175,        0.68],[        1114,        0.59],[        1087,        0.54]],
[[         853,         0.6],[         917,        0.59],[        1123,        0.65],[        1132,        0.59],[        1094,        0.54]],
[[         870,        0.61],[         894,        0.58],[        1155,        0.67],[        1150,         0.6],[        1109,        0.55]],
[[         886,        0.63],[         937,        0.61],[        1144,        0.67],[        1173,        0.62],[        1130,        0.56]],
[[         966,        0.68],[        1000,        0.65],[        1091,        0.64],[        1173,        0.62],[        1133,        0.56]],
[[         862,        0.61],[         984,        0.64],[        1031,         0.6],[        1166,        0.61],[        1145,        0.56]],
[[         935,        0.66],[        1014,        0.66],[        1048,        0.61],[        1231,        0.65],[        1158,        0.57]],
[[         901,        0.64],[         927,         0.6],[        1010,        0.59],[        1211,        0.64],[        1171,        0.58]],
[[         848,         0.6],[         986,        0.64],[         995,        0.58],[        1251,        0.66],[        1177,        0.58]],
[[         819,        0.58],[        1001,        0.65],[         989,        0.58],[        1248,        0.66],[        1196,        0.59]],
[[         884,        0.62],[         986,        0.64],[         932,        0.54],[        1272,        0.67],[        1210,         0.6]],
[[         928,        0.66],[         913,        0.59],[        1006,        0.59],[        1232,        0.65],[        1239,        0.61]],
[[         961,        0.68],[         837,        0.54],[         971,        0.57],[        1224,        0.64],[        1221,         0.6]],
[[         808,        0.57],[         840,        0.54],[         734,        0.43],[        1009,        0.53],[        1024,         0.5]],
[[         679,        0.48],[         906,        0.59],[         734,        0.43],[         937,        0.49],[         974,        0.48]],
[[         666,        0.47],[         865,        0.56],[         831,        0.48],[         892,        0.47],[         967,        0.48]],
[[         825,        0.58],[         976,        0.63],[         901,        0.52],[         929,        0.49],[        1039,        0.51]],
[[         941,        0.66],[         992,        0.64],[         800,        0.47],[         875,        0.46],[        1013,         0.5]],
[[        1025,        0.72],[         992,        0.64],[         960,        0.56],[         846,        0.44],[        1002,        0.49]],
[[        1056,        0.75],[         995,        0.65],[         929,        0.54],[         820,        0.43],[        1006,         0.5]],
[[        1120,        0.79],[        1064,        0.69],[         941,        0.55],[         801,        0.42],[        1037,        0.51]],
[[        1113,        0.79],[        1057,        0.69],[         985,        0.57],[         829,        0.44],[        1010,         0.5]],
[[        1081,        0.76],[        1130,        0.73],[        1025,         0.6],[         859,        0.45],[        1018,         0.5]],
[[        1080,        0.76],[        1072,         0.7],[         975,        0.57],[         899,        0.47],[        1021,         0.5]],
[[        1079,        0.76],[         992,        0.64],[        1182,        0.69],[         943,         0.5],[        1049,        0.52]],
[[        1114,        0.79],[         965,        0.63],[        1065,        0.62],[         999,        0.52],[        1037,        0.51]],
[[        1057,        0.75],[        1021,        0.66],[        1205,         0.7],[        1027,        0.54],[        1049,        0.52]],
[[        1011,        0.71],[        1071,        0.69],[        1172,        0.68],[        1027,        0.54],[        1030,        0.51]],
[[        1102,        0.78],[        1087,        0.71],[        1237,        0.72],[        1122,        0.59],[        1042,        0.51]],
[[        1070,        0.76],[        1147,        0.74],[        1158,        0.67],[        1152,        0.61],[        1025,         0.5]],
[[         998,        0.71],[        1143,        0.74],[        1255,        0.73],[        1180,        0.62],[        1012,         0.5]],
[[        1005,        0.71],[        1182,        0.77],[        1330,        0.77],[        1223,        0.64],[        1062,        0.52]],
[[         999,        0.71],[        1137,        0.74],[        1311,        0.76],[        1283,        0.67],[        1090,        0.54]],
[[         979,        0.69],[        1158,        0.75],[        1269,        0.74],[        1264,        0.66],[        1131,        0.56]],
[[        1019,        0.72],[        1233,         0.8],[        1218,        0.71],[        1359,        0.71],[        1160,        0.57]],
[[         926,        0.65],[        1214,        0.79],[        1065,        0.62],[        1280,        0.67],[        1205,        0.59]],
[[         905,        0.64],[        1207,        0.78],[        1101,        0.64],[        1362,        0.72],[        1213,         0.6]],
[[         938,        0.66],[        1137,        0.74],[        1171,        0.68],[        1348,        0.71],[        1197,        0.59]],
[[         978,        0.69],[        1264,        0.82],[        1101,        0.64],[        1352,        0.71],[        1264,        0.62]],
[[         909,        0.64],[        1218,        0.79],[        1240,        0.72],[        1308,        0.69],[        1290,        0.64]],
[[         971,        0.69],[        1151,        0.75],[        1189,        0.69],[        1370,        0.72],[        1313,        0.65]],
[[         948,        0.67],[        1074,         0.7],[        1231,        0.72],[        1424,        0.75],[        1336,        0.66]],
[[        1025,        0.72],[        1092,        0.71],[        1199,         0.7],[        1402,        0.74],[        1381,        0.68]],
[[        1006,        0.71],[        1075,         0.7],[        1238,        0.72],[        1335,         0.7],[        1361,        0.67]],
[[        1054,        0.74],[        1047,        0.68],[        1239,        0.72],[        1261,        0.66],[        1435,        0.71]],
[[        1137,         0.8],[         944,        0.61],[        1260,        0.73],[        1160,        0.61],[        1355,        0.67]],
[[         880,        0.62],[         942,        0.61],[        1259,        0.73],[        1172,        0.62],[        1407,        0.69]],
[[         864,        0.61],[         903,        0.59],[        1203,         0.7],[        1205,        0.63],[        1396,        0.69]],
[[         895,        0.63],[         934,        0.61],[        1286,        0.75],[        1159,        0.61],[        1386,        0.68]],
[[         851,         0.6],[         846,        0.55],[        1209,         0.7],[        1258,        0.66],[        1342,        0.66]],
[[         716,        0.51],[         887,        0.58],[        1173,        0.68],[        1226,        0.64],[        1385,        0.68]],
[[         669,        0.47],[         917,        0.59],[        1063,        0.62],[        1257,        0.66],[        1421,         0.7]],
[[         735,        0.52],[         952,        0.62],[        1047,        0.61],[        1218,        0.64],[        1385,        0.68]],
[[         705,         0.5],[         974,        0.63],[        1061,        0.62],[        1245,        0.65],[        1312,        0.65]],
[[         708,         0.5],[         976,        0.63],[        1052,        0.61],[        1252,        0.66],[        1235,        0.61]],
[[         658,        0.46],[        1039,        0.67],[         921,        0.54],[        1249,        0.66],[        1150,        0.57]],
[[         694,        0.49],[         793,        0.51],[         949,        0.55],[        1236,        0.65],[        1158,        0.57]],
[[         694,        0.49],[         806,        0.52],[         928,        0.54],[        1196,        0.63],[        1183,        0.58]],
[[         683,        0.48],[         802,        0.52],[         896,        0.52],[        1255,        0.66],[        1138,        0.56]],
[[         649,        0.46],[         770,         0.5],[         826,        0.48],[        1207,        0.63],[        1219,         0.6]],
[[         610,        0.43],[         651,        0.42],[         850,         0.5],[        1164,        0.61],[        1196,        0.59]],
[[         622,        0.44],[         591,        0.38],[         865,         0.5],[        1065,        0.56],[        1217,         0.6]],
[[         651,        0.46],[         653,        0.42],[         861,         0.5],[        1013,        0.53],[        1177,        0.58]],
[[         646,        0.46],[         621,         0.4],[         927,        0.54],[        1016,        0.53],[        1195,        0.59]],
[[         594,        0.42],[         634,        0.41],[         913,        0.53],[         991,        0.52],[        1199,        0.59]],
[[         599,        0.42],[         598,        0.39],[         918,        0.53],[         885,        0.46],[        1187,        0.58]],
[[         603,        0.43],[         613,         0.4],[         741,        0.43],[         903,        0.47],[        1167,        0.57]],
[[         555,        0.39],[         624,         0.4],[         756,        0.44],[         859,        0.45],[        1122,        0.55]],
[[         563,         0.4],[         610,         0.4],[         713,        0.42],[         827,        0.43],[        1160,        0.57]],
[[         548,        0.39],[         598,        0.39],[         675,        0.39],[         771,         0.4],[        1114,        0.55]],
[[         531,        0.38],[         512,        0.33],[         573,        0.33],[         783,        0.41],[        1073,        0.53]],
[[         556,        0.39],[         525,        0.34],[         496,        0.29],[         790,        0.41],[         976,        0.48]],
[[         559,        0.39],[         549,        0.36],[         550,        0.32],[         770,         0.4],[         913,        0.45]],
[[         392,        0.28],[         526,        0.34],[         505,        0.29],[         809,        0.42],[         897,        0.44]],
[[         316,        0.22],[         447,        0.29],[         511,         0.3],[         787,        0.41],[         861,        0.42]],
[[         381,        0.27],[         413,        0.27],[         492,        0.29],[         781,        0.41],[         763,        0.38]],
[[         376,        0.27],[         444,        0.29],[         478,        0.28],[         610,        0.32],[         761,        0.37]],
[[         363,        0.26],[         391,        0.25],[         504,        0.29],[         602,        0.32],[         713,        0.35]],
[[         351,        0.25],[         370,        0.24],[         423,        0.25],[         557,        0.29],[         668,        0.33]],
[[        1675,        1.18],[         335,        0.22],[         401,        0.23],[         519,        0.27],[         611,         0.3]],
[[           .,           .],[         316,         0.2],[         353,        0.21],[         424,        0.22],[         589,        0.29]],
[[           .,           .],[         282,        0.18],[         336,         0.2],[         352,        0.18],[         569,        0.28]],
[[           .,           .],[         293,        0.19],[         341,         0.2],[         361,        0.19],[         531,        0.26]],
[[           .,           .],[         184,        0.12],[         273,        0.16],[         303,        0.16],[         519,        0.26]],
[[           .,           .],[         739,        0.48],[        1083,        0.63],[        1456,        0.76],[        2327,        1.15]]]]}}
