{
"ons":{
"label":"Population Projections for England and Wales, by local authority",
"source":"Office for National Statistics",
"updated":"2014-10-01",
"area": {
"code":"K04000001",
"label":"England and Wales"
},
"time": {
"label":"1998-2038",
"index":["1998",  "2008",  "2018",  "2028",  "2038"]
},
"concept":{
"label":["population", "% of population"],
"units":["count", "%"],
"max":[        1409,         1.27]
},
"sums":{
"series1":[       43234,        46171,        49015,        51793,        54335],
"series2":[       44025,        47170,        51406,        54101,        56803]
},
"dimension":{
"label":"age",
"index":["0", "1", "2", "3", "4", "5", "6", "7", "8", "9", "10", "11", "12", "13", "14", "15", "16", "17", "18", "19", "20", "21", "22", "23", "24", "25", "26", "27", "28", "29", "30", "31", "32", "33", "34", "35", "36", "37", "38", "39", "40", "41", "42", "43", "44", "45", "46", "47", "48", "49", "50", "51", "52", "53", "54", "55", "56", "57", "58", "59", "60", "61", "62", "63", "64", "65", "66", "67", "68", "69", "70", "71", "72", "73", "74", "75", "76", "77", "78", "79", "80", "81", "82", "83", "84", "85", "86", "87", "88", "89", "90+"]
},
"series":["male", "female"],
"value":[[[[         531,        0.61],[         561,         0.6],[         549,        0.55],[         580,        0.55],[         595,        0.54]],
[[         578,        0.66],[         509,        0.55],[         611,        0.61],[         594,        0.56],[         602,        0.54]],
[[         529,        0.61],[         558,         0.6],[         600,         0.6],[         601,        0.57],[         602,        0.54]],
[[         586,        0.67],[         555,        0.59],[         611,        0.61],[         613,        0.58],[         610,        0.55]],
[[         561,        0.64],[         556,         0.6],[         603,         0.6],[         618,        0.58],[         613,        0.55]],
[[         558,        0.64],[         505,        0.54],[         624,        0.62],[         630,        0.59],[         624,        0.56]],
[[         593,        0.68],[         520,        0.56],[         629,        0.63],[         629,        0.59],[         626,        0.56]],
[[         603,        0.69],[         518,        0.55],[         646,        0.64],[         632,         0.6],[         630,        0.57]],
[[         572,        0.66],[         496,        0.53],[         608,        0.61],[         637,         0.6],[         637,        0.57]],
[[         583,        0.67],[         587,        0.63],[         611,        0.61],[         639,         0.6],[         645,        0.58]],
[[         634,        0.73],[         581,        0.62],[         701,         0.7],[         641,        0.61],[         652,        0.59]],
[[         590,        0.68],[         608,        0.65],[         609,        0.61],[         633,         0.6],[         658,        0.59]],
[[         558,        0.64],[         608,        0.65],[         642,        0.64],[         650,        0.61],[         666,         0.6]],
[[         543,        0.62],[         629,        0.67],[         588,        0.59],[         668,        0.63],[         665,         0.6]],
[[         562,        0.64],[         634,        0.68],[         624,        0.62],[         659,        0.62],[         671,         0.6]],
[[         585,        0.67],[         621,        0.67],[         571,        0.57],[         668,        0.63],[         670,         0.6]],
[[         575,        0.66],[         670,        0.72],[         542,        0.54],[         669,        0.63],[         668,         0.6]],
[[         634,        0.73],[         703,        0.75],[         545,        0.54],[         646,        0.61],[         663,         0.6]],
[[         611,         0.7],[         649,         0.7],[         506,         0.5],[         586,        0.55],[         636,        0.57]],
[[         479,        0.55],[         576,        0.62],[         475,        0.47],[         496,        0.47],[         518,        0.47]],
[[         286,        0.33],[         603,        0.65],[         445,        0.44],[         508,        0.48],[         499,        0.45]],
[[         285,        0.33],[         447,        0.48],[         443,        0.44],[         468,        0.44],[         499,        0.45]],
[[         313,        0.36],[         460,        0.49],[         561,        0.56],[         513,        0.48],[         540,        0.49]],
[[         393,        0.45],[         436,        0.47],[         544,        0.54],[         500,        0.47],[         577,        0.52]],
[[         470,        0.54],[         472,        0.51],[         534,        0.53],[         524,        0.49],[         591,        0.53]],
[[         472,        0.54],[         512,        0.55],[         495,        0.49],[         514,        0.49],[         621,        0.56]],
[[         561,        0.64],[         515,        0.55],[         479,        0.48],[         516,        0.49],[         649,        0.58]],
[[         585,        0.67],[         560,         0.6],[         566,        0.56],[         535,        0.51],[         637,        0.57]],
[[         654,        0.75],[         516,        0.55],[         657,        0.65],[         543,        0.51],[         623,        0.56]],
[[         730,        0.84],[         447,        0.48],[         571,        0.57],[         582,        0.55],[         630,        0.57]],
[[         695,         0.8],[         421,        0.45],[         634,        0.63],[         614,        0.58],[         665,         0.6]],
[[         727,        0.83],[         526,        0.56],[         594,        0.59],[         676,        0.64],[         648,        0.58]],
[[         708,        0.81],[         516,        0.55],[         590,        0.59],[         697,        0.66],[         656,        0.59]],
[[         734,        0.84],[         539,        0.58],[         630,        0.63],[         685,        0.65],[         633,        0.57]],
[[         729,        0.84],[         630,        0.67],[         604,         0.6],[         682,        0.64],[         637,        0.57]],
[[         680,        0.78],[         656,         0.7],[         622,        0.62],[         679,        0.64],[         614,        0.55]],
[[         738,        0.85],[         674,        0.72],[         604,         0.6],[         654,        0.62],[         599,        0.54]],
[[         772,        0.88],[         703,        0.75],[         641,        0.64],[         695,        0.66],[         622,        0.56]],
[[         720,        0.83],[         743,         0.8],[         643,        0.64],[         677,        0.64],[         635,        0.57]],
[[         691,        0.79],[         741,        0.79],[         589,        0.59],[         640,         0.6],[         658,        0.59]],
[[         689,        0.79],[         785,        0.84],[         562,        0.56],[         656,        0.62],[         670,         0.6]],
[[         663,        0.76],[         736,        0.79],[         535,        0.53],[         607,        0.57],[         695,        0.63]],
[[         616,        0.71],[         750,         0.8],[         613,        0.61],[         619,        0.58],[         703,        0.63]],
[[         582,        0.67],[         750,         0.8],[         616,        0.61],[         625,        0.59],[         690,        0.62]],
[[         576,        0.66],[         759,        0.81],[         608,        0.61],[         625,        0.59],[         695,        0.63]],
[[         627,        0.72],[         665,        0.71],[         665,        0.66],[         620,        0.59],[         693,        0.62]],
[[         625,        0.72],[         760,        0.81],[         653,        0.65],[         601,        0.57],[         680,        0.61]],
[[         615,         0.7],[         743,         0.8],[         702,         0.7],[         631,         0.6],[         721,        0.65]],
[[         641,        0.73],[         692,        0.74],[         694,        0.69],[         645,        0.61],[         697,        0.63]],
[[         636,        0.73],[         668,        0.72],[         778,        0.77],[         593,        0.56],[         667,         0.6]],
[[         685,        0.79],[         663,        0.71],[         746,        0.74],[         571,        0.54],[         676,        0.61]],
[[         797,        0.91],[         629,        0.67],[         751,        0.75],[         552,        0.52],[         637,        0.57]],
[[         585,        0.67],[         608,        0.65],[         720,        0.72],[         588,        0.56],[         643,        0.58]],
[[         591,        0.68],[         558,         0.6],[         733,        0.73],[         604,        0.57],[         652,        0.59]],
[[         608,         0.7],[         542,        0.58],[         715,        0.71],[         608,        0.57],[         646,        0.58]],
[[         571,        0.65],[         604,        0.65],[         675,        0.67],[         658,        0.62],[         635,        0.57]],
[[         494,        0.57],[         561,         0.6],[         724,        0.72],[         672,        0.63],[         622,        0.56]],
[[         479,        0.55],[         555,        0.59],[         712,        0.71],[         698,        0.66],[         642,        0.58]],
[[         470,        0.54],[         616,        0.66],[         651,        0.65],[         689,        0.65],[         651,        0.59]],
[[         465,        0.53],[         604,        0.65],[         619,        0.62],[         739,         0.7],[         601,        0.54]],
[[         455,        0.52],[         660,        0.71],[         662,        0.66],[         721,        0.68],[         568,        0.51]],
[[         456,        0.52],[         739,        0.79],[         576,        0.57],[         711,        0.67],[         552,         0.5]],
[[         458,        0.52],[         518,        0.55],[         586,        0.58],[         693,        0.65],[         579,        0.52]],
[[         410,        0.47],[         564,         0.6],[         559,        0.56],[         688,        0.65],[         592,        0.53]],
[[         444,        0.51],[         561,         0.6],[         494,        0.49],[         691,        0.65],[         596,        0.54]],
[[         434,         0.5],[         532,        0.57],[         577,        0.57],[         646,        0.61],[         638,        0.57]],
[[         381,        0.44],[         448,        0.48],[         524,        0.52],[         681,        0.64],[         649,        0.58]],
[[         415,        0.48],[         400,        0.43],[         522,        0.52],[         672,        0.63],[         668,         0.6]],
[[         402,        0.46],[         410,        0.44],[         564,        0.56],[         620,        0.59],[         643,        0.58]],
[[         353,         0.4],[         411,        0.44],[         549,        0.55],[         585,        0.55],[         686,        0.62]],
[[         334,        0.38],[         395,        0.42],[         585,        0.58],[         597,        0.56],[         671,         0.6]],
[[         321,        0.37],[         422,        0.45],[         653,        0.65],[         526,         0.5],[         659,        0.59]],
[[         321,        0.37],[         377,         0.4],[         489,        0.49],[         527,         0.5],[         641,        0.58]],
[[         277,        0.32],[         346,        0.37],[         480,        0.48],[         501,        0.47],[         632,        0.57]],
[[         264,         0.3],[         349,        0.37],[         464,        0.46],[         454,        0.43],[         623,        0.56]],
[[         236,        0.27],[         327,        0.35],[         441,        0.44],[         485,        0.46],[         579,        0.52]],
[[         260,         0.3],[         294,        0.31],[         359,        0.36],[         444,        0.42],[         589,        0.53]],
[[         274,        0.31],[         297,        0.32],[         309,        0.31],[         446,        0.42],[         577,        0.52]],
[[         249,        0.29],[         302,        0.32],[         311,        0.31],[         457,        0.43],[         521,        0.47]],
[[         131,        0.15],[         238,        0.25],[         311,        0.31],[         434,        0.41],[         479,        0.43]],
[[          99,        0.11],[         243,        0.26],[         297,         0.3],[         445,        0.42],[         472,        0.42]],
[[         113,        0.13],[         204,        0.22],[         285,        0.28],[         481,        0.45],[         408,        0.37]],
[[         136,        0.16],[         182,        0.19],[         233,        0.23],[         345,        0.33],[         390,        0.35]],
[[         111,        0.13],[         171,        0.18],[         227,        0.23],[         328,        0.31],[         359,        0.32]],
[[         126,        0.14],[         152,        0.16],[         209,        0.21],[         307,        0.29],[         320,        0.29]],
[[         351,         0.4],[         106,        0.11],[         177,        0.18],[         266,        0.25],[         325,        0.29]],
[[           .,           .],[         114,        0.12],[         163,        0.16],[         205,        0.19],[         279,        0.25]],
[[           .,           .],[         113,        0.12],[         127,        0.13],[         167,        0.16],[         263,        0.24]],
[[           .,           .],[          84,        0.09],[         134,        0.13],[         145,        0.14],[         235,        0.21]],
[[           .,           .],[          61,        0.07],[          70,        0.07],[         126,        0.12],[         200,        0.18]],
[[           .,           .],[         142,        0.15],[         265,        0.26],[         403,        0.38],[         743,        0.67]]],
[[[         530,        0.61],[         531,        0.57],[         498,         0.5],[         553,        0.52],[         568,        0.51]],
[[         550,        0.63],[         537,        0.58],[         523,        0.52],[         567,        0.54],[         575,        0.52]],
[[         564,        0.65],[         516,        0.55],[         598,         0.6],[         580,        0.55],[         582,        0.52]],
[[         536,        0.61],[         512,        0.55],[         512,        0.51],[         587,        0.55],[         584,        0.53]],
[[         548,        0.63],[         530,        0.57],[         550,        0.55],[         594,        0.56],[         589,        0.53]],
[[         541,        0.62],[         513,        0.55],[         570,        0.57],[         602,        0.57],[         597,        0.54]],
[[         547,        0.63],[         466,         0.5],[         635,        0.63],[         606,        0.57],[         603,        0.54]],
[[         580,        0.66],[         510,        0.55],[         668,        0.67],[         617,        0.58],[         615,        0.55]],
[[         556,        0.64],[         514,        0.55],[         611,        0.61],[         620,        0.59],[         621,        0.56]],
[[         546,        0.63],[         564,         0.6],[         604,         0.6],[         615,        0.58],[         622,        0.56]],
[[         535,        0.61],[         557,         0.6],[         627,        0.62],[         614,        0.58],[         625,        0.56]],
[[         536,        0.61],[         569,        0.61],[         623,        0.62],[         603,        0.57],[         628,        0.57]],
[[         559,        0.64],[         582,        0.62],[         586,        0.58],[         634,         0.6],[         638,        0.57]],
[[         519,        0.59],[         583,        0.62],[         524,        0.52],[         593,        0.56],[         639,        0.57]],
[[         507,        0.58],[         587,        0.63],[         596,        0.59],[         599,        0.57],[         645,        0.58]],
[[         465,        0.53],[         597,        0.64],[         514,        0.51],[         632,         0.6],[         651,        0.59]],
[[         437,         0.5],[         608,        0.65],[         490,        0.49],[         647,        0.61],[         645,        0.58]],
[[         520,         0.6],[         600,        0.64],[         560,        0.56],[         661,        0.62],[         642,        0.58]],
[[         469,        0.54],[         594,        0.64],[         522,        0.52],[         589,        0.56],[         604,        0.54]],
[[         391,        0.45],[         460,        0.49],[         407,        0.41],[         383,        0.36],[         399,        0.36]],
[[         268,        0.31],[         383,        0.41],[         393,        0.39],[         371,        0.35],[         375,        0.34]],
[[         229,        0.26],[         415,        0.44],[         422,        0.42],[         390,        0.37],[         405,        0.36]],
[[         258,         0.3],[         437,        0.47],[         438,        0.44],[         441,        0.42],[         478,        0.43]],
[[         474,        0.54],[         448,        0.48],[         524,        0.52],[         457,        0.43],[         511,        0.46]],
[[         522,         0.6],[         495,        0.53],[         565,        0.56],[         499,        0.47],[         551,         0.5]],
[[         599,        0.69],[         447,        0.48],[         539,        0.54],[         509,        0.48],[         611,        0.55]],
[[         555,        0.64],[         515,        0.55],[         572,        0.57],[         512,        0.48],[         645,        0.58]],
[[         657,        0.75],[         489,        0.52],[         602,         0.6],[         549,        0.52],[         655,        0.59]],
[[         676,        0.77],[         492,        0.53],[         649,        0.65],[         571,        0.54],[         655,        0.59]],
[[         740,        0.85],[         539,        0.58],[         692,        0.69],[         590,        0.56],[         644,        0.58]],
[[         711,        0.81],[         522,        0.56],[         695,        0.69],[         618,        0.58],[         671,         0.6]],
[[         727,        0.83],[         531,        0.57],[         663,        0.66],[         651,        0.61],[         663,         0.6]],
[[         692,        0.79],[         568,        0.61],[         680,        0.68],[         649,        0.61],[         664,         0.6]],
[[         743,        0.85],[         617,        0.66],[         685,        0.68],[         682,        0.64],[         646,        0.58]],
[[         787,         0.9],[         615,        0.66],[         697,        0.69],[         721,        0.68],[         653,        0.59]],
[[         708,        0.81],[         694,        0.74],[         683,        0.68],[         711,        0.67],[         626,        0.56]],
[[         696,         0.8],[         660,        0.71],[         721,        0.72],[         734,        0.69],[         619,        0.56]],
[[         717,        0.82],[         744,         0.8],[         659,        0.66],[         723,        0.68],[         637,        0.57]],
[[         714,        0.82],[         725,        0.78],[         670,        0.67],[         723,        0.68],[         647,        0.58]],
[[         634,        0.73],[         733,        0.79],[         613,        0.61],[         713,        0.67],[         671,         0.6]],
[[         633,        0.73],[         791,        0.85],[         574,        0.57],[         732,        0.69],[         682,        0.61]],
[[         675,        0.77],[         786,        0.84],[         602,         0.6],[         696,        0.66],[         706,        0.64]],
[[         591,        0.68],[         720,        0.77],[         628,        0.63],[         718,        0.68],[         701,        0.63]],
[[         582,        0.67],[         802,        0.86],[         675,        0.67],[         711,        0.67],[         716,        0.64]],
[[         601,        0.69],[         775,        0.83],[         632,        0.63],[         707,        0.67],[         743,        0.67]],
[[         613,         0.7],[         748,         0.8],[         720,        0.72],[         684,        0.65],[         734,        0.66]],
[[         610,         0.7],[         720,        0.77],[         743,        0.74],[         700,        0.66],[         751,        0.68]],
[[         601,        0.69],[         735,        0.79],[         729,        0.73],[         671,        0.63],[         741,        0.67]],
[[         678,        0.78],[         697,        0.75],[         710,        0.71],[         639,         0.6],[         731,        0.66]],
[[         718,        0.82],[         634,        0.68],[         726,        0.72],[         615,        0.58],[         713,        0.64]],
[[         765,        0.88],[         607,        0.65],[         790,        0.79],[         584,        0.55],[         732,        0.66]],
[[         759,        0.87],[         596,        0.64],[         776,        0.77],[         575,        0.54],[         692,        0.62]],
[[         612,         0.7],[         580,        0.62],[         728,        0.72],[         602,        0.57],[         704,        0.63]],
[[         602,        0.69],[         562,         0.6],[         795,        0.79],[         657,        0.62],[         703,        0.63]],
[[         612,         0.7],[         569,        0.61],[         738,        0.73],[         626,        0.59],[         696,        0.63]],
[[         578,        0.66],[         607,        0.65],[         757,        0.75],[         689,        0.65],[         686,        0.62]],
[[         493,        0.56],[         585,        0.63],[         702,         0.7],[         706,        0.67],[         700,        0.63]],
[[         469,        0.54],[         550,        0.59],[         714,        0.71],[         734,        0.69],[         686,        0.62]],
[[         452,        0.52],[         621,        0.67],[         681,        0.68],[         726,        0.69],[         670,         0.6]],
[[         487,        0.56],[         664,        0.71],[         640,        0.64],[         739,         0.7],[         645,        0.58]],
[[         513,        0.59],[         694,        0.74],[         617,        0.61],[         773,        0.73],[         598,        0.54]],
[[         481,        0.55],[         751,         0.8],[         601,         0.6],[         744,         0.7],[         586,        0.53]],
[[         451,        0.52],[         555,        0.59],[         583,        0.58],[         707,        0.67],[         605,        0.54]],
[[         440,         0.5],[         553,        0.59],[         531,        0.53],[         776,        0.73],[         649,        0.58]],
[[         409,        0.47],[         592,        0.63],[         569,        0.57],[         717,        0.68],[         626,        0.56]],
[[         402,        0.46],[         531,        0.57],[         586,        0.58],[         752,        0.71],[         679,        0.61]],
[[         439,         0.5],[         472,        0.51],[         564,        0.56],[         692,        0.65],[         688,        0.62]],
[[         419,        0.48],[         440,        0.47],[         493,        0.49],[         692,        0.65],[         707,        0.64]],
[[         405,        0.46],[         414,        0.44],[         586,        0.58],[         656,        0.62],[         690,        0.62]],
[[         361,        0.41],[         482,        0.52],[         625,        0.62],[         598,        0.56],[         708,        0.64]],
[[         385,        0.44],[         468,         0.5],[         654,        0.65],[         584,        0.55],[         735,        0.66]],
[[         355,        0.41],[         443,        0.47],[         699,         0.7],[         557,        0.53],[         704,        0.63]],
[[         333,        0.38],[         411,        0.44],[         521,        0.52],[         546,        0.52],[         675,        0.61]],
[[         369,        0.42],[         388,        0.42],[         511,        0.51],[         509,        0.48],[         728,        0.66]],
[[         329,        0.38],[         371,         0.4],[         519,        0.52],[         515,        0.49],[         678,        0.61]],
[[         334,        0.38],[         382,        0.41],[         470,        0.47],[         540,        0.51],[         693,        0.62]],
[[         361,        0.41],[         343,        0.37],[         406,         0.4],[         517,        0.49],[         640,        0.58]],
[[         319,        0.37],[         361,        0.39],[         384,        0.38],[         449,        0.42],[         626,        0.56]],
[[         291,        0.33],[         324,        0.35],[         345,        0.34],[         517,        0.49],[         585,        0.53]],
[[         192,        0.22],[         292,        0.31],[         422,        0.42],[         531,         0.5],[         529,        0.48]],
[[         160,        0.18],[         283,         0.3],[         385,        0.38],[         552,        0.52],[         508,        0.46]],
[[         189,        0.22],[         269,        0.29],[         360,        0.36],[         562,        0.53],[         475,        0.43]],
[[         209,        0.24],[         249,        0.27],[         314,        0.31],[         402,        0.38],[         459,        0.41]],
[[         190,        0.22],[         261,        0.28],[         280,        0.28],[         397,        0.37],[         414,        0.37]],
[[         157,        0.18],[         237,        0.25],[         290,        0.29],[         386,        0.36],[         403,        0.36]],
[[         858,        0.98],[         219,        0.23],[         253,        0.25],[         339,        0.32],[         407,        0.37]],
[[           .,           .],[         214,        0.23],[         228,        0.23],[         287,        0.27],[         384,        0.35]],
[[           .,           .],[         191,         0.2],[         196,         0.2],[         251,        0.24],[         323,        0.29]],
[[           .,           .],[         135,        0.14],[         175,        0.17],[         214,         0.2],[         337,         0.3]],
[[           .,           .],[          86,        0.09],[         137,        0.14],[         232,        0.22],[         322,        0.29]],
[[           .,           .],[         411,        0.44],[         662,        0.66],[         884,        0.83],[        1409,        1.27]]]]}}
