{
"ons":{
"label":"Population Projections for England and Wales, by local authority",
"source":"Office for National Statistics",
"updated":"2014-10-01",
"area": {
"code":"K04000001",
"label":"England and Wales"
},
"time": {
"label":"1998-2038",
"index":["1998",  "2008",  "2018",  "2028",  "2038"]
},
"concept":{
"label":["population", "% of population"],
"units":["count", "%"],
"max":[         958,         1.43]
},
"sums":{
"series1":[       34776,        34052,        34367,        33542,        32377],
"series2":[       36516,        35768,        35346,        34989,        34119]
},
"dimension":{
"label":"age",
"index":["0", "1", "2", "3", "4", "5", "6", "7", "8", "9", "10", "11", "12", "13", "14", "15", "16", "17", "18", "19", "20", "21", "22", "23", "24", "25", "26", "27", "28", "29", "30", "31", "32", "33", "34", "35", "36", "37", "38", "39", "40", "41", "42", "43", "44", "45", "46", "47", "48", "49", "50", "51", "52", "53", "54", "55", "56", "57", "58", "59", "60", "61", "62", "63", "64", "65", "66", "67", "68", "69", "70", "71", "72", "73", "74", "75", "76", "77", "78", "79", "80", "81", "82", "83", "84", "85", "86", "87", "88", "89", "90+"]
},
"series":["male", "female"],
"value":[[[[         424,        0.59],[         454,        0.65],[         393,        0.56],[         364,        0.53],[         338,        0.51]],
[[         439,        0.62],[         358,        0.51],[         337,        0.48],[         368,        0.54],[         338,        0.51]],
[[         458,        0.64],[         371,        0.53],[         367,        0.53],[         364,        0.53],[         329,        0.49]],
[[         460,        0.65],[         375,        0.54],[         395,        0.57],[         365,        0.53],[         326,        0.49]],
[[         492,        0.69],[         365,        0.52],[         413,        0.59],[         367,        0.54],[         324,        0.49]],
[[         522,        0.73],[         356,        0.51],[         405,        0.58],[         371,        0.54],[         326,        0.49]],
[[         558,        0.78],[         310,        0.44],[         380,        0.55],[         371,        0.54],[         325,        0.49]],
[[         562,        0.79],[         381,        0.55],[         440,        0.63],[         374,        0.55],[         329,        0.49]],
[[         522,        0.73],[         420,         0.6],[         443,        0.64],[         376,        0.55],[         333,         0.5]],
[[         519,        0.73],[         400,        0.57],[         444,        0.64],[         373,        0.54],[         333,         0.5]],
[[         520,        0.73],[         420,         0.6],[         408,        0.59],[         376,        0.55],[         339,        0.51]],
[[         513,        0.72],[         429,        0.61],[         355,        0.51],[         371,        0.54],[         339,        0.51]],
[[         515,        0.72],[         436,        0.62],[         387,        0.56],[         369,        0.54],[         342,        0.51]],
[[         565,        0.79],[         436,        0.62],[         373,        0.54],[         371,        0.54],[         349,        0.52]],
[[         456,        0.64],[         489,         0.7],[         356,        0.51],[         382,        0.56],[         355,        0.53]],
[[         474,        0.66],[         510,        0.73],[         349,         0.5],[         386,        0.56],[         363,        0.55]],
[[         428,         0.6],[         497,        0.71],[         299,        0.43],[         377,        0.55],[         364,        0.55]],
[[         445,        0.62],[         550,        0.79],[         375,        0.54],[         413,         0.6],[         364,        0.55]],
[[         371,        0.52],[         535,        0.77],[         429,        0.62],[         410,         0.6],[         360,        0.54]],
[[         326,        0.46],[         460,        0.66],[         401,        0.58],[         366,        0.53],[         323,        0.49]],
[[         313,        0.44],[         421,         0.6],[         356,        0.51],[         333,        0.49],[         309,        0.46]],
[[         249,        0.35],[         404,        0.58],[         381,        0.55],[         306,        0.45],[         313,        0.47]],
[[         342,        0.48],[         445,        0.64],[         363,        0.52],[         332,        0.48],[         328,        0.49]],
[[         449,        0.63],[         483,        0.69],[         420,         0.6],[         331,        0.48],[         337,        0.51]],
[[         423,        0.59],[         401,        0.57],[         430,        0.62],[         329,        0.48],[         352,        0.53]],
[[         472,        0.66],[         396,        0.57],[         480,        0.69],[         321,        0.47],[         357,        0.54]],
[[         533,        0.75],[         380,        0.54],[         444,        0.64],[         295,        0.43],[         360,        0.54]],
[[         532,        0.75],[         389,        0.56],[         511,        0.73],[         344,         0.5],[         382,        0.57]],
[[         501,         0.7],[         401,        0.57],[         492,        0.71],[         378,        0.55],[         383,        0.58]],
[[         514,        0.72],[         379,        0.54],[         527,        0.76],[         366,        0.53],[         373,        0.56]],
[[         505,        0.71],[         360,        0.52],[         428,        0.61],[         385,        0.56],[         369,        0.55]],
[[         544,        0.76],[         353,        0.51],[         439,        0.63],[         401,        0.59],[         348,        0.52]],
[[         565,        0.79],[         363,        0.52],[         450,        0.65],[         400,        0.58],[         344,        0.52]],
[[         570,         0.8],[         408,        0.58],[         461,        0.66],[         423,        0.62],[         338,        0.51]],
[[         542,        0.76],[         401,        0.57],[         401,        0.58],[         455,        0.66],[         332,         0.5]],
[[         535,        0.75],[         435,        0.62],[         407,        0.58],[         462,        0.67],[         325,        0.49]],
[[         507,        0.71],[         495,        0.71],[         404,        0.58],[         471,        0.69],[         310,        0.47]],
[[         486,        0.68],[         487,         0.7],[         392,        0.56],[         492,        0.72],[         335,         0.5]],
[[         453,        0.64],[         519,        0.74],[         458,        0.66],[         461,        0.67],[         357,        0.54]],
[[         449,        0.63],[         538,        0.77],[         409,        0.59],[         467,        0.68],[         358,        0.54]],
[[         436,        0.61],[         504,        0.72],[         380,        0.55],[         438,        0.64],[         367,        0.55]],
[[         452,        0.63],[         521,        0.75],[         352,         0.5],[         426,        0.62],[         384,        0.58]],
[[         424,        0.59],[         527,        0.75],[         345,        0.49],[         427,        0.62],[         397,         0.6]],
[[         404,        0.57],[         537,        0.77],[         391,        0.56],[         431,        0.63],[         407,        0.61]],
[[         398,        0.56],[         547,        0.78],[         414,        0.59],[         386,        0.56],[         431,        0.65]],
[[         457,        0.64],[         516,        0.74],[         439,        0.63],[         399,        0.58],[         436,        0.66]],
[[         425,         0.6],[         505,        0.72],[         489,         0.7],[         386,        0.56],[         445,        0.67]],
[[         459,        0.64],[         471,        0.67],[         479,        0.69],[         376,        0.55],[         465,         0.7]],
[[         474,        0.66],[         462,        0.66],[         514,        0.74],[         391,        0.57],[         442,        0.66]],
[[         495,        0.69],[         463,        0.66],[         536,        0.77],[         374,        0.55],[         441,        0.66]],
[[         516,        0.72],[         413,        0.59],[         510,        0.73],[         351,        0.51],[         425,        0.64]],
[[         557,        0.78],[         463,        0.66],[         527,        0.76],[         348,        0.51],[         411,        0.62]],
[[         475,        0.67],[         428,        0.61],[         525,        0.75],[         336,        0.49],[         410,        0.62]],
[[         448,        0.63],[         390,        0.56],[         524,        0.75],[         379,        0.55],[         417,        0.63]],
[[         447,        0.63],[         405,        0.58],[         533,        0.76],[         386,        0.56],[         375,        0.56]],
[[         480,        0.67],[         436,        0.62],[         517,        0.74],[         414,         0.6],[         386,        0.58]],
[[         450,        0.63],[         414,        0.59],[         521,        0.75],[         459,        0.67],[         379,        0.57]],
[[         396,        0.56],[         447,        0.64],[         442,        0.63],[         452,        0.66],[         374,        0.56]],
[[         386,        0.54],[         434,        0.62],[         451,        0.65],[         496,        0.72],[         383,        0.58]],
[[         414,        0.58],[         500,        0.72],[         467,        0.67],[         514,        0.75],[         369,        0.55]],
[[         395,        0.55],[         484,        0.69],[         405,        0.58],[         491,        0.72],[         345,        0.52]],
[[         355,         0.5],[         553,        0.79],[         472,        0.68],[         486,        0.71],[         342,        0.51]],
[[         378,        0.53],[         418,         0.6],[         410,        0.59],[         473,        0.69],[         326,        0.49]],
[[         371,        0.52],[         423,        0.61],[         380,        0.55],[         499,        0.73],[         360,        0.54]],
[[         316,        0.44],[         412,        0.59],[         399,        0.57],[         506,        0.74],[         370,        0.56]],
[[         317,        0.44],[         407,        0.58],[         406,        0.58],[         467,        0.68],[         391,        0.59]],
[[         326,        0.46],[         384,        0.55],[         393,        0.56],[         471,        0.69],[         426,        0.64]],
[[         326,        0.46],[         349,         0.5],[         389,        0.56],[         406,        0.59],[         416,        0.63]],
[[         322,        0.45],[         331,        0.47],[         404,        0.58],[         409,         0.6],[         451,        0.68]],
[[         296,        0.42],[         363,        0.52],[         426,        0.61],[         402,        0.59],[         462,        0.69]],
[[         268,        0.38],[         319,        0.46],[         397,        0.57],[         359,        0.52],[         436,        0.66]],
[[         274,        0.38],[         292,        0.42],[         470,        0.67],[         389,        0.57],[         425,        0.64]],
[[         304,        0.43],[         296,        0.42],[         344,        0.49],[         345,         0.5],[         412,        0.62]],
[[         281,        0.39],[         303,        0.43],[         340,        0.49],[         308,        0.45],[         423,        0.64]],
[[         251,        0.35],[         230,        0.33],[         320,        0.46],[         320,        0.47],[         422,        0.63]],
[[         261,        0.37],[         236,        0.34],[         301,        0.43],[         312,        0.46],[         386,        0.58]],
[[         242,        0.34],[         239,        0.34],[         268,        0.38],[         298,        0.43],[         386,        0.58]],
[[         231,        0.32],[         202,        0.29],[         228,        0.33],[         293,        0.43],[         326,        0.49]],
[[         207,        0.29],[         200,        0.29],[         230,        0.33],[         293,        0.43],[         321,        0.48]],
[[         145,         0.2],[         159,        0.23],[         239,        0.34],[         308,        0.45],[         309,        0.46]],
[[         139,        0.19],[         150,        0.21],[         205,        0.29],[         288,        0.42],[         269,         0.4]],
[[         125,        0.18],[         135,        0.19],[         174,        0.25],[         320,        0.47],[         282,        0.42]],
[[         106,        0.15],[         144,        0.21],[         180,        0.26],[         224,        0.33],[         243,        0.37]],
[[         102,        0.14],[         108,        0.15],[         154,        0.22],[         222,        0.32],[         213,        0.32]],
[[          81,        0.11],[         105,        0.15],[         105,        0.15],[         192,        0.28],[         210,        0.32]],
[[         311,        0.44],[          98,        0.14],[         132,        0.19],[         178,        0.26],[         196,        0.29]],
[[           .,           .],[          80,        0.11],[         104,        0.15],[         145,        0.21],[         172,        0.26]],
[[           .,           .],[          58,        0.08],[          74,        0.11],[         116,        0.17],[         157,        0.24]],
[[           .,           .],[          49,        0.07],[          76,        0.11],[          97,        0.14],[         145,        0.22]],
[[           .,           .],[          44,        0.06],[          45,        0.06],[         100,        0.15],[         140,        0.21]],
[[           .,           .],[          88,        0.13],[         139,         0.2],[         388,        0.57],[         759,        1.14]]],
[[[         441,        0.62],[         401,        0.57],[         355,        0.51],[         347,        0.51],[         322,        0.48]],
[[         426,         0.6],[         380,        0.54],[         358,        0.51],[         353,        0.52],[         324,        0.49]],
[[         427,         0.6],[         425,        0.61],[         379,        0.54],[         356,        0.52],[         322,        0.48]],
[[         466,        0.65],[         370,        0.53],[         370,        0.53],[         361,        0.53],[         323,        0.49]],
[[         478,        0.67],[         350,         0.5],[         372,        0.53],[         372,        0.54],[         331,         0.5]],
[[         534,        0.75],[         328,        0.47],[         391,        0.56],[         376,        0.55],[         332,         0.5]],
[[         503,        0.71],[         349,         0.5],[         359,        0.51],[         377,        0.55],[         332,         0.5]],
[[         502,         0.7],[         361,        0.52],[         374,        0.54],[         378,        0.55],[         334,         0.5]],
[[         533,        0.75],[         390,        0.56],[         397,        0.57],[         378,        0.55],[         336,        0.51]],
[[         515,        0.72],[         394,        0.56],[         362,        0.52],[         378,        0.55],[         340,        0.51]],
[[         517,        0.73],[         431,        0.62],[         382,        0.55],[         375,        0.55],[         341,        0.51]],
[[         542,        0.76],[         415,        0.59],[         389,        0.56],[         378,        0.55],[         347,        0.52]],
[[         486,        0.68],[         432,        0.62],[         427,        0.61],[         380,        0.55],[         355,        0.53]],
[[         461,        0.65],[         465,        0.67],[         356,        0.51],[         380,        0.55],[         360,        0.54]],
[[         429,         0.6],[         467,        0.67],[         339,        0.49],[         375,        0.55],[         366,        0.55]],
[[         437,        0.61],[         534,        0.76],[         334,        0.48],[         406,        0.59],[         374,        0.56]],
[[         455,        0.64],[         518,        0.74],[         361,        0.52],[         371,        0.54],[         378,        0.57]],
[[         452,        0.63],[         515,        0.74],[         383,        0.55],[         386,        0.56],[         383,        0.58]],
[[         385,        0.54],[         529,        0.76],[         382,        0.55],[         385,        0.56],[         379,        0.57]],
[[         305,        0.43],[         454,        0.65],[         370,        0.53],[         316,        0.46],[         329,        0.49]],
[[         226,        0.32],[         446,        0.64],[         370,        0.53],[         322,        0.47],[         316,        0.48]],
[[         297,        0.42],[         455,        0.65],[         341,        0.49],[         328,        0.48],[         327,        0.49]],
[[         322,        0.45],[         449,        0.64],[         393,        0.56],[         382,        0.56],[         352,        0.53]],
[[         367,        0.51],[         437,        0.63],[         451,        0.65],[         350,        0.51],[         364,        0.55]],
[[         396,        0.56],[         414,        0.59],[         452,        0.65],[         349,        0.51],[         366,        0.55]],
[[         464,        0.65],[         417,         0.6],[         519,        0.74],[         338,        0.49],[         385,        0.58]],
[[         471,        0.66],[         430,        0.62],[         482,        0.69],[         343,         0.5],[         374,        0.56]],
[[         527,        0.74],[         431,        0.62],[         485,         0.7],[         362,        0.53],[         377,        0.57]],
[[         518,        0.73],[         436,        0.62],[         472,        0.68],[         379,        0.55],[         373,        0.56]],
[[         544,        0.76],[         419,         0.6],[         506,        0.73],[         388,        0.57],[         359,        0.54]],
[[         499,         0.7],[         338,        0.48],[         508,        0.73],[         415,        0.61],[         369,        0.55]],
[[         574,        0.81],[         366,        0.52],[         509,        0.73],[         404,        0.59],[         362,        0.54]],
[[         559,        0.78],[         402,        0.58],[         478,        0.69],[         412,         0.6],[         372,        0.56]],
[[         564,        0.79],[         353,        0.51],[         423,        0.61],[         435,        0.63],[         342,        0.51]],
[[         555,        0.78],[         428,        0.61],[         409,        0.59],[         453,        0.66],[         333,         0.5]],
[[         569,         0.8],[         422,         0.6],[         400,        0.57],[         473,        0.69],[         324,        0.49]],
[[         545,        0.76],[         450,        0.64],[         426,        0.61],[         467,        0.68],[         323,        0.49]],
[[         503,        0.71],[         533,        0.76],[         416,         0.6],[         461,        0.67],[         337,        0.51]],
[[         447,        0.63],[         523,        0.75],[         435,        0.62],[         457,        0.67],[         352,        0.53]],
[[         486,        0.68],[         549,        0.79],[         424,        0.61],[         450,        0.66],[         365,        0.55]],
[[         482,        0.68],[         535,        0.77],[         338,        0.48],[         458,        0.67],[         386,        0.58]],
[[         447,        0.63],[         582,        0.83],[         348,         0.5],[         456,        0.67],[         382,        0.57]],
[[         422,        0.59],[         559,         0.8],[         402,        0.58],[         441,        0.64],[         395,        0.59]],
[[         393,        0.55],[         495,        0.71],[         354,        0.51],[         425,        0.62],[         418,        0.63]],
[[         435,        0.61],[         521,        0.75],[         430,        0.62],[         398,        0.58],[         440,        0.66]],
[[         422,        0.59],[         532,        0.76],[         404,        0.58],[         395,        0.58],[         460,        0.69]],
[[         418,        0.59],[         533,        0.76],[         450,        0.65],[         424,        0.62],[         462,        0.69]],
[[         450,        0.63],[         487,         0.7],[         526,        0.75],[         410,         0.6],[         460,        0.69]],
[[         469,        0.66],[         478,        0.68],[         530,        0.76],[         427,        0.62],[         456,        0.69]],
[[         484,        0.68],[         484,        0.69],[         572,        0.82],[         415,        0.61],[         451,        0.68]],
[[         502,         0.7],[         470,        0.67],[         555,         0.8],[         327,        0.48],[         463,         0.7]],
[[         533,        0.75],[         426,        0.61],[         586,        0.84],[         359,        0.52],[         462,        0.69]],
[[         441,        0.62],[         423,        0.61],[         560,         0.8],[         387,        0.56],[         446,        0.67]],
[[         456,        0.64],[         375,        0.54],[         493,        0.71],[         354,        0.52],[         427,        0.64]],
[[         434,        0.61],[         444,        0.64],[         496,        0.71],[         429,        0.63],[         405,        0.61]],
[[         465,        0.65],[         431,        0.62],[         548,        0.79],[         409,         0.6],[         399,         0.6]],
[[         424,        0.59],[         414,        0.59],[         530,        0.76],[         439,        0.64],[         417,        0.63]],
[[         379,        0.53],[         433,        0.62],[         486,         0.7],[         518,        0.76],[         404,        0.61]],
[[         412,        0.58],[         443,        0.63],[         485,         0.7],[         518,        0.76],[         418,        0.63]],
[[         356,         0.5],[         470,        0.67],[         478,        0.69],[         536,        0.78],[         403,        0.61]],
[[         350,        0.49],[         467,        0.67],[         444,        0.64],[         522,        0.76],[         322,        0.48]],
[[         377,        0.53],[         530,        0.76],[         419,         0.6],[         558,        0.81],[         345,        0.52]],
[[         383,        0.54],[         423,        0.61],[         401,        0.58],[         532,        0.78],[         368,        0.55]],
[[         364,        0.51],[         414,        0.59],[         359,        0.51],[         473,        0.69],[         341,        0.51]],
[[         360,         0.5],[         413,        0.59],[         424,        0.61],[         463,        0.68],[         402,         0.6]],
[[         360,         0.5],[         429,        0.61],[         384,        0.55],[         496,        0.72],[         386,        0.58]],
[[         330,        0.46],[         411,        0.59],[         381,        0.55],[         485,        0.71],[         415,        0.62]],
[[         332,        0.47],[         342,        0.49],[         394,        0.57],[         436,        0.64],[         483,        0.73]],
[[         361,        0.51],[         359,        0.51],[         397,        0.57],[         441,        0.64],[         479,        0.72]],
[[         330,        0.46],[         309,        0.44],[         443,        0.64],[         426,        0.62],[         491,        0.74]],
[[         333,        0.47],[         292,        0.42],[         419,         0.6],[         397,        0.58],[         477,        0.72]],
[[         348,        0.49],[         339,        0.49],[         464,        0.67],[         368,        0.54],[         505,        0.76]],
[[         331,        0.46],[         321,        0.46],[         351,         0.5],[         342,         0.5],[         480,        0.72]],
[[         353,         0.5],[         293,        0.42],[         339,        0.49],[         312,        0.46],[         422,        0.63]],
[[         324,        0.45],[         279,         0.4],[         349,         0.5],[         361,        0.53],[         409,        0.62]],
[[         335,        0.47],[         299,        0.43],[         355,        0.51],[         330,        0.48],[         429,        0.65]],
[[         345,        0.48],[         241,        0.35],[         346,         0.5],[         321,        0.47],[         413,        0.62]],
[[         325,        0.46],[         241,        0.35],[         274,        0.39],[         329,        0.48],[         370,        0.56]],
[[         373,        0.52],[         251,        0.36],[         287,        0.41],[         321,        0.47],[         369,        0.55]],
[[         280,        0.39],[         221,        0.32],[         235,        0.34],[         346,         0.5],[         352,        0.53]],
[[         251,        0.35],[         220,        0.32],[         202,        0.29],[         317,        0.46],[         319,        0.48]],
[[         209,        0.29],[         210,         0.3],[         250,        0.36],[         346,         0.5],[         288,        0.43]],
[[         194,        0.27],[         201,        0.29],[         217,        0.31],[         252,        0.37],[         258,        0.39]],
[[         249,        0.35],[         207,         0.3],[         177,        0.25],[         239,        0.35],[         230,        0.35]],
[[         210,        0.29],[         191,        0.27],[         165,        0.24],[         227,        0.33],[         255,        0.38]],
[[         958,        1.34],[         166,        0.24],[         164,        0.24],[         222,        0.32],[         227,        0.34]],
[[           .,           .],[         171,        0.24],[         107,        0.15],[         210,        0.31],[         211,        0.32]],
[[           .,           .],[         149,        0.21],[         116,        0.17],[         160,        0.23],[         205,        0.31]],
[[           .,           .],[         154,        0.22],[         105,        0.15],[         152,        0.22],[         191,        0.29]],
[[           .,           .],[         117,        0.17],[          84,        0.12],[         116,        0.17],[         191,        0.29]],
[[           .,           .],[         367,        0.53],[         384,        0.55],[         568,        0.83],[         953,        1.43]]]]}}
