{
"ons":{
"label":"Population Projections for England and Wales, by local authority",
"source":"Office for National Statistics",
"updated":"2014-10-01",
"area": {
"code":"K04000001",
"label":"England and Wales"
},
"time": {
"label":"1998-2038",
"index":["1998",  "2008",  "2018",  "2028",  "2038"]
},
"concept":{
"label":["population", "% of population"],
"units":["count", "%"],
"max":[        4781,         1.64]
},
"sums":{
"series1":[      139593,       146179,       159281,       177309,       189771],
"series2":[      152104,       158789,       171815,       190265,       202999]
},
"dimension":{
"label":"age",
"index":["0", "1", "2", "3", "4", "5", "6", "7", "8", "9", "10", "11", "12", "13", "14", "15", "16", "17", "18", "19", "20", "21", "22", "23", "24", "25", "26", "27", "28", "29", "30", "31", "32", "33", "34", "35", "36", "37", "38", "39", "40", "41", "42", "43", "44", "45", "46", "47", "48", "49", "50", "51", "52", "53", "54", "55", "56", "57", "58", "59", "60", "61", "62", "63", "64", "65", "66", "67", "68", "69", "70", "71", "72", "73", "74", "75", "76", "77", "78", "79", "80", "81", "82", "83", "84", "85", "86", "87", "88", "89", "90+"]
},
"series":["male", "female"],
"value":[[[[        1908,        0.65],[        2047,        0.67],[        2190,        0.66],[        2249,        0.61],[        2267,        0.58]],
[[        1859,        0.64],[        1949,        0.64],[        2205,        0.67],[        2295,        0.62],[        2286,        0.58]],
[[        1842,        0.63],[        1926,        0.63],[        2239,        0.68],[        2341,        0.64],[        2313,        0.59]],
[[        1862,        0.64],[        1860,        0.61],[        2169,        0.66],[        2384,        0.65],[        2343,         0.6]],
[[        1928,        0.66],[        1798,        0.59],[        2228,        0.67],[        2415,        0.66],[        2370,         0.6]],
[[        1879,        0.64],[        1830,         0.6],[        2328,         0.7],[        2419,        0.66],[        2379,        0.61]],
[[        1893,        0.65],[        1754,        0.58],[        2383,        0.72],[        2420,        0.66],[        2390,        0.61]],
[[        1815,        0.62],[        1862,        0.61],[        2248,        0.68],[        2430,        0.66],[        2411,        0.61]],
[[        1959,        0.67],[        1832,         0.6],[        2266,        0.68],[        2419,        0.66],[        2420,        0.62]],
[[        1867,        0.64],[        1912,        0.63],[        2258,        0.68],[        2413,        0.66],[        2441,        0.62]],
[[        1821,        0.62],[        1986,        0.65],[        2163,        0.65],[        2415,        0.66],[        2471,        0.63]],
[[        1737,         0.6],[        1948,        0.64],[        2066,        0.62],[        2393,        0.65],[        2498,        0.64]],
[[        1675,        0.57],[        1934,        0.63],[        2182,        0.66],[        2495,        0.68],[        2511,        0.64]],
[[        1825,        0.63],[        1933,        0.63],[        2010,        0.61],[        2384,        0.65],[        2515,        0.64]],
[[        1711,        0.59],[        2047,        0.67],[        1929,        0.58],[        2427,        0.66],[        2516,        0.64]],
[[        1600,        0.55],[        1922,        0.63],[        1911,        0.58],[        2472,        0.67],[        2521,        0.64]],
[[        1656,        0.57],[        1964,        0.64],[        1784,        0.54],[        2544,        0.69],[        2524,        0.64]],
[[        1625,        0.56],[        1942,        0.64],[        1928,        0.58],[        2401,        0.65],[        2505,        0.64]],
[[        1688,        0.58],[        1899,        0.62],[        1795,        0.54],[        2238,        0.61],[        2365,         0.6]],
[[        1412,        0.48],[        1407,        0.46],[        1243,        0.38],[        1484,         0.4],[        1563,         0.4]],
[[        1619,        0.56],[        1294,        0.42],[        1280,        0.39],[        1294,        0.35],[        1389,        0.35]],
[[        1580,        0.54],[        1293,        0.42],[        1390,        0.42],[        1330,        0.36],[        1458,        0.37]],
[[        1555,        0.53],[        1430,        0.47],[        1527,        0.46],[        1487,         0.4],[        1666,        0.42]],
[[        1623,        0.56],[        1640,        0.54],[        1566,        0.47],[        1554,        0.42],[        1790,        0.46]],
[[        1656,        0.57],[        1660,        0.54],[        1788,        0.54],[        1580,        0.43],[        1876,        0.48]],
[[        1779,        0.61],[        1738,        0.57],[        1687,        0.51],[        1589,        0.43],[        1965,         0.5]],
[[        1772,        0.61],[        1670,        0.55],[        1729,        0.52],[        1559,        0.42],[        2052,        0.52]],
[[        1964,        0.67],[        1869,        0.61],[        1769,        0.53],[        1660,        0.45],[        2027,        0.52]],
[[        2050,         0.7],[        1952,        0.64],[        1874,        0.57],[        1691,        0.46],[        1997,        0.51]],
[[        1996,        0.68],[        1937,        0.64],[        1991,         0.6],[        1757,        0.48],[        2002,        0.51]],
[[        2409,        0.83],[        1910,        0.63],[        2016,        0.61],[        1868,        0.51],[        2074,        0.53]],
[[        2272,        0.78],[        1872,        0.61],[        1893,        0.57],[        2031,        0.55],[        2086,        0.53]],
[[        2328,         0.8],[        1877,        0.62],[        1989,         0.6],[        2101,        0.57],[        2115,        0.54]],
[[        2462,        0.84],[        1991,        0.65],[        2188,        0.66],[        2138,        0.58],[        2089,        0.53]],
[[        2473,        0.85],[        2087,        0.68],[        2207,        0.67],[        2300,        0.63],[        2093,        0.53]],
[[        2254,        0.77],[        2160,        0.71],[        2240,        0.68],[        2360,        0.64],[        2130,        0.54]],
[[        2383,        0.82],[        2220,        0.73],[        2212,        0.67],[        2465,        0.67],[        2151,        0.55]],
[[        2243,        0.77],[        2352,        0.77],[        2454,        0.74],[        2608,        0.71],[        2271,        0.58]],
[[        1997,        0.68],[        2436,         0.8],[        2494,        0.75],[        2670,        0.73],[        2372,         0.6]],
[[        2072,        0.71],[        2355,        0.77],[        2462,        0.74],[        2764,        0.75],[        2479,        0.63]],
[[        2020,        0.69],[        2488,        0.82],[        2472,        0.75],[        2793,        0.76],[        2539,        0.65]],
[[        1952,        0.67],[        2468,        0.81],[        2323,         0.7],[        2727,        0.74],[        2647,        0.67]],
[[        1894,        0.65],[        2420,        0.79],[        2269,        0.69],[        2789,        0.76],[        2678,        0.68]],
[[        1802,        0.62],[        2482,        0.81],[        2230,        0.67],[        2818,        0.77],[        2672,        0.68]],
[[        1809,        0.62],[        2493,        0.82],[        2285,        0.69],[        2736,        0.74],[        2786,        0.71]],
[[        1796,        0.62],[        2292,        0.75],[        2389,        0.72],[        2735,        0.74],[        2762,         0.7]],
[[        1757,         0.6],[        2289,        0.75],[        2363,        0.71],[        2682,        0.73],[        2801,        0.71]],
[[        1878,        0.64],[        2257,        0.74],[        2355,        0.71],[        2785,        0.76],[        2890,        0.74]],
[[        1926,        0.66],[        2144,         0.7],[        2484,        0.75],[        2772,        0.75],[        2888,        0.74]],
[[        2001,        0.69],[        2066,        0.68],[        2419,        0.73],[        2655,        0.72],[        2896,        0.74]],
[[        2213,        0.76],[        2059,        0.68],[        2342,        0.71],[        2528,        0.69],[        2887,        0.74]],
[[        2478,        0.85],[        1871,        0.61],[        2422,        0.73],[        2402,        0.65],[        2793,        0.71]],
[[        1922,        0.66],[        1840,         0.6],[        2346,        0.71],[        2345,        0.64],[        2827,        0.72]],
[[        1828,        0.63],[        1732,        0.57],[        2432,        0.73],[        2277,        0.62],[        2817,        0.72]],
[[        1787,        0.61],[        1720,        0.56],[        2301,        0.69],[        2292,        0.62],[        2714,        0.69]],
[[        1710,        0.59],[        1617,        0.53],[        2122,        0.64],[        2280,        0.62],[        2678,        0.68]],
[[        1518,        0.52],[        1603,        0.53],[        2117,        0.64],[        2290,        0.62],[        2591,        0.66]],
[[        1353,        0.46],[        1644,        0.54],[        2128,        0.64],[        2282,        0.62],[        2641,        0.67]],
[[        1462,         0.5],[        1663,        0.55],[        1960,        0.59],[        2313,        0.63],[        2585,        0.66]],
[[        1458,         0.5],[        1791,        0.59],[        1835,        0.55],[        2240,        0.61],[        2457,        0.63]],
[[        1505,        0.52],[        1878,        0.62],[        1847,        0.56],[        2149,        0.58],[        2298,        0.59]],
[[        1377,        0.47],[        2122,         0.7],[        1706,        0.52],[        2191,         0.6],[        2168,        0.55]],
[[        1352,        0.46],[        1584,        0.52],[        1616,        0.49],[        2097,        0.57],[        2091,        0.53]],
[[        1309,        0.45],[        1503,        0.49],[        1488,        0.45],[        2130,        0.58],[        2022,        0.51]],
[[        1291,        0.44],[        1486,        0.49],[        1484,        0.45],[        2037,        0.55],[        2007,        0.51]],
[[        1326,        0.45],[        1378,        0.45],[        1382,        0.42],[        1876,        0.51],[        1995,        0.51]],
[[        1358,        0.47],[        1200,        0.39],[        1352,        0.41],[        1845,         0.5],[        2000,        0.51]],
[[        1313,        0.45],[        1054,        0.35],[        1405,        0.42],[        1809,        0.49],[        1974,         0.5]],
[[        1336,        0.46],[        1123,        0.37],[        1402,        0.42],[        1676,        0.46],[        1980,         0.5]],
[[        1224,        0.42],[        1165,        0.38],[        1504,        0.45],[        1580,        0.43],[        1918,        0.49]],
[[        1146,        0.39],[        1141,        0.37],[        1502,        0.45],[        1555,        0.42],[        1852,        0.47]],
[[        1098,        0.38],[        1067,        0.35],[        1727,        0.52],[        1439,        0.39],[        1878,        0.48]],
[[        1083,        0.37],[        1040,        0.34],[        1315,         0.4],[        1367,        0.37],[        1792,        0.46]],
[[        1001,        0.34],[         985,        0.32],[        1185,        0.36],[        1243,        0.34],[        1794,        0.46]],
[[         994,        0.34],[         936,        0.31],[        1182,        0.36],[        1237,        0.34],[        1710,        0.44]],
[[         925,        0.32],[         976,        0.32],[        1140,        0.34],[        1127,        0.31],[        1567,         0.4]],
[[         944,        0.32],[        1017,        0.33],[         933,        0.28],[        1105,         0.3],[        1518,        0.39]],
[[         997,        0.34],[         907,         0.3],[         821,        0.25],[        1114,         0.3],[        1470,        0.37]],
[[         920,        0.32],[         935,        0.31],[         818,        0.25],[        1103,         0.3],[        1350,        0.34]],
[[         593,         0.2],[         815,        0.27],[         877,        0.26],[        1136,        0.31],[        1254,        0.32]],
[[         519,        0.18],[         754,        0.25],[         823,        0.25],[        1123,        0.31],[        1206,        0.31]],
[[         539,        0.18],[         654,        0.21],[         723,        0.22],[        1238,        0.34],[        1090,        0.28]],
[[         435,        0.15],[         632,        0.21],[         729,        0.22],[         908,        0.25],[        1017,        0.26]],
[[         401,        0.14],[         568,        0.19],[         618,        0.19],[         814,        0.22],[         901,        0.23]],
[[         395,        0.14],[         513,        0.17],[         591,        0.18],[         772,        0.21],[         856,        0.22]],
[[        1599,        0.55],[         451,        0.15],[         534,        0.16],[         691,        0.19],[         761,        0.19]],
[[           .,           .],[         408,        0.13],[         568,        0.17],[         553,        0.15],[         709,        0.18]],
[[           .,           .],[         383,        0.13],[         397,        0.12],[         443,        0.12],[         664,        0.17]],
[[           .,           .],[         313,         0.1],[         419,        0.13],[         421,        0.11],[         618,        0.16]],
[[           .,           .],[         200,        0.07],[         285,        0.09],[         411,        0.11],[         589,        0.15]],
[[           .,           .],[         557,        0.18],[        1033,        0.31],[        1538,        0.42],[        2479,        0.63]]],
[[[        1721,        0.59],[        1998,        0.66],[        2042,        0.62],[        2142,        0.58],[        2159,        0.55]],
[[        1858,        0.64],[        1947,        0.64],[        2088,        0.63],[        2182,        0.59],[        2174,        0.55]],
[[        1713,        0.59],[        1893,        0.62],[        2173,        0.66],[        2229,        0.61],[        2202,        0.56]],
[[        1719,        0.59],[        1801,        0.59],[        2099,        0.63],[        2274,        0.62],[        2234,        0.57]],
[[        1778,        0.61],[        1870,        0.61],[        2126,        0.64],[        2304,        0.63],[        2260,        0.58]],
[[        1785,        0.61],[        1750,        0.57],[        2087,        0.63],[        2308,        0.63],[        2269,        0.58]],
[[        1764,         0.6],[        1700,        0.56],[        2260,        0.68],[        2302,        0.63],[        2273,        0.58]],
[[        1820,        0.62],[        1730,        0.57],[        2180,        0.66],[        2300,        0.63],[        2282,        0.58]],
[[        1916,        0.66],[        1749,        0.57],[        2188,        0.66],[        2298,        0.63],[        2300,        0.59]],
[[        1768,        0.61],[        1836,         0.6],[        2065,        0.62],[        2273,        0.62],[        2300,        0.59]],
[[        1732,        0.59],[        1743,        0.57],[        2121,        0.64],[        2254,        0.61],[        2307,        0.59]],
[[        1747,         0.6],[        1904,        0.62],[        2096,        0.63],[        2215,         0.6],[        2315,        0.59]],
[[        1679,        0.58],[        1808,        0.59],[        1928,        0.58],[        2291,        0.62],[        2324,        0.59]],
[[        1544,        0.53],[        1863,        0.61],[        1860,        0.56],[        2258,        0.61],[        2334,        0.59]],
[[        1498,        0.51],[        1896,        0.62],[        1913,        0.58],[        2225,        0.61],[        2349,         0.6]],
[[        1487,        0.51],[        1903,        0.62],[        1816,        0.55],[        2240,        0.61],[        2344,         0.6]],
[[        1526,        0.52],[        1969,        0.65],[        1726,        0.52],[        2346,        0.64],[        2346,         0.6]],
[[        1661,        0.57],[        2054,        0.67],[        1800,        0.54],[        2226,        0.61],[        2335,        0.59]],
[[        1631,        0.56],[        1902,        0.62],[        1698,        0.51],[        2135,        0.58],[        2199,        0.56]],
[[        1534,        0.53],[        1396,        0.46],[        1204,        0.36],[        1231,        0.33],[        1328,        0.34]],
[[        1524,        0.52],[        1266,        0.42],[         975,        0.29],[        1165,        0.32],[        1217,        0.31]],
[[        1561,        0.54],[        1394,        0.46],[        1296,        0.39],[        1308,        0.36],[        1367,        0.35]],
[[        1639,        0.56],[        1541,        0.51],[        1437,        0.43],[        1554,        0.42],[        1723,        0.44]],
[[        1666,        0.57],[        1629,        0.53],[        1694,        0.51],[        1650,        0.45],[        1895,        0.48]],
[[        1661,        0.57],[        1644,        0.54],[        1723,        0.52],[        1730,        0.47],[        1983,         0.5]],
[[        1874,        0.64],[        1745,        0.57],[        1840,        0.56],[        1723,        0.47],[        2078,        0.53]],
[[        1923,        0.66],[        1809,        0.59],[        1950,        0.59],[        1729,        0.47],[        2215,        0.56]],
[[        2188,        0.75],[        2064,        0.68],[        2015,        0.61],[        1818,        0.49],[        2195,        0.56]],
[[        2199,        0.75],[        1996,        0.65],[        2181,        0.66],[        1893,        0.51],[        2217,        0.56]],
[[        2300,        0.79],[        2143,         0.7],[        2164,        0.65],[        1989,        0.54],[        2208,        0.56]],
[[        2299,        0.79],[        2046,        0.67],[        2397,        0.72],[        2096,        0.57],[        2335,        0.59]],
[[        2467,        0.85],[        2043,        0.67],[        2324,         0.7],[        2290,        0.62],[        2378,        0.61]],
[[        2415,        0.83],[        2069,        0.68],[        2228,        0.67],[        2344,        0.64],[        2405,        0.61]],
[[        2502,        0.86],[        2271,        0.74],[        2362,        0.71],[        2474,        0.67],[        2400,        0.61]],
[[        2479,        0.85],[        2208,        0.72],[        2403,        0.73],[        2555,         0.7],[        2411,        0.61]],
[[        2463,        0.84],[        2310,        0.76],[        2552,        0.77],[        2682,        0.73],[        2427,        0.62]],
[[        2342,         0.8],[        2397,        0.79],[        2679,        0.81],[        2825,        0.77],[        2433,        0.62]],
[[        2281,        0.78],[        2493,        0.82],[        2872,        0.87],[        2969,        0.81],[        2549,        0.65]],
[[        2216,        0.76],[        2487,        0.82],[        2659,         0.8],[        3013,        0.82],[        2639,        0.67]],
[[        2115,        0.73],[        2579,        0.85],[        2851,        0.86],[        3048,        0.83],[        2740,         0.7]],
[[        2038,         0.7],[        2614,        0.86],[        2568,        0.78],[        3132,        0.85],[        2785,        0.71]],
[[        2025,        0.69],[        2634,        0.86],[        2535,        0.77],[        3088,        0.84],[        2875,        0.73]],
[[        1905,        0.65],[        2665,        0.87],[        2467,        0.75],[        3020,        0.82],[        2862,        0.73]],
[[        1891,        0.65],[        2641,        0.87],[        2543,        0.77],[        2974,        0.81],[        2888,        0.74]],
[[        1915,        0.66],[        2668,        0.87],[        2501,        0.76],[        2882,        0.78],[        2941,        0.75]],
[[        1914,        0.66],[        2558,        0.84],[        2468,        0.75],[        2961,        0.81],[        2967,        0.76]],
[[        1874,        0.64],[        2424,        0.79],[        2416,        0.73],[        2945,         0.8],[        3039,        0.77]],
[[        1983,        0.68],[        2319,        0.76],[        2528,        0.76],[        3065,        0.83],[        3117,        0.79]],
[[        2011,        0.69],[        2245,        0.74],[        2487,        0.75],[        2900,        0.79],[        3094,        0.79]],
[[        2196,        0.75],[        2097,        0.69],[        2579,        0.78],[        2919,        0.79],[        3093,        0.79]],
[[        2396,        0.82],[        2040,        0.67],[        2590,        0.78],[        2631,        0.72],[        3112,        0.79]],
[[        2593,        0.89],[        2011,        0.66],[        2568,        0.78],[        2552,        0.69],[        3038,        0.77]],
[[        2062,        0.71],[        1818,         0.6],[        2580,        0.78],[        2465,        0.67],[        2946,        0.75]],
[[        1905,        0.65],[        1815,         0.6],[        2548,        0.77],[        2488,        0.68],[        2880,        0.73]],
[[        1924,        0.66],[        1783,        0.58],[        2518,        0.76],[        2405,        0.65],[        2779,        0.71]],
[[        1829,        0.63],[        1800,        0.59],[        2324,         0.7],[        2396,        0.65],[        2818,        0.72]],
[[        1631,        0.56],[        1743,        0.57],[        2269,        0.69],[        2331,        0.63],[        2767,         0.7]],
[[        1462,         0.5],[        1808,        0.59],[        2176,        0.66],[        2401,        0.65],[        2821,        0.72]],
[[        1581,        0.54],[        1821,         0.6],[        2100,        0.63],[        2327,        0.63],[        2668,        0.68]],
[[        1563,        0.54],[        1935,        0.63],[        1938,        0.59],[        2387,        0.65],[        2634,        0.67]],
[[        1552,        0.53],[        2042,        0.67],[        1874,        0.57],[        2339,        0.64],[        2378,        0.61]],
[[        1531,        0.52],[        2287,        0.75],[        1801,        0.54],[        2326,        0.63],[        2302,        0.59]],
[[        1496,        0.51],[        1758,        0.58],[        1637,        0.49],[        2324,        0.63],[        2224,        0.57]],
[[        1398,        0.48],[        1632,        0.54],[        1638,        0.49],[        2288,        0.62],[        2225,        0.57]],
[[        1437,        0.49],[        1574,        0.52],[        1569,        0.47],[        2259,        0.61],[        2149,        0.55]],
[[        1439,        0.49],[        1556,        0.51],[        1568,        0.47],[        2115,        0.58],[        2147,        0.55]],
[[        1522,        0.52],[        1389,        0.46],[        1541,        0.47],[        2044,        0.56],[        2115,        0.54]],
[[        1555,        0.53],[        1266,        0.42],[        1616,        0.49],[        1955,        0.53],[        2175,        0.55]],
[[        1471,         0.5],[        1318,        0.43],[        1598,        0.48],[        1898,        0.52],[        2106,        0.54]],
[[        1519,        0.52],[        1336,        0.44],[        1708,        0.52],[        1748,        0.48],[        2155,        0.55]],
[[        1420,        0.49],[        1314,        0.43],[        1810,        0.55],[        1670,        0.45],[        2114,        0.54]],
[[        1422,        0.49],[        1340,        0.44],[        2026,        0.61],[        1644,        0.45],[        2103,        0.54]],
[[        1352,        0.46],[        1275,        0.42],[        1538,        0.46],[        1519,        0.41],[        2110,        0.54]],
[[        1328,        0.46],[        1195,        0.39],[        1419,        0.43],[        1503,        0.41],[        2081,        0.53]],
[[        1317,        0.45],[        1202,        0.39],[        1327,         0.4],[        1444,        0.39],[        2051,        0.52]],
[[        1332,        0.46],[        1214,         0.4],[        1387,        0.42],[        1438,        0.39],[        1926,        0.49]],
[[        1391,        0.48],[        1266,        0.42],[        1203,        0.36],[        1372,        0.37],[        1828,        0.47]],
[[        1451,         0.5],[        1238,        0.41],[        1074,        0.32],[        1411,        0.38],[        1741,        0.44]],
[[        1437,        0.49],[        1195,        0.39],[        1109,        0.33],[        1385,        0.38],[        1675,        0.43]],
[[         945,        0.32],[        1160,        0.38],[        1070,        0.32],[        1428,        0.39],[        1539,        0.39]],
[[         764,        0.26],[        1076,        0.35],[        1121,        0.34],[        1484,         0.4],[        1456,        0.37]],
[[         921,        0.32],[        1004,        0.33],[        1066,        0.32],[        1649,        0.45],[        1404,        0.36]],
[[         851,        0.29],[         945,        0.31],[         965,        0.29],[        1222,        0.33],[        1275,        0.32]],
[[         942,        0.32],[         848,        0.28],[         912,        0.28],[        1121,         0.3],[        1227,        0.31]],
[[         837,        0.29],[         855,        0.28],[         816,        0.25],[        1004,        0.27],[        1141,        0.29]],
[[        4781,        1.64],[         790,        0.26],[         816,        0.25],[         982,        0.27],[        1090,        0.28]],
[[           .,           .],[         761,        0.25],[         794,        0.24],[         822,        0.22],[         992,        0.25]],
[[           .,           .],[         765,        0.25],[         716,        0.22],[         689,        0.19],[         955,        0.24]],
[[           .,           .],[         623,         0.2],[         631,        0.19],[         663,        0.18],[         881,        0.22]],
[[           .,           .],[         449,        0.15],[         528,        0.16],[         613,        0.17],[         846,        0.22]],
[[           .,           .],[        1831,         0.6],[        2162,        0.65],[        2745,        0.75],[        4016,        1.02]]]]}}
