{
"ons":{
"label":"Population Projections for England and Wales, by local authority",
"source":"Office for National Statistics",
"updated":"2014-10-01",
"area": {
"code":"K04000001",
"label":"England and Wales"
},
"time": {
"label":"1998-2038",
"index":["1998",  "2008",  "2018",  "2028",  "2038"]
},
"concept":{
"label":["population", "% of population"],
"units":["count", "%"],
"max":[        2521,         1.38]
},
"sums":{
"series1":[       82013,        86320,        88761,        89074,        88226],
"series2":[       85908,        89939,        92258,        93903,        93899]
},
"dimension":{
"label":"age",
"index":["0", "1", "2", "3", "4", "5", "6", "7", "8", "9", "10", "11", "12", "13", "14", "15", "16", "17", "18", "19", "20", "21", "22", "23", "24", "25", "26", "27", "28", "29", "30", "31", "32", "33", "34", "35", "36", "37", "38", "39", "40", "41", "42", "43", "44", "45", "46", "47", "48", "49", "50", "51", "52", "53", "54", "55", "56", "57", "58", "59", "60", "61", "62", "63", "64", "65", "66", "67", "68", "69", "70", "71", "72", "73", "74", "75", "76", "77", "78", "79", "80", "81", "82", "83", "84", "85", "86", "87", "88", "89", "90+"]
},
"series":["male", "female"],
"value":[[[[        1067,        0.64],[        1120,        0.64],[        1001,        0.55],[        1026,        0.56],[         994,        0.55]],
[[        1178,         0.7],[        1123,        0.64],[         996,        0.55],[        1036,        0.57],[         996,        0.55]],
[[        1068,        0.64],[        1085,        0.62],[        1041,        0.58],[        1048,        0.57],[        1001,        0.55]],
[[        1123,        0.67],[        1044,        0.59],[        1095,         0.6],[        1058,        0.58],[        1003,        0.55]],
[[        1131,        0.67],[        1111,        0.63],[        1064,        0.59],[        1062,        0.58],[        1003,        0.55]],
[[        1147,        0.68],[        1117,        0.63],[        1026,        0.57],[        1068,        0.58],[        1005,        0.55]],
[[        1229,        0.73],[        1058,         0.6],[        1092,         0.6],[        1069,        0.58],[        1006,        0.55]],
[[        1291,        0.77],[        1075,        0.61],[        1105,        0.61],[        1064,        0.58],[        1005,        0.55]],
[[        1251,        0.74],[        1099,        0.62],[        1244,        0.69],[        1061,        0.58],[        1007,        0.55]],
[[        1255,        0.75],[        1071,        0.61],[        1131,        0.62],[        1061,        0.58],[        1013,        0.56]],
[[        1293,        0.77],[        1111,        0.63],[        1218,        0.67],[        1058,        0.58],[        1018,        0.56]],
[[        1249,        0.74],[        1238,         0.7],[        1091,         0.6],[        1057,        0.58],[        1026,        0.56]],
[[        1214,        0.72],[        1135,        0.64],[        1089,         0.6],[        1054,        0.58],[        1034,        0.57]],
[[        1156,        0.69],[        1174,        0.67],[        1038,        0.57],[        1051,        0.57],[        1040,        0.57]],
[[        1151,        0.69],[        1155,        0.66],[        1107,        0.61],[        1029,        0.56],[        1045,        0.57]],
[[        1165,        0.69],[        1188,        0.67],[        1111,        0.61],[        1010,        0.55],[        1053,        0.58]],
[[        1097,        0.65],[        1197,        0.68],[        1031,        0.57],[        1066,        0.58],[        1055,        0.58]],
[[        1180,         0.7],[        1282,        0.73],[        1070,        0.59],[        1098,         0.6],[        1061,        0.58]],
[[        1027,        0.61],[        1209,        0.69],[        1076,        0.59],[        1168,        0.64],[        1043,        0.57]],
[[         805,        0.48],[        1113,        0.63],[         934,        0.52],[        1005,        0.55],[         931,        0.51]],
[[         690,        0.41],[        1103,        0.63],[         946,        0.52],[        1019,        0.56],[         900,        0.49]],
[[         754,        0.45],[        1021,        0.58],[        1082,         0.6],[         948,        0.52],[         902,         0.5]],
[[         862,        0.51],[        1098,        0.62],[        1045,        0.58],[         989,        0.54],[         942,        0.52]],
[[         933,        0.56],[        1042,        0.59],[        1086,         0.6],[         952,        0.52],[         955,        0.52]],
[[        1109,        0.66],[        1046,        0.59],[        1092,         0.6],[        1007,        0.55],[         958,        0.53]],
[[        1198,        0.71],[        1077,        0.61],[        1133,        0.63],[        1007,        0.55],[         955,        0.52]],
[[        1198,        0.71],[        1037,        0.59],[        1098,        0.61],[         970,        0.53],[        1007,        0.55]],
[[        1221,        0.73],[        1106,        0.63],[        1234,        0.68],[         993,        0.54],[        1020,        0.56]],
[[        1164,        0.69],[        1094,        0.62],[        1133,        0.63],[        1017,        0.56],[        1075,        0.59]],
[[        1238,        0.74],[        1072,        0.61],[        1133,        0.63],[        1004,        0.55],[        1046,        0.57]],
[[        1210,        0.72],[         925,        0.52],[        1167,        0.64],[        1048,        0.57],[        1089,         0.6]],
[[        1240,        0.74],[        1003,        0.57],[        1099,        0.61],[        1123,        0.61],[        1028,        0.56]],
[[        1259,        0.75],[        1052,         0.6],[        1177,        0.65],[        1071,        0.59],[        1022,        0.56]],
[[        1225,        0.73],[        1011,        0.57],[        1102,        0.61],[        1110,        0.61],[         983,        0.54]],
[[        1278,        0.76],[        1130,        0.64],[        1076,        0.59],[        1089,         0.6],[         997,        0.55]],
[[        1254,        0.75],[        1177,        0.67],[        1111,        0.61],[        1106,         0.6],[         986,        0.54]],
[[        1208,        0.72],[        1227,         0.7],[        1088,         0.6],[        1087,        0.59],[         955,        0.52]],
[[        1172,         0.7],[        1292,        0.73],[        1158,        0.64],[        1159,        0.63],[         976,        0.54]],
[[        1165,        0.69],[        1233,         0.7],[        1062,        0.59],[        1117,        0.61],[         998,        0.55]],
[[        1100,        0.66],[        1332,        0.76],[        1071,        0.59],[        1096,         0.6],[        1002,        0.55]],
[[        1121,        0.67],[        1322,        0.75],[        1042,        0.58],[        1111,        0.61],[        1016,        0.56]],
[[        1105,        0.66],[        1313,        0.74],[        1017,        0.56],[        1063,        0.58],[        1079,        0.59]],
[[        1054,        0.63],[        1321,        0.75],[        1035,        0.57],[        1075,        0.59],[        1038,        0.57]],
[[        1041,        0.62],[        1290,        0.73],[        1017,        0.56],[        1037,        0.57],[        1057,        0.58]],
[[        1126,        0.67],[        1319,        0.75],[        1038,        0.57],[        1008,        0.55],[        1051,        0.58]],
[[        1076,        0.64],[        1289,        0.73],[        1181,        0.65],[        1042,        0.57],[        1070,        0.59]],
[[        1074,        0.64],[        1265,        0.72],[        1155,        0.64],[        1029,        0.56],[        1063,        0.58]],
[[        1132,        0.67],[        1235,         0.7],[        1231,        0.68],[        1091,         0.6],[        1126,        0.62]],
[[        1170,         0.7],[        1195,        0.68],[        1200,        0.66],[        1061,        0.58],[        1090,         0.6]],
[[        1157,        0.69],[        1124,        0.64],[        1336,        0.74],[        1031,        0.56],[        1070,        0.59]],
[[        1301,        0.77],[        1162,        0.66],[        1323,        0.73],[         955,        0.52],[        1088,         0.6]],
[[        1347,         0.8],[        1164,        0.66],[        1290,        0.71],[         978,        0.53],[        1044,        0.57]],
[[        1081,        0.64],[        1084,        0.62],[        1330,        0.73],[        1012,        0.55],[        1059,        0.58]],
[[        1063,        0.63],[        1022,        0.58],[        1306,        0.72],[         994,        0.54],[        1032,        0.57]],
[[        1056,        0.63],[        1100,        0.62],[        1307,        0.72],[        1022,        0.56],[        1003,        0.55]],
[[        1014,         0.6],[        1046,        0.59],[        1271,         0.7],[        1126,        0.62],[        1019,        0.56]],
[[        1009,         0.6],[        1050,         0.6],[        1214,        0.67],[        1138,        0.62],[        1005,        0.55]],
[[         883,        0.53],[        1112,        0.63],[        1199,        0.66],[        1212,        0.66],[        1053,        0.58]],
[[         899,        0.54],[        1166,        0.66],[        1150,        0.64],[        1173,        0.64],[        1026,        0.56]],
[[         917,        0.55],[        1129,        0.64],[        1098,        0.61],[        1260,        0.69],[         990,        0.54]],
[[         904,        0.54],[        1262,        0.72],[        1131,        0.62],[        1259,        0.69],[         916,         0.5]],
[[         870,        0.52],[        1237,         0.7],[        1093,         0.6],[        1236,        0.68],[         928,        0.51]],
[[         822,        0.49],[        1026,        0.58],[        1008,        0.56],[        1239,        0.68],[         959,        0.53]],
[[         815,        0.49],[         986,        0.56],[         930,        0.51],[        1218,        0.67],[         942,        0.52]],
[[         763,        0.45],[         990,        0.56],[        1045,        0.58],[        1203,        0.66],[         961,        0.53]],
[[         762,        0.45],[         906,        0.51],[         988,        0.55],[        1177,        0.64],[        1054,        0.58]],
[[         729,        0.43],[         910,        0.52],[         981,        0.54],[        1120,        0.61],[        1063,        0.58]],
[[         744,        0.44],[         748,        0.42],[         994,        0.55],[        1090,         0.6],[        1119,        0.61]],
[[         701,        0.42],[         793,        0.45],[        1056,        0.58],[        1030,        0.56],[        1076,        0.59]],
[[         676,         0.4],[         804,        0.46],[         987,        0.55],[         995,        0.54],[        1142,        0.63]],
[[         607,        0.36],[         773,        0.44],[        1110,        0.61],[         985,        0.54],[        1134,        0.62]],
[[         658,        0.39],[         681,        0.39],[        1081,         0.6],[         956,        0.52],[        1105,        0.61]],
[[         655,        0.39],[         655,        0.37],[         864,        0.48],[         874,        0.48],[        1093,         0.6]],
[[         603,        0.36],[         590,        0.33],[         812,        0.45],[         811,        0.44],[        1060,        0.58]],
[[         565,        0.34],[         594,        0.34],[         772,        0.43],[         868,        0.47],[        1035,        0.57]],
[[         503,         0.3],[         546,        0.31],[         709,        0.39],[         815,        0.45],[         996,        0.55]],
[[         542,        0.32],[         505,        0.29],[         732,         0.4],[         786,        0.43],[         932,        0.51]],
[[         484,        0.29],[         516,        0.29],[         563,        0.31],[         791,        0.43],[         892,        0.49]],
[[         428,        0.25],[         461,        0.26],[         561,        0.31],[         813,        0.44],[         824,        0.45]],
[[         309,        0.18],[         388,        0.22],[         582,        0.32],[         741,         0.4],[         780,        0.43]],
[[         249,        0.15],[         340,        0.19],[         499,        0.28],[         807,        0.44],[         754,        0.41]],
[[         237,        0.14],[         340,        0.19],[         447,        0.25],[         767,        0.42],[         716,        0.39]],
[[         208,        0.12],[         327,        0.19],[         399,        0.22],[         602,        0.33],[         632,        0.35]],
[[         233,        0.14],[         271,        0.15],[         327,        0.18],[         531,        0.29],[         561,        0.31]],
[[         155,        0.09],[         235,        0.13],[         318,        0.18],[         479,        0.26],[         571,        0.31]],
[[         610,        0.36],[         189,        0.11],[         254,        0.14],[         414,        0.23],[         515,        0.28]],
[[           .,           .],[         185,         0.1],[         234,        0.13],[         386,        0.21],[         472,        0.26]],
[[           .,           .],[         133,        0.08],[         221,        0.12],[         286,        0.16],[         448,        0.25]],
[[           .,           .],[         132,        0.07],[         178,         0.1],[         266,        0.15],[         430,        0.24]],
[[           .,           .],[         102,        0.06],[         116,        0.06],[         240,        0.13],[         359,         0.2]],
[[           .,           .],[         204,        0.12],[         376,        0.21],[         806,        0.44],[        1642,         0.9]]],
[[[        1023,        0.61],[        1074,        0.61],[         945,        0.52],[         986,        0.54],[         955,        0.52]],
[[        1101,        0.66],[        1070,        0.61],[         973,        0.54],[         994,        0.54],[         956,        0.52]],
[[        1072,        0.64],[        1048,        0.59],[        1046,        0.58],[        1005,        0.55],[         960,        0.53]],
[[        1051,        0.63],[         964,        0.55],[        1001,        0.55],[        1012,        0.55],[         960,        0.53]],
[[        1122,        0.67],[        1001,        0.57],[        1035,        0.57],[        1025,        0.56],[         968,        0.53]],
[[        1154,        0.69],[         960,        0.54],[        1075,        0.59],[        1030,        0.56],[         969,        0.53]],
[[        1233,        0.73],[         983,        0.56],[        1054,        0.58],[        1030,        0.56],[         969,        0.53]],
[[        1141,        0.68],[         956,        0.54],[        1105,        0.61],[        1028,        0.56],[         971,        0.53]],
[[        1113,        0.66],[         992,        0.56],[        1101,        0.61],[        1028,        0.56],[         975,        0.54]],
[[        1171,         0.7],[        1081,        0.61],[        1110,        0.61],[        1027,        0.56],[         981,        0.54]],
[[        1233,        0.73],[        1079,        0.61],[        1080,         0.6],[        1027,        0.56],[         988,        0.54]],
[[        1150,        0.68],[        1180,        0.67],[        1064,        0.59],[        1028,        0.56],[         995,        0.55]],
[[        1129,        0.67],[        1080,        0.61],[        1057,        0.58],[        1030,        0.56],[        1005,        0.55]],
[[        1216,        0.72],[        1141,        0.65],[         997,        0.55],[        1032,        0.56],[        1015,        0.56]],
[[        1138,        0.68],[        1174,        0.67],[        1018,        0.56],[        1045,        0.57],[        1018,        0.56]],
[[        1104,        0.66],[        1219,        0.69],[         969,        0.54],[        1054,        0.58],[        1028,        0.56]],
[[        1075,        0.64],[        1239,         0.7],[         960,        0.53],[        1064,        0.58],[        1033,        0.57]],
[[        1148,        0.68],[        1120,        0.64],[         965,        0.53],[        1100,         0.6],[        1036,        0.57]],
[[         974,        0.58],[        1180,        0.67],[         988,        0.55],[        1063,        0.58],[        1016,        0.56]],
[[         788,        0.47],[        1039,        0.59],[         861,        0.48],[         919,         0.5],[         849,        0.47]],
[[         736,        0.44],[        1056,         0.6],[         854,        0.47],[         887,        0.48],[         820,        0.45]],
[[         693,        0.41],[         980,        0.56],[         949,        0.52],[         894,        0.49],[         845,        0.46]],
[[         789,        0.47],[        1076,        0.61],[        1024,        0.57],[         938,        0.51],[         908,         0.5]],
[[         926,        0.55],[        1167,        0.66],[        1087,         0.6],[         914,         0.5],[         934,        0.51]],
[[        1001,         0.6],[        1127,        0.64],[        1072,        0.59],[         947,        0.52],[         976,        0.54]],
[[        1184,        0.71],[        1124,        0.64],[        1156,        0.64],[         930,        0.51],[        1008,        0.55]],
[[        1206,        0.72],[        1065,         0.6],[        1215,        0.67],[         930,        0.51],[        1034,        0.57]],
[[        1218,        0.73],[        1164,        0.66],[        1142,        0.63],[         957,        0.52],[        1060,        0.58]],
[[        1232,        0.73],[        1169,        0.66],[        1261,         0.7],[        1004,        0.55],[        1061,        0.58]],
[[        1279,        0.76],[        1082,        0.61],[        1200,        0.66],[        1055,        0.58],[        1077,        0.59]],
[[        1258,        0.75],[        1081,        0.61],[        1256,        0.69],[        1076,        0.59],[        1092,         0.6]],
[[        1296,        0.77],[        1014,        0.58],[        1190,        0.66],[        1171,        0.64],[        1082,        0.59]],
[[        1275,        0.76],[         986,        0.56],[        1209,        0.67],[        1128,        0.62],[        1068,        0.59]],
[[        1242,        0.74],[        1060,         0.6],[        1320,        0.73],[        1154,        0.63],[        1021,        0.56]],
[[        1312,        0.78],[        1139,        0.65],[        1153,        0.64],[        1197,        0.65],[        1016,        0.56]],
[[        1244,        0.74],[        1243,        0.71],[        1243,        0.69],[        1218,        0.67],[         982,        0.54]],
[[        1282,        0.76],[        1340,        0.76],[        1158,        0.64],[        1249,        0.68],[         980,        0.54]],
[[        1197,        0.71],[        1310,        0.74],[        1234,        0.68],[        1185,        0.65],[         995,        0.55]],
[[        1178,         0.7],[        1300,        0.74],[        1259,         0.7],[        1217,        0.67],[        1021,        0.56]],
[[        1141,        0.68],[        1419,        0.81],[        1127,        0.62],[        1199,        0.66],[        1064,        0.58]],
[[        1105,        0.66],[        1314,        0.75],[        1095,         0.6],[        1241,        0.68],[        1075,        0.59]],
[[        1167,        0.69],[        1333,        0.76],[        1039,        0.57],[        1180,        0.64],[        1143,        0.63]],
[[        1119,        0.67],[        1318,        0.75],[         987,        0.55],[        1194,        0.65],[        1112,        0.61]],
[[        1106,        0.66],[        1327,        0.75],[        1010,        0.56],[        1249,        0.68],[        1138,        0.62]],
[[        1124,        0.67],[        1344,        0.76],[        1097,        0.61],[        1147,        0.63],[        1174,        0.64]],
[[        1144,        0.68],[        1253,        0.71],[        1202,        0.66],[        1204,        0.66],[        1189,        0.65]],
[[        1092,        0.65],[        1300,        0.74],[        1335,        0.74],[        1112,        0.61],[        1221,        0.67]],
[[        1141,        0.68],[        1267,        0.72],[        1304,        0.72],[        1185,        0.65],[        1175,        0.65]],
[[        1209,        0.72],[        1167,        0.66],[        1293,        0.71],[        1214,        0.66],[        1195,        0.66]],
[[        1197,        0.71],[        1178,        0.67],[        1410,        0.78],[        1084,        0.59],[        1174,        0.64]],
[[        1265,        0.75],[        1096,        0.62],[        1318,        0.73],[        1061,        0.58],[        1218,        0.67]],
[[        1286,        0.77],[        1205,        0.68],[        1327,        0.73],[        1006,        0.55],[        1165,        0.64]],
[[        1073,        0.64],[        1154,        0.65],[        1262,         0.7],[         980,        0.54],[        1170,        0.64]],
[[        1125,        0.67],[        1076,        0.61],[        1357,        0.75],[        1024,        0.56],[        1219,        0.67]],
[[        1034,        0.62],[        1113,        0.63],[        1354,        0.75],[        1096,         0.6],[        1130,        0.62]],
[[        1025,        0.61],[        1159,        0.66],[        1220,        0.67],[        1175,        0.64],[        1177,        0.65]],
[[         947,        0.56],[        1070,        0.61],[        1242,        0.69],[        1280,         0.7],[        1100,         0.6]],
[[         918,        0.55],[        1099,        0.62],[        1264,         0.7],[        1264,        0.69],[        1157,        0.64]],
[[         902,        0.54],[        1193,        0.68],[        1161,        0.64],[        1242,        0.68],[        1183,        0.65]],
[[         895,        0.53],[        1210,        0.69],[        1164,        0.64],[        1360,        0.74],[        1071,        0.59]],
[[         891,        0.53],[        1255,        0.71],[        1083,         0.6],[        1277,         0.7],[        1032,        0.57]],
[[         850,        0.51],[        1273,        0.72],[        1162,        0.64],[        1272,         0.7],[         981,        0.54]],
[[         844,         0.5],[        1016,        0.58],[        1134,        0.63],[        1234,        0.67],[         963,        0.53]],
[[         892,        0.53],[        1071,        0.61],[        1028,        0.57],[        1289,         0.7],[         996,        0.55]],
[[         892,        0.53],[         993,        0.56],[        1066,        0.59],[        1278,         0.7],[        1060,        0.58]],
[[         824,        0.49],[         953,        0.54],[        1107,        0.61],[        1169,        0.64],[        1132,        0.62]],
[[         805,        0.48],[         882,         0.5],[         989,        0.55],[        1187,        0.65],[        1220,        0.67]],
[[         794,        0.47],[         879,         0.5],[        1043,        0.58],[        1185,        0.65],[        1207,        0.66]],
[[         731,        0.44],[         851,        0.48],[        1127,        0.62],[        1077,        0.59],[        1179,        0.65]],
[[         760,        0.45],[         805,        0.46],[        1116,        0.62],[        1073,        0.59],[        1271,         0.7]],
[[         725,        0.43],[         813,        0.46],[        1126,        0.62],[        1005,        0.55],[        1196,        0.66]],
[[         747,        0.44],[         728,        0.41],[        1170,        0.65],[        1078,        0.59],[        1184,        0.65]],
[[         790,        0.47],[         750,        0.43],[         898,         0.5],[        1023,        0.56],[        1137,        0.62]],
[[         762,        0.45],[         743,        0.42],[         933,        0.52],[         925,        0.51],[        1175,        0.65]],
[[         771,        0.46],[         746,        0.42],[         872,        0.48],[         940,        0.51],[        1149,        0.63]],
[[         666,         0.4],[         642,        0.36],[         801,        0.44],[         970,        0.53],[        1039,        0.57]],
[[         705,        0.42],[         626,        0.36],[         754,        0.42],[         853,        0.47],[        1044,        0.57]],
[[         692,        0.41],[         591,        0.34],[         686,        0.38],[         881,        0.48],[        1017,        0.56]],
[[         685,        0.41],[         502,        0.28],[         681,        0.38],[         934,        0.51],[         915,         0.5]],
[[         522,        0.31],[         534,         0.3],[         625,        0.35],[         904,        0.49],[         897,        0.49]],
[[         470,        0.28],[         464,        0.26],[         616,        0.34],[         910,         0.5],[         826,        0.45]],
[[         442,        0.26],[         481,        0.27],[         517,        0.29],[         900,        0.49],[         857,        0.47]],
[[         447,        0.27],[         504,        0.29],[         501,        0.28],[         677,        0.37],[         792,        0.43]],
[[         408,        0.24],[         466,        0.26],[         510,        0.28],[         668,        0.37],[         694,        0.38]],
[[         357,        0.21],[         441,        0.25],[         484,        0.27],[         605,        0.33],[         682,        0.37]],
[[        1737,        1.03],[         348,         0.2],[         380,        0.21],[         532,        0.29],[         677,        0.37]],
[[           .,           .],[         371,        0.21],[         324,        0.18],[         460,        0.25],[         567,        0.31]],
[[           .,           .],[         303,        0.17],[         298,        0.16],[         412,        0.23],[         560,        0.31]],
[[           .,           .],[         291,        0.17],[         226,        0.12],[         368,         0.2],[         550,         0.3]],
[[           .,           .],[         240,        0.14],[         214,        0.12],[         314,        0.17],[         498,        0.27]],
[[           .,           .],[         719,        0.41],[         833,        0.46],[        1435,        0.78],[        2521,        1.38]]]]}}
