{
"ons":{
"label":"Population Projections for England and Wales, by local authority",
"source":"Office for National Statistics",
"updated":"2014-10-01",
"area": {
"code":"K04000001",
"label":"England and Wales"
},
"time": {
"label":"1998-2038",
"index":["1998",  "2008",  "2018",  "2028",  "2038"]
},
"concept":{
"label":["population", "% of population"],
"units":["count", "%"],
"max":[        3113,         1.55]
},
"sums":{
"series1":[       75104,        79907,        92178,       100115,       106668],
"series2":[       76125,        80602,        90465,        98405,       104548]
},
"dimension":{
"label":"age",
"index":["0", "1", "2", "3", "4", "5", "6", "7", "8", "9", "10", "11", "12", "13", "14", "15", "16", "17", "18", "19", "20", "21", "22", "23", "24", "25", "26", "27", "28", "29", "30", "31", "32", "33", "34", "35", "36", "37", "38", "39", "40", "41", "42", "43", "44", "45", "46", "47", "48", "49", "50", "51", "52", "53", "54", "55", "56", "57", "58", "59", "60", "61", "62", "63", "64", "65", "66", "67", "68", "69", "70", "71", "72", "73", "74", "75", "76", "77", "78", "79", "80", "81", "82", "83", "84", "85", "86", "87", "88", "89", "90+"]
},
"series":["male", "female"],
"value":[[[[         860,        0.57],[         914,        0.57],[         976,        0.53],[        1022,        0.51],[        1053,         0.5]],
[[         811,        0.54],[         916,        0.57],[         979,        0.54],[        1030,        0.52],[        1052,         0.5]],
[[         848,        0.56],[         884,        0.55],[        1018,        0.56],[        1050,        0.53],[        1064,         0.5]],
[[         893,        0.59],[         889,        0.55],[        1020,        0.56],[        1061,        0.53],[        1068,        0.51]],
[[         876,        0.58],[         836,        0.52],[         959,        0.53],[        1079,        0.54],[        1083,        0.51]],
[[         924,        0.61],[         810,         0.5],[        1006,        0.55],[        1079,        0.54],[        1084,        0.51]],
[[         982,        0.65],[         840,        0.52],[        1046,        0.57],[        1083,        0.55],[        1090,        0.52]],
[[        1025,        0.68],[         800,         0.5],[        1145,        0.63],[        1087,        0.55],[        1097,        0.52]],
[[        1026,        0.68],[         875,        0.55],[        1008,        0.55],[        1092,        0.55],[        1104,        0.52]],
[[         965,        0.64],[         911,        0.57],[         985,        0.54],[        1087,        0.55],[        1116,        0.53]],
[[         976,        0.65],[         937,        0.58],[        1016,        0.56],[        1094,        0.55],[        1131,        0.54]],
[[         978,        0.65],[         912,        0.57],[        1020,        0.56],[        1080,        0.54],[        1139,        0.54]],
[[         934,        0.62],[         925,        0.58],[         961,        0.53],[        1115,        0.56],[        1143,        0.54]],
[[         997,        0.66],[         963,         0.6],[         993,        0.54],[        1134,        0.57],[        1156,        0.55]],
[[         981,        0.65],[         977,        0.61],[         941,        0.52],[        1058,        0.53],[        1164,        0.55]],
[[        1000,        0.66],[         960,         0.6],[         904,        0.49],[        1132,        0.57],[        1180,        0.56]],
[[         948,        0.63],[         930,        0.58],[         974,        0.53],[        1176,        0.59],[        1195,        0.57]],
[[         985,        0.65],[         924,        0.58],[        1045,        0.57],[        1369,        0.69],[        1322,        0.63]],
[[         999,        0.66],[         815,        0.51],[        1359,        0.74],[        1468,        0.74],[        1539,        0.73]],
[[        1460,        0.97],[        2115,        1.32],[        2413,        1.32],[        2828,        1.42],[        2914,        1.38]],
[[        1868,        1.24],[        2441,        1.52],[        2567,        1.41],[        3076,        1.55],[        3113,        1.47]],
[[        1703,        1.13],[        2064,        1.29],[        2175,        1.19],[        2613,        1.32],[        2688,        1.27]],
[[        1412,        0.93],[        1720,        1.07],[        2040,        1.12],[        2289,        1.15],[        2496,        1.18]],
[[         879,        0.58],[        1444,         0.9],[        2022,        1.11],[        1758,        0.89],[        1975,        0.94]],
[[        1013,        0.67],[        1206,        0.75],[        1789,        0.98],[        1404,        0.71],[        1589,        0.75]],
[[         902,         0.6],[        1035,        0.64],[        1572,        0.86],[        1198,         0.6],[        1426,        0.68]],
[[         986,        0.65],[        1051,        0.65],[        1461,         0.8],[        1119,        0.56],[        1380,        0.65]],
[[         987,        0.65],[         962,         0.6],[        1490,        0.82],[        1093,        0.55],[        1315,        0.62]],
[[        1006,        0.67],[         915,        0.57],[        1083,        0.59],[        1098,        0.55],[        1238,        0.59]],
[[        1032,        0.68],[         917,        0.57],[        1066,        0.58],[        1120,        0.56],[        1211,        0.57]],
[[        1084,        0.72],[         858,        0.53],[        1013,        0.55],[        1132,        0.57],[        1231,        0.58]],
[[        1075,        0.71],[         843,        0.53],[         971,        0.53],[        1142,        0.58],[        1203,        0.57]],
[[        1074,        0.71],[         858,        0.53],[         975,        0.53],[        1143,        0.58],[        1183,        0.56]],
[[        1107,        0.73],[         827,        0.52],[        1206,        0.66],[        1180,        0.59],[        1143,        0.54]],
[[        1101,        0.73],[         946,        0.59],[         995,        0.54],[        1224,        0.62],[        1134,        0.54]],
[[        1172,        0.77],[         992,        0.62],[        1019,        0.56],[        1236,        0.62],[        1098,        0.52]],
[[        1080,        0.71],[        1033,        0.64],[        1143,        0.63],[        1251,        0.63],[        1094,        0.52]],
[[        1141,        0.75],[        1147,        0.71],[        1057,        0.58],[        1363,        0.69],[        1109,        0.53]],
[[        1051,        0.69],[        1110,        0.69],[        1063,        0.58],[        1185,         0.6],[        1148,        0.54]],
[[        1048,        0.69],[        1101,        0.69],[        1045,        0.57],[        1160,        0.58],[        1189,        0.56]],
[[        1040,        0.69],[        1107,        0.69],[         935,        0.51],[        1154,        0.58],[        1204,        0.57]],
[[        1017,        0.67],[        1158,        0.72],[         957,        0.52],[        1074,        0.54],[        1226,        0.58]],
[[         993,        0.66],[        1100,        0.69],[        1012,        0.55],[        1112,        0.56],[        1236,        0.59]],
[[        1005,        0.66],[        1211,        0.75],[         984,        0.54],[        1229,        0.62],[        1259,         0.6]],
[[         967,        0.64],[        1139,        0.71],[        1035,        0.57],[        1117,        0.56],[        1303,        0.62]],
[[        1044,        0.69],[        1176,        0.73],[        1165,        0.64],[        1123,        0.57],[        1308,        0.62]],
[[         966,        0.64],[        1075,        0.67],[        1175,        0.64],[        1166,        0.59],[        1313,        0.62]],
[[        1033,        0.68],[        1131,         0.7],[        1255,        0.69],[        1133,        0.57],[        1410,        0.67]],
[[        1071,        0.71],[        1026,        0.64],[        1204,        0.66],[        1134,        0.57],[        1261,         0.6]],
[[        1112,        0.74],[        1074,        0.67],[        1214,        0.66],[        1107,        0.56],[        1225,        0.58]],
[[        1197,        0.79],[        1031,        0.64],[        1178,        0.64],[         999,         0.5],[        1211,        0.57]],
[[        1267,        0.84],[        1014,        0.63],[        1215,        0.67],[        1016,        0.51],[        1131,        0.54]],
[[         998,        0.66],[        1035,        0.64],[        1180,        0.65],[        1051,        0.53],[        1148,        0.54]],
[[         961,        0.64],[         967,         0.6],[        1265,        0.69],[        1014,        0.51],[        1228,        0.58]],
[[         965,        0.64],[         959,         0.6],[        1184,        0.65],[        1051,        0.53],[        1143,        0.54]],
[[         940,        0.62],[         978,        0.61],[        1236,        0.68],[        1156,        0.58],[        1144,        0.54]],
[[         820,        0.54],[         960,         0.6],[        1106,        0.61],[        1181,        0.59],[        1162,        0.55]],
[[         782,        0.52],[        1002,        0.62],[        1170,        0.64],[        1225,        0.62],[        1141,        0.54]],
[[         794,        0.53],[         998,        0.62],[        1003,        0.55],[        1171,        0.59],[        1146,        0.54]],
[[         770,        0.51],[        1038,        0.65],[        1073,        0.59],[        1199,         0.6],[        1112,        0.53]],
[[         731,        0.48],[        1076,        0.67],[        1025,        0.56],[        1154,        0.58],[        1002,        0.47]],
[[         750,         0.5],[        1186,        0.74],[         993,        0.54],[        1189,         0.6],[        1009,        0.48]],
[[         739,        0.49],[         882,        0.55],[        1024,        0.56],[        1145,        0.58],[        1038,        0.49]],
[[         690,        0.46],[         873,        0.54],[         939,        0.51],[        1218,        0.61],[        1008,        0.48]],
[[         663,        0.44],[         855,        0.53],[         892,        0.49],[        1158,        0.58],[        1028,        0.49]],
[[         648,        0.43],[         797,         0.5],[         949,        0.52],[        1162,        0.59],[        1109,        0.53]],
[[         657,        0.43],[         720,        0.45],[         919,         0.5],[        1060,        0.53],[        1128,        0.53]],
[[         661,        0.44],[         637,         0.4],[         932,        0.51],[        1076,        0.54],[        1161,        0.55]],
[[         606,         0.4],[         689,        0.43],[         875,        0.48],[         953,        0.48],[        1091,        0.52]],
[[         594,        0.39],[         686,        0.43],[         950,        0.52],[         998,         0.5],[        1107,        0.52]],
[[         569,        0.38],[         611,        0.38],[         927,        0.51],[         924,        0.47],[        1068,        0.51]],
[[         544,        0.36],[         623,        0.39],[        1084,        0.59],[         881,        0.44],[        1084,        0.51]],
[[         488,        0.32],[         583,        0.36],[         757,        0.41],[         900,        0.45],[        1043,        0.49]],
[[         482,        0.32],[         533,        0.33],[         743,        0.41],[         815,        0.41],[        1087,        0.51]],
[[         433,        0.29],[         514,        0.32],[         724,         0.4],[         781,        0.39],[        1020,        0.48]],
[[         455,         0.3],[         492,        0.31],[         699,        0.38],[         799,         0.4],[        1015,        0.48]],
[[         496,        0.33],[         523,        0.33],[         566,        0.31],[         770,        0.39],[         930,        0.44]],
[[         456,         0.3],[         465,        0.29],[         516,        0.28],[         766,        0.39],[         923,        0.44]],
[[         404,        0.27],[         436,        0.27],[         537,        0.29],[         714,        0.36],[         811,        0.38]],
[[         233,        0.15],[         396,        0.25],[         504,        0.28],[         755,        0.38],[         822,        0.39]],
[[         226,        0.15],[         369,        0.23],[         442,        0.24],[         734,        0.37],[         749,        0.35]],
[[         235,        0.16],[         355,        0.22],[         451,        0.25],[         804,         0.4],[         696,        0.33]],
[[         218,        0.14],[         287,        0.18],[         394,        0.22],[         563,        0.28],[         692,        0.33]],
[[         196,        0.13],[         246,        0.15],[         347,        0.19],[         531,        0.27],[         615,        0.29]],
[[         171,        0.11],[         197,        0.12],[         294,        0.16],[         487,        0.25],[         570,        0.27]],
[[         828,        0.55],[         219,        0.14],[         279,        0.15],[         447,        0.23],[         558,        0.26]],
[[           .,           .],[         221,        0.14],[         288,        0.16],[         352,        0.18],[         507,        0.24]],
[[           .,           .],[         176,        0.11],[         239,        0.13],[         297,        0.15],[         478,        0.23]],
[[           .,           .],[         136,        0.08],[         204,        0.11],[         283,        0.14],[         413,         0.2]],
[[           .,           .],[          98,        0.06],[         139,        0.08],[         241,        0.12],[         392,        0.19]],
[[           .,           .],[         244,        0.15],[         480,        0.26],[         838,        0.42],[        1551,        0.73]]],
[[[         725,        0.48],[         864,        0.54],[         888,        0.49],[         977,        0.49],[        1007,        0.48]],
[[         767,        0.51],[         864,        0.54],[         869,        0.48],[         994,         0.5],[        1015,        0.48]],
[[         826,        0.55],[         822,        0.51],[         965,        0.53],[        1007,        0.51],[        1021,        0.48]],
[[         808,        0.53],[         758,        0.47],[         953,        0.52],[        1023,        0.52],[        1030,        0.49]],
[[         890,        0.59],[         826,        0.51],[         874,        0.48],[        1033,        0.52],[        1037,        0.49]],
[[         910,         0.6],[         773,        0.48],[         983,        0.54],[        1036,        0.52],[        1041,        0.49]],
[[         968,        0.64],[         772,        0.48],[        1020,        0.56],[        1036,        0.52],[        1042,        0.49]],
[[         988,        0.65],[         815,        0.51],[        1076,        0.59],[        1038,        0.52],[        1047,         0.5]],
[[         977,        0.65],[         838,        0.52],[        1039,        0.57],[        1042,        0.52],[        1053,         0.5]],
[[         924,        0.61],[         797,         0.5],[         914,         0.5],[        1032,        0.52],[        1060,         0.5]],
[[         960,        0.63],[         829,        0.52],[         930,        0.51],[        1039,        0.52],[        1074,        0.51]],
[[         951,        0.63],[         849,        0.53],[         945,        0.52],[        1028,        0.52],[        1084,        0.51]],
[[         894,        0.59],[         901,        0.56],[         915,         0.5],[        1059,        0.53],[        1095,        0.52]],
[[         917,        0.61],[         931,        0.58],[         873,        0.48],[        1063,        0.54],[        1106,        0.52]],
[[         904,         0.6],[         977,        0.61],[         928,        0.51],[        1002,         0.5],[        1111,        0.53]],
[[         891,        0.59],[         931,        0.58],[         833,        0.46],[        1079,        0.54],[        1117,        0.53]],
[[         928,        0.61],[         911,        0.57],[         851,        0.47],[        1103,        0.56],[        1120,        0.53]],
[[         902,         0.6],[         830,        0.52],[        1020,        0.56],[        1206,        0.61],[        1174,        0.56]],
[[         894,        0.59],[         897,        0.56],[        1130,        0.62],[        1290,        0.65],[        1305,        0.62]],
[[        1237,        0.82],[        1760,         1.1],[        1817,        0.99],[        2175,         1.1],[        2260,        1.07]],
[[        1355,         0.9],[        1915,        1.19],[        1881,        1.03],[        2288,        1.15],[        2333,         1.1]],
[[        1303,        0.86],[        1573,        0.98],[        1603,        0.88],[        1930,        0.97],[        2010,        0.95]],
[[        1082,        0.72],[        1382,        0.86],[        1482,        0.81],[        1611,        0.81],[        1749,        0.83]],
[[         842,        0.56],[        1224,        0.76],[        1417,        0.78],[        1261,        0.64],[        1417,        0.67]],
[[         888,        0.59],[        1071,        0.67],[        1346,        0.74],[        1118,        0.56],[        1255,        0.59]],
[[         985,        0.65],[        1083,        0.67],[        1313,        0.72],[        1029,        0.52],[        1223,        0.58]],
[[         998,        0.66],[        1000,        0.62],[        1343,        0.74],[        1009,        0.51],[        1248,        0.59]],
[[        1044,        0.69],[         961,         0.6],[        1275,         0.7],[        1033,        0.52],[        1225,        0.58]],
[[         977,        0.65],[         948,        0.59],[        1159,        0.63],[        1052,        0.53],[        1203,        0.57]],
[[        1044,        0.69],[         924,        0.58],[        1068,        0.58],[        1075,        0.54],[        1173,        0.56]],
[[        1101,        0.73],[         854,        0.53],[        1182,        0.65],[        1112,        0.56],[        1209,        0.57]],
[[        1121,        0.74],[         778,        0.48],[        1024,        0.56],[        1132,        0.57],[        1189,        0.56]],
[[        1105,        0.73],[         871,        0.54],[        1158,        0.63],[        1122,        0.57],[        1178,        0.56]],
[[        1161,        0.77],[         949,        0.59],[        1197,        0.66],[        1171,        0.59],[        1149,        0.54]],
[[        1131,        0.75],[         958,         0.6],[        1124,        0.62],[        1248,        0.63],[        1151,        0.54]],
[[        1163,        0.77],[        1051,        0.65],[        1201,        0.66],[        1275,        0.64],[        1119,        0.53]],
[[        1150,        0.76],[        1081,        0.67],[        1153,        0.63],[        1340,        0.67],[        1106,        0.52]],
[[        1086,        0.72],[        1189,        0.74],[        1169,        0.64],[        1327,        0.67],[        1136,        0.54]],
[[        1055,         0.7],[        1150,        0.72],[        1125,        0.62],[        1300,        0.65],[        1159,        0.55]],
[[        1076,        0.71],[        1208,        0.75],[        1023,        0.56],[        1225,        0.62],[        1191,        0.56]],
[[        1066,         0.7],[        1188,        0.74],[        1011,        0.55],[        1283,        0.65],[        1204,        0.57]],
[[         965,        0.64],[        1167,        0.73],[         873,        0.48],[        1183,         0.6],[        1218,        0.58]],
[[         988,        0.65],[        1168,        0.73],[         980,        0.54],[        1228,        0.62],[        1199,        0.57]],
[[         975,        0.64],[        1205,        0.75],[        1021,        0.56],[        1241,        0.63],[        1222,        0.58]],
[[        1001,        0.66],[        1172,        0.73],[        1067,        0.58],[        1192,         0.6],[        1282,        0.61]],
[[        1045,        0.69],[        1181,        0.74],[        1115,        0.61],[        1226,        0.62],[        1297,        0.61]],
[[        1061,         0.7],[        1152,        0.72],[        1097,         0.6],[        1182,         0.6],[        1358,        0.64]],
[[        1046,        0.69],[        1082,        0.67],[        1306,        0.72],[        1173,        0.59],[        1338,        0.63]],
[[        1056,         0.7],[        1105,        0.69],[        1230,        0.67],[        1155,        0.58],[        1309,        0.62]],
[[        1106,        0.73],[        1072,        0.67],[        1289,        0.71],[        1065,        0.54],[        1242,        0.59]],
[[        1158,        0.77],[        1054,        0.66],[        1188,        0.65],[        1036,        0.52],[        1292,        0.61]],
[[        1200,        0.79],[         960,         0.6],[        1224,        0.67],[         933,        0.47],[        1205,        0.57]],
[[         987,        0.65],[         959,         0.6],[        1213,        0.66],[        1019,        0.51],[        1242,        0.59]],
[[        1040,        0.69],[         911,        0.57],[        1276,         0.7],[        1031,        0.52],[        1251,        0.59]],
[[        1006,        0.67],[         992,        0.62],[        1207,        0.66],[        1077,        0.54],[        1206,        0.57]],
[[         879,        0.58],[         997,        0.62],[        1192,        0.65],[        1128,        0.57],[        1232,        0.58]],
[[         772,        0.51],[        1017,        0.63],[        1195,        0.65],[        1118,        0.56],[        1185,        0.56]],
[[         749,         0.5],[         982,        0.61],[        1109,        0.61],[        1269,        0.64],[        1179,        0.56]],
[[         729,        0.48],[         986,        0.61],[        1124,        0.62],[        1184,         0.6],[        1160,        0.55]],
[[         767,        0.51],[        1034,        0.64],[        1060,        0.58],[        1252,        0.63],[        1074,        0.51]],
[[         763,         0.5],[        1101,        0.69],[        1074,        0.59],[        1175,        0.59],[        1031,        0.49]],
[[         725,        0.48],[        1116,         0.7],[         929,        0.51],[        1226,        0.62],[         943,        0.45]],
[[         737,        0.49],[         887,        0.55],[         952,        0.52],[        1193,         0.6],[        1015,        0.48]],
[[         727,        0.48],[         949,        0.59],[         902,        0.49],[        1237,        0.62],[        1024,        0.48]],
[[         674,        0.45],[         946,        0.59],[         963,        0.53],[        1179,        0.59],[        1061,         0.5]],
[[         679,        0.45],[         813,        0.51],[         993,        0.54],[        1160,        0.58],[        1110,        0.53]],
[[         674,        0.45],[         707,        0.44],[         987,        0.54],[        1161,        0.58],[        1109,        0.53]],
[[         734,        0.49],[         668,        0.42],[         944,        0.52],[        1077,        0.54],[        1238,        0.59]],
[[         664,        0.44],[         678,        0.42],[         916,         0.5],[        1076,        0.54],[        1159,        0.55]],
[[         644,        0.43],[         678,        0.42],[        1020,        0.56],[        1031,        0.52],[        1224,        0.58]],
[[         647,        0.43],[         667,        0.42],[        1041,        0.57],[        1032,        0.52],[        1146,        0.54]],
[[         616,        0.41],[         650,         0.4],[        1066,        0.58],[         903,        0.45],[        1179,        0.56]],
[[         564,        0.37],[         662,        0.41],[         800,        0.44],[         911,        0.46],[        1145,        0.54]],
[[         562,        0.37],[         631,        0.39],[         849,        0.46],[         847,        0.43],[        1181,        0.56]],
[[         551,        0.36],[         593,        0.37],[         904,        0.49],[         902,        0.45],[        1115,        0.53]],
[[         595,        0.39],[         577,        0.36],[         760,        0.42],[         909,        0.46],[        1090,        0.52]],
[[         598,         0.4],[         593,        0.37],[         606,        0.33],[         896,        0.45],[        1072,        0.51]],
[[         632,        0.42],[         599,        0.37],[         598,        0.33],[         858,        0.43],[         992,        0.47]],
[[         566,        0.37],[         562,        0.35],[         585,        0.32],[         810,        0.41],[         972,        0.46]],
[[         388,        0.26],[         545,        0.34],[         562,        0.31],[         864,        0.44],[         917,        0.43]],
[[         334,        0.22],[         520,        0.32],[         544,         0.3],[         888,        0.45],[         897,        0.42]],
[[         372,        0.25],[         478,         0.3],[         537,        0.29],[         875,        0.44],[         775,        0.37]],
[[         431,        0.28],[         453,        0.28],[         487,        0.27],[         652,        0.33],[         758,        0.36]],
[[         388,        0.26],[         387,        0.24],[         449,        0.25],[         652,        0.33],[         677,        0.32]],
[[         351,        0.23],[         386,        0.24],[         428,        0.23],[         649,        0.33],[         696,        0.33]],
[[        1985,        1.31],[         350,        0.22],[         405,        0.22],[         540,        0.27],[         669,        0.32]],
[[           .,           .],[         331,        0.21],[         369,         0.2],[         407,        0.21],[         628,         0.3]],
[[           .,           .],[         372,        0.23],[         344,        0.19],[         369,        0.19],[         570,        0.27]],
[[           .,           .],[         278,        0.17],[         298,        0.16],[         346,        0.17],[         505,        0.24]],
[[           .,           .],[         167,         0.1],[         274,        0.15],[         314,        0.16],[         499,        0.24]],
[[           .,           .],[         759,        0.47],[        1036,        0.57],[        1370,        0.69],[        2231,        1.06]]]]}}
