{
"ons":{
"label":"Population Projections for England and Wales, by local authority",
"source":"Office for National Statistics",
"updated":"2014-10-01",
"area": {
"code":"K04000001",
"label":"England and Wales"
},
"time": {
"label":"1998-2038",
"index":["1998",  "2008",  "2018",  "2028",  "2038"]
},
"concept":{
"label":["population", "% of population"],
"units":["count", "%"],
"max":[        2626,         2.42]
},
"sums":{
"series1":[       48759,        53306,        58220,        62820,        66202],
"series2":[       56235,        58490,        62530,        66434,        69559]
},
"dimension":{
"label":"age",
"index":["0", "1", "2", "3", "4", "5", "6", "7", "8", "9", "10", "11", "12", "13", "14", "15", "16", "17", "18", "19", "20", "21", "22", "23", "24", "25", "26", "27", "28", "29", "30", "31", "32", "33", "34", "35", "36", "37", "38", "39", "40", "41", "42", "43", "44", "45", "46", "47", "48", "49", "50", "51", "52", "53", "54", "55", "56", "57", "58", "59", "60", "61", "62", "63", "64", "65", "66", "67", "68", "69", "70", "71", "72", "73", "74", "75", "76", "77", "78", "79", "80", "81", "82", "83", "84", "85", "86", "87", "88", "89", "90+"]
},
"series":["male", "female"],
"value":[[[[         529,         0.5],[         560,         0.5],[         498,        0.41],[         547,        0.42],[         561,        0.41]],
[[         589,        0.56],[         607,        0.54],[         541,        0.45],[         569,        0.44],[         578,        0.43]],
[[         568,        0.54],[         564,         0.5],[         576,        0.48],[         585,        0.45],[         590,        0.43]],
[[         586,        0.56],[         537,        0.48],[         652,        0.54],[         606,        0.47],[         606,        0.45]],
[[         594,        0.57],[         563,         0.5],[         622,        0.52],[         619,        0.48],[         616,        0.45]],
[[         595,        0.57],[         559,         0.5],[         666,        0.55],[         633,        0.49],[         628,        0.46]],
[[         651,        0.62],[         536,        0.48],[         731,        0.61],[         649,         0.5],[         643,        0.47]],
[[         626,         0.6],[         586,        0.52],[         708,        0.59],[         654,        0.51],[         650,        0.48]],
[[         621,        0.59],[         596,        0.53],[         642,        0.53],[         667,        0.52],[         659,        0.49]],
[[         632,         0.6],[         645,        0.58],[         700,        0.58],[         677,        0.52],[         669,        0.49]],
[[         649,        0.62],[         678,        0.61],[         718,        0.59],[         686,        0.53],[         679,         0.5]],
[[         625,         0.6],[         676,         0.6],[         667,        0.55],[         689,        0.53],[         688,        0.51]],
[[         695,        0.66],[         715,        0.64],[         657,        0.54],[         684,        0.53],[         692,        0.51]],
[[         706,        0.67],[         625,        0.56],[         621,        0.51],[         722,        0.56],[         687,        0.51]],
[[         656,        0.62],[         648,        0.58],[         617,        0.51],[         659,        0.51],[         665,        0.49]],
[[         563,        0.54],[         609,        0.54],[         575,        0.48],[         707,        0.55],[         668,        0.49]],
[[         590,        0.56],[         703,        0.63],[         573,        0.47],[         747,        0.58],[         677,         0.5]],
[[         519,        0.49],[         697,        0.62],[         609,         0.5],[         749,        0.58],[         686,        0.51]],
[[         643,        0.61],[         714,        0.64],[         621,        0.51],[         713,        0.55],[         738,        0.54]],
[[         604,        0.58],[         673,         0.6],[         711,        0.59],[         899,         0.7],[         889,        0.65]],
[[         397,        0.38],[         590,        0.53],[         777,        0.64],[         885,        0.68],[         869,        0.64]],
[[         287,        0.27],[         508,        0.45],[         740,        0.61],[         836,        0.65],[         849,        0.63]],
[[         325,        0.31],[         498,        0.45],[         713,        0.59],[         768,        0.59],[         809,         0.6]],
[[         422,         0.4],[         589,        0.53],[         595,        0.49],[         673,        0.52],[         761,        0.56]],
[[         474,        0.45],[         519,        0.46],[         661,        0.55],[         652,         0.5],[         725,        0.53]],
[[         524,         0.5],[         515,        0.46],[         587,        0.49],[         600,        0.46],[         715,        0.53]],
[[         577,        0.55],[         542,        0.48],[         625,        0.52],[         552,        0.43],[         696,        0.51]],
[[         503,        0.48],[         538,        0.48],[         638,        0.53],[         577,        0.45],[         686,        0.51]],
[[         520,         0.5],[         520,        0.47],[         608,         0.5],[         543,        0.42],[         617,        0.45]],
[[         543,        0.52],[         495,        0.44],[         530,        0.44],[         547,        0.42],[         604,        0.44]],
[[         566,        0.54],[         459,        0.41],[         562,        0.47],[         559,        0.43],[         606,        0.45]],
[[         598,        0.57],[         434,        0.39],[         485,         0.4],[         562,        0.43],[         593,        0.44]],
[[         656,        0.62],[         444,         0.4],[         528,        0.44],[         566,        0.44],[         570,        0.42]],
[[         666,        0.63],[         495,        0.44],[         548,        0.45],[         560,        0.43],[         554,        0.41]],
[[         638,        0.61],[         501,        0.45],[         510,        0.42],[         585,        0.45],[         553,        0.41]],
[[         637,        0.61],[         563,         0.5],[         540,        0.45],[         563,        0.44],[         522,        0.38]],
[[         615,        0.59],[         623,        0.56],[         557,        0.46],[         594,        0.46],[         530,        0.39]],
[[         615,        0.59],[         606,        0.54],[         534,        0.44],[         595,        0.46],[         538,         0.4]],
[[         685,        0.65],[         602,        0.54],[         577,        0.48],[         594,        0.46],[         549,         0.4]],
[[         608,        0.58],[         753,        0.67],[         508,        0.42],[         573,        0.44],[         573,        0.42]],
[[         688,        0.66],[         736,        0.66],[         525,        0.43],[         601,        0.46],[         589,        0.43]],
[[         616,        0.59],[         739,        0.66],[         557,        0.46],[         572,        0.44],[         610,        0.45]],
[[         618,        0.59],[         788,         0.7],[         583,        0.48],[         583,        0.45],[         624,        0.46]],
[[         662,        0.63],[         734,        0.66],[         574,        0.48],[         623,        0.48],[         626,        0.46]],
[[         637,        0.61],[         802,        0.72],[         662,        0.55],[         610,        0.47],[         660,        0.49]],
[[         649,        0.62],[         794,        0.71],[         640,        0.53],[         647,         0.5],[         673,         0.5]],
[[         615,        0.59],[         764,        0.68],[         750,        0.62],[         654,        0.51],[         686,        0.51]],
[[         610,        0.58],[         715,        0.64],[         718,        0.59],[         668,        0.52],[         713,        0.53]],
[[         651,        0.62],[         683,        0.61],[         771,        0.64],[         699,        0.54],[         722,        0.53]],
[[         670,        0.64],[         751,        0.67],[         850,         0.7],[         660,        0.51],[         708,        0.52]],
[[         759,        0.72],[         738,        0.66],[         786,        0.65],[         664,        0.51],[         739,        0.54]],
[[         807,        0.77],[         728,        0.65],[         855,        0.71],[         680,        0.53],[         711,        0.52]],
[[         701,        0.67],[         728,        0.65],[         889,        0.74],[         703,        0.54],[         734,        0.54]],
[[         649,        0.62],[         726,        0.65],[         848,         0.7],[         712,        0.55],[         763,        0.56]],
[[         666,        0.63],[         691,        0.62],[         866,        0.72],[         782,        0.61],[         744,        0.55]],
[[         676,        0.64],[         721,        0.64],[         909,        0.75],[         779,         0.6],[         770,        0.57]],
[[         594,        0.57],[         667,         0.6],[         848,         0.7],[         858,        0.66],[         783,        0.58]],
[[         571,        0.54],[         687,        0.61],[         838,        0.69],[         853,        0.66],[         803,        0.59]],
[[         567,        0.54],[         702,        0.63],[         808,        0.67],[         875,        0.68],[         825,        0.61]],
[[         554,        0.53],[         740,        0.66],[         855,        0.71],[         953,        0.74],[         794,        0.58]],
[[         612,        0.58],[         818,        0.73],[         800,        0.66],[         920,        0.71],[         786,        0.58]],
[[         580,        0.55],[         916,        0.82],[         787,        0.65],[         979,        0.76],[         802,        0.59]],
[[         556,        0.53],[         761,        0.68],[         771,        0.64],[         982,        0.76],[         819,         0.6]],
[[         575,        0.55],[         745,        0.67],[         795,        0.66],[         965,        0.75],[         838,        0.62]],
[[         588,        0.56],[         753,        0.67],[         792,        0.66],[         978,        0.76],[         895,        0.66]],
[[         579,        0.55],[         696,        0.62],[         789,        0.65],[         998,        0.77],[         913,        0.67]],
[[         574,        0.55],[         690,        0.62],[         727,         0.6],[         946,        0.73],[         981,        0.72]],
[[         582,        0.55],[         631,        0.56],[         741,        0.61],[         923,        0.71],[         974,        0.72]],
[[         564,        0.54],[         629,        0.56],[         715,        0.59],[         881,        0.68],[         978,        0.72]],
[[         568,        0.54],[         580,        0.52],[         805,        0.67],[         901,         0.7],[        1036,        0.76]],
[[         546,        0.52],[         631,        0.56],[         843,         0.7],[         852,        0.66],[         999,        0.74]],
[[         541,        0.52],[         616,        0.55],[         948,        0.79],[         825,        0.64],[        1030,        0.76]],
[[         491,        0.47],[         589,        0.53],[         751,        0.62],[         786,        0.61],[        1022,        0.75]],
[[         479,        0.46],[         539,        0.48],[         721,         0.6],[         775,         0.6],[         992,        0.73]],
[[         441,        0.42],[         537,        0.48],[         789,        0.65],[         757,        0.59],[         992,        0.73]],
[[         479,        0.46],[         508,        0.45],[         664,        0.55],[         749,        0.58],[         981,        0.72]],
[[         466,        0.44],[         510,        0.46],[         619,        0.51],[         693,        0.54],[         917,        0.68]],
[[         444,        0.42],[         437,        0.39],[         517,        0.43],[         687,        0.53],[         879,        0.65]],
[[         446,        0.42],[         445,         0.4],[         534,        0.44],[         660,        0.51],[         826,        0.61]],
[[         298,        0.28],[         433,        0.39],[         479,         0.4],[         712,        0.55],[         815,         0.6]],
[[         269,        0.26],[         408,        0.36],[         505,        0.42],[         729,        0.56],[         759,        0.56]],
[[         274,        0.26],[         352,        0.31],[         429,        0.36],[         788,        0.61],[         716,        0.53]],
[[         279,        0.27],[         337,         0.3],[         414,        0.34],[         602,        0.47],[         662,        0.49]],
[[         258,        0.25],[         261,        0.23],[         399,        0.33],[         553,        0.43],[         627,        0.46]],
[[         219,        0.21],[         272,        0.24],[         377,        0.31],[         539,        0.42],[         584,        0.43]],
[[         994,        0.95],[         247,        0.22],[         309,        0.26],[         449,        0.35],[         545,         0.4]],
[[           .,           .],[         219,         0.2],[         306,        0.25],[         391,         0.3],[         484,        0.36]],
[[           .,           .],[         230,        0.21],[         228,        0.19],[         309,        0.24],[         449,        0.33]],
[[           .,           .],[         152,        0.14],[         199,        0.16],[         294,        0.23],[         401,         0.3]],
[[           .,           .],[         108,         0.1],[         178,        0.15],[         251,        0.19],[         399,        0.29]],
[[           .,           .],[         337,         0.3],[         629,        0.52],[         927,        0.72],[        1639,        1.21]]],
[[[         529,         0.5],[         548,        0.49],[         488,         0.4],[         515,         0.4],[         528,        0.39]],
[[         530,         0.5],[         498,        0.45],[         521,        0.43],[         530,        0.41],[         538,         0.4]],
[[         538,        0.51],[         538,        0.48],[         557,        0.46],[         547,        0.42],[         551,        0.41]],
[[         542,        0.52],[         533,        0.48],[         619,        0.51],[         564,        0.44],[         564,        0.42]],
[[         563,        0.54],[         514,        0.46],[         631,        0.52],[         577,        0.45],[         574,        0.42]],
[[         588,        0.56],[         520,        0.47],[         578,        0.48],[         593,        0.46],[         589,        0.43]],
[[         591,        0.56],[         536,        0.48],[         668,        0.55],[         609,        0.47],[         603,        0.44]],
[[         656,        0.62],[         517,        0.46],[         623,        0.52],[         618,        0.48],[         614,        0.45]],
[[         650,        0.62],[         543,        0.49],[         617,        0.51],[         631,        0.49],[         623,        0.46]],
[[         635,         0.6],[         582,        0.52],[         694,        0.57],[         637,        0.49],[         630,        0.46]],
[[         634,         0.6],[         623,        0.56],[         675,        0.56],[         643,         0.5],[         636,        0.47]],
[[         641,        0.61],[         587,        0.53],[         645,        0.53],[         638,        0.49],[         638,        0.47]],
[[         578,        0.55],[         626,        0.56],[         637,        0.53],[         647,         0.5],[         642,        0.47]],
[[         627,         0.6],[         581,        0.52],[         592,        0.49],[         662,        0.51],[         645,        0.48]],
[[         605,        0.58],[         556,         0.5],[         566,        0.47],[         651,         0.5],[         618,        0.46]],
[[         564,        0.54],[         605,        0.54],[         562,        0.47],[         615,        0.48],[         622,        0.46]],
[[         586,        0.56],[         607,        0.54],[         538,        0.45],[         684,        0.53],[         628,        0.46]],
[[         598,        0.57],[         702,        0.63],[         538,        0.45],[         645,         0.5],[         639,        0.47]],
[[         644,        0.61],[         707,        0.63],[         587,        0.49],[         707,        0.55],[         704,        0.52]],
[[         516,        0.49],[         715,        0.64],[         728,         0.6],[         917,        0.71],[         901,        0.66]],
[[         412,        0.39],[         665,        0.59],[         773,        0.64],[         866,        0.67],[         863,        0.64]],
[[         365,        0.35],[         635,        0.57],[         669,        0.55],[         722,        0.56],[         738,        0.54]],
[[         401,        0.38],[         532,        0.48],[         604,         0.5],[         629,        0.49],[         670,        0.49]],
[[         538,        0.51],[         539,        0.48],[         489,         0.4],[         574,        0.44],[         646,        0.48]],
[[         610,        0.58],[         518,        0.46],[         530,        0.44],[         533,        0.41],[         607,        0.45]],
[[         576,        0.55],[         485,        0.43],[         575,        0.48],[         492,        0.38],[         576,        0.42]],
[[         616,        0.59],[         539,        0.48],[         562,        0.47],[         473,        0.37],[         591,        0.44]],
[[         650,        0.62],[         546,        0.49],[         595,        0.49],[         471,        0.36],[         559,        0.41]],
[[         586,        0.56],[         576,        0.52],[         524,        0.43],[         473,        0.37],[         546,         0.4]],
[[         611,        0.58],[         469,        0.42],[         513,        0.42],[         486,        0.38],[         536,        0.39]],
[[         665,        0.63],[         460,        0.41],[         546,        0.45],[         498,        0.39],[         542,         0.4]],
[[         727,        0.69],[         470,        0.42],[         569,        0.47],[         511,         0.4],[         528,        0.39]],
[[         711,        0.68],[         474,        0.42],[         486,         0.4],[         518,         0.4],[         530,        0.39]],
[[         679,        0.65],[         520,        0.47],[         567,        0.47],[         534,        0.41],[         522,        0.38]],
[[         674,        0.64],[         611,        0.55],[         575,        0.48],[         567,        0.44],[         524,        0.39]],
[[         745,        0.71],[         608,        0.54],[         543,        0.45],[         585,        0.45],[         525,        0.39]],
[[         772,        0.74],[         678,        0.61],[         615,        0.51],[         613,        0.47],[         531,        0.39]],
[[         745,        0.71],[         728,        0.65],[         657,        0.54],[         652,         0.5],[         557,        0.41]],
[[         711,        0.68],[         633,        0.57],[         708,        0.59],[         649,         0.5],[         579,        0.43]],
[[         711,        0.68],[         730,        0.65],[         611,        0.51],[         646,         0.5],[         603,        0.44]],
[[         692,        0.66],[         751,        0.67],[         605,         0.5],[         667,        0.52],[         622,        0.46]],
[[         704,        0.67],[         817,        0.73],[         635,        0.53],[         682,        0.53],[         645,        0.48]],
[[         686,        0.65],[         882,        0.79],[         634,        0.53],[         653,        0.51],[         649,        0.48]],
[[         654,        0.62],[         855,        0.76],[         668,        0.55],[         702,        0.54],[         659,        0.49]],
[[         646,        0.62],[         872,        0.78],[         778,        0.64],[         693,        0.54],[         693,        0.51]],
[[         678,        0.65],[         867,        0.78],[         769,        0.64],[         692,        0.54],[         706,        0.52]],
[[         648,        0.62],[         888,        0.79],[         818,        0.68],[         753,        0.58],[         731,        0.54]],
[[         698,        0.66],[         780,         0.7],[         836,        0.69],[         768,        0.59],[         761,        0.56]],
[[         738,         0.7],[         834,        0.75],[         757,        0.63],[         807,        0.62],[         757,        0.56]],
[[         760,        0.72],[         797,        0.71],[         824,        0.68],[         725,        0.56],[         759,        0.56]],
[[         826,        0.79],[         816,        0.73],[         863,        0.71],[         725,        0.56],[         779,        0.57]],
[[         918,        0.87],[         779,         0.7],[         901,        0.75],[         719,        0.56],[         789,        0.58]],
[[         715,        0.68],[         749,        0.67],[         961,         0.8],[         741,        0.57],[         768,        0.57]],
[[         772,        0.74],[         703,        0.63],[         915,        0.76],[         762,        0.59],[         803,        0.59]],
[[         722,        0.69],[         719,        0.64],[        1010,        0.84],[         833,        0.64],[         801,        0.59]],
[[         730,         0.7],[         744,        0.67],[         906,        0.75],[         851,        0.66],[         809,         0.6]],
[[         680,        0.65],[         687,        0.61],[         983,        0.81],[         916,        0.71],[         867,        0.64]],
[[         615,        0.59],[         766,        0.69],[         865,        0.72],[         976,        0.76],[         895,        0.66]],
[[         643,        0.61],[         821,        0.73],[         901,        0.75],[         900,         0.7],[         934,        0.69]],
[[         662,        0.63],[         855,        0.76],[         892,        0.74],[         947,        0.73],[         871,        0.64]],
[[         629,         0.6],[         910,        0.81],[         919,        0.76],[         996,        0.77],[         857,        0.63]],
[[         634,         0.6],[        1058,        0.95],[         892,        0.74],[        1042,        0.81],[         861,        0.63]],
[[         652,        0.62],[         805,        0.72],[         859,        0.71],[        1098,        0.85],[         892,        0.66]],
[[         726,        0.69],[         850,        0.76],[         818,        0.68],[        1069,        0.83],[         924,        0.68]],
[[         634,         0.6],[         816,        0.73],[         829,        0.69],[        1124,        0.87],[         985,        0.73]],
[[         682,        0.65],[         790,        0.71],[         821,        0.68],[        1059,        0.82],[        1009,        0.74]],
[[         674,        0.64],[         750,        0.67],[         745,        0.62],[        1109,        0.86],[        1071,        0.79]],
[[         685,        0.65],[         677,        0.61],[         858,        0.71],[         986,        0.76],[        1119,        0.82]],
[[         665,        0.63],[         713,        0.64],[         908,        0.75],[        1020,        0.79],[        1046,        0.77]],
[[         683,        0.65],[         677,        0.61],[         937,        0.78],[         984,        0.76],[        1087,         0.8]],
[[         652,        0.62],[         660,        0.59],[         992,        0.82],[         994,        0.77],[        1116,        0.82]],
[[         696,        0.66],[         647,        0.58],[        1109,        0.92],[         946,        0.73],[        1137,        0.84]],
[[         693,        0.66],[         632,        0.57],[         818,        0.68],[         906,         0.7],[        1164,        0.86]],
[[         628,         0.6],[         674,         0.6],[         837,        0.69],[         857,        0.66],[        1140,        0.84]],
[[         610,        0.58],[         605,        0.54],[         790,        0.65],[         854,        0.66],[        1161,        0.86]],
[[         655,        0.62],[         622,        0.56],[         725,         0.6],[         828,        0.64],[        1079,        0.79]],
[[         651,        0.62],[         621,        0.56],[         710,        0.59],[         764,        0.59],[        1084,         0.8]],
[[         711,        0.68],[         614,        0.55],[         619,        0.51],[         806,        0.62],[         969,        0.71]],
[[         647,        0.62],[         577,        0.52],[         659,        0.55],[         843,        0.65],[         969,        0.71]],
[[         436,        0.42],[         563,         0.5],[         607,         0.5],[         859,        0.66],[         914,        0.67]],
[[         415,         0.4],[         511,        0.46],[         564,        0.47],[         873,        0.68],[         893,        0.66]],
[[         436,        0.42],[         542,        0.48],[         570,        0.47],[         940,        0.73],[         836,        0.62]],
[[         454,        0.43],[         497,        0.44],[         478,         0.4],[         701,        0.54],[         779,        0.57]],
[[         437,        0.42],[         462,        0.41],[         513,        0.42],[         686,        0.53],[         717,        0.53]],
[[         401,        0.38],[         402,        0.36],[         461,        0.38],[         620,        0.48],[         684,         0.5]],
[[        2542,        2.42],[         453,        0.41],[         472,        0.39],[         540,        0.42],[         639,        0.47]],
[[           .,           .],[         396,        0.35],[         447,        0.37],[         495,        0.38],[         574,        0.42]],
[[           .,           .],[         422,        0.38],[         354,        0.29],[         408,        0.32],[         568,        0.42]],
[[           .,           .],[         347,        0.31],[         310,        0.26],[         405,        0.31],[         559,        0.41]],
[[           .,           .],[         221,         0.2],[         308,        0.26],[         357,        0.28],[         541,         0.4]],
[[           .,           .],[         940,        0.84],[        1305,        1.08],[        1635,        1.26],[        2626,        1.93]]]]}}
