{
"ons":{
"label":"Population Projections for England and Wales, by local authority",
"source":"Office for National Statistics",
"updated":"2014-10-01",
"area": {
"code":"K04000001",
"label":"England and Wales"
},
"time": {
"label":"1998-2038",
"index":["1998",  "2008",  "2018",  "2028",  "2038"]
},
"concept":{
"label":["population", "% of population"],
"units":["count", "%"],
"max":[        2229,         1.28]
},
"sums":{
"series1":[       74903,        82553,        95713,       106252,       113980],
"series2":[       78159,        85374,        96810,       106598,       113710]
},
"dimension":{
"label":"age",
"index":["0", "1", "2", "3", "4", "5", "6", "7", "8", "9", "10", "11", "12", "13", "14", "15", "16", "17", "18", "19", "20", "21", "22", "23", "24", "25", "26", "27", "28", "29", "30", "31", "32", "33", "34", "35", "36", "37", "38", "39", "40", "41", "42", "43", "44", "45", "46", "47", "48", "49", "50", "51", "52", "53", "54", "55", "56", "57", "58", "59", "60", "61", "62", "63", "64", "65", "66", "67", "68", "69", "70", "71", "72", "73", "74", "75", "76", "77", "78", "79", "80", "81", "82", "83", "84", "85", "86", "87", "88", "89", "90+"]
},
"series":["male", "female"],
"value":[[[[         938,        0.61],[        1113,        0.66],[        1138,        0.59],[        1252,        0.59],[        1303,        0.57]],
[[        1007,        0.66],[        1027,        0.61],[        1135,        0.59],[        1242,        0.58],[        1277,        0.56]],
[[         980,        0.64],[        1039,        0.62],[        1139,        0.59],[        1248,        0.59],[        1271,        0.56]],
[[         961,        0.63],[        1015,         0.6],[        1203,        0.62],[        1256,        0.59],[        1271,        0.56]],
[[        1003,        0.66],[         979,        0.58],[        1165,        0.61],[        1262,        0.59],[        1271,        0.56]],
[[        1041,        0.68],[         906,        0.54],[        1250,        0.65],[        1265,        0.59],[        1271,        0.56]],
[[        1028,        0.67],[         887,        0.53],[        1247,        0.65],[        1269,         0.6],[        1276,        0.56]],
[[        1047,        0.68],[         982,        0.58],[        1271,        0.66],[        1257,        0.59],[        1270,        0.56]],
[[        1005,        0.66],[         949,        0.57],[        1310,        0.68],[        1261,        0.59],[        1279,        0.56]],
[[         995,        0.65],[        1020,        0.61],[        1156,         0.6],[        1263,        0.59],[        1285,        0.56]],
[[         953,        0.62],[        1001,         0.6],[        1185,        0.62],[        1264,        0.59],[        1291,        0.57]],
[[         997,        0.65],[        1055,        0.63],[        1117,        0.58],[        1239,        0.58],[        1294,        0.57]],
[[         972,        0.64],[        1045,        0.62],[        1149,         0.6],[        1250,        0.59],[        1298,        0.57]],
[[         971,        0.63],[         988,        0.59],[        1086,        0.56],[        1261,        0.59],[        1304,        0.57]],
[[         998,        0.65],[        1081,        0.64],[         997,        0.52],[        1274,         0.6],[        1305,        0.57]],
[[         895,        0.58],[        1071,        0.64],[         981,        0.51],[        1306,        0.61],[        1303,        0.57]],
[[         915,         0.6],[        1053,        0.63],[         976,        0.51],[        1285,         0.6],[        1307,        0.57]],
[[         923,         0.6],[        1165,        0.69],[        1038,        0.54],[        1325,        0.62],[        1320,        0.58]],
[[        1151,        0.75],[        1143,        0.68],[        1163,         0.6],[        1435,        0.67],[        1424,        0.63]],
[[        1295,        0.85],[        1267,        0.75],[        1695,        0.88],[        1809,        0.85],[        1879,        0.83]],
[[        1337,        0.87],[        1286,        0.77],[        1807,        0.94],[        1933,        0.91],[        1998,        0.88]],
[[        1321,        0.86],[        1238,        0.74],[        1761,        0.91],[        1863,        0.88],[        1958,        0.86]],
[[        1206,        0.79],[        1156,        0.69],[        1633,        0.85],[        1775,        0.83],[        1917,        0.84]],
[[        1140,        0.74],[        1295,        0.77],[        1376,        0.71],[        1646,        0.77],[        1835,        0.81]],
[[        1138,        0.74],[        1398,        0.83],[        1517,        0.79],[        1567,        0.74],[        1793,        0.79]],
[[        1082,        0.71],[        1304,        0.78],[        1527,        0.79],[        1524,        0.72],[        1811,         0.8]],
[[        1055,        0.69],[        1215,        0.72],[        1626,        0.84],[        1479,        0.69],[        1798,        0.79]],
[[        1211,        0.79],[        1171,         0.7],[        1696,        0.88],[        1489,         0.7],[        1751,        0.77]],
[[        1124,        0.73],[        1241,        0.74],[        1535,         0.8],[        1472,        0.69],[        1685,        0.74]],
[[        1126,        0.74],[        1132,        0.67],[        1405,        0.73],[        1476,        0.69],[        1617,        0.71]],
[[        1170,        0.76],[        1077,        0.64],[        1402,        0.73],[        1471,        0.69],[        1595,         0.7]],
[[        1076,         0.7],[        1116,        0.66],[        1267,        0.66],[        1488,         0.7],[        1548,        0.68]],
[[        1119,        0.73],[        1088,        0.65],[        1284,        0.67],[        1472,        0.69],[        1495,        0.66]],
[[        1246,        0.81],[        1118,        0.67],[        1271,        0.66],[        1410,        0.66],[        1439,        0.63]],
[[        1165,        0.76],[        1181,         0.7],[        1257,        0.65],[        1424,        0.67],[        1383,        0.61]],
[[        1145,        0.75],[        1184,        0.71],[        1318,        0.68],[        1442,        0.68],[        1343,        0.59]],
[[        1067,         0.7],[        1292,        0.77],[        1204,        0.63],[        1460,        0.69],[        1300,        0.57]],
[[        1103,        0.72],[        1293,        0.77],[        1214,        0.63],[        1550,        0.73],[        1368,         0.6]],
[[        1043,        0.68],[        1252,        0.75],[        1248,        0.65],[        1484,         0.7],[        1395,        0.61]],
[[        1082,        0.71],[        1236,        0.74],[        1210,        0.63],[        1429,        0.67],[        1415,        0.62]],
[[        1037,        0.68],[        1228,        0.73],[        1131,        0.59],[        1390,        0.65],[        1401,        0.62]],
[[         968,        0.63],[        1247,        0.74],[        1278,        0.66],[        1344,        0.63],[        1445,        0.63]],
[[        1034,        0.68],[        1224,        0.73],[        1114,        0.58],[        1300,        0.61],[        1421,        0.62]],
[[         964,        0.63],[        1258,        0.75],[        1229,        0.64],[        1296,        0.61],[        1377,         0.6]],
[[         950,        0.62],[        1201,        0.72],[        1234,        0.64],[        1299,        0.61],[        1424,        0.63]],
[[         997,        0.65],[        1149,        0.68],[        1267,        0.66],[        1292,        0.61],[        1423,        0.62]],
[[         979,        0.64],[        1196,        0.71],[        1315,        0.68],[        1264,        0.59],[        1449,        0.64]],
[[         977,        0.64],[        1109,        0.66],[        1300,        0.68],[        1230,        0.58],[        1493,        0.66]],
[[         959,        0.63],[        1058,        0.63],[        1278,        0.66],[        1271,         0.6],[        1435,        0.63]],
[[        1057,        0.69],[        1068,        0.64],[        1321,        0.69],[        1207,        0.57],[        1401,        0.62]],
[[        1214,        0.79],[         988,        0.59],[        1317,        0.68],[        1140,        0.54],[        1391,        0.61]],
[[        1316,        0.86],[         990,        0.59],[        1228,        0.64],[        1209,        0.57],[        1328,        0.58]],
[[         990,        0.65],[         949,        0.57],[        1281,        0.67],[        1139,        0.54],[        1312,        0.58]],
[[         951,        0.62],[         908,        0.54],[        1239,        0.64],[        1176,        0.55],[        1302,        0.57]],
[[         943,        0.62],[         882,        0.53],[        1213,        0.63],[        1199,        0.56],[        1283,        0.56]],
[[         914,         0.6],[         965,        0.57],[        1172,        0.61],[        1225,        0.58],[        1270,        0.56]],
[[         824,        0.54],[         957,        0.57],[        1168,        0.61],[        1274,         0.6],[        1252,        0.55]],
[[         687,        0.45],[         933,        0.56],[        1121,        0.58],[        1268,         0.6],[        1215,        0.53]],
[[         745,        0.49],[         927,        0.55],[        1059,        0.55],[        1242,        0.58],[        1237,        0.54]],
[[         747,        0.49],[         999,        0.59],[        1006,        0.52],[        1262,        0.59],[        1168,        0.51]],
[[         773,        0.51],[        1129,        0.67],[         974,        0.51],[        1250,        0.59],[        1095,        0.48]],
[[         711,        0.46],[        1199,        0.71],[         895,        0.46],[        1201,        0.56],[        1142,         0.5]],
[[         673,        0.44],[         927,        0.55],[         889,        0.46],[        1221,        0.57],[        1089,        0.48]],
[[         668,        0.44],[         915,        0.54],[         843,        0.44],[        1193,        0.56],[        1117,        0.49]],
[[         639,        0.42],[         868,        0.52],[         822,        0.43],[        1144,        0.54],[        1125,        0.49]],
[[         625,        0.41],[         833,         0.5],[         875,        0.45],[        1104,        0.52],[        1146,         0.5]],
[[         578,        0.38],[         735,        0.44],[         910,        0.47],[        1089,        0.51],[        1184,        0.52]],
[[         567,        0.37],[         566,        0.34],[         827,        0.43],[        1050,        0.49],[        1181,        0.52]],
[[         589,        0.38],[         649,        0.39],[         842,        0.44],[         985,        0.46],[        1152,        0.51]],
[[         559,        0.37],[         666,         0.4],[         886,        0.46],[         954,        0.45],[        1164,        0.51]],
[[         577,        0.38],[         683,        0.41],[        1012,        0.53],[         890,        0.42],[        1146,         0.5]],
[[         545,        0.36],[         609,        0.36],[        1045,        0.54],[         831,        0.39],[        1105,        0.49]],
[[         509,        0.33],[         570,        0.34],[         799,        0.42],[         797,        0.37],[        1099,        0.48]],
[[         476,        0.31],[         566,        0.34],[         784,        0.41],[         770,        0.36],[        1070,        0.47]],
[[         409,        0.27],[         514,        0.31],[         737,        0.38],[         741,        0.35],[        1017,        0.45]],
[[         411,        0.27],[         536,        0.32],[         674,        0.35],[         767,        0.36],[         971,        0.43]],
[[         410,        0.27],[         477,        0.28],[         590,        0.31],[         765,        0.36],[         954,        0.42]],
[[         400,        0.26],[         445,        0.26],[         457,        0.24],[         702,        0.33],[         901,         0.4]],
[[         385,        0.25],[         437,        0.26],[         521,        0.27],[         677,        0.32],[         830,        0.36]],
[[         289,        0.19],[         400,        0.24],[         497,        0.26],[         717,        0.34],[         787,        0.35]],
[[         210,        0.14],[         369,        0.22],[         513,        0.27],[         780,        0.37],[         722,        0.32]],
[[         242,        0.16],[         372,        0.22],[         430,        0.22],[         796,        0.37],[         660,        0.29]],
[[         249,        0.16],[         287,        0.17],[         391,         0.2],[         573,        0.27],[         615,        0.27]],
[[         234,        0.15],[         275,        0.16],[         359,        0.19],[         538,        0.25],[         571,        0.25]],
[[         210,        0.14],[         223,        0.13],[         316,        0.16],[         502,        0.24],[         538,        0.24]],
[[         681,        0.44],[         196,        0.12],[         313,        0.16],[         439,        0.21],[         525,        0.23]],
[[           .,           .],[         154,        0.09],[         276,        0.14],[         355,        0.17],[         487,        0.21]],
[[           .,           .],[         162,         0.1],[         203,        0.11],[         265,        0.12],[         434,        0.19]],
[[           .,           .],[         129,        0.08],[         166,        0.09],[         260,        0.12],[         381,        0.17]],
[[           .,           .],[         104,        0.06],[         154,        0.08],[         227,        0.11],[         368,        0.16]],
[[           .,           .],[         263,        0.16],[         483,        0.25],[         763,        0.36],[        1434,        0.63]]],
[[[         931,        0.61],[        1024,        0.61],[        1076,        0.56],[        1200,        0.56],[        1249,        0.55]],
[[         869,        0.57],[         973,        0.58],[        1072,        0.56],[        1213,        0.57],[        1246,        0.55]],
[[         890,        0.58],[         976,        0.58],[        1158,         0.6],[        1220,        0.57],[        1242,        0.55]],
[[         935,        0.61],[         972,        0.58],[        1169,        0.61],[        1224,        0.58],[        1238,        0.54]],
[[         938,        0.61],[         948,        0.56],[        1180,        0.61],[        1229,        0.58],[        1237,        0.54]],
[[         952,        0.62],[         846,         0.5],[        1229,        0.64],[        1221,        0.57],[        1226,        0.54]],
[[         976,        0.64],[         828,        0.49],[        1277,        0.66],[        1221,        0.57],[        1226,        0.54]],
[[         942,        0.62],[         908,        0.54],[        1080,        0.56],[        1219,        0.57],[        1230,        0.54]],
[[         921,         0.6],[         921,        0.55],[        1111,        0.58],[        1213,        0.57],[        1230,        0.54]],
[[         975,        0.64],[         925,        0.55],[        1143,        0.59],[        1209,        0.57],[        1229,        0.54]],
[[         994,        0.65],[         989,        0.59],[        1079,        0.56],[        1211,        0.57],[        1233,        0.54]],
[[         935,        0.61],[         905,        0.54],[        1080,        0.56],[        1192,        0.56],[        1242,        0.55]],
[[         885,        0.58],[         925,        0.55],[        1008,        0.52],[        1214,        0.57],[        1249,        0.55]],
[[         911,         0.6],[         978,        0.58],[        1009,        0.52],[        1201,        0.56],[        1249,        0.55]],
[[         894,        0.58],[         993,        0.59],[        1028,        0.53],[        1229,        0.58],[        1254,        0.55]],
[[         884,        0.58],[        1015,         0.6],[         933,        0.48],[        1266,        0.59],[        1259,        0.55]],
[[         920,         0.6],[        1078,        0.64],[         890,        0.46],[        1302,        0.61],[        1263,        0.55]],
[[         961,        0.63],[        1102,        0.66],[         993,        0.52],[        1193,        0.56],[        1265,        0.56]],
[[        1079,         0.7],[        1102,        0.66],[        1094,        0.57],[        1258,        0.59],[        1341,        0.59]],
[[        1280,        0.84],[        1269,        0.76],[        1540,         0.8],[        1671,        0.79],[        1719,        0.75]],
[[        1344,        0.88],[        1378,        0.82],[        1548,         0.8],[        1696,         0.8],[        1781,        0.78]],
[[        1269,        0.83],[        1252,        0.75],[        1436,        0.75],[        1605,        0.75],[        1692,        0.74]],
[[        1165,        0.76],[        1211,        0.72],[        1374,        0.71],[        1475,        0.69],[        1628,        0.72]],
[[        1042,        0.68],[        1269,        0.76],[        1237,        0.64],[        1394,        0.65],[        1569,        0.69]],
[[        1030,        0.67],[        1195,        0.71],[        1429,        0.74],[        1348,        0.63],[        1541,        0.68]],
[[        1063,        0.69],[        1187,        0.71],[        1406,        0.73],[        1294,        0.61],[        1555,        0.68]],
[[        1128,        0.74],[        1158,        0.69],[        1469,        0.76],[        1254,        0.59],[        1583,         0.7]],
[[        1202,        0.79],[        1208,        0.72],[        1594,        0.83],[        1290,        0.61],[        1513,        0.66]],
[[        1110,        0.73],[        1180,         0.7],[        1539,         0.8],[        1293,        0.61],[        1479,        0.65]],
[[        1117,        0.73],[        1117,        0.67],[        1513,        0.79],[        1320,        0.62],[        1467,        0.64]],
[[        1164,        0.76],[        1072,        0.64],[        1389,        0.72],[        1355,        0.64],[        1465,        0.64]],
[[        1177,        0.77],[        1023,        0.61],[        1302,        0.68],[        1351,        0.63],[        1405,        0.62]],
[[        1233,        0.81],[        1088,        0.65],[        1281,        0.67],[        1347,        0.63],[        1369,         0.6]],
[[        1246,        0.81],[        1125,        0.67],[        1280,        0.66],[        1324,        0.62],[        1310,        0.58]],
[[        1187,        0.78],[        1121,        0.67],[        1233,        0.64],[        1384,        0.65],[        1289,        0.57]],
[[        1161,        0.76],[        1180,         0.7],[        1331,        0.69],[        1388,        0.65],[        1255,        0.55]],
[[        1073,         0.7],[        1198,        0.71],[        1262,        0.66],[        1442,        0.68],[        1230,        0.54]],
[[        1093,        0.71],[        1274,        0.76],[        1274,        0.66],[        1467,        0.69],[        1259,        0.55]],
[[        1015,        0.66],[        1193,        0.71],[        1290,        0.67],[        1467,        0.69],[        1291,        0.57]],
[[        1058,        0.69],[        1305,        0.78],[        1211,        0.63],[        1452,        0.68],[        1314,        0.58]],
[[        1053,        0.69],[        1275,        0.76],[        1217,        0.63],[        1428,        0.67],[        1343,        0.59]],
[[         952,        0.62],[        1282,        0.76],[        1080,        0.56],[        1367,        0.64],[        1371,         0.6]],
[[         933,        0.61],[        1360,        0.81],[        1144,        0.59],[        1337,        0.63],[        1368,         0.6]],
[[         922,         0.6],[        1300,        0.77],[        1210,        0.63],[        1331,        0.63],[        1360,         0.6]],
[[         958,        0.63],[        1257,        0.75],[        1175,        0.61],[        1278,         0.6],[        1413,        0.62]],
[[        1008,        0.66],[        1253,        0.75],[        1239,        0.64],[        1347,        0.63],[        1407,        0.62]],
[[         961,        0.63],[        1130,        0.67],[        1230,        0.64],[        1318,        0.62],[        1450,        0.64]],
[[         989,        0.65],[        1087,        0.65],[        1336,        0.69],[        1334,        0.63],[        1486,        0.65]],
[[        1093,        0.71],[        1074,        0.64],[        1207,        0.63],[        1317,        0.62],[        1473,        0.65]],
[[        1153,        0.75],[        1104,        0.66],[        1329,        0.69],[        1262,        0.59],[        1466,        0.64]],
[[        1270,        0.83],[        1078,        0.64],[        1316,        0.68],[        1231,        0.58],[        1436,        0.63]],
[[        1365,        0.89],[        1009,         0.6],[        1288,        0.67],[        1127,        0.53],[        1374,         0.6]],
[[        1006,        0.66],[         957,        0.57],[        1401,        0.73],[        1178,        0.55],[        1338,        0.59]],
[[         950,        0.62],[         974,        0.58],[        1257,        0.65],[        1226,        0.58],[        1329,        0.58]],
[[         975,        0.64],[        1001,         0.6],[        1301,        0.68],[        1193,        0.56],[        1281,        0.56]],
[[         935,        0.61],[        1017,        0.61],[        1256,        0.65],[        1236,        0.58],[        1328,        0.58]],
[[         797,        0.52],[         941,        0.56],[        1126,        0.58],[        1238,        0.58],[        1304,        0.57]],
[[         741,        0.48],[        1017,        0.61],[        1061,        0.55],[        1313,        0.62],[        1309,        0.57]],
[[         798,        0.52],[        1077,        0.64],[        1082,        0.56],[        1226,        0.58],[        1284,        0.56]],
[[         746,        0.49],[        1136,        0.68],[        1061,        0.55],[        1306,        0.61],[        1227,        0.54]],
[[         713,        0.47],[        1224,        0.73],[        1059,        0.55],[        1276,         0.6],[        1178,        0.52]],
[[         753,        0.49],[        1317,        0.78],[         943,        0.49],[        1256,        0.59],[        1093,        0.48]],
[[         660,        0.43],[         943,        0.56],[         923,        0.48],[        1327,        0.62],[        1135,         0.5]],
[[         682,        0.45],[         919,        0.55],[         951,        0.49],[        1210,        0.57],[        1171,        0.51]],
[[         642,        0.42],[         904,        0.54],[         962,         0.5],[        1261,        0.59],[        1148,         0.5]],
[[         665,        0.43],[         864,        0.51],[         999,        0.52],[        1213,        0.57],[        1187,        0.52]],
[[         627,        0.41],[         743,        0.44],[         871,        0.45],[        1109,        0.52],[        1195,        0.52]],
[[         676,        0.44],[         696,        0.41],[         969,         0.5],[        1046,        0.49],[        1258,        0.55]],
[[         634,        0.41],[         740,        0.44],[         993,        0.52],[        1043,        0.49],[        1182,        0.52]],
[[         625,        0.41],[         686,        0.41],[        1066,        0.55],[        1014,        0.48],[        1248,        0.55]],
[[         643,        0.42],[         668,         0.4],[        1152,         0.6],[        1005,        0.47],[        1231,        0.54]],
[[         627,        0.41],[         638,        0.38],[        1213,        0.63],[         913,        0.43],[        1210,        0.53]],
[[         608,         0.4],[         613,        0.37],[         863,        0.45],[         890,        0.42],[        1263,        0.55]],
[[         614,         0.4],[         618,        0.37],[         842,        0.44],[         903,        0.42],[        1162,        0.51]],
[[         621,        0.41],[         591,        0.35],[         854,        0.44],[         910,        0.43],[        1193,        0.52]],
[[         612,         0.4],[         595,        0.35],[         750,        0.39],[         922,        0.43],[        1137,         0.5]],
[[         589,        0.38],[         559,        0.33],[         671,        0.35],[         823,        0.39],[        1035,        0.45]],
[[         661,        0.43],[         553,        0.33],[         614,        0.32],[         874,        0.41],[         968,        0.43]],
[[         608,         0.4],[         515,        0.31],[         616,        0.32],[         884,        0.42],[         950,        0.42]],
[[         446,        0.29],[         502,         0.3],[         582,         0.3],[         924,        0.43],[         913,         0.4]],
[[         368,        0.24],[         500,         0.3],[         543,        0.28],[         983,        0.46],[         886,        0.39]],
[[         391,        0.26],[         476,        0.28],[         503,        0.26],[        1014,        0.48],[         801,        0.35]],
[[         406,        0.27],[         440,        0.26],[         480,        0.25],[         720,        0.34],[         753,        0.33]],
[[         384,        0.25],[         414,        0.25],[         441,        0.23],[         665,        0.31],[         733,        0.32]],
[[         385,        0.25],[         397,        0.24],[         411,        0.21],[         637,         0.3],[         713,        0.31]],
[[        1965,        1.28],[         426,        0.25],[         403,        0.21],[         536,        0.25],[         687,         0.3]],
[[           .,           .],[         348,        0.21],[         345,        0.18],[         459,        0.22],[         598,        0.26]],
[[           .,           .],[         316,        0.19],[         352,        0.18],[         388,        0.18],[         593,        0.26]],
[[           .,           .],[         349,        0.21],[         304,        0.16],[         372,        0.17],[         554,        0.24]],
[[           .,           .],[         194,        0.12],[         248,        0.13],[         328,        0.15],[         536,        0.24]],
[[           .,           .],[         886,        0.53],[        1024,        0.53],[        1249,        0.59],[        2229,        0.98]]]]}}
