{
"ons":{
"label":"Population Projections for England and Wales, by local authority",
"source":"Office for National Statistics",
"updated":"2014-10-01",
"area": {
"code":"K04000001",
"label":"England and Wales"
},
"time": {
"label":"1998-2038",
"index":["1998",  "2008",  "2018",  "2028",  "2038"]
},
"concept":{
"label":["population", "% of population"],
"units":["count", "%"],
"max":[        6053,         1.22]
},
"sums":{
"series1":[      241812,       246944,       259299,       266444,       271102],
"series2":[      255133,       258673,       267681,       273672,       277762]
},
"dimension":{
"label":"age",
"index":["0", "1", "2", "3", "4", "5", "6", "7", "8", "9", "10", "11", "12", "13", "14", "15", "16", "17", "18", "19", "20", "21", "22", "23", "24", "25", "26", "27", "28", "29", "30", "31", "32", "33", "34", "35", "36", "37", "38", "39", "40", "41", "42", "43", "44", "45", "46", "47", "48", "49", "50", "51", "52", "53", "54", "55", "56", "57", "58", "59", "60", "61", "62", "63", "64", "65", "66", "67", "68", "69", "70", "71", "72", "73", "74", "75", "76", "77", "78", "79", "80", "81", "82", "83", "84", "85", "86", "87", "88", "89", "90+"]
},
"series":["male", "female"],
"value":[[[[        2820,        0.57],[        2871,        0.57],[        2525,        0.48],[        2707,         0.5],[        2777,        0.51]],
[[        2906,        0.58],[        2893,        0.57],[        2679,        0.51],[        2732,        0.51],[        2778,        0.51]],
[[        2886,        0.58],[        2744,        0.54],[        2817,        0.53],[        2759,        0.51],[        2784,        0.51]],
[[        2969,         0.6],[        2744,        0.54],[        2831,        0.54],[        2786,        0.52],[        2794,        0.51]],
[[        3106,        0.63],[        2637,        0.52],[        2997,        0.57],[        2808,        0.52],[        2801,        0.51]],
[[        3089,        0.62],[        2595,        0.51],[        3115,        0.59],[        2820,        0.52],[        2802,        0.51]],
[[        3317,        0.67],[        2520,         0.5],[        3073,        0.58],[        2833,        0.52],[        2806,        0.51]],
[[        3349,        0.67],[        2578,        0.51],[        3199,        0.61],[        2849,        0.53],[        2815,        0.51]],
[[        3151,        0.63],[        2672,        0.53],[        3095,        0.59],[        2863,        0.53],[        2827,        0.52]],
[[        3140,        0.63],[        2840,        0.56],[        2961,        0.56],[        2883,        0.53],[        2843,        0.52]],
[[        3381,        0.68],[        2933,        0.58],[        3066,        0.58],[        2906,        0.54],[        2862,        0.52]],
[[        3222,        0.65],[        2956,        0.58],[        3051,        0.58],[        2886,        0.53],[        2881,        0.52]],
[[        3324,        0.67],[        2963,        0.59],[        2929,        0.56],[        2993,        0.55],[        2899,        0.53]],
[[        3298,        0.66],[        2990,        0.59],[        2847,        0.54],[        2943,        0.54],[        2909,        0.53]],
[[        3226,        0.65],[        3117,        0.62],[        2717,        0.52],[        3094,        0.57],[        2926,        0.53]],
[[        3376,        0.68],[        3145,        0.62],[        2715,        0.52],[        3195,        0.59],[        2944,        0.54]],
[[        3182,        0.64],[        3319,        0.66],[        2614,         0.5],[        3203,        0.59],[        2968,        0.54]],
[[        3302,        0.66],[        3253,        0.64],[        2650,         0.5],[        3257,         0.6],[        2976,        0.54]],
[[        3150,        0.63],[        3238,        0.64],[        2980,        0.57],[        3292,        0.61],[        3093,        0.56]],
[[        2846,        0.57],[        3910,        0.77],[        4063,        0.77],[        4112,        0.76],[        4023,        0.73]],
[[        2809,        0.57],[        4142,        0.82],[        4215,         0.8],[        4262,        0.79],[        4141,        0.75]],
[[        2477,         0.5],[        3591,        0.71],[        3904,        0.74],[        4140,        0.77],[        4067,        0.74]],
[[        2489,         0.5],[        3302,        0.65],[        3648,        0.69],[        3784,         0.7],[        3969,        0.72]],
[[        2758,        0.55],[        3195,        0.63],[        3413,        0.65],[        3368,        0.62],[        3646,        0.66]],
[[        2827,        0.57],[        2971,        0.59],[        3419,        0.65],[        3164,        0.59],[        3569,        0.65]],
[[        3148,        0.63],[        3118,        0.62],[        3384,        0.64],[        3023,        0.56],[        3544,        0.65]],
[[        3146,        0.63],[        2887,        0.57],[        3552,        0.67],[        2894,        0.54],[        3529,        0.64]],
[[        3443,        0.69],[        2886,        0.57],[        3518,        0.67],[        2929,        0.54],[        3472,        0.63]],
[[        3392,        0.68],[        2946,        0.58],[        3350,        0.64],[        2974,        0.55],[        3374,        0.61]],
[[        3523,        0.71],[        2768,        0.55],[        2897,        0.55],[        3068,        0.57],[        3283,         0.6]],
[[        3663,        0.74],[        2523,         0.5],[        2824,        0.54],[        3154,        0.58],[        3304,         0.6]],
[[        3759,        0.76],[        2376,        0.47],[        2799,        0.53],[        3105,        0.57],[        3221,        0.59]],
[[        3821,        0.77],[        2565,        0.51],[        2981,        0.57],[        3189,        0.59],[        3138,        0.57]],
[[        3885,        0.78],[        2689,        0.53],[        3051,        0.58],[        3159,        0.58],[        3010,        0.55]],
[[        3853,        0.78],[        2800,        0.55],[        2976,        0.56],[        3164,        0.59],[        2948,        0.54]],
[[        3833,        0.77],[        3022,         0.6],[        3239,        0.61],[        3202,        0.59],[        2885,        0.53]],
[[        3806,        0.77],[        3231,        0.64],[        3047,        0.58],[        3422,        0.63],[        2803,        0.51]],
[[        3564,        0.72],[        3594,        0.71],[        2951,        0.56],[        3470,        0.64],[        2858,        0.52]],
[[        3484,         0.7],[        3450,        0.68],[        3010,        0.57],[        3291,        0.61],[        2930,        0.53]],
[[        3518,        0.71],[        3632,        0.72],[        2895,        0.55],[        2974,        0.55],[        3024,        0.55]],
[[        3531,        0.71],[        3729,        0.74],[        2670,        0.51],[        2920,        0.54],[        3089,        0.56]],
[[        3537,        0.71],[        3862,        0.76],[        2471,        0.47],[        2862,        0.53],[        3074,        0.56]],
[[        3379,        0.68],[        3909,        0.77],[        2624,         0.5],[        3050,        0.56],[        3149,        0.57]],
[[        3454,         0.7],[        4023,         0.8],[        2763,        0.52],[        3040,        0.56],[        3122,        0.57]],
[[        3356,        0.68],[        3917,        0.77],[        2867,        0.54],[        2949,        0.55],[        3141,        0.57]],
[[        3335,        0.67],[        3860,        0.76],[        3144,         0.6],[        3120,        0.58],[        3182,        0.58]],
[[        3352,        0.67],[        3884,        0.77],[        3349,        0.64],[        3024,        0.56],[        3405,        0.62]],
[[        3358,        0.68],[        3574,        0.71],[        3696,         0.7],[        2965,        0.55],[        3463,        0.63]],
[[        3392,        0.68],[        3473,        0.69],[        3471,        0.66],[        3011,        0.56],[        3307,         0.6]],
[[        3522,        0.71],[        3507,        0.69],[        3731,        0.71],[        2929,        0.54],[        3049,        0.56]],
[[        3754,        0.76],[        3435,        0.68],[        3714,         0.7],[        2665,        0.49],[        3011,        0.55]],
[[        3996,         0.8],[        3511,        0.69],[        3929,        0.75],[        2525,        0.47],[        2954,        0.54]],
[[        3270,        0.66],[        3294,        0.65],[        3971,        0.75],[        2688,         0.5],[        3118,        0.57]],
[[        3309,        0.67],[        3374,        0.67],[        4003,        0.76],[        2797,        0.52],[        3105,        0.57]],
[[        3184,        0.64],[        3302,        0.65],[        3945,        0.75],[        2854,        0.53],[        3020,        0.55]],
[[        2903,        0.58],[        3266,        0.65],[        3876,        0.74],[        3158,        0.58],[        3163,        0.58]],
[[        2681,        0.54],[        3228,        0.64],[        3916,        0.74],[        3393,        0.63],[        3077,        0.56]],
[[        2570,        0.52],[        3289,        0.65],[        3598,        0.68],[        3700,        0.69],[        3036,        0.55]],
[[        2763,        0.56],[        3304,        0.65],[        3425,        0.65],[        3490,        0.65],[        3065,        0.56]],
[[        2784,        0.56],[        3480,        0.69],[        3478,        0.66],[        3673,        0.68],[        2971,        0.54]],
[[        2766,        0.56],[        3592,        0.71],[        3376,        0.64],[        3674,        0.68],[        2699,        0.49]],
[[        2718,        0.55],[        3958,        0.78],[        3411,        0.65],[        3842,        0.71],[        2561,        0.47]],
[[        2466,         0.5],[        3108,        0.61],[        3217,        0.61],[        3834,        0.71],[        2704,        0.49]],
[[        2556,        0.51],[        3095,        0.61],[        3227,        0.61],[        3887,        0.72],[        2792,        0.51]],
[[        2449,        0.49],[        3019,         0.6],[        3058,        0.58],[        3800,         0.7],[        2831,        0.52]],
[[        2421,        0.49],[        2663,        0.53],[        3108,        0.59],[        3736,        0.69],[        3094,        0.56]],
[[        2345,        0.47],[        2439,        0.48],[        3018,        0.57],[        3701,        0.69],[        3296,         0.6]],
[[        2344,        0.47],[        2325,        0.46],[        3062,        0.58],[        3409,        0.63],[        3545,        0.65]],
[[        2246,        0.45],[        2428,        0.48],[        3063,        0.58],[        3202,        0.59],[        3326,        0.61]],
[[        2074,        0.42],[        2361,        0.47],[        3163,         0.6],[        3222,         0.6],[        3454,        0.63]],
[[        1948,        0.39],[        2351,        0.46],[        3188,         0.6],[        3090,        0.57],[        3430,        0.62]],
[[        2028,        0.41],[        2258,        0.45],[        3593,        0.68],[        3066,        0.57],[        3534,        0.64]],
[[        2061,        0.41],[        2041,         0.4],[        2681,        0.51],[        2855,        0.53],[        3488,        0.64]],
[[        1944,        0.39],[        1998,         0.4],[        2658,         0.5],[        2809,        0.52],[        3496,        0.64]],
[[        1822,        0.37],[        1866,        0.37],[        2566,        0.49],[        2660,        0.49],[        3371,        0.61]],
[[        1568,        0.32],[        1760,        0.35],[        2159,        0.41],[        2639,        0.49],[        3259,        0.59]],
[[        1535,        0.31],[        1664,        0.33],[        1922,        0.36],[        2493,        0.46],[        3162,        0.58]],
[[        1435,        0.29],[        1560,        0.31],[        1780,        0.34],[        2480,        0.46],[        2858,        0.52]],
[[        1351,        0.27],[        1449,        0.29],[        1757,        0.33],[        2407,        0.45],[        2627,        0.48]],
[[         900,        0.18],[        1281,        0.25],[        1634,        0.31],[        2414,        0.45],[        2573,        0.47]],
[[         715,        0.14],[        1168,        0.23],[        1566,         0.3],[        2371,        0.44],[        2390,        0.44]],
[[         689,        0.14],[        1090,        0.22],[        1496,        0.28],[        2536,        0.47],[        2289,        0.42]],
[[         653,        0.13],[        1010,         0.2],[        1233,        0.23],[        1797,        0.33],[        2041,        0.37]],
[[         589,        0.12],[         856,        0.17],[        1116,        0.21],[        1687,        0.31],[        1902,        0.35]],
[[         504,         0.1],[         783,        0.15],[        1028,         0.2],[        1527,        0.28],[        1716,        0.31]],
[[        2017,        0.41],[         639,        0.13],[         872,        0.17],[        1212,        0.22],[        1613,        0.29]],
[[           .,           .],[         591,        0.12],[         740,        0.14],[        1021,        0.19],[        1446,        0.26]],
[[           .,           .],[         446,        0.09],[         664,        0.13],[         864,        0.16],[        1338,        0.24]],
[[           .,           .],[         368,        0.07],[         527,         0.1],[         796,        0.15],[        1202,        0.22]],
[[           .,           .],[         292,        0.06],[         433,        0.08],[         659,        0.12],[        1097,         0.2]],
[[           .,           .],[         658,        0.13],[        1345,        0.26],[        2287,        0.42],[        4240,        0.77]]],
[[[        2713,        0.55],[        2863,        0.57],[        2464,        0.47],[        2580,        0.48],[        2646,        0.48]],
[[        2758,        0.55],[        2686,        0.53],[        2573,        0.49],[        2596,        0.48],[        2639,        0.48]],
[[        2767,        0.56],[        2670,        0.53],[        2631,         0.5],[        2620,        0.49],[        2643,        0.48]],
[[        2796,        0.56],[        2646,        0.52],[        2716,        0.52],[        2642,        0.49],[        2650,        0.48]],
[[        2907,        0.58],[        2569,        0.51],[        2788,        0.53],[        2661,        0.49],[        2654,        0.48]],
[[        3059,        0.62],[        2448,        0.48],[        2824,        0.54],[        2685,         0.5],[        2669,        0.49]],
[[        3173,        0.64],[        2369,        0.47],[        2856,        0.54],[        2698,         0.5],[        2672,        0.49]],
[[        3233,        0.65],[        2398,        0.47],[        3024,        0.57],[        2707,         0.5],[        2676,        0.49]],
[[        3097,        0.62],[        2571,        0.51],[        3045,        0.58],[        2712,         0.5],[        2680,        0.49]],
[[        3019,        0.61],[        2693,        0.53],[        2797,        0.53],[        2729,        0.51],[        2693,        0.49]],
[[        3136,        0.63],[        2781,        0.55],[        2999,        0.57],[        2754,        0.51],[        2714,        0.49]],
[[        3026,        0.61],[        2922,        0.58],[        2788,        0.53],[        2727,         0.5],[        2726,         0.5]],
[[        3102,        0.62],[        2851,        0.56],[        2872,        0.54],[        2769,        0.51],[        2742,         0.5]],
[[        3033,        0.61],[        2816,        0.56],[        2709,        0.51],[        2836,        0.53],[        2753,         0.5]],
[[        2950,        0.59],[        2949,        0.58],[        2580,        0.49],[        2856,        0.53],[        2756,         0.5]],
[[        3055,        0.61],[        3082,        0.61],[        2550,        0.48],[        2881,        0.53],[        2765,         0.5]],
[[        3096,        0.62],[        3326,        0.66],[        2405,        0.46],[        2958,        0.55],[        2781,        0.51]],
[[        3019,        0.61],[        3329,        0.66],[        2538,        0.48],[        3067,        0.57],[        2794,        0.51]],
[[        3083,        0.62],[        3195,        0.63],[        2898,        0.55],[        3169,        0.59],[        2918,        0.53]],
[[        2940,        0.59],[        3771,        0.75],[        3721,        0.71],[        3982,        0.74],[        3924,        0.71]],
[[        2868,        0.58],[        4031,         0.8],[        3919,        0.74],[        4260,        0.79],[        4084,        0.74]],
[[        2645,        0.53],[        3487,        0.69],[        3661,        0.69],[        3949,        0.73],[        3940,        0.72]],
[[        2733,        0.55],[        3242,        0.64],[        3381,        0.64],[        3646,        0.68],[        3718,        0.68]],
[[        2711,        0.55],[        3055,         0.6],[        3178,         0.6],[        3202,        0.59],[        3439,        0.63]],
[[        2798,        0.56],[        2870,        0.57],[        3136,         0.6],[        3005,        0.56],[        3340,        0.61]],
[[        3077,        0.62],[        2917,        0.58],[        3310,        0.63],[        2869,        0.53],[        3316,         0.6]],
[[        3340,        0.67],[        2944,        0.58],[        3627,        0.69],[        2778,        0.51],[        3400,        0.62]],
[[        3488,         0.7],[        2948,        0.58],[        3539,        0.67],[        2856,        0.53],[        3374,        0.61]],
[[        3489,         0.7],[        3002,        0.59],[        3160,         0.6],[        2957,        0.55],[        3334,        0.61]],
[[        3677,        0.74],[        2855,        0.56],[        3124,        0.59],[        3037,        0.56],[        3218,        0.59]],
[[        3606,        0.73],[        2581,        0.51],[        3067,        0.58],[        3096,        0.57],[        3280,         0.6]],
[[        3785,        0.76],[        2570,        0.51],[        2987,        0.57],[        3065,        0.57],[        3151,        0.57]],
[[        3855,        0.78],[        2694,        0.53],[        3277,        0.62],[        3058,        0.57],[        3125,        0.57]],
[[        3897,        0.78],[        2825,        0.56],[        3170,         0.6],[        3026,        0.56],[        2979,        0.54]],
[[        3897,        0.78],[        2862,        0.57],[        2992,        0.57],[        3134,        0.58],[        2901,        0.53]],
[[        3806,        0.77],[        3178,        0.63],[        3075,        0.58],[        3243,         0.6],[        2826,        0.51]],
[[        3859,        0.78],[        3473,        0.69],[        3105,        0.59],[        3520,        0.65],[        2768,         0.5]],
[[        3771,        0.76],[        3739,        0.74],[        3099,        0.59],[        3485,        0.65],[        2853,        0.52]],
[[        3521,        0.71],[        3607,        0.71],[        3164,         0.6],[        3222,         0.6],[        2948,        0.54]],
[[        3654,        0.74],[        3758,        0.74],[        2985,        0.57],[        3171,        0.59],[        3050,        0.56]],
[[        3653,        0.74],[        3847,        0.76],[        2790,        0.53],[        3180,        0.59],[        3116,        0.57]],
[[        3548,        0.71],[        3879,        0.77],[        2770,        0.53],[        3092,        0.57],[        3103,        0.57]],
[[        3422,        0.69],[        3939,        0.78],[        2862,        0.54],[        3296,        0.61],[        3108,        0.57]],
[[        3321,        0.67],[        4018,        0.79],[        2895,        0.55],[        3204,        0.59],[        3082,        0.56]],
[[        3346,        0.67],[        4076,        0.81],[        2955,        0.56],[        3074,        0.57],[        3208,        0.58]],
[[        3341,        0.67],[        3924,        0.78],[        3325,        0.63],[        3160,        0.59],[        3301,         0.6]],
[[        3249,        0.65],[        3897,        0.77],[        3503,        0.66],[        3168,        0.59],[        3554,        0.65]],
[[        3329,        0.67],[        3732,        0.74],[        3790,        0.72],[        3167,        0.59],[        3538,        0.64]],
[[        3481,         0.7],[        3603,        0.71],[        3605,        0.68],[        3196,        0.59],[        3300,         0.6]],
[[        3619,        0.73],[        3744,        0.74],[        3805,        0.72],[        3059,        0.57],[        3252,        0.59]],
[[        3772,        0.76],[        3677,        0.73],[        3960,        0.75],[        2836,        0.53],[        3267,         0.6]],
[[        4089,        0.82],[        3523,         0.7],[        3939,        0.75],[        2802,        0.52],[        3191,        0.58]],
[[        3292,        0.66],[        3495,        0.69],[        4022,        0.76],[        2925,        0.54],[        3371,        0.61]],
[[        3235,        0.65],[        3326,        0.66],[        4088,        0.78],[        2931,        0.54],[        3290,         0.6]],
[[        3157,        0.64],[        3339,        0.66],[        4150,        0.79],[        3004,        0.56],[        3167,        0.58]],
[[        2907,        0.58],[        3295,        0.65],[        3976,        0.75],[        3349,        0.62],[        3249,        0.59]],
[[        2769,        0.56],[        3291,        0.65],[        3885,        0.74],[        3593,        0.67],[        3258,        0.59]],
[[        2725,        0.55],[        3358,        0.66],[        3797,        0.72],[        3844,        0.71],[        3255,        0.59]],
[[        2757,        0.55],[        3495,        0.69],[        3611,        0.69],[        3676,        0.68],[        3273,         0.6]],
[[        2839,        0.57],[        3543,         0.7],[        3799,        0.72],[        3835,        0.71],[        3123,        0.57]],
[[        2856,        0.57],[        3729,        0.74],[        3720,        0.71],[        3916,        0.73],[        2889,        0.53]],
[[        2718,        0.55],[        4018,        0.79],[        3519,        0.67],[        3906,        0.72],[        2839,        0.52]],
[[        2725,        0.55],[        3163,        0.63],[        3434,        0.65],[        3989,        0.74],[        2955,        0.54]],
[[        2694,        0.54],[        3151,        0.62],[        3293,        0.62],[        4013,        0.74],[        2952,        0.54]],
[[        2564,        0.52],[        3029,         0.6],[        3236,        0.61],[        4049,        0.75],[        3018,        0.55]],
[[        2551,        0.51],[        2799,        0.55],[        3285,        0.62],[        3876,        0.72],[        3315,         0.6]],
[[        2522,        0.51],[        2635,        0.52],[        3118,        0.59],[        3762,         0.7],[        3525,        0.64]],
[[        2657,        0.53],[        2512,         0.5],[        3192,        0.61],[        3634,        0.67],[        3735,        0.68]],
[[        2540,        0.51],[        2535,         0.5],[        3276,        0.62],[        3444,        0.64],[        3556,        0.65]],
[[        2544,        0.51],[        2588,        0.51],[        3352,        0.64],[        3574,        0.66],[        3673,        0.67]],
[[        2339,        0.47],[        2562,        0.51],[        3422,        0.65],[        3447,        0.64],[        3708,        0.68]],
[[        2430,        0.49],[        2443,        0.48],[        3703,         0.7],[        3258,         0.6],[        3669,        0.67]],
[[        2486,         0.5],[        2333,        0.46],[        2839,        0.54],[        3105,        0.57],[        3701,        0.67]],
[[        2364,        0.48],[        2358,        0.47],[        2754,        0.52],[        2931,        0.54],[        3680,        0.67]],
[[        2282,        0.46],[        2115,        0.42],[        2721,        0.52],[        2888,        0.53],[        3653,        0.67]],
[[        2080,        0.42],[        2104,        0.42],[        2381,        0.45],[        2840,        0.53],[        3460,        0.63]],
[[        2156,        0.43],[        1978,        0.39],[        2192,        0.42],[        2694,         0.5],[        3303,         0.6]],
[[        2215,        0.45],[        2036,         0.4],[        2020,        0.38],[        2676,         0.5],[        3128,        0.57]],
[[        2130,        0.43],[        1896,        0.37],[        2015,        0.38],[        2687,         0.5],[        2906,        0.53]],
[[        1591,        0.32],[        1783,        0.35],[        2010,        0.38],[        2678,         0.5],[        2941,        0.54]],
[[        1376,        0.28],[        1612,        0.32],[        1926,        0.37],[        2664,        0.49],[        2768,         0.5]],
[[        1222,        0.25],[        1591,        0.31],[        1816,        0.34],[        2782,        0.52],[        2546,        0.46]],
[[        1280,        0.26],[        1556,        0.31],[        1610,        0.31],[        2063,        0.38],[        2358,        0.43]],
[[        1277,        0.26],[        1404,        0.28],[        1543,        0.29],[        1924,        0.36],[        2162,        0.39]],
[[        1191,        0.24],[        1237,        0.24],[        1313,        0.25],[        1797,        0.33],[        2039,        0.37]],
[[        6053,        1.22],[        1085,        0.21],[        1191,        0.23],[        1507,        0.28],[        1912,        0.35]],
[[           .,           .],[        1057,        0.21],[        1071,         0.2],[        1311,        0.24],[        1724,        0.31]],
[[           .,           .],[        1007,         0.2],[        1077,         0.2],[        1149,        0.21],[        1623,         0.3]],
[[           .,           .],[         869,        0.17],[         882,        0.17],[        1046,        0.19],[        1516,        0.28]],
[[           .,           .],[         643,        0.13],[         716,        0.14],[         955,        0.18],[        1397,        0.25]],
[[           .,           .],[        2271,        0.45],[        2793,        0.53],[        3509,        0.65],[        5571,        1.02]]]]}}
