{
"ons":{
"label":"Population Projections for England and Wales, by local authority",
"source":"Office for National Statistics",
"updated":"2014-10-01",
"area": {
"code":"K04000001",
"label":"England and Wales"
},
"time": {
"label":"1998-2038",
"index":["1998",  "2008",  "2018",  "2028",  "2038"]
},
"concept":{
"label":["population", "% of population"],
"units":["count", "%"],
"max":[        5232,         1.28]
},
"sums":{
"series1":[      151270,       151479,       186154,       212607,       233481],
"series2":[      153735,       153707,       180631,       202240,       219909]
},
"dimension":{
"label":"age",
"index":["0", "1", "2", "3", "4", "5", "6", "7", "8", "9", "10", "11", "12", "13", "14", "15", "16", "17", "18", "19", "20", "21", "22", "23", "24", "25", "26", "27", "28", "29", "30", "31", "32", "33", "34", "35", "36", "37", "38", "39", "40", "41", "42", "43", "44", "45", "46", "47", "48", "49", "50", "51", "52", "53", "54", "55", "56", "57", "58", "59", "60", "61", "62", "63", "64", "65", "66", "67", "68", "69", "70", "71", "72", "73", "74", "75", "76", "77", "78", "79", "80", "81", "82", "83", "84", "85", "86", "87", "88", "89", "90+"]
},
"series":["male", "female"],
"value":[[[[        1932,        0.63],[        2330,        0.76],[        2291,        0.62],[        2869,        0.69],[        3003,        0.66]],
[[        2045,        0.67],[        2169,        0.71],[        2324,        0.63],[        2850,        0.69],[        2961,        0.65]],
[[        2035,        0.67],[        2105,        0.69],[        2408,        0.66],[        2836,        0.68],[        2936,        0.65]],
[[        2077,        0.68],[        1970,        0.65],[        2433,        0.66],[        2808,        0.68],[        2904,        0.64]],
[[        2204,        0.72],[        1920,        0.63],[        2440,        0.67],[        2784,        0.67],[        2881,        0.64]],
[[        2221,        0.73],[        1833,         0.6],[        2472,        0.67],[        2766,        0.67],[        2870,        0.63]],
[[        2190,        0.72],[        1721,        0.56],[        2660,        0.73],[        2744,        0.66],[        2859,        0.63]],
[[        2269,        0.74],[        1703,        0.56],[        2590,        0.71],[        2680,        0.65],[        2836,        0.63]],
[[        2308,        0.76],[        1780,        0.58],[        2517,        0.69],[        2630,        0.63],[        2809,        0.62]],
[[        2236,        0.73],[        1833,         0.6],[        2366,        0.65],[        2605,        0.63],[        2801,        0.62]],
[[        2168,        0.71],[        1816,         0.6],[        2323,        0.63],[        2565,        0.62],[        2775,        0.61]],
[[        2246,        0.74],[        1886,        0.62],[        2273,        0.62],[        2508,         0.6],[        2760,        0.61]],
[[        2131,         0.7],[        1937,        0.63],[        2111,        0.58],[        2452,        0.59],[        2739,         0.6]],
[[        2120,         0.7],[        1828,         0.6],[        1916,        0.52],[        2460,        0.59],[        2721,         0.6]],
[[        2017,        0.66],[        1902,        0.62],[        1918,        0.52],[        2473,         0.6],[        2697,        0.59]],
[[        2062,        0.68],[        1946,        0.64],[        1886,        0.51],[        2480,         0.6],[        2685,        0.59]],
[[        1995,        0.65],[        1914,        0.63],[        1837,         0.5],[        2620,        0.63],[        2666,        0.59]],
[[        1933,        0.63],[        1785,        0.58],[        1859,        0.51],[        2605,        0.63],[        2654,        0.59]],
[[        2129,         0.7],[        2148,         0.7],[        2411,        0.66],[        2933,        0.71],[        3035,        0.67]],
[[        2988,        0.98],[        3064,           1],[        4411,         1.2],[        5066,        1.22],[        5232,        1.15]],
[[        2944,        0.97],[        3081,        1.01],[        4239,        1.16],[        4987,         1.2],[        5146,        1.14]],
[[        2880,        0.94],[        2926,        0.96],[        4546,        1.24],[        4617,        1.11],[        4815,        1.06]],
[[        2400,        0.79],[        2941,        0.96],[        4690,        1.28],[        4287,        1.03],[        4657,        1.03]],
[[        2111,        0.69],[        2928,        0.96],[        4355,        1.19],[        3928,        0.95],[        4423,        0.98]],
[[        1970,        0.65],[        2767,        0.91],[        4196,        1.14],[        3809,        0.92],[        4345,        0.96]],
[[        2192,        0.72],[        2605,        0.85],[        4057,        1.11],[        3706,        0.89],[        4358,        0.96]],
[[        2283,        0.75],[        2421,        0.79],[        3904,        1.06],[        3646,        0.88],[        4458,        0.98]],
[[        2313,        0.76],[        2406,        0.79],[        4042,         1.1],[        3689,        0.89],[        4367,        0.96]],
[[        2356,        0.77],[        2372,        0.78],[        3792,        1.03],[        3801,        0.92],[        4290,        0.95]],
[[        2347,        0.77],[        2227,        0.73],[        3696,        1.01],[        3880,        0.94],[        4207,        0.93]],
[[        2448,         0.8],[        2057,        0.67],[        3431,        0.94],[        3847,        0.93],[        4135,        0.91]],
[[        2469,        0.81],[        1972,        0.65],[        3132,        0.85],[        3805,        0.92],[        3987,        0.88]],
[[        2474,        0.81],[        2058,        0.67],[        3157,        0.86],[        3846,        0.93],[        3847,        0.85]],
[[        2531,        0.83],[        2119,        0.69],[        2959,        0.81],[        3808,        0.92],[        3648,         0.8]],
[[        2416,        0.79],[        2152,        0.71],[        2832,        0.77],[        3768,        0.91],[        3536,        0.78]],
[[        2428,         0.8],[        2150,         0.7],[        2595,        0.71],[        3630,        0.88],[        3369,        0.74]],
[[        2305,        0.76],[        2183,        0.72],[        2429,        0.66],[        3513,        0.85],[        3234,        0.71]],
[[        2303,        0.76],[        2206,        0.72],[        2416,        0.66],[        3545,        0.85],[        3221,        0.71]],
[[        2122,         0.7],[        2230,        0.73],[        2328,        0.63],[        3412,        0.82],[        3251,        0.72]],
[[        2065,        0.68],[        2261,        0.74],[        2295,        0.63],[        3228,        0.78],[        3277,        0.72]],
[[        1958,        0.64],[        2180,        0.71],[        2080,        0.57],[        2984,        0.72],[        3228,        0.71]],
[[        1942,        0.64],[        2201,        0.72],[        1891,        0.52],[        2713,        0.65],[        3190,         0.7]],
[[        1864,        0.61],[        2098,        0.69],[        2018,        0.55],[        2737,        0.66],[        3206,        0.71]],
[[        1823,         0.6],[        2070,        0.68],[        2017,        0.55],[        2642,        0.64],[        3169,         0.7]],
[[        1829,         0.6],[        2024,        0.66],[        2117,        0.58],[        2505,         0.6],[        3160,         0.7]],
[[        1820,         0.6],[        2145,         0.7],[        2040,        0.56],[        2367,        0.57],[        3084,        0.68]],
[[        1716,        0.56],[        1970,        0.65],[        2043,        0.56],[        2215,        0.53],[        3028,        0.67]],
[[        1749,        0.57],[        1961,        0.64],[        2060,        0.56],[        2256,        0.54],[        3074,        0.68]],
[[        1773,        0.58],[        1954,        0.64],[        2032,        0.55],[        2210,        0.53],[        2969,        0.65]],
[[        1728,        0.57],[        1928,        0.63],[        2041,        0.56],[        2136,        0.51],[        2824,        0.62]],
[[        1828,         0.6],[        1834,         0.6],[        2108,        0.57],[        1930,        0.47],[        2655,        0.59]],
[[        1902,        0.62],[        1710,        0.56],[        2063,        0.56],[        1802,        0.43],[        2456,        0.54]],
[[        1660,        0.54],[        1649,        0.54],[        1897,        0.52],[        1874,        0.45],[        2483,        0.55]],
[[        1674,        0.55],[        1642,        0.54],[        1910,        0.52],[        1913,        0.46],[        2421,        0.53]],
[[        1671,        0.55],[        1590,        0.52],[        1906,        0.52],[        1973,        0.48],[        2300,        0.51]],
[[        1588,        0.52],[        1588,        0.52],[        2015,        0.55],[        1932,        0.47],[        2180,        0.48]],
[[        1460,        0.48],[        1501,        0.49],[        1875,        0.51],[        1939,        0.47],[        2065,        0.46]],
[[        1347,        0.44],[        1545,        0.51],[        1807,        0.49],[        1952,        0.47],[        2093,        0.46]],
[[        1406,        0.46],[        1571,        0.51],[        1751,        0.48],[        1930,        0.47],[        2040,        0.45]],
[[        1472,        0.48],[        1552,        0.51],[        1788,        0.49],[        1911,        0.46],[        1964,        0.43]],
[[        1396,        0.46],[        1576,        0.52],[        1654,        0.45],[        1950,        0.47],[        1785,        0.39]],
[[        1357,        0.44],[        1636,        0.54],[        1466,         0.4],[        1908,        0.46],[        1662,        0.37]],
[[        1391,        0.46],[        1439,        0.47],[        1477,         0.4],[        1786,        0.43],[        1703,        0.38]],
[[        1298,        0.43],[        1458,        0.48],[        1415,        0.39],[        1753,        0.42],[        1717,        0.38]],
[[        1249,        0.41],[        1433,        0.47],[        1435,        0.39],[        1714,        0.41],[        1751,        0.39]],
[[        1279,        0.42],[        1329,        0.44],[        1361,        0.37],[        1770,        0.43],[        1723,        0.38]],
[[        1253,        0.41],[        1205,        0.39],[        1283,        0.35],[        1657,         0.4],[        1712,        0.38]],
[[        1219,         0.4],[        1063,        0.35],[        1305,        0.36],[        1595,        0.38],[        1705,        0.38]],
[[        1209,         0.4],[        1154,        0.38],[        1285,        0.35],[        1520,        0.37],[        1670,        0.37]],
[[        1209,         0.4],[        1141,        0.37],[        1305,        0.36],[        1517,        0.37],[        1643,        0.36]],
[[        1102,        0.36],[        1105,        0.36],[        1299,        0.35],[        1390,        0.34],[        1655,        0.37]],
[[        1174,        0.38],[        1007,        0.33],[        1360,        0.37],[        1234,         0.3],[        1604,        0.35]],
[[        1088,        0.36],[        1046,        0.34],[        1156,        0.32],[        1226,         0.3],[        1502,        0.33]],
[[        1058,        0.35],[         911,         0.3],[        1176,        0.32],[        1165,        0.28],[        1457,        0.32]],
[[        1001,        0.33],[         860,        0.28],[        1102,         0.3],[        1142,        0.28],[        1420,        0.31]],
[[         937,        0.31],[         860,        0.28],[        1030,        0.28],[        1104,        0.27],[        1443,        0.32]],
[[         926,         0.3],[         822,        0.27],[         893,        0.24],[        1026,        0.25],[        1339,         0.3]],
[[         985,        0.32],[         779,        0.26],[         789,        0.22],[        1021,        0.25],[        1271,        0.28]],
[[         889,        0.29],[         743,        0.24],[         826,        0.23],[         997,        0.24],[        1196,        0.26]],
[[         586,        0.19],[         711,        0.23],[         836,        0.23],[         979,        0.24],[        1170,        0.26]],
[[         511,        0.17],[         651,        0.21],[         759,        0.21],[         954,        0.23],[        1050,        0.23]],
[[         529,        0.17],[         621,         0.2],[         674,        0.18],[         973,        0.23],[         924,         0.2]],
[[         481,        0.16],[         564,        0.18],[         642,        0.18],[         804,        0.19],[         893,         0.2]],
[[         452,        0.15],[         507,        0.17],[         547,        0.15],[         787,        0.19],[         827,        0.18]],
[[         374,        0.12],[         447,        0.15],[         478,        0.13],[         714,        0.17],[         774,        0.17]],
[[        1444,        0.47],[         377,        0.12],[         468,        0.13],[         627,        0.15],[         715,        0.16]],
[[           .,           .],[         349,        0.11],[         390,        0.11],[         511,        0.12],[         624,        0.14]],
[[           .,           .],[         330,        0.11],[         348,        0.09],[         418,         0.1],[         588,        0.13]],
[[           .,           .],[         242,        0.08],[         294,        0.08],[         398,         0.1],[         535,        0.12]],
[[           .,           .],[         202,        0.07],[         288,        0.08],[         358,        0.09],[         481,        0.11]],
[[           .,           .],[         546,        0.18],[         817,        0.22],[        1200,        0.29],[        1961,        0.43]]],
[[[        1859,        0.61],[        2223,        0.73],[        2140,        0.58],[        2734,        0.66],[        2861,        0.63]],
[[        2004,        0.66],[        2113,        0.69],[        2241,        0.61],[        2716,        0.65],[        2820,        0.62]],
[[        1931,        0.63],[        2006,        0.66],[        2256,        0.62],[        2706,        0.65],[        2801,        0.62]],
[[        1932,        0.63],[        1899,        0.62],[        2296,        0.63],[        2672,        0.64],[        2763,        0.61]],
[[        2004,        0.66],[        1939,        0.64],[        2239,        0.61],[        2642,        0.64],[        2734,         0.6]],
[[        1971,        0.65],[        1740,        0.57],[        2427,        0.66],[        2615,        0.63],[        2713,         0.6]],
[[        2099,        0.69],[        1729,        0.57],[        2423,        0.66],[        2575,        0.62],[        2684,        0.59]],
[[        2131,         0.7],[        1775,        0.58],[        2243,        0.61],[        2517,        0.61],[        2664,        0.59]],
[[        2111,        0.69],[        1699,        0.56],[        2273,        0.62],[        2472,         0.6],[        2642,        0.58]],
[[        2079,        0.68],[        1771,        0.58],[        2200,         0.6],[        2439,        0.59],[        2626,        0.58]],
[[        2153,        0.71],[        1777,        0.58],[        2192,         0.6],[        2406,        0.58],[        2606,        0.57]],
[[        2008,        0.66],[        1891,        0.62],[        2055,        0.56],[        2346,        0.57],[        2585,        0.57]],
[[        2087,        0.68],[        1985,        0.65],[        1997,        0.54],[        2252,        0.54],[        2563,        0.57]],
[[        2058,        0.67],[        1824,         0.6],[        1903,        0.52],[        2311,        0.56],[        2545,        0.56]],
[[        1939,        0.64],[        1837,         0.6],[        1961,        0.53],[        2211,        0.53],[        2522,        0.56]],
[[        1907,        0.63],[        1737,        0.57],[        1816,         0.5],[        2350,        0.57],[        2497,        0.55]],
[[        1959,        0.64],[        1852,        0.61],[        1795,        0.49],[        2367,        0.57],[        2484,        0.55]],
[[        1951,        0.64],[        1682,        0.55],[        1913,        0.52],[        2281,        0.55],[        2454,        0.54]],
[[        2059,        0.68],[        1956,        0.64],[        2163,        0.59],[        2656,        0.64],[        2783,        0.61]],
[[        2660,        0.87],[        2686,        0.88],[        3544,        0.97],[        4537,        1.09],[        4721,        1.04]],
[[        2747,         0.9],[        2568,        0.84],[        3371,        0.92],[        4294,        1.04],[        4404,        0.97]],
[[        2666,        0.87],[        2672,        0.88],[        3848,        1.05],[        3941,        0.95],[        4131,        0.91]],
[[        2168,        0.71],[        2845,        0.93],[        4286,        1.17],[        3773,        0.91],[        4050,        0.89]],
[[        1779,        0.58],[        2723,        0.89],[        3783,        1.03],[        3588,        0.86],[        3987,        0.88]],
[[        1788,        0.59],[        2671,        0.88],[        3786,        1.03],[        3514,        0.85],[        3898,        0.86]],
[[        1936,        0.63],[        2572,        0.84],[        3681,           1],[        3337,         0.8],[        3900,        0.86]],
[[        2146,         0.7],[        2484,        0.81],[        3712,        1.01],[        3253,        0.78],[        3918,        0.86]],
[[        2079,        0.68],[        2389,        0.78],[        3619,        0.99],[        3293,        0.79],[        3797,        0.84]],
[[        2100,        0.69],[        2435,         0.8],[        3543,        0.97],[        3284,        0.79],[        3696,        0.82]],
[[        2270,        0.74],[        2186,        0.72],[        3331,        0.91],[        3308,         0.8],[        3583,        0.79]],
[[        2340,        0.77],[        2016,        0.66],[        2987,        0.81],[        3297,        0.79],[        3540,        0.78]],
[[        2432,         0.8],[        1943,        0.64],[        2963,        0.81],[        3235,        0.78],[        3358,        0.74]],
[[        2343,        0.77],[        1985,        0.65],[        2806,        0.77],[        3250,        0.78],[        3246,        0.72]],
[[        2333,        0.76],[        1977,        0.65],[        2499,        0.68],[        3222,        0.78],[        3087,        0.68]],
[[        2298,        0.75],[        2032,        0.67],[        2512,        0.68],[        3198,        0.77],[        3007,        0.66]],
[[        2290,        0.75],[        2055,        0.67],[        2444,        0.67],[        3112,        0.75],[        2866,        0.63]],
[[        2184,        0.72],[        2165,        0.71],[        2359,        0.64],[        3082,        0.74],[        2769,        0.61]],
[[        2269,        0.74],[        2112,        0.69],[        2281,        0.62],[        3050,        0.74],[        2782,        0.61]],
[[        2031,        0.67],[        2157,        0.71],[        2359,        0.64],[        3015,        0.73],[        2783,        0.61]],
[[        2010,        0.66],[        2179,        0.71],[        2098,        0.57],[        2833,        0.68],[        2818,        0.62]],
[[        1952,        0.64],[        2178,        0.71],[        2015,        0.55],[        2670,        0.64],[        2823,        0.62]],
[[        1944,        0.64],[        2168,        0.71],[        1937,        0.53],[        2637,        0.64],[        2817,        0.62]],
[[        1939,        0.64],[        2096,        0.69],[        2005,        0.55],[        2524,        0.61],[        2827,        0.62]],
[[        1804,        0.59],[        2106,        0.69],[        1935,        0.53],[        2379,        0.57],[        2818,        0.62]],
[[        1776,        0.58],[        2056,        0.67],[        2036,        0.56],[        2333,        0.56],[        2826,        0.62]],
[[        1776,        0.58],[        1995,        0.65],[        2023,        0.55],[        2294,        0.55],[        2783,        0.61]],
[[        1689,        0.55],[        1923,        0.63],[        2087,        0.57],[        2213,        0.53],[        2792,        0.62]],
[[        1653,        0.54],[        1991,        0.65],[        2030,        0.55],[        2186,        0.53],[        2784,        0.61]],
[[        1701,        0.56],[        1826,         0.6],[        2097,        0.57],[        2231,        0.54],[        2754,        0.61]],
[[        1722,        0.56],[        1764,        0.58],[        2061,        0.56],[        2079,         0.5],[        2613,        0.58]],
[[        1864,        0.61],[        1779,        0.58],[        2121,        0.58],[        1940,        0.47],[        2484,        0.55]],
[[        1855,        0.61],[        1727,        0.57],[        2068,        0.56],[        1851,        0.45],[        2448,        0.54]],
[[        1619,        0.53],[        1697,        0.56],[        2066,        0.56],[        1891,        0.46],[        2360,        0.52]],
[[        1702,        0.56],[        1632,        0.53],[        1991,        0.54],[        1836,        0.44],[        2240,        0.49]],
[[        1726,        0.57],[        1572,        0.52],[        1944,        0.53],[        1938,        0.47],[        2193,        0.48]],
[[        1625,        0.53],[        1570,        0.51],[        1909,        0.52],[        1926,        0.46],[        2161,        0.48]],
[[        1457,        0.48],[        1464,        0.48],[        1864,        0.51],[        2006,        0.48],[        2090,        0.46]],
[[        1458,        0.48],[        1465,        0.48],[        1850,         0.5],[        1940,        0.47],[        2059,        0.45]],
[[        1541,        0.51],[        1548,        0.51],[        1710,        0.47],[        1968,        0.47],[        2091,        0.46]],
[[        1515,         0.5],[        1542,        0.51],[        1647,        0.45],[        1982,        0.48],[        1943,        0.43]],
[[        1496,        0.49],[        1672,        0.55],[        1614,        0.44],[        2015,        0.49],[        1809,         0.4]],
[[        1462,        0.48],[        1701,        0.56],[        1603,        0.44],[        1957,        0.47],[        1726,        0.38]],
[[        1461,        0.48],[        1451,        0.48],[        1536,        0.42],[        1938,        0.47],[        1761,        0.39]],
[[        1387,        0.45],[        1473,        0.48],[        1478,         0.4],[        1869,        0.45],[        1708,        0.38]],
[[        1301,        0.43],[        1533,         0.5],[        1402,        0.38],[        1827,        0.44],[        1794,         0.4]],
[[        1266,        0.42],[        1402,        0.46],[        1455,         0.4],[        1786,        0.43],[        1772,        0.39]],
[[        1287,        0.42],[        1229,         0.4],[        1330,        0.36],[        1740,        0.42],[        1836,         0.4]],
[[        1340,        0.44],[        1251,        0.41],[        1328,        0.36],[        1687,        0.41],[        1780,        0.39]],
[[        1378,        0.45],[        1268,        0.42],[        1447,        0.39],[        1540,        0.37],[        1785,        0.39]],
[[        1305,        0.43],[        1246,        0.41],[        1370,        0.37],[        1492,        0.36],[        1792,         0.4]],
[[        1258,        0.41],[        1199,        0.39],[        1470,         0.4],[        1447,        0.35],[        1810,         0.4]],
[[        1313,        0.43],[        1193,        0.39],[        1477,         0.4],[        1421,        0.34],[        1749,        0.39]],
[[        1292,        0.42],[        1188,        0.39],[        1247,        0.34],[        1385,        0.33],[        1721,        0.38]],
[[        1280,        0.42],[        1137,        0.37],[        1280,        0.35],[        1313,        0.32],[        1651,        0.36]],
[[        1304,        0.43],[        1060,        0.35],[        1292,        0.35],[        1248,         0.3],[        1603,        0.35]],
[[        1350,        0.44],[        1009,        0.33],[        1234,        0.34],[        1265,         0.3],[        1555,        0.34]],
[[        1398,        0.46],[        1006,        0.33],[         994,        0.27],[        1160,        0.28],[        1505,        0.33]],
[[        1373,        0.45],[         964,        0.32],[        1015,        0.28],[        1133,        0.27],[        1447,        0.32]],
[[        1390,        0.46],[        1035,        0.34],[         986,        0.27],[        1192,        0.29],[        1309,        0.29]],
[[         998,        0.33],[         930,         0.3],[         951,        0.26],[        1114,        0.27],[        1247,        0.28]],
[[         855,        0.28],[         851,        0.28],[         900,        0.25],[        1182,        0.28],[        1182,        0.26]],
[[         809,        0.27],[         838,        0.27],[         849,        0.23],[        1157,        0.28],[        1140,        0.25]],
[[         805,        0.26],[         796,        0.26],[         862,        0.24],[         947,        0.23],[        1076,        0.24]],
[[         784,        0.26],[         804,        0.26],[         766,        0.21],[         929,        0.22],[         994,        0.22]],
[[         730,        0.24],[         730,        0.24],[         689,        0.19],[         895,        0.22],[         908,         0.2]],
[[        3684,        1.21],[         708,        0.23],[         612,        0.17],[         817,         0.2],[         884,        0.19]],
[[           .,           .],[         683,        0.22],[         532,        0.15],[         638,        0.15],[         780,        0.17]],
[[           .,           .],[         651,        0.21],[         499,        0.14],[         612,        0.15],[         726,        0.16]],
[[           .,           .],[         537,        0.18],[         524,        0.14],[         549,        0.13],[         716,        0.16]],
[[           .,           .],[         434,        0.14],[         426,        0.12],[         472,        0.11],[         617,        0.14]],
[[           .,           .],[        1342,        0.44],[        1722,        0.47],[        2003,        0.48],[        2931,        0.65]]]]}}
