{
"ons":{
"label":"Population Projections for England and Wales, by local authority",
"source":"Office for National Statistics",
"updated":"2014-10-01",
"area": {
"code":"K04000001",
"label":"England and Wales"
},
"time": {
"label":"1998-2038",
"index":["1998",  "2008",  "2018",  "2028",  "2038"]
},
"concept":{
"label":["population", "% of population"],
"units":["count", "%"],
"max":[        1081,            1]
},
"sums":{
"series1":[       48271,        50645,        56438,        59927,        62107],
"series2":[       50061,        52182,        56010,        58576,        60412]
},
"dimension":{
"label":"age",
"index":["0", "1", "2", "3", "4", "5", "6", "7", "8", "9", "10", "11", "12", "13", "14", "15", "16", "17", "18", "19", "20", "21", "22", "23", "24", "25", "26", "27", "28", "29", "30", "31", "32", "33", "34", "35", "36", "37", "38", "39", "40", "41", "42", "43", "44", "45", "46", "47", "48", "49", "50", "51", "52", "53", "54", "55", "56", "57", "58", "59", "60", "61", "62", "63", "64", "65", "66", "67", "68", "69", "70", "71", "72", "73", "74", "75", "76", "77", "78", "79", "80", "81", "82", "83", "84", "85", "86", "87", "88", "89", "90+"]
},
"series":["male", "female"],
"value":[[[[         711,        0.72],[         791,        0.77],[         809,        0.72],[         733,        0.62],[         755,        0.62]],
[[         741,        0.75],[         728,        0.71],[         810,        0.72],[         742,        0.63],[         753,        0.61]],
[[         731,        0.74],[         699,        0.68],[         850,        0.76],[         750,        0.63],[         751,        0.61]],
[[         694,        0.71],[         647,        0.63],[         859,        0.76],[         764,        0.64],[         755,        0.62]],
[[         741,        0.75],[         699,        0.68],[         894,         0.8],[         774,        0.65],[         756,        0.62]],
[[         674,        0.69],[         671,        0.65],[         872,        0.78],[         776,        0.65],[         752,        0.61]],
[[         720,        0.73],[         597,        0.58],[         930,        0.83],[         782,        0.66],[         753,        0.61]],
[[         665,        0.68],[         647,        0.63],[         859,        0.76],[         791,        0.67],[         755,        0.62]],
[[         662,        0.67],[         611,        0.59],[         930,        0.83],[         796,        0.67],[         755,        0.62]],
[[         648,        0.66],[         646,        0.63],[         777,        0.69],[         798,        0.67],[         752,        0.61]],
[[         605,        0.62],[         642,        0.62],[         814,        0.72],[         798,        0.67],[         754,        0.62]],
[[         660,        0.67],[         636,        0.62],[         766,        0.68],[         788,        0.66],[         753,        0.61]],
[[         616,        0.63],[         662,        0.64],[         756,        0.67],[         831,         0.7],[         755,        0.62]],
[[         615,        0.63],[         638,        0.62],[         669,        0.59],[         877,        0.74],[         763,        0.62]],
[[         660,        0.67],[         672,        0.65],[         696,        0.62],[         859,        0.72],[         771,        0.63]],
[[         592,         0.6],[         619,         0.6],[         662,        0.59],[         862,        0.73],[         776,        0.63]],
[[         609,        0.62],[         672,        0.65],[         658,        0.59],[         909,        0.77],[         784,        0.64]],
[[         603,        0.61],[         679,        0.66],[         681,        0.61],[         847,        0.71],[         787,        0.64]],
[[         624,        0.63],[         643,        0.63],[         619,        0.55],[         873,        0.74],[         774,        0.63]],
[[         517,        0.53],[         599,        0.58],[         520,        0.46],[         660,        0.56],[         667,        0.54]],
[[         499,        0.51],[         526,        0.51],[         525,        0.47],[         638,        0.54],[         627,        0.51]],
[[         510,        0.52],[         583,        0.57],[         644,        0.57],[         621,        0.52],[         637,        0.52]],
[[         531,        0.54],[         686,        0.67],[         602,        0.54],[         639,        0.54],[         700,        0.57]],
[[         715,        0.73],[         691,        0.67],[         650,        0.58],[         628,        0.53],[         766,        0.63]],
[[         745,        0.76],[         803,        0.78],[         707,        0.63],[         680,        0.57],[         794,        0.65]],
[[         794,        0.81],[         828,        0.81],[         629,        0.56],[         671,        0.57],[         824,        0.67]],
[[         912,        0.93],[         850,        0.83],[         752,        0.67],[         668,        0.56],[         867,        0.71]],
[[         903,        0.92],[         951,        0.92],[         797,        0.71],[         700,        0.59],[         846,        0.69]],
[[         885,         0.9],[         869,        0.85],[         742,        0.66],[         704,        0.59],[         868,        0.71]],
[[         843,        0.86],[         894,        0.87],[         859,        0.76],[         729,        0.62],[         834,        0.68]],
[[         895,        0.91],[         864,        0.84],[         857,        0.76],[         776,        0.65],[         866,        0.71]],
[[         929,        0.94],[         813,        0.79],[         857,        0.76],[         816,        0.69],[         852,         0.7]],
[[         887,         0.9],[         775,        0.75],[         897,         0.8],[         850,        0.72],[         853,         0.7]],
[[         920,        0.94],[         794,        0.77],[         847,        0.75],[         840,        0.71],[         810,        0.66]],
[[         894,        0.91],[         799,        0.78],[         924,        0.82],[         892,        0.75],[         820,        0.67]],
[[         795,        0.81],[         818,         0.8],[         971,        0.86],[         848,        0.72],[         801,        0.65]],
[[         873,        0.89],[         803,        0.78],[         954,        0.85],[         884,        0.75],[         785,        0.64]],
[[         804,        0.82],[         833,        0.81],[        1081,        0.96],[         890,        0.75],[         795,        0.65]],
[[         817,        0.83],[         857,        0.83],[         948,        0.84],[         878,        0.74],[         805,        0.66]],
[[         729,        0.74],[         839,        0.82],[         974,        0.87],[         923,        0.78],[         820,        0.67]],
[[         721,        0.73],[         853,        0.83],[         885,        0.79],[         923,        0.78],[         835,        0.68]],
[[         714,        0.73],[         794,        0.77],[         805,        0.72],[         898,        0.76],[         858,         0.7]],
[[         729,        0.74],[         786,        0.76],[         804,        0.71],[         886,        0.75],[         859,         0.7]],
[[         655,        0.67],[         829,        0.81],[         792,         0.7],[         882,        0.74],[         848,        0.69]],
[[         669,        0.68],[         802,        0.78],[         820,        0.73],[         899,        0.76],[         882,        0.72]],
[[         632,        0.64],[         750,        0.73],[         833,        0.74],[         932,        0.79],[         835,        0.68]],
[[         577,        0.59],[         740,        0.72],[         796,        0.71],[         900,        0.76],[         853,         0.7]],
[[         611,        0.62],[         748,        0.73],[         819,        0.73],[         975,        0.82],[         859,         0.7]],
[[         589,         0.6],[         700,        0.68],[         820,        0.73],[         859,        0.72],[         829,        0.68]],
[[         594,         0.6],[         681,        0.66],[         806,        0.72],[         875,        0.74],[         849,        0.69]],
[[         633,        0.64],[         665,        0.65],[         784,         0.7],[         797,        0.67],[         849,        0.69]],
[[         693,         0.7],[         611,        0.59],[         730,        0.65],[         736,        0.62],[         817,        0.67]],
[[         491,         0.5],[         648,        0.63],[         742,        0.66],[         730,        0.62],[         812,        0.66]],
[[         470,        0.48],[         614,         0.6],[         777,        0.69],[         730,        0.62],[         802,        0.65]],
[[         443,        0.45],[         581,        0.57],[         765,        0.68],[         746,        0.63],[         805,        0.66]],
[[         428,        0.44],[         553,        0.54],[         678,         0.6],[         749,        0.63],[         831,        0.68]],
[[         402,        0.41],[         510,         0.5],[         709,        0.63],[         717,        0.61],[         806,        0.66]],
[[         366,        0.37],[         526,        0.51],[         688,        0.61],[         747,        0.63],[         865,        0.71]],
[[         378,        0.38],[         529,        0.51],[         629,        0.56],[         755,        0.64],[         787,        0.64]],
[[         381,        0.39],[         535,        0.52],[         636,        0.57],[         726,        0.61],[         788,        0.64]],
[[         364,        0.37],[         522,        0.51],[         597,        0.53],[         713,         0.6],[         719,        0.59]],
[[         367,        0.37],[         570,        0.55],[         537,        0.48],[         686,        0.58],[         667,        0.54]],
[[         365,        0.37],[         417,        0.41],[         559,         0.5],[         671,        0.57],[         661,        0.54]],
[[         387,        0.39],[         394,        0.38],[         549,        0.49],[         684,        0.58],[         658,        0.54]],
[[         389,         0.4],[         375,        0.36],[         491,        0.44],[         679,        0.57],[         662,        0.54]],
[[         410,        0.42],[         356,        0.35],[         473,        0.42],[         604,        0.51],[         647,        0.53]],
[[         420,        0.43],[         308,         0.3],[         418,        0.37],[         595,         0.5],[         613,         0.5]],
[[         395,         0.4],[         278,        0.27],[         422,        0.38],[         569,        0.48],[         622,        0.51]],
[[         407,        0.41],[         290,        0.28],[         425,        0.38],[         535,        0.45],[         617,         0.5]],
[[         383,        0.39],[         296,        0.29],[         415,        0.37],[         513,        0.43],[         596,        0.49]],
[[         373,        0.38],[         286,        0.28],[         381,        0.34],[         479,         0.4],[         580,        0.47]],
[[         383,        0.39],[         252,        0.25],[         435,        0.39],[         424,        0.36],[         553,        0.45]],
[[         370,        0.38],[         275,        0.27],[         329,        0.29],[         443,        0.37],[         534,        0.44]],
[[         363,        0.37],[         262,        0.25],[         324,        0.29],[         425,        0.36],[         538,        0.44]],
[[         328,        0.33],[         274,        0.27],[         306,        0.27],[         379,        0.32],[         529,        0.43]],
[[         307,        0.31],[         260,        0.25],[         277,        0.25],[         363,        0.31],[         475,        0.39]],
[[         298,         0.3],[         269,        0.26],[         235,        0.21],[         315,        0.27],[         467,        0.38]],
[[         327,        0.33],[         256,        0.25],[         208,        0.18],[         317,        0.27],[         444,        0.36]],
[[         288,        0.29],[         256,        0.25],[         212,        0.19],[         311,        0.26],[         408,        0.33]],
[[         166,        0.17],[         235,        0.23],[         214,        0.19],[         303,        0.26],[         384,        0.31]],
[[         166,        0.17],[         222,        0.22],[         196,        0.17],[         292,        0.25],[         353,        0.29]],
[[         162,        0.16],[         211,        0.21],[         179,        0.16],[         312,        0.26],[         308,        0.25]],
[[         160,        0.16],[         193,        0.19],[         160,        0.14],[         221,        0.19],[         310,        0.25]],
[[         122,        0.12],[         175,        0.17],[         153,        0.14],[         211,        0.18],[         289,        0.24]],
[[         108,        0.11],[         145,        0.14],[         144,        0.13],[         192,        0.16],[         249,         0.2]],
[[         319,        0.32],[         144,        0.14],[         136,        0.12],[         168,        0.14],[         228,        0.19]],
[[           .,           .],[         111,        0.11],[         111,         0.1],[         130,        0.11],[         189,        0.15]],
[[           .,           .],[         105,         0.1],[         105,        0.09],[         108,        0.09],[         178,        0.15]],
[[           .,           .],[          75,        0.07],[          93,        0.08],[          98,        0.08],[         160,        0.13]],
[[           .,           .],[          34,        0.03],[          89,        0.08],[          92,        0.08],[         145,        0.12]],
[[           .,           .],[         270,        0.26],[         299,        0.27],[         344,        0.29],[         564,        0.46]]],
[[[         655,        0.67],[         756,        0.74],[         722,        0.64],[         701,        0.59],[         722,        0.59]],
[[         677,        0.69],[         690,        0.67],[         765,        0.68],[         710,         0.6],[         720,        0.59]],
[[         667,        0.68],[         662,        0.64],[         787,         0.7],[         717,        0.61],[         718,        0.59]],
[[         668,        0.68],[         630,        0.61],[         737,        0.66],[         715,         0.6],[         706,        0.58]],
[[         703,        0.71],[         633,        0.62],[         773,        0.69],[         720,        0.61],[         703,        0.57]],
[[         678,        0.69],[         609,        0.59],[         741,        0.66],[         719,        0.61],[         696,        0.57]],
[[         695,        0.71],[         540,        0.53],[         848,        0.75],[         722,        0.61],[         694,        0.57]],
[[         656,        0.67],[         595,        0.58],[         762,        0.68],[         730,        0.62],[         696,        0.57]],
[[         602,        0.61],[         642,        0.62],[         805,        0.72],[         734,        0.62],[         696,        0.57]],
[[         683,        0.69],[         603,        0.59],[         770,        0.68],[         737,        0.62],[         695,        0.57]],
[[         689,         0.7],[         588,        0.57],[         777,        0.69],[         734,        0.62],[         694,        0.57]],
[[         593,         0.6],[         612,         0.6],[         699,        0.62],[         728,        0.61],[         696,        0.57]],
[[         558,        0.57],[         579,        0.56],[         672,         0.6],[         751,        0.63],[         694,        0.57]],
[[         562,        0.57],[         606,        0.59],[         630,        0.56],[         715,         0.6],[         693,        0.57]],
[[         565,        0.57],[         673,        0.65],[         639,        0.57],[         751,        0.63],[         702,        0.57]],
[[         549,        0.56],[         639,        0.62],[         597,        0.53],[         713,         0.6],[         703,        0.57]],
[[         554,        0.56],[         664,        0.65],[         553,        0.49],[         792,        0.67],[         703,        0.57]],
[[         611,        0.62],[         678,        0.66],[         619,        0.55],[         743,        0.63],[         702,        0.57]],
[[         635,        0.65],[         643,        0.63],[         617,        0.55],[         731,        0.62],[         677,        0.55]],
[[         611,        0.62],[         575,        0.56],[         463,        0.41],[         566,        0.48],[         550,        0.45]],
[[         560,        0.57],[         610,        0.59],[         435,        0.39],[         534,        0.45],[         515,        0.42]],
[[         626,        0.64],[         628,        0.61],[         488,        0.43],[         528,        0.45],[         541,        0.44]],
[[         745,        0.76],[         737,        0.72],[         517,        0.46],[         575,        0.49],[         634,        0.52]],
[[         795,        0.81],[         808,        0.79],[         577,        0.51],[         606,        0.51],[         679,        0.55]],
[[         847,        0.86],[         832,        0.81],[         671,         0.6],[         650,        0.55],[         746,        0.61]],
[[         876,        0.89],[         853,        0.83],[         721,        0.64],[         663,        0.56],[         779,        0.64]],
[[         943,        0.96],[         894,        0.87],[         746,        0.66],[         661,        0.56],[         848,        0.69]],
[[         980,           1],[         958,        0.93],[         834,        0.74],[         706,         0.6],[         842,        0.69]],
[[         928,        0.94],[         973,        0.95],[         822,        0.73],[         743,        0.63],[         862,         0.7]],
[[         928,        0.94],[         934,        0.91],[         861,        0.77],[         765,        0.65],[         862,         0.7]],
[[         915,        0.93],[         859,        0.84],[         890,        0.79],[         772,        0.65],[         868,        0.71]],
[[         902,        0.92],[         773,        0.75],[         919,        0.82],[         816,        0.69],[         845,        0.69]],
[[         862,        0.88],[         804,        0.78],[         925,        0.82],[         814,        0.69],[         831,        0.68]],
[[         805,        0.82],[         795,        0.77],[        1031,        0.92],[         831,         0.7],[         796,        0.65]],
[[         839,        0.85],[         739,        0.72],[         907,        0.81],[         856,        0.72],[         787,        0.64]],
[[         780,        0.79],[         800,        0.78],[         936,        0.83],[         853,        0.72],[         755,        0.62]],
[[         796,        0.81],[         792,        0.77],[        1006,        0.89],[         877,        0.74],[         739,         0.6]],
[[         775,        0.79],[         844,        0.82],[         997,        0.89],[         893,        0.75],[         754,        0.62]],
[[         730,        0.74],[         784,        0.76],[         959,        0.85],[         854,        0.72],[         760,        0.62]],
[[         723,        0.74],[         800,        0.78],[         925,        0.82],[         899,        0.76],[         769,        0.63]],
[[         739,        0.75],[         809,        0.79],[         835,        0.74],[         879,        0.74],[         771,        0.63]],
[[         708,        0.72],[         793,        0.77],[         749,        0.67],[         870,        0.73],[         791,        0.65]],
[[         694,        0.71],[         741,        0.72],[         787,         0.7],[         884,        0.75],[         777,        0.63]],
[[         643,        0.65],[         767,        0.75],[         793,        0.71],[         901,        0.76],[         787,        0.64]],
[[         660,        0.67],[         792,        0.77],[         709,        0.63],[         838,        0.71],[         796,        0.65]],
[[         622,        0.63],[         695,        0.68],[         771,        0.69],[         864,        0.73],[         793,        0.65]],
[[         613,        0.62],[         735,        0.71],[         733,        0.65],[         879,        0.74],[         803,        0.66]],
[[         651,        0.66],[         730,        0.71],[         856,        0.76],[         898,        0.76],[         825,        0.67]],
[[         570,        0.58],[         690,        0.67],[         712,        0.63],[         871,        0.74],[         801,        0.65]],
[[         563,        0.57],[         700,        0.68],[         729,        0.65],[         845,        0.71],[         829,        0.68]],
[[         588,         0.6],[         687,        0.67],[         774,        0.69],[         766,        0.65],[         813,        0.66]],
[[         683,        0.69],[         635,        0.62],[         746,        0.66],[         702,        0.59],[         802,        0.65]],
[[         510,        0.52],[         644,        0.63],[         717,        0.64],[         731,        0.62],[         810,        0.66]],
[[         461,        0.47],[         580,        0.56],[         755,        0.67],[         750,        0.63],[         821,        0.67]],
[[         464,        0.47],[         615,         0.6],[         746,        0.66],[         663,        0.56],[         774,        0.63]],
[[         446,        0.45],[         552,        0.54],[         691,        0.61],[         720,        0.61],[         796,        0.65]],
[[         401,        0.41],[         549,        0.53],[         656,        0.58],[         693,        0.58],[         811,        0.66]],
[[         372,        0.38],[         551,        0.54],[         684,        0.61],[         773,        0.65],[         823,        0.67]],
[[         404,        0.41],[         498,        0.48],[         643,        0.57],[         681,        0.57],[         798,        0.65]],
[[         403,        0.41],[         512,         0.5],[         652,        0.58],[         684,        0.58],[         773,        0.63]],
[[         409,        0.42],[         537,        0.52],[         648,        0.58],[         714,         0.6],[         698,        0.57]],
[[         347,        0.35],[         606,        0.59],[         577,        0.51],[         680,        0.57],[         640,        0.52]],
[[         409,        0.42],[         425,        0.41],[         579,        0.51],[         657,        0.55],[         656,        0.54]],
[[         413,        0.42],[         399,        0.39],[         479,        0.43],[         660,        0.56],[         668,        0.55]],
[[         434,        0.44],[         366,        0.36],[         537,        0.48],[         667,        0.56],[         596,        0.49]],
[[         445,        0.45],[         371,        0.36],[         462,        0.41],[         610,        0.51],[         635,        0.52]],
[[         511,        0.52],[         315,        0.31],[         446,         0.4],[         589,         0.5],[         613,         0.5]],
[[         508,        0.52],[         321,        0.31],[         445,         0.4],[         591,         0.5],[         665,        0.54]],
[[         465,        0.47],[         318,        0.31],[         453,         0.4],[         544,        0.46],[         588,        0.48]],
[[         457,        0.46],[         334,        0.32],[         467,        0.42],[         546,        0.46],[         587,        0.48]],
[[         432,        0.44],[         339,        0.33],[         475,        0.42],[         540,        0.46],[         608,         0.5]],
[[         411,        0.42],[         315,        0.31],[         521,        0.46],[         481,        0.41],[         579,        0.47]],
[[         411,        0.42],[         319,        0.31],[         374,        0.33],[         480,        0.41],[         561,        0.46]],
[[         404,        0.41],[         316,        0.31],[         342,         0.3],[         413,        0.35],[         561,        0.46]],
[[         427,        0.43],[         368,        0.36],[         299,        0.27],[         449,        0.38],[         560,        0.46]],
[[         372,        0.38],[         353,        0.34],[         300,        0.27],[         389,        0.33],[         508,        0.41]],
[[         390,         0.4],[         393,        0.38],[         249,        0.22],[         370,        0.31],[         486,         0.4]],
[[         387,        0.39],[         404,        0.39],[         254,        0.23],[         362,        0.31],[         482,        0.39]],
[[         332,        0.34],[         355,        0.35],[         257,        0.23],[         359,         0.3],[         440,        0.36]],
[[         226,        0.23],[         341,        0.33],[         254,        0.23],[         362,        0.31],[         435,        0.36]],
[[         210,        0.21],[         309,         0.3],[         258,        0.23],[         369,        0.31],[         422,        0.34]],
[[         186,        0.19],[         279,        0.27],[         235,        0.21],[         387,        0.33],[         374,        0.31]],
[[         210,        0.21],[         272,        0.26],[         223,         0.2],[         273,        0.23],[         363,         0.3]],
[[         160,        0.16],[         277,        0.27],[         215,        0.19],[         251,        0.21],[         308,        0.25]],
[[         168,        0.17],[         232,        0.23],[         234,        0.21],[         216,        0.18],[         323,        0.26]],
[[         776,        0.79],[         216,        0.21],[         210,        0.19],[         211,        0.18],[         278,        0.23]],
[[           .,           .],[         214,        0.21],[         221,         0.2],[         170,        0.14],[         252,        0.21]],
[[           .,           .],[         192,        0.19],[         228,         0.2],[         158,        0.13],[         236,        0.19]],
[[           .,           .],[         155,        0.15],[         177,        0.16],[         147,        0.12],[         219,        0.18]],
[[           .,           .],[         108,        0.11],[         159,        0.14],[         135,        0.11],[         202,        0.16]],
[[           .,           .],[         324,        0.32],[         551,        0.49],[         578,        0.49],[         806,        0.66]]]]}}
