{
"ons":{
"label":"Population Projections for England and Wales, by local authority",
"source":"Office for National Statistics",
"updated":"2014-10-01",
"area": {
"code":"K04000001",
"label":"England and Wales"
},
"time": {
"label":"1998-2038",
"index":["1998",  "2008",  "2018",  "2028",  "2038"]
},
"concept":{
"label":["population", "% of population"],
"units":["count", "%"],
"max":[        1989,         1.16]
},
"sums":{
"series1":[       67116,        69185,        75793,        81918,        85986],
"series2":[       69635,        71617,        78487,        84468,        88706]
},
"dimension":{
"label":"age",
"index":["0", "1", "2", "3", "4", "5", "6", "7", "8", "9", "10", "11", "12", "13", "14", "15", "16", "17", "18", "19", "20", "21", "22", "23", "24", "25", "26", "27", "28", "29", "30", "31", "32", "33", "34", "35", "36", "37", "38", "39", "40", "41", "42", "43", "44", "45", "46", "47", "48", "49", "50", "51", "52", "53", "54", "55", "56", "57", "58", "59", "60", "61", "62", "63", "64", "65", "66", "67", "68", "69", "70", "71", "72", "73", "74", "75", "76", "77", "78", "79", "80", "81", "82", "83", "84", "85", "86", "87", "88", "89", "90+"]
},
"series":["male", "female"],
"value":[[[[         913,        0.67],[         964,        0.68],[        1016,        0.66],[         988,        0.59],[         993,        0.57]],
[[         937,        0.69],[         909,        0.65],[        1071,        0.69],[        1004,         0.6],[         995,        0.57]],
[[         908,        0.66],[         848,         0.6],[        1021,        0.66],[        1024,        0.62],[        1004,        0.57]],
[[         887,        0.65],[         878,        0.62],[        1011,        0.66],[        1032,        0.62],[        1005,        0.58]],
[[         896,        0.66],[         825,        0.59],[        1044,        0.68],[        1049,        0.63],[        1017,        0.58]],
[[         926,        0.68],[         832,        0.59],[        1002,        0.65],[        1055,        0.63],[        1021,        0.58]],
[[         939,        0.69],[         825,        0.59],[        1027,        0.67],[        1063,        0.64],[        1031,        0.59]],
[[         965,        0.71],[         876,        0.62],[        1143,        0.74],[        1064,        0.64],[        1035,        0.59]],
[[         943,        0.69],[         841,         0.6],[        1137,        0.74],[        1067,        0.64],[        1044,         0.6]],
[[         944,        0.69],[         843,         0.6],[        1066,        0.69],[        1073,        0.64],[        1054,         0.6]],
[[         978,        0.72],[         929,        0.66],[        1042,        0.68],[        1072,        0.64],[        1062,        0.61]],
[[         964,         0.7],[         941,        0.67],[         968,        0.63],[        1058,        0.64],[        1070,        0.61]],
[[         916,        0.67],[         905,        0.64],[         951,        0.62],[        1093,        0.66],[        1083,        0.62]],
[[         924,        0.68],[         924,        0.66],[         957,        0.62],[        1078,        0.65],[        1085,        0.62]],
[[         902,        0.66],[         952,        0.68],[         884,        0.57],[        1090,        0.66],[        1081,        0.62]],
[[         849,        0.62],[         934,        0.66],[         847,        0.55],[        1068,        0.64],[        1087,        0.62]],
[[         869,        0.64],[         888,        0.63],[         888,        0.58],[        1102,        0.66],[        1088,        0.62]],
[[         895,        0.65],[        1027,        0.73],[         925,         0.6],[        1162,         0.7],[        1097,        0.63]],
[[         889,        0.65],[         970,        0.69],[         845,        0.55],[        1115,        0.67],[        1056,         0.6]],
[[         639,        0.47],[         781,        0.55],[         570,        0.37],[         742,        0.45],[         747,        0.43]],
[[         509,        0.37],[         687,        0.49],[         642,        0.42],[         635,        0.38],[         645,        0.37]],
[[         515,        0.38],[         624,        0.44],[         671,        0.43],[         620,        0.37],[         665,        0.38]],
[[         628,        0.46],[         722,        0.51],[         724,        0.47],[         688,        0.41],[         776,        0.44]],
[[         736,        0.54],[         699,         0.5],[         841,        0.55],[         744,        0.45],[         846,        0.48]],
[[         797,        0.58],[         780,        0.55],[         897,        0.58],[         770,        0.46],[         913,        0.52]],
[[         807,        0.59],[         811,        0.58],[         823,        0.53],[         757,        0.45],[         938,        0.54]],
[[         943,        0.69],[         841,         0.6],[         822,        0.53],[         775,        0.47],[         981,        0.56]],
[[         962,         0.7],[         866,        0.62],[         963,        0.62],[         802,        0.48],[         997,        0.57]],
[[         957,         0.7],[         911,        0.65],[         977,        0.63],[         827,         0.5],[        1000,        0.57]],
[[         997,        0.73],[         854,        0.61],[         948,        0.61],[         844,        0.51],[         988,        0.57]],
[[        1025,        0.75],[         839,         0.6],[        1022,        0.66],[         913,        0.55],[        1014,        0.58]],
[[        1070,        0.78],[         887,        0.63],[         998,        0.65],[         983,        0.59],[        1006,        0.58]],
[[        1176,        0.86],[         894,        0.63],[         940,        0.61],[        1007,        0.61],[        1001,        0.57]],
[[        1174,        0.86],[         977,        0.69],[        1055,        0.68],[        1057,        0.64],[         985,        0.56]],
[[        1181,        0.86],[         954,        0.68],[        1041,        0.67],[        1117,        0.67],[         984,        0.56]],
[[        1143,        0.84],[        1031,        0.73],[        1095,        0.71],[        1100,        0.66],[         970,        0.56]],
[[        1170,        0.86],[        1093,        0.78],[        1064,        0.69],[        1101,        0.66],[         972,        0.56]],
[[        1116,        0.82],[        1077,        0.76],[        1073,         0.7],[        1194,        0.72],[        1009,        0.58]],
[[        1161,        0.85],[        1069,        0.76],[        1064,        0.69],[        1178,        0.71],[        1031,        0.59]],
[[        1148,        0.84],[        1120,         0.8],[        1044,        0.68],[        1187,        0.71],[        1052,         0.6]],
[[        1095,         0.8],[        1081,        0.77],[        1011,        0.66],[        1221,        0.73],[        1092,        0.63]],
[[        1075,        0.79],[        1095,        0.78],[        1081,         0.7],[        1164,         0.7],[        1129,        0.65]],
[[         988,        0.72],[        1126,         0.8],[        1019,        0.66],[        1166,         0.7],[        1135,        0.65]],
[[         985,        0.72],[        1121,         0.8],[        1109,        0.72],[        1174,        0.71],[        1162,        0.67]],
[[        1011,        0.74],[        1165,        0.83],[        1018,        0.66],[        1139,        0.68],[        1203,        0.69]],
[[         930,        0.68],[        1114,        0.79],[        1099,        0.71],[        1162,         0.7],[        1180,        0.68]],
[[         961,         0.7],[        1117,        0.79],[        1104,        0.72],[        1191,        0.72],[        1175,        0.67]],
[[         921,        0.67],[        1061,        0.75],[        1151,        0.75],[        1147,        0.69],[        1238,        0.71]],
[[         942,        0.69],[        1084,        0.77],[        1090,        0.71],[        1168,         0.7],[        1223,         0.7]],
[[         937,        0.69],[        1048,        0.74],[        1127,        0.73],[        1124,        0.68],[        1224,         0.7]],
[[        1029,        0.75],[        1050,        0.75],[        1060,        0.69],[        1057,        0.64],[        1241,        0.71]],
[[        1112,        0.81],[         970,        0.69],[        1062,        0.69],[        1090,        0.66],[        1184,        0.68]],
[[         896,        0.66],[         974,        0.69],[        1118,        0.72],[        1062,        0.64],[        1192,        0.68]],
[[         850,        0.62],[         928,        0.66],[        1077,         0.7],[        1129,        0.68],[        1183,        0.68]],
[[         865,        0.63],[         906,        0.64],[        1155,        0.75],[        1033,        0.62],[        1138,        0.65]],
[[         787,        0.58],[         878,        0.62],[        1097,        0.71],[        1075,        0.65],[        1147,        0.66]],
[[         668,        0.49],[         913,        0.65],[        1083,         0.7],[        1090,        0.66],[        1167,        0.67]],
[[         619,        0.45],[         817,        0.58],[        1012,        0.66],[        1111,        0.67],[        1126,        0.64]],
[[         638,        0.47],[         814,        0.58],[         992,        0.64],[        1048,        0.63],[        1134,        0.65]],
[[         684,         0.5],[         816,        0.58],[         958,        0.62],[        1104,        0.66],[        1090,        0.62]],
[[         599,        0.44],[         873,        0.62],[         920,         0.6],[        1032,        0.62],[        1017,        0.58]],
[[         649,        0.47],[         916,        0.65],[         897,        0.58],[        1034,        0.62],[        1028,        0.59]],
[[         593,        0.43],[         736,        0.52],[         897,        0.58],[        1048,        0.63],[         987,        0.56]],
[[         634,        0.46],[         701,         0.5],[         818,        0.53],[        1000,         0.6],[        1019,        0.58]],
[[         607,        0.44],[         701,         0.5],[         786,        0.51],[        1007,        0.61],[         940,        0.54]],
[[         623,        0.46],[         657,        0.47],[         777,         0.5],[         979,        0.59],[         964,        0.55]],
[[         612,        0.45],[         539,        0.38],[         755,        0.49],[         930,        0.56],[         962,        0.55]],
[[         578,        0.42],[         457,        0.32],[         704,        0.46],[         882,        0.53],[         969,        0.55]],
[[         580,        0.42],[         499,        0.35],[         686,        0.44],[         847,        0.51],[         907,        0.52]],
[[         545,         0.4],[         545,        0.39],[         699,        0.45],[         807,        0.49],[         930,        0.53]],
[[         514,        0.38],[         461,        0.33],[         732,        0.47],[         794,        0.48],[         874,         0.5]],
[[         500,        0.37],[         507,        0.36],[         757,        0.49],[         748,        0.45],[         868,         0.5]],
[[         532,        0.39],[         459,        0.33],[         582,        0.38],[         722,        0.43],[         873,         0.5]],
[[         481,        0.35],[         495,        0.35],[         559,        0.36],[         665,         0.4],[         840,        0.48]],
[[         453,        0.33],[         440,        0.31],[         597,        0.39],[         642,        0.39],[         838,        0.48]],
[[         404,         0.3],[         474,        0.34],[         510,        0.33],[         622,        0.37],[         809,        0.46]],
[[         397,        0.29],[         436,        0.31],[         419,        0.27],[         605,        0.36],[         764,        0.44]],
[[         385,        0.28],[         381,        0.27],[         347,        0.22],[         555,        0.33],[         714,        0.41]],
[[         402,        0.29],[         376,        0.27],[         367,        0.24],[         534,        0.32],[         681,        0.39]],
[[         230,        0.17],[         382,        0.27],[         422,        0.27],[         541,        0.33],[         642,        0.37]],
[[         173,        0.13],[         323,        0.23],[         333,        0.22],[         552,        0.33],[         617,        0.35]],
[[         207,        0.15],[         288,         0.2],[         347,        0.22],[         558,        0.34],[         567,        0.32]],
[[         179,        0.13],[         334,        0.24],[         301,         0.2],[         414,        0.25],[         533,        0.31]],
[[         160,        0.12],[         273,        0.19],[         303,         0.2],[         384,        0.23],[         471,        0.27]],
[[         172,        0.13],[         230,        0.16],[         278,        0.18],[         379,        0.23],[         442,        0.25]],
[[         616,        0.45],[         207,        0.15],[         249,        0.16],[         323,        0.19],[         409,        0.23]],
[[           .,           .],[         202,        0.14],[         230,        0.15],[         258,        0.16],[         385,        0.22]],
[[           .,           .],[         158,        0.11],[         178,        0.12],[         194,        0.12],[         343,         0.2]],
[[           .,           .],[         109,        0.08],[         173,        0.11],[         192,        0.12],[         303,        0.17]],
[[           .,           .],[          89,        0.06],[         147,         0.1],[         188,        0.11],[         272,        0.16]],
[[           .,           .],[         231,        0.16],[         481,        0.31],[         730,        0.44],[        1231,         0.7]]],
[[[         858,        0.63],[         906,        0.64],[         961,        0.62],[         944,        0.57],[         948,        0.54]],
[[         861,        0.63],[         874,        0.62],[         927,         0.6],[         961,        0.58],[         952,        0.54]],
[[         902,        0.66],[         841,         0.6],[         987,        0.64],[         973,        0.58],[         954,        0.55]],
[[         889,        0.65],[         769,        0.55],[        1010,        0.65],[         992,         0.6],[         966,        0.55]],
[[         894,        0.65],[         830,        0.59],[         996,        0.65],[        1003,         0.6],[         972,        0.56]],
[[         871,        0.64],[         761,        0.54],[         975,        0.63],[        1003,         0.6],[         971,        0.56]],
[[         903,        0.66],[         788,        0.56],[         949,        0.62],[        1009,        0.61],[         978,        0.56]],
[[         919,        0.67],[         904,        0.64],[        1074,         0.7],[        1006,         0.6],[         978,        0.56]],
[[         941,        0.69],[         819,        0.58],[        1034,        0.67],[        1008,        0.61],[         986,        0.56]],
[[         898,        0.66],[         873,        0.62],[        1004,        0.65],[        1006,         0.6],[         988,        0.57]],
[[         922,        0.67],[         851,         0.6],[        1003,        0.65],[        1004,         0.6],[         994,        0.57]],
[[         882,        0.64],[         853,        0.61],[         908,        0.59],[         991,         0.6],[        1001,        0.57]],
[[         843,        0.62],[         933,        0.66],[         912,        0.59],[        1041,        0.63],[        1015,        0.58]],
[[         887,        0.65],[         887,        0.63],[         804,        0.52],[        1045,        0.63],[        1026,        0.59]],
[[         836,        0.61],[         914,        0.65],[         862,        0.56],[        1022,        0.61],[        1034,        0.59]],
[[         871,        0.64],[         892,        0.63],[         815,        0.53],[        1024,        0.62],[        1043,         0.6]],
[[         813,        0.59],[         972,        0.69],[         832,        0.54],[        1028,        0.62],[        1051,         0.6]],
[[         856,        0.63],[        1014,        0.72],[         981,        0.64],[        1127,        0.68],[        1071,        0.61]],
[[         810,        0.59],[         913,        0.65],[         812,        0.53],[        1032,        0.62],[        1013,        0.58]],
[[         719,        0.53],[         689,        0.49],[         563,        0.36],[         563,        0.34],[         572,        0.33]],
[[         514,        0.38],[         619,        0.44],[         474,        0.31],[         510,        0.31],[         521,         0.3]],
[[         562,        0.41],[         650,        0.46],[         605,        0.39],[         567,        0.34],[         602,        0.34]],
[[         610,        0.45],[         718,        0.51],[         761,        0.49],[         683,        0.41],[         753,        0.43]],
[[         760,        0.56],[         800,        0.57],[         770,         0.5],[         725,        0.44],[         849,        0.49]],
[[         827,         0.6],[         784,        0.56],[         826,        0.54],[         768,        0.46],[         888,        0.51]],
[[         807,        0.59],[         809,        0.57],[         828,        0.54],[         767,        0.46],[         937,        0.54]],
[[         959,         0.7],[         796,        0.57],[         933,         0.6],[         772,        0.46],[         982,        0.56]],
[[         979,        0.72],[         869,        0.62],[         931,         0.6],[         827,         0.5],[         996,        0.57]],
[[        1019,        0.75],[         819,        0.58],[         904,        0.59],[         854,        0.51],[        1007,        0.58]],
[[        1065,        0.78],[         917,        0.65],[         953,        0.62],[         905,        0.54],[        1012,        0.58]],
[[        1062,        0.78],[         873,        0.62],[        1107,        0.72],[         936,        0.56],[        1040,         0.6]],
[[        1102,        0.81],[         840,         0.6],[        1170,        0.76],[        1022,        0.61],[        1031,        0.59]],
[[        1087,        0.79],[         912,        0.65],[        1075,         0.7],[        1061,        0.64],[        1037,        0.59]],
[[        1131,        0.83],[         950,        0.67],[        1083,         0.7],[        1073,        0.64],[        1014,        0.58]],
[[        1121,        0.82],[         981,         0.7],[        1086,         0.7],[        1118,        0.67],[        1022,        0.59]],
[[        1191,        0.87],[        1041,        0.74],[        1160,        0.75],[        1127,        0.68],[        1003,        0.57]],
[[        1230,         0.9],[        1114,        0.79],[        1270,        0.82],[        1196,        0.72],[         999,        0.57]],
[[        1175,        0.86],[        1138,        0.81],[        1144,        0.74],[        1208,        0.73],[        1043,         0.6]],
[[        1069,        0.78],[        1034,        0.73],[        1162,        0.75],[        1188,        0.71],[        1056,         0.6]],
[[        1128,        0.82],[        1076,        0.76],[        1142,        0.74],[        1214,        0.73],[        1092,        0.63]],
[[        1093,         0.8],[        1119,        0.79],[        1157,        0.75],[        1275,        0.77],[        1103,        0.63]],
[[        1084,        0.79],[        1157,        0.82],[         999,        0.65],[        1259,        0.76],[        1152,        0.66]],
[[         986,        0.72],[        1133,         0.8],[        1073,         0.7],[        1211,        0.73],[        1157,        0.66]],
[[         941,        0.69],[        1160,        0.82],[        1042,        0.68],[        1180,        0.71],[        1148,        0.66]],
[[         936,        0.68],[        1065,        0.76],[        1026,        0.67],[        1187,        0.71],[        1185,        0.68]],
[[         943,        0.69],[        1197,        0.85],[        1103,        0.71],[        1228,        0.74],[        1185,        0.68]],
[[         907,        0.66],[        1199,        0.85],[        1160,        0.75],[        1272,        0.76],[        1224,         0.7]],
[[         931,        0.68],[        1148,        0.82],[        1160,        0.75],[        1198,        0.72],[        1232,        0.71]],
[[         955,         0.7],[        1021,        0.73],[        1079,         0.7],[        1191,        0.72],[        1212,        0.69]],
[[         952,         0.7],[        1056,        0.75],[        1123,        0.73],[        1172,         0.7],[        1230,         0.7]],
[[        1035,        0.76],[        1038,        0.74],[        1113,        0.72],[        1136,        0.68],[        1281,        0.73]],
[[        1163,        0.85],[        1002,        0.71],[        1110,        0.72],[        1049,        0.63],[        1258,        0.72]],
[[         912,        0.67],[         948,        0.67],[        1077,         0.7],[        1072,        0.64],[        1214,        0.69]],
[[         844,        0.62],[         882,        0.63],[        1169,        0.76],[        1055,        0.63],[        1184,        0.68]],
[[         815,         0.6],[         872,        0.62],[        1055,        0.68],[        1043,        0.63],[        1173,        0.67]],
[[         810,        0.59],[         876,        0.62],[        1162,        0.75],[        1087,        0.65],[        1204,        0.69]],
[[         653,        0.48],[         809,        0.57],[        1159,        0.75],[        1133,        0.68],[        1235,        0.71]],
[[         608,        0.44],[         830,        0.59],[        1042,        0.68],[        1142,        0.69],[        1175,        0.67]],
[[         659,        0.48],[         820,        0.58],[         943,        0.61],[        1058,        0.64],[        1160,        0.66]],
[[         663,        0.48],[         865,        0.61],[        1000,        0.65],[        1081,        0.65],[        1126,        0.64]],
[[         672,        0.49],[         926,        0.66],[         990,        0.64],[        1072,        0.64],[        1070,        0.61]],
[[         639,        0.47],[         987,         0.7],[         917,        0.59],[        1073,        0.64],[         999,        0.57]],
[[         622,        0.45],[         766,        0.54],[         899,        0.58],[        1039,        0.62],[        1011,        0.58]],
[[         646,        0.47],[         715,        0.51],[         826,        0.54],[        1091,        0.66],[         989,        0.57]],
[[         619,        0.45],[         676,        0.48],[         764,         0.5],[         999,         0.6],[         973,        0.56]],
[[         618,        0.45],[         670,        0.48],[         825,        0.53],[        1047,        0.63],[         994,        0.57]],
[[         644,        0.47],[         558,         0.4],[         695,        0.45],[        1043,        0.63],[        1026,        0.59]],
[[         688,         0.5],[         537,        0.38],[         743,        0.48],[         951,        0.57],[        1025,        0.59]],
[[         663,        0.48],[         544,        0.39],[         724,        0.47],[         875,        0.53],[         954,        0.55]],
[[         620,        0.45],[         571,        0.41],[         768,         0.5],[         877,        0.53],[         966,        0.55]],
[[         583,        0.43],[         556,        0.39],[         793,        0.51],[         857,        0.52],[         965,        0.55]],
[[         594,        0.43],[         601,        0.43],[         880,        0.57],[         807,        0.49],[         957,        0.55]],
[[         603,        0.44],[         531,        0.38],[         686,        0.44],[         787,        0.47],[         932,        0.53]],
[[         572,        0.42],[         542,        0.38],[         623,         0.4],[         732,        0.44],[         971,        0.56]],
[[         546,         0.4],[         545,        0.39],[         606,        0.39],[         695,        0.42],[         907,        0.52]],
[[         529,        0.39],[         535,        0.38],[         611,         0.4],[         721,        0.43],[         937,        0.54]],
[[         516,        0.38],[         550,        0.39],[         504,        0.33],[         625,        0.38],[         914,        0.52]],
[[         540,        0.39],[         549,        0.39],[         468,         0.3],[         650,        0.39],[         840,        0.48]],
[[         538,        0.39],[         502,        0.36],[         447,        0.29],[         626,        0.38],[         768,        0.44]],
[[         347,        0.25],[         495,        0.35],[         496,        0.32],[         665,         0.4],[         762,        0.44]],
[[         293,        0.21],[         434,        0.31],[         439,        0.28],[         666,         0.4],[         732,        0.42]],
[[         327,        0.24],[         452,        0.32],[         477,        0.31],[         731,        0.44],[         682,        0.39]],
[[         339,        0.25],[         407,        0.29],[         409,        0.27],[         554,        0.33],[         650,        0.37]],
[[         317,        0.23],[         368,        0.26],[         377,        0.24],[         494,         0.3],[         593,        0.34]],
[[         308,        0.23],[         357,        0.25],[         366,        0.24],[         462,        0.28],[         550,        0.31]],
[[        1589,        1.16],[         298,        0.21],[         360,        0.23],[         444,        0.27],[         544,        0.31]],
[[           .,           .],[         316,        0.22],[         371,        0.24],[         354,        0.21],[         468,        0.27]],
[[           .,           .],[         313,        0.22],[         325,        0.21],[         307,        0.18],[         454,        0.26]],
[[           .,           .],[         244,        0.17],[         276,        0.18],[         288,        0.17],[         426,        0.24]],
[[           .,           .],[         191,        0.14],[         244,        0.16],[         290,        0.17],[         420,        0.24]],
[[           .,           .],[         661,        0.47],[        1033,        0.67],[        1310,        0.79],[        1989,        1.14]]]]}}
