{
"ons":{
"label":"Population Projections for England and Wales, by local authority",
"source":"Office for National Statistics",
"updated":"2014-10-01",
"area": {
"code":"K04000001",
"label":"England and Wales"
},
"time": {
"label":"1998-2038",
"index":["1998",  "2008",  "2018",  "2028",  "2038"]
},
"concept":{
"label":["population", "% of population"],
"units":["count", "%"],
"max":[        1476,         1.49]
},
"sums":{
"series1":[       47873,        50400,        51919,        51656,        51206],
"series2":[       51400,        53294,        54647,        54780,        54886]
},
"dimension":{
"label":"age",
"index":["0", "1", "2", "3", "4", "5", "6", "7", "8", "9", "10", "11", "12", "13", "14", "15", "16", "17", "18", "19", "20", "21", "22", "23", "24", "25", "26", "27", "28", "29", "30", "31", "32", "33", "34", "35", "36", "37", "38", "39", "40", "41", "42", "43", "44", "45", "46", "47", "48", "49", "50", "51", "52", "53", "54", "55", "56", "57", "58", "59", "60", "61", "62", "63", "64", "65", "66", "67", "68", "69", "70", "71", "72", "73", "74", "75", "76", "77", "78", "79", "80", "81", "82", "83", "84", "85", "86", "87", "88", "89", "90+"]
},
"series":["male", "female"],
"value":[[[[         574,        0.58],[         640,        0.62],[         579,        0.54],[         556,        0.52],[         552,        0.52]],
[[         600,         0.6],[         641,        0.62],[         541,        0.51],[         559,        0.53],[         549,        0.52]],
[[         588,        0.59],[         650,        0.63],[         629,        0.59],[         569,        0.53],[         554,        0.52]],
[[         644,        0.65],[         658,        0.63],[         633,        0.59],[         573,        0.54],[         554,        0.52]],
[[         660,        0.66],[         660,        0.64],[         677,        0.64],[         571,        0.54],[         548,        0.52]],
[[         684,        0.69],[         650,        0.63],[         688,        0.65],[         575,        0.54],[         549,        0.52]],
[[         728,        0.73],[         590,        0.57],[         671,        0.63],[         581,        0.55],[         552,        0.52]],
[[         735,        0.74],[         559,        0.54],[         653,        0.61],[         586,        0.55],[         556,        0.52]],
[[         707,        0.71],[         601,        0.58],[         688,        0.65],[         592,        0.56],[         556,        0.52]],
[[         669,        0.67],[         587,        0.57],[         705,        0.66],[         595,        0.56],[         559,        0.53]],
[[         664,        0.67],[         650,        0.63],[         603,        0.57],[         603,        0.57],[         564,        0.53]],
[[         653,        0.66],[         635,        0.61],[         636,         0.6],[         601,        0.56],[         568,        0.54]],
[[         656,        0.66],[         615,        0.59],[         662,        0.62],[         623,        0.59],[         575,        0.54]],
[[         677,        0.68],[         688,        0.66],[         650,        0.61],[         634,         0.6],[         578,        0.54]],
[[         604,        0.61],[         695,        0.67],[         672,        0.63],[         665,        0.62],[         586,        0.55]],
[[         632,        0.64],[         647,        0.62],[         636,         0.6],[         678,        0.64],[         590,        0.56]],
[[         663,        0.67],[         738,        0.71],[         607,        0.57],[         683,        0.64],[         592,        0.56]],
[[         661,        0.67],[         730,         0.7],[         538,         0.5],[         657,        0.62],[         596,        0.56]],
[[         560,        0.56],[         683,        0.66],[         602,        0.56],[         669,        0.63],[         580,        0.55]],
[[         375,        0.38],[         548,        0.53],[         503,        0.47],[         528,         0.5],[         475,        0.45]],
[[         403,        0.41],[         540,        0.52],[         458,        0.43],[         448,        0.42],[         446,        0.42]],
[[         448,        0.45],[         556,        0.54],[         506,        0.47],[         481,        0.45],[         464,        0.44]],
[[         493,         0.5],[         576,        0.56],[         498,        0.47],[         518,        0.49],[         506,        0.48]],
[[         537,        0.54],[         577,        0.56],[         619,        0.58],[         525,        0.49],[         541,        0.51]],
[[         566,        0.57],[         609,        0.59],[         647,        0.61],[         531,         0.5],[         562,        0.53]],
[[         625,        0.63],[         607,        0.59],[         509,        0.48],[         530,         0.5],[         591,        0.56]],
[[         702,        0.71],[         583,        0.56],[         627,        0.59],[         517,        0.49],[         610,        0.57]],
[[         673,        0.68],[         656,        0.63],[         623,        0.58],[         501,        0.47],[         596,        0.56]],
[[         718,        0.72],[         601,        0.58],[         589,        0.55],[         544,        0.51],[         612,        0.58]],
[[         736,        0.74],[         618,         0.6],[         625,        0.59],[         546,        0.51],[         597,        0.56]],
[[         707,        0.71],[         555,        0.54],[         679,        0.64],[         570,        0.54],[         584,        0.55]],
[[         715,        0.72],[         603,        0.58],[         650,        0.61],[         596,        0.56],[         581,        0.55]],
[[         756,        0.76],[         589,        0.57],[         603,        0.57],[         572,        0.54],[         579,        0.55]],
[[         800,        0.81],[         641,        0.62],[         612,        0.57],[         609,        0.57],[         554,        0.52]],
[[         711,        0.72],[         604,        0.58],[         635,         0.6],[         632,        0.59],[         555,        0.52]],
[[         771,        0.78],[         666,        0.64],[         609,        0.57],[         596,        0.56],[         550,        0.52]],
[[         755,        0.76],[         725,         0.7],[         627,        0.59],[         674,        0.63],[         538,        0.51]],
[[         762,        0.77],[         733,        0.71],[         708,        0.66],[         694,        0.65],[         538,        0.51]],
[[         713,        0.72],[         788,        0.76],[         653,        0.61],[         641,         0.6],[         568,        0.54]],
[[         754,        0.76],[         762,        0.73],[         675,        0.63],[         647,        0.61],[         575,        0.54]],
[[         685,        0.69],[         695,        0.67],[         573,        0.54],[         657,        0.62],[         585,        0.55]],
[[         653,        0.66],[         766,        0.74],[         625,        0.59],[         643,         0.6],[         607,        0.57]],
[[         659,        0.66],[         820,        0.79],[         565,        0.53],[         634,         0.6],[         597,        0.56]],
[[         653,        0.66],[         816,        0.79],[         639,         0.6],[         621,        0.58],[         616,        0.58]],
[[         673,        0.68],[         749,        0.72],[         624,        0.59],[         630,        0.59],[         640,         0.6]],
[[         651,        0.66],[         825,         0.8],[         645,        0.61],[         629,        0.59],[         611,        0.58]],
[[         650,        0.65],[         771,        0.74],[         717,        0.67],[         615,        0.58],[         670,        0.63]],
[[         649,        0.65],[         783,        0.76],[         735,        0.69],[         659,        0.62],[         683,        0.64]],
[[         643,        0.65],[         703,        0.68],[         772,        0.72],[         627,        0.59],[         636,         0.6]],
[[         743,        0.75],[         721,         0.7],[         759,        0.71],[         636,         0.6],[         636,         0.6]],
[[         732,        0.74],[         705,        0.68],[         717,        0.67],[         555,        0.52],[         644,        0.61]],
[[         759,        0.76],[         653,        0.63],[         758,        0.71],[         586,        0.55],[         627,        0.59]],
[[         628,        0.63],[         633,        0.61],[         815,        0.76],[         545,        0.51],[         627,        0.59]],
[[         649,        0.65],[         645,        0.62],[         827,        0.78],[         594,        0.56],[         612,        0.58]],
[[         574,        0.58],[         671,        0.65],[         725,        0.68],[         597,        0.56],[         609,        0.57]],
[[         539,        0.54],[         663,        0.64],[         820,        0.77],[         625,        0.59],[         605,        0.57]],
[[         529,        0.53],[         607,        0.59],[         778,        0.73],[         690,        0.65],[         591,        0.56]],
[[         538,        0.54],[         606,        0.58],[         741,         0.7],[         711,        0.67],[         626,        0.59]],
[[         528,        0.53],[         614,        0.59],[         657,        0.62],[         731,        0.69],[         606,        0.57]],
[[         538,        0.54],[         725,         0.7],[         698,        0.65],[         699,        0.66],[         603,        0.57]],
[[         507,        0.51],[         700,        0.68],[         678,        0.64],[         681,        0.64],[         533,         0.5]],
[[         478,        0.48],[         731,         0.7],[         599,        0.56],[         730,        0.69],[         554,        0.52]],
[[         472,        0.48],[         589,        0.57],[         614,        0.58],[         747,         0.7],[         518,        0.49]],
[[         473,        0.48],[         618,         0.6],[         603,        0.57],[         759,        0.71],[         562,        0.53]],
[[         483,        0.49],[         553,        0.53],[         606,        0.57],[         683,        0.64],[         564,        0.53]],
[[         448,        0.45],[         499,        0.48],[         608,        0.57],[         734,        0.69],[         591,        0.56]],
[[         433,        0.44],[         477,        0.46],[         561,        0.53],[         707,        0.66],[         647,        0.61]],
[[         441,        0.44],[         454,        0.44],[         546,        0.51],[         672,        0.63],[         660,        0.62]],
[[         408,        0.41],[         452,        0.44],[         546,        0.51],[         605,        0.57],[         666,        0.63]],
[[         412,        0.42],[         480,        0.46],[         644,         0.6],[         627,        0.59],[         640,         0.6]],
[[         411,        0.41],[         424,        0.41],[         608,        0.57],[         598,        0.56],[         624,        0.59]],
[[         403,        0.41],[         402,        0.39],[         652,        0.61],[         535,         0.5],[         659,        0.62]],
[[         364,        0.37],[         390,        0.38],[         513,        0.48],[         546,        0.51],[         667,        0.63]],
[[         357,        0.36],[         402,        0.39],[         518,        0.49],[         524,        0.49],[         671,        0.63]],
[[         348,        0.35],[         388,        0.37],[         452,        0.42],[         521,        0.49],[         604,        0.57]],
[[         347,        0.35],[         340,        0.33],[         423,         0.4],[         507,        0.48],[         637,         0.6]],
[[         342,        0.34],[         306,         0.3],[         389,        0.37],[         456,        0.43],[         608,        0.57]],
[[         309,        0.31],[         302,        0.29],[         340,        0.32],[         443,        0.42],[         568,        0.54]],
[[         296,         0.3],[         262,        0.25],[         357,        0.34],[         441,        0.41],[         505,        0.48]],
[[         173,        0.17],[         264,        0.25],[         371,        0.35],[         495,        0.47],[         505,        0.48]],
[[         177,        0.18],[         249,        0.24],[         327,        0.31],[         455,        0.43],[         470,        0.44]],
[[         158,        0.16],[         235,        0.23],[         284,        0.27],[         475,        0.45],[         417,        0.39]],
[[         138,        0.14],[         226,        0.22],[         258,        0.24],[         363,        0.34],[         410,        0.39]],
[[         139,        0.14],[         199,        0.19],[         249,        0.23],[         360,        0.34],[         386,        0.36]],
[[         105,        0.11],[         155,        0.15],[         221,        0.21],[         304,        0.29],[         369,        0.35]],
[[         499,         0.5],[         124,        0.12],[         202,        0.19],[         259,        0.24],[         343,        0.32]],
[[           .,           .],[         139,        0.13],[         167,        0.16],[         221,        0.21],[         293,        0.28]],
[[           .,           .],[          98,        0.09],[         136,        0.13],[         184,        0.17],[         265,        0.25]],
[[           .,           .],[          62,        0.06],[         106,         0.1],[         177,        0.17],[         250,        0.24]],
[[           .,           .],[          67,        0.06],[          89,        0.08],[         168,        0.16],[         258,        0.24]],
[[           .,           .],[         188,        0.18],[         337,        0.32],[         524,        0.49],[         945,        0.89]]],
[[[         550,        0.55],[         692,        0.67],[         555,        0.52],[         532,         0.5],[         528,         0.5]],
[[         609,        0.61],[         623,         0.6],[         563,        0.53],[         539,        0.51],[         529,         0.5]],
[[         619,        0.62],[         638,        0.62],[         578,        0.54],[         547,        0.51],[         532,         0.5]],
[[         608,        0.61],[         604,        0.58],[         583,        0.55],[         546,        0.51],[         528,         0.5]],
[[         609,        0.61],[         586,        0.57],[         579,        0.54],[         557,        0.52],[         535,         0.5]],
[[         601,        0.61],[         561,        0.54],[         626,        0.59],[         556,        0.52],[         531,         0.5]],
[[         641,        0.65],[         516,         0.5],[         698,        0.65],[         563,        0.53],[         536,        0.51]],
[[         672,        0.68],[         558,        0.54],[         631,        0.59],[         566,        0.53],[         537,        0.51]],
[[         650,        0.65],[         602,        0.58],[         653,        0.61],[         573,        0.54],[         538,        0.51]],
[[         653,        0.66],[         654,        0.63],[         637,         0.6],[         579,        0.54],[         543,        0.51]],
[[         642,        0.65],[         629,        0.61],[         699,        0.66],[         585,        0.55],[         547,        0.52]],
[[         636,        0.64],[         624,         0.6],[         648,        0.61],[         581,        0.55],[         550,        0.52]],
[[         643,        0.65],[         641,        0.62],[         667,        0.63],[         585,        0.55],[         553,        0.52]],
[[         653,        0.66],[         612,        0.59],[         575,        0.54],[         599,        0.56],[         557,        0.53]],
[[         595,         0.6],[         624,         0.6],[         598,        0.56],[         596,        0.56],[         567,        0.53]],
[[         596,         0.6],[         644,        0.62],[         567,        0.53],[         645,        0.61],[         571,        0.54]],
[[         607,        0.61],[         690,        0.67],[         542,        0.51],[         691,        0.65],[         576,        0.54]],
[[         610,        0.61],[         726,         0.7],[         587,        0.55],[         623,        0.59],[         575,        0.54]],
[[         624,        0.63],[         671,        0.65],[         569,        0.53],[         624,        0.59],[         561,        0.53]],
[[         491,        0.49],[         546,        0.53],[         505,        0.47],[         442,        0.42],[         410,        0.39]],
[[         436,        0.44],[         554,        0.53],[         477,        0.45],[         462,        0.43],[         413,        0.39]],
[[         391,        0.39],[         537,        0.52],[         460,        0.43],[         480,        0.45],[         456,        0.43]],
[[         485,        0.49],[         604,        0.58],[         571,        0.54],[         523,        0.49],[         505,        0.48]],
[[         581,        0.59],[         609,        0.59],[         570,        0.53],[         511,        0.48],[         548,        0.52]],
[[         673,        0.68],[         646,        0.62],[         623,        0.58],[         546,        0.51],[         585,        0.55]],
[[         713,        0.72],[         626,         0.6],[         581,        0.55],[         535,         0.5],[         619,        0.58]],
[[         676,        0.68],[         634,        0.61],[         679,        0.64],[         518,        0.49],[         646,        0.61]],
[[         768,        0.77],[         653,        0.63],[         709,        0.67],[         543,        0.51],[         624,        0.59]],
[[         775,        0.78],[         670,        0.65],[         669,        0.63],[         545,        0.51],[         616,        0.58]],
[[         730,        0.74],[         661,        0.64],[         656,        0.62],[         587,        0.55],[         607,        0.57]],
[[         720,        0.73],[         626,         0.6],[         698,        0.65],[         596,        0.56],[         628,        0.59]],
[[         733,        0.74],[         541,        0.52],[         658,        0.62],[         605,        0.57],[         609,        0.57]],
[[         764,        0.77],[         671,        0.65],[         688,        0.65],[         636,         0.6],[         610,        0.57]],
[[         778,        0.78],[         658,        0.63],[         668,        0.63],[         609,        0.57],[         571,        0.54]],
[[         793,         0.8],[         718,        0.69],[         714,        0.67],[         621,        0.58],[         560,        0.53]],
[[         789,        0.79],[         731,         0.7],[         647,        0.61],[         628,        0.59],[         547,        0.52]],
[[         755,        0.76],[         745,        0.72],[         647,        0.61],[         690,        0.65],[         537,        0.51]],
[[         760,        0.77],[         799,        0.77],[         673,        0.63],[         717,        0.67],[         563,        0.53]],
[[         750,        0.76],[         747,        0.72],[         714,        0.67],[         680,        0.64],[         575,        0.54]],
[[         725,        0.73],[         743,        0.72],[         684,        0.64],[         649,        0.61],[         606,        0.57]],
[[         742,        0.75],[         773,        0.75],[         645,        0.61],[         693,        0.65],[         614,        0.58]],
[[         688,        0.69],[         780,        0.75],[         549,        0.52],[         667,        0.63],[         622,        0.59]],
[[         690,         0.7],[         837,        0.81],[         677,        0.64],[         690,        0.65],[         642,        0.61]],
[[         637,        0.64],[         791,        0.76],[         666,        0.62],[         684,        0.64],[         628,        0.59]],
[[         645,        0.65],[         804,        0.78],[         739,        0.69],[         711,        0.67],[         652,        0.61]],
[[         664,        0.67],[         819,        0.79],[         699,        0.66],[         653,        0.61],[         653,        0.62]],
[[         671,        0.68],[         773,        0.75],[         748,         0.7],[         681,        0.64],[         708,        0.67]],
[[         668,        0.67],[         797,        0.77],[         805,        0.76],[         686,        0.64],[         727,        0.69]],
[[         640,        0.64],[         745,        0.72],[         798,        0.75],[         724,        0.68],[         689,        0.65]],
[[         671,        0.68],[         739,        0.71],[         717,        0.67],[         673,        0.63],[         666,        0.63]],
[[         769,        0.77],[         778,        0.75],[         770,        0.72],[         643,         0.6],[         704,        0.66]],
[[         798,         0.8],[         687,        0.66],[         791,        0.74],[         562,        0.53],[         674,        0.64]],
[[         633,        0.64],[         663,        0.64],[         866,        0.81],[         671,        0.63],[         699,        0.66]],
[[         624,        0.63],[         610,        0.59],[         794,        0.75],[         662,        0.62],[         690,        0.65]],
[[         578,        0.58],[         621,         0.6],[         791,        0.74],[         720,        0.68],[         706,        0.67]],
[[         518,        0.52],[         651,        0.63],[         795,        0.75],[         710,        0.67],[         663,        0.62]],
[[         496,         0.5],[         638,        0.62],[         783,        0.73],[         740,         0.7],[         680,        0.64]],
[[         512,        0.52],[         660,        0.64],[         778,        0.73],[         807,        0.76],[         682,        0.64]],
[[         540,        0.54],[         652,        0.63],[         711,        0.67],[         776,        0.73],[         711,        0.67]],
[[         558,        0.56],[         641,        0.62],[         724,        0.68],[         728,        0.68],[         665,        0.63]],
[[         563,        0.57],[         705,        0.68],[         751,         0.7],[         765,        0.72],[         626,        0.59]],
[[         534,        0.54],[         814,        0.79],[         683,        0.64],[         788,        0.74],[         558,        0.53]],
[[         534,        0.54],[         631,        0.61],[         682,        0.64],[         820,        0.77],[         647,        0.61]],
[[         493,         0.5],[         600,        0.58],[         569,        0.53],[         790,        0.74],[         642,        0.61]],
[[         474,        0.48],[         558,        0.54],[         586,        0.55],[         769,        0.72],[         686,        0.65]],
[[         466,        0.47],[         487,        0.47],[         609,        0.57],[         751,        0.71],[         680,        0.64]],
[[         458,        0.46],[         455,        0.44],[         602,        0.56],[         752,        0.71],[         707,        0.67]],
[[         451,        0.45],[         476,        0.46],[         616,        0.58],[         727,        0.68],[         760,        0.72]],
[[         498,         0.5],[         483,        0.47],[         628,        0.59],[         675,        0.63],[         732,        0.69]],
[[         490,        0.49],[         515,         0.5],[         600,        0.56],[         677,        0.64],[         693,        0.65]],
[[         499,         0.5],[         515,         0.5],[         622,        0.58],[         696,        0.65],[         725,        0.68]],
[[         499,         0.5],[         504,        0.49],[         755,        0.71],[         627,        0.59],[         738,         0.7]],
[[         519,        0.52],[         461,        0.44],[         575,        0.54],[         610,        0.57],[         758,        0.71]],
[[         483,        0.49],[         463,        0.45],[         534,         0.5],[         523,        0.49],[         727,        0.69]],
[[         479,        0.48],[         395,        0.38],[         511,        0.48],[         533,         0.5],[         701,        0.66]],
[[         487,        0.49],[         417,         0.4],[         409,        0.38],[         536,         0.5],[         678,        0.64]],
[[         472,        0.48],[         388,        0.37],[         411,        0.39],[         520,        0.49],[         666,        0.63]],
[[         449,        0.45],[         363,        0.35],[         398,        0.37],[         534,         0.5],[         645,        0.61]],
[[         434,        0.44],[         382,        0.37],[         401,        0.38],[         535,         0.5],[         595,        0.56]],
[[         325,        0.33],[         387,        0.37],[         438,        0.41],[         504,        0.47],[         585,        0.55]],
[[         302,         0.3],[         348,        0.34],[         403,        0.38],[         524,        0.49],[         587,        0.55]],
[[         303,        0.31],[         354,        0.34],[         380,        0.36],[         604,        0.57],[         523,        0.49]],
[[         270,        0.27],[         321,        0.31],[         355,        0.33],[         448,        0.42],[         500,        0.47]],
[[         311,        0.31],[         293,        0.28],[         345,        0.32],[         406,        0.38],[         426,         0.4]],
[[         285,        0.29],[         287,        0.28],[         273,        0.26],[         378,        0.36],[         418,        0.39]],
[[        1476,        1.49],[         272,        0.26],[         287,        0.27],[         296,        0.28],[         404,        0.38]],
[[           .,           .],[         250,        0.24],[         240,        0.23],[         272,        0.26],[         376,        0.35]],
[[           .,           .],[         237,        0.23],[         206,        0.19],[         256,        0.24],[         363,        0.34]],
[[           .,           .],[         167,        0.16],[         195,        0.18],[         238,        0.22],[         338,        0.32]],
[[           .,           .],[         128,        0.12],[         170,        0.16],[         232,        0.22],[         301,        0.28]],
[[           .,           .],[         565,        0.54],[         721,        0.68],[         907,        0.85],[        1400,        1.32]]]]}}
