{
"ons":{
"label":"Population Projections for England and Wales, by local authority",
"source":"Office for National Statistics",
"updated":"2014-10-01",
"area": {
"code":"K04000001",
"label":"England and Wales"
},
"time": {
"label":"1998-2038",
"index":["1998",  "2008",  "2018",  "2028",  "2038"]
},
"concept":{
"label":["population", "% of population"],
"units":["count", "%"],
"max":[        3778,         1.24]
},
"sums":{
"series1":[      149594,       152517,       157150,       160443,       163900],
"series2":[      155218,       157860,       163476,       166609,       170368]
},
"dimension":{
"label":"age",
"index":["0", "1", "2", "3", "4", "5", "6", "7", "8", "9", "10", "11", "12", "13", "14", "15", "16", "17", "18", "19", "20", "21", "22", "23", "24", "25", "26", "27", "28", "29", "30", "31", "32", "33", "34", "35", "36", "37", "38", "39", "40", "41", "42", "43", "44", "45", "46", "47", "48", "49", "50", "51", "52", "53", "54", "55", "56", "57", "58", "59", "60", "61", "62", "63", "64", "65", "66", "67", "68", "69", "70", "71", "72", "73", "74", "75", "76", "77", "78", "79", "80", "81", "82", "83", "84", "85", "86", "87", "88", "89", "90+"]
},
"series":["male", "female"],
"value":[[[[        1839,         0.6],[        1946,        0.63],[        1912,         0.6],[        1850,        0.57],[        1905,        0.57]],
[[        1953,        0.64],[        1764,        0.57],[        1964,        0.61],[        1873,        0.57],[        1908,        0.57]],
[[        2000,        0.66],[        1899,        0.61],[        1879,        0.59],[        1897,        0.58],[        1916,        0.57]],
[[        1953,        0.64],[        1817,        0.59],[        1938,         0.6],[        1924,        0.59],[        1928,        0.58]],
[[        1939,        0.64],[        1860,         0.6],[        2019,        0.63],[        1947,         0.6],[        1938,        0.58]],
[[        2025,        0.66],[        1705,        0.55],[        2100,        0.65],[        1957,         0.6],[        1940,        0.58]],
[[        2038,        0.67],[        1806,        0.58],[        2080,        0.65],[        1967,         0.6],[        1943,        0.58]],
[[        2094,        0.69],[        1785,        0.58],[        2043,        0.64],[        1972,         0.6],[        1945,        0.58]],
[[        2013,        0.66],[        1815,        0.58],[        2053,        0.64],[        1978,         0.6],[        1950,        0.58]],
[[        1978,        0.65],[        1819,        0.59],[        2003,        0.62],[        2005,        0.61],[        1967,        0.59]],
[[        2042,        0.67],[        1890,        0.61],[        2014,        0.63],[        2027,        0.62],[        1990,         0.6]],
[[        1978,        0.65],[        1989,        0.64],[        1840,        0.57],[        2012,        0.62],[        2013,         0.6]],
[[        1981,        0.65],[        2036,        0.66],[        2008,        0.63],[        2046,        0.63],[        2040,        0.61]],
[[        1992,        0.65],[        2067,        0.67],[        1966,        0.61],[        2091,        0.64],[        2053,        0.61]],
[[        1828,         0.6],[        2156,        0.69],[        1951,        0.61],[        2154,        0.66],[        2069,        0.62]],
[[        1857,        0.61],[        2072,        0.67],[        1758,        0.55],[        2218,        0.68],[        2078,        0.62]],
[[        1802,        0.59],[        2176,         0.7],[        1845,        0.58],[        2193,        0.67],[        2082,        0.62]],
[[        1931,        0.63],[        2155,        0.69],[        1871,        0.58],[        2170,        0.66],[        2083,        0.62]],
[[        1862,        0.61],[        2031,        0.65],[        1875,        0.58],[        2064,        0.63],[        2023,        0.61]],
[[        1464,        0.48],[        1816,        0.59],[        1654,        0.52],[        1689,        0.52],[        1718,        0.51]],
[[        1243,        0.41],[        1769,        0.57],[        1570,        0.49],[        1662,        0.51],[        1657,         0.5]],
[[        1132,        0.37],[        1734,        0.56],[        1724,        0.54],[        1544,        0.47],[        1654,        0.49]],
[[        1355,        0.44],[        1858,         0.6],[        1714,        0.53],[        1672,        0.51],[        1750,        0.52]],
[[        1696,        0.56],[        1849,         0.6],[        1839,        0.57],[        1683,        0.51],[        1831,        0.55]],
[[        1803,        0.59],[        1755,        0.57],[        1983,        0.62],[        1683,        0.51],[        1897,        0.57]],
[[        1967,        0.65],[        1760,        0.57],[        1879,        0.59],[        1580,        0.48],[        1964,        0.59]],
[[        2213,        0.73],[        1850,         0.6],[        2007,        0.63],[        1629,         0.5],[        1978,        0.59]],
[[        2299,        0.75],[        1827,        0.59],[        1971,        0.61],[        1657,        0.51],[        1957,        0.59]],
[[        2389,        0.78],[        1835,        0.59],[        1867,        0.58],[        1708,        0.52],[        1938,        0.58]],
[[        2470,        0.81],[        1778,        0.57],[        1968,        0.61],[        1757,        0.54],[        1910,        0.57]],
[[        2495,        0.82],[        1658,        0.53],[        1950,        0.61],[        1822,        0.56],[        1958,        0.59]],
[[        2412,        0.79],[        1623,        0.52],[        2010,        0.63],[        1937,        0.59],[        1862,        0.56]],
[[        2344,        0.77],[        1728,        0.56],[        2027,        0.63],[        1919,        0.59],[        1893,        0.57]],
[[        2306,        0.76],[        1828,        0.59],[        1882,        0.59],[        1977,         0.6],[        1848,        0.55]],
[[        2310,        0.76],[        1874,         0.6],[        1889,        0.59],[        2056,        0.63],[        1822,        0.55]],
[[        2349,        0.77],[        2026,        0.65],[        1975,        0.62],[        1975,         0.6],[        1732,        0.52]],
[[        2328,        0.76],[        2154,        0.69],[        1916,         0.6],[        2074,        0.63],[        1743,        0.52]],
[[        2228,        0.73],[        2304,        0.74],[        1926,         0.6],[        2066,        0.63],[        1764,        0.53]],
[[        2074,        0.68],[        2389,        0.77],[        1930,         0.6],[        1980,        0.61],[        1810,        0.54]],
[[        2005,        0.66],[        2411,        0.78],[        1820,        0.57],[        2011,        0.61],[        1860,        0.56]],
[[        2073,        0.68],[        2433,        0.78],[        1761,        0.55],[        1991,        0.61],[        1910,        0.57]],
[[        1954,        0.64],[        2435,        0.78],[        1603,         0.5],[        1992,        0.61],[        1999,         0.6]],
[[        1946,        0.64],[        2328,        0.75],[        1805,        0.56],[        2038,        0.62],[        1979,        0.59]],
[[        1945,        0.64],[        2313,        0.75],[        1851,        0.58],[        1965,         0.6],[        2018,         0.6]],
[[        2069,        0.68],[        2329,        0.75],[        1853,        0.58],[        1937,        0.59],[        2098,        0.63]],
[[        2098,        0.69],[        2275,        0.73],[        2010,        0.63],[        1962,         0.6],[        2046,        0.61]],
[[        2002,        0.66],[        2285,        0.74],[        2207,        0.69],[        1936,        0.59],[        2131,        0.64]],
[[        2038,        0.67],[        2218,        0.71],[        2339,        0.73],[        1975,         0.6],[        2151,        0.64]],
[[        2117,        0.69],[        2001,        0.64],[        2379,        0.74],[        2000,        0.61],[        2069,        0.62]],
[[        2167,        0.71],[        1958,        0.63],[        2369,        0.74],[        1874,        0.57],[        2069,        0.62]],
[[        2296,        0.75],[        1997,        0.64],[        2383,        0.74],[        1787,        0.55],[        2045,        0.61]],
[[        2556,        0.84],[        1936,        0.62],[        2330,        0.73],[        1662,        0.51],[        2028,        0.61]],
[[        2030,        0.67],[        1853,         0.6],[        2254,         0.7],[        1815,        0.55],[        2070,        0.62]],
[[        2111,        0.69],[        1864,         0.6],[        2298,        0.72],[        1855,        0.57],[        2002,         0.6]],
[[        2088,        0.69],[        1896,        0.61],[        2302,        0.72],[        1873,        0.57],[        1948,        0.58]],
[[        2038,        0.67],[        1975,        0.64],[        2158,        0.67],[        1984,        0.61],[        1962,        0.59]],
[[        1857,        0.61],[        1848,         0.6],[        2212,        0.69],[        2164,        0.66],[        1925,        0.58]],
[[        1652,        0.54],[        1889,        0.61],[        2047,        0.64],[        2221,        0.68],[        1945,        0.58]],
[[        1801,        0.59],[        1908,        0.61],[        1879,        0.59],[        2241,        0.69],[        1959,        0.59]],
[[        1792,        0.59],[        1958,        0.63],[        1856,        0.58],[        2262,        0.69],[        1843,        0.55]],
[[        1811,        0.59],[        2047,        0.66],[        1868,        0.58],[        2253,        0.69],[        1740,        0.52]],
[[        1671,        0.55],[        2267,        0.73],[        1824,        0.57],[        2217,        0.68],[        1623,        0.49]],
[[        1668,        0.55],[        1823,        0.59],[        1744,        0.54],[        2113,        0.65],[        1744,        0.52]],
[[        1613,        0.53],[        1856,         0.6],[        1695,        0.53],[        2132,        0.65],[        1769,        0.53]],
[[        1438,        0.47],[        1903,        0.61],[        1674,        0.52],[        2121,        0.65],[        1784,        0.53]],
[[        1447,        0.47],[        1789,        0.58],[        1791,        0.56],[        2008,        0.61],[        1870,        0.56]],
[[        1440,        0.47],[        1623,        0.52],[        1630,        0.51],[        2018,        0.62],[        2010,         0.6]],
[[        1543,        0.51],[        1387,        0.45],[        1641,        0.51],[        1863,        0.57],[        2041,        0.61]],
[[        1392,        0.46],[        1530,        0.49],[        1633,        0.51],[        1719,        0.53],[        2045,        0.61]],
[[        1345,        0.44],[        1450,        0.47],[        1689,        0.53],[        1662,        0.51],[        2046,        0.61]],
[[        1279,        0.42],[        1494,        0.48],[        1760,        0.55],[        1652,        0.51],[        2029,        0.61]],
[[        1349,        0.44],[        1406,        0.45],[        1950,        0.61],[        1610,        0.49],[        1987,        0.59]],
[[        1199,        0.39],[        1345,        0.43],[        1517,        0.47],[        1510,        0.46],[        1880,        0.56]],
[[        1082,        0.35],[        1252,         0.4],[        1537,        0.48],[        1474,        0.45],[        1876,        0.56]],
[[         978,        0.32],[        1094,        0.35],[        1581,        0.49],[        1419,        0.43],[        1843,        0.55]],
[[         933,        0.31],[        1087,        0.35],[        1461,        0.46],[        1498,        0.46],[        1728,        0.52]],
[[         952,        0.31],[        1010,        0.33],[        1254,        0.39],[        1343,        0.41],[        1700,        0.51]],
[[         971,        0.32],[        1083,        0.35],[        1088,        0.34],[        1327,        0.41],[        1552,        0.46]],
[[         883,        0.29],[         918,         0.3],[        1141,        0.36],[        1293,         0.4],[        1393,        0.42]],
[[         573,        0.19],[         846,        0.27],[        1029,        0.32],[        1309,         0.4],[        1315,        0.39]],
[[         508,        0.17],[         753,        0.24],[        1037,        0.32],[        1285,        0.39],[        1266,        0.38]],
[[         504,        0.17],[         732,        0.24],[         924,        0.29],[        1365,        0.42],[        1185,        0.35]],
[[         408,        0.13],[         608,         0.2],[         849,        0.26],[        1023,        0.31],[        1074,        0.32]],
[[         392,        0.13],[         539,        0.17],[         746,        0.23],[         988,         0.3],[        1009,         0.3]],
[[         376,        0.12],[         448,        0.14],[         590,        0.18],[         965,         0.3],[         931,        0.28]],
[[        1222,         0.4],[         377,        0.12],[         583,        0.18],[         833,        0.25],[         925,        0.28]],
[[           .,           .],[         350,        0.11],[         458,        0.14],[         670,         0.2],[         784,        0.23]],
[[           .,           .],[         334,        0.11],[         446,        0.14],[         528,        0.16],[         722,        0.22]],
[[           .,           .],[         281,        0.09],[         370,        0.12],[         504,        0.15],[         644,        0.19]],
[[           .,           .],[         185,        0.06],[         264,        0.08],[         409,        0.13],[         588,        0.18]],
[[           .,           .],[         387,        0.12],[         860,        0.27],[        1371,        0.42],[        2279,        0.68]]],
[[[        1802,        0.59],[        1798,        0.58],[        1790,        0.56],[        1762,        0.54],[        1814,        0.54]],
[[        1761,        0.58],[        1779,        0.57],[        1854,        0.58],[        1777,        0.54],[        1809,        0.54]],
[[        1865,        0.61],[        1837,        0.59],[        1911,         0.6],[        1795,        0.55],[        1812,        0.54]],
[[        1823,         0.6],[        1811,        0.58],[        1844,        0.58],[        1821,        0.56],[        1825,        0.55]],
[[        1915,        0.63],[        1755,        0.57],[        1991,        0.62],[        1849,        0.57],[        1840,        0.55]],
[[        1877,        0.62],[        1701,        0.55],[        1987,        0.62],[        1860,        0.57],[        1843,        0.55]],
[[        1983,        0.65],[        1719,        0.55],[        2015,        0.63],[        1866,        0.57],[        1844,        0.55]],
[[        1914,        0.63],[        1715,        0.55],[        1975,        0.62],[        1877,        0.57],[        1851,        0.55]],
[[        1986,        0.65],[        1656,        0.53],[        1940,        0.61],[        1885,        0.58],[        1857,        0.56]],
[[        1878,        0.62],[        1754,        0.57],[        1888,        0.59],[        1904,        0.58],[        1868,        0.56]],
[[        1826,         0.6],[        1880,        0.61],[        1947,        0.61],[        1913,        0.58],[        1877,        0.56]],
[[        1915,        0.63],[        1863,         0.6],[        1882,        0.59],[        1887,        0.58],[        1888,        0.56]],
[[        1870,        0.61],[        1991,        0.64],[        1953,        0.61],[        1983,        0.61],[        1907,        0.57]],
[[        1873,        0.61],[        1916,        0.62],[        1919,         0.6],[        1929,        0.59],[        1919,        0.57]],
[[        1786,        0.59],[        1958,        0.63],[        1795,        0.56],[        2076,        0.63],[        1930,        0.58]],
[[        1769,        0.58],[        1942,        0.63],[        1790,        0.56],[        2051,        0.63],[        1943,        0.58]],
[[        1779,        0.58],[        2070,        0.67],[        1774,        0.55],[        2093,        0.64],[        1958,        0.59]],
[[        1772,        0.58],[        2035,        0.66],[        1766,        0.55],[        2027,        0.62],[        1964,        0.59]],
[[        1787,        0.59],[        1989,        0.64],[        1735,        0.54],[        1951,         0.6],[        1925,        0.58]],
[[        1339,        0.44],[        1704,        0.55],[        1507,        0.47],[        1594,        0.49],[        1605,        0.48]],
[[        1150,        0.38],[        1549,         0.5],[        1503,        0.47],[        1567,        0.48],[        1558,        0.47]],
[[        1082,        0.35],[        1729,        0.56],[        1613,         0.5],[        1597,        0.49],[        1616,        0.48]],
[[        1391,        0.46],[        1819,        0.59],[        1819,        0.57],[        1701,        0.52],[        1784,        0.53]],
[[        1687,        0.55],[        1886,        0.61],[        1809,        0.56],[        1735,        0.53],[        1837,        0.55]],
[[        1825,         0.6],[        1827,        0.59],[        1900,        0.59],[        1721,        0.53],[        1990,         0.6]],
[[        1959,        0.64],[        1873,         0.6],[        1972,        0.62],[        1705,        0.52],[        2010,         0.6]],
[[        2313,        0.76],[        1826,        0.59],[        2015,        0.63],[        1704,        0.52],[        2077,        0.62]],
[[        2373,        0.78],[        1895,        0.61],[        2051,        0.64],[        1741,        0.53],[        2047,        0.61]],
[[        2412,        0.79],[        1944,        0.63],[        2061,        0.64],[        1768,        0.54],[        2022,         0.6]],
[[        2387,        0.78],[        1883,        0.61],[        2060,        0.64],[        1844,        0.56],[        2028,        0.61]],
[[        2300,        0.75],[        1691,        0.54],[        2054,        0.64],[        1921,        0.59],[        2057,        0.62]],
[[        2376,        0.78],[        1686,        0.54],[        2126,        0.66],[        1969,         0.6],[        2009,         0.6]],
[[        2320,        0.76],[        1781,        0.57],[        2076,        0.65],[        2042,        0.62],[        2008,         0.6]],
[[        2482,        0.81],[        1762,        0.57],[        2114,        0.66],[        2004,        0.61],[        1950,        0.58]],
[[        2320,        0.76],[        1916,        0.62],[        1987,        0.62],[        2059,        0.63],[        1890,        0.57]],
[[        2278,        0.75],[        2002,        0.65],[        2075,        0.65],[        2077,        0.64],[        1858,        0.56]],
[[        2253,        0.74],[        2288,        0.74],[        2043,        0.64],[        2131,        0.65],[        1825,        0.55]],
[[        2177,        0.71],[        2454,        0.79],[        1948,        0.61],[        2174,        0.66],[        1859,        0.56]],
[[        2059,        0.68],[        2387,        0.77],[        2104,        0.66],[        2141,        0.65],[        1877,        0.56]],
[[        2041,        0.67],[        2390,        0.77],[        1973,        0.62],[        2104,        0.64],[        1933,        0.58]],
[[        1985,        0.65],[        2358,        0.76],[        1761,        0.55],[        2091,        0.64],[        1990,         0.6]],
[[        2054,        0.67],[        2447,        0.79],[        1797,        0.56],[        2169,        0.66],[        2031,        0.61]],
[[        1974,        0.65],[        2293,        0.74],[        1713,        0.53],[        2123,        0.65],[        2079,        0.62]],
[[        1913,        0.63],[        2505,        0.81],[        1813,        0.57],[        2114,        0.65],[        2047,        0.61]],
[[        1971,        0.65],[        2345,        0.76],[        1934,         0.6],[        2020,        0.62],[        2104,        0.63]],
[[        1968,        0.65],[        2297,        0.74],[        2048,        0.64],[        2118,        0.65],[        2114,        0.63]],
[[        1988,        0.65],[        2298,        0.74],[        2301,        0.72],[        2050,        0.63],[        2174,        0.65]],
[[        2058,        0.68],[        2103,        0.68],[        2426,        0.76],[        1990,        0.61],[        2203,        0.66]],
[[        2080,        0.68],[        2031,        0.65],[        2366,        0.74],[        2112,        0.65],[        2162,        0.65]],
[[        2140,         0.7],[        2004,        0.65],[        2351,        0.73],[        1970,         0.6],[        2133,        0.64]],
[[        2230,        0.73],[        1923,        0.62],[        2367,        0.74],[        1783,        0.55],[        2113,        0.63]],
[[        2343,        0.77],[        1931,        0.62],[        2421,        0.76],[        1777,        0.54],[        2173,        0.65]],
[[        1949,        0.64],[        1950,        0.63],[        2289,        0.71],[        1758,        0.54],[        2124,        0.64]],
[[        2018,        0.66],[        1803,        0.58],[        2452,        0.76],[        1801,        0.55],[        2098,        0.63]],
[[        2145,         0.7],[        1868,         0.6],[        2319,        0.72],[        1900,        0.58],[        2006,         0.6]],
[[        2004,        0.66],[        1852,         0.6],[        2211,        0.69],[        2002,        0.61],[        2083,        0.62]],
[[        1770,        0.58],[        1908,        0.61],[        2243,         0.7],[        2193,        0.67],[        2014,         0.6]],
[[        1717,        0.56],[        1931,        0.62],[        2002,        0.62],[        2317,        0.71],[        1963,        0.59]],
[[        1751,        0.57],[        1891,        0.61],[        1957,        0.61],[        2274,         0.7],[        2057,        0.62]],
[[        1797,        0.59],[        1989,        0.64],[        1902,        0.59],[        2248,        0.69],[        1917,        0.57]],
[[        1760,        0.58],[        2019,        0.65],[        1833,        0.57],[        2251,        0.69],[        1741,        0.52]],
[[        1713,        0.56],[        2198,        0.71],[        1804,        0.56],[        2273,        0.69],[        1726,        0.52]],
[[        1731,        0.57],[        1778,        0.57],[        1848,        0.58],[        2165,        0.66],[        1708,        0.51]],
[[        1656,        0.54],[        1842,        0.59],[        1680,        0.52],[        2310,        0.71],[        1749,        0.52]],
[[        1510,         0.5],[        1986,        0.64],[        1726,        0.54],[        2195,        0.67],[        1834,        0.55]],
[[        1547,        0.51],[        1834,        0.59],[        1745,        0.54],[        2092,        0.64],[        1926,        0.58]],
[[        1616,        0.53],[        1664,        0.54],[        1779,        0.55],[        2122,        0.65],[        2093,        0.63]],
[[        1628,        0.53],[        1547,         0.5],[        1785,        0.56],[        1918,        0.59],[        2201,        0.66]],
[[        1551,        0.51],[        1521,        0.49],[        1779,        0.55],[        1826,        0.56],[        2153,        0.64]],
[[        1504,        0.49],[        1615,        0.52],[        1838,        0.57],[        1795,        0.55],[        2123,        0.64]],
[[        1476,        0.48],[        1542,         0.5],[        1817,        0.57],[        1705,        0.52],[        2111,        0.63]],
[[        1463,        0.48],[        1508,        0.49],[        1998,        0.62],[        1683,        0.51],[        2125,        0.64]],
[[        1417,        0.46],[        1497,        0.48],[        1593,         0.5],[        1683,        0.51],[        2015,         0.6]],
[[        1392,        0.46],[        1435,        0.46],[        1673,        0.52],[        1532,        0.47],[        2121,        0.63]],
[[        1403,        0.46],[        1307,        0.42],[        1751,        0.55],[        1579,        0.48],[        2012,         0.6]],
[[        1297,        0.43],[        1285,        0.41],[        1599,         0.5],[        1572,        0.48],[        1892,        0.57]],
[[        1377,        0.45],[        1292,        0.42],[        1465,        0.46],[        1559,        0.48],[        1896,        0.57]],
[[        1397,        0.46],[        1310,        0.42],[        1250,        0.39],[        1553,        0.47],[        1708,        0.51]],
[[        1339,        0.44],[        1235,         0.4],[        1235,        0.39],[        1526,        0.47],[        1606,        0.48]],
[[         967,        0.32],[        1122,        0.36],[        1297,         0.4],[        1537,        0.47],[        1550,        0.46]],
[[         848,        0.28],[        1083,        0.35],[        1283,         0.4],[        1503,        0.46],[        1446,        0.43]],
[[         854,        0.28],[         981,        0.32],[        1147,        0.36],[        1595,        0.49],[        1396,        0.42]],
[[         837,        0.27],[         898,        0.29],[        1113,        0.35],[        1230,        0.38],[        1354,        0.41]],
[[         839,        0.28],[         872,        0.28],[        1052,        0.33],[        1243,        0.38],[        1198,        0.36]],
[[         758,        0.25],[         839,        0.27],[         856,        0.27],[        1259,        0.38],[        1182,        0.35]],
[[        3778,        1.24],[         737,        0.24],[         817,        0.25],[        1084,        0.33],[        1127,        0.34]],
[[           .,           .],[         723,        0.23],[         744,        0.23],[         929,        0.28],[        1058,        0.32]],
[[           .,           .],[         669,        0.22],[         718,        0.22],[         760,        0.23],[         980,        0.29]],
[[           .,           .],[         509,        0.16],[         591,        0.18],[         683,        0.21],[         904,        0.27]],
[[           .,           .],[         420,        0.14],[         535,        0.17],[         654,         0.2],[         835,        0.25]],
[[           .,           .],[        1404,        0.45],[        1886,        0.59],[        2386,        0.73],[        3503,        1.05]]]]}}
