{
"ons":{
"label":"Population Projections for England and Wales, by local authority",
"source":"Office for National Statistics",
"updated":"2014-10-01",
"area": {
"code":"K04000001",
"label":"England and Wales"
},
"time": {
"label":"1998-2038",
"index":["1998",  "2008",  "2018",  "2028",  "2038"]
},
"concept":{
"label":["population", "% of population"],
"units":["count", "%"],
"max":[        1842,         1.29]
},
"sums":{
"series1":[       71909,        73166,        72321,        71443,        69892],
"series2":[       76831,        77844,        76469,        75228,        73139]
},
"dimension":{
"label":"age",
"index":["0", "1", "2", "3", "4", "5", "6", "7", "8", "9", "10", "11", "12", "13", "14", "15", "16", "17", "18", "19", "20", "21", "22", "23", "24", "25", "26", "27", "28", "29", "30", "31", "32", "33", "34", "35", "36", "37", "38", "39", "40", "41", "42", "43", "44", "45", "46", "47", "48", "49", "50", "51", "52", "53", "54", "55", "56", "57", "58", "59", "60", "61", "62", "63", "64", "65", "66", "67", "68", "69", "70", "71", "72", "73", "74", "75", "76", "77", "78", "79", "80", "81", "82", "83", "84", "85", "86", "87", "88", "89", "90+"]
},
"series":["male", "female"],
"value":[[[[         810,        0.54],[         744,        0.49],[         607,        0.41],[         655,        0.45],[         622,        0.43]],
[[         805,        0.54],[         819,        0.54],[         644,        0.43],[         669,        0.46],[         632,        0.44]],
[[         880,        0.59],[         767,        0.51],[         670,        0.45],[         674,        0.46],[         636,        0.44]],
[[         883,        0.59],[         767,        0.51],[         669,        0.45],[         679,        0.46],[         644,        0.45]],
[[         930,        0.63],[         730,        0.48],[         727,        0.49],[         687,        0.47],[         653,        0.46]],
[[         892,         0.6],[         746,        0.49],[         721,        0.48],[         690,        0.47],[         656,        0.46]],
[[         920,        0.62],[         729,        0.48],[         735,        0.49],[         690,        0.47],[         661,        0.46]],
[[         959,        0.64],[         766,        0.51],[         785,        0.53],[         693,        0.47],[         669,        0.47]],
[[         976,        0.66],[         787,        0.52],[         805,        0.54],[         691,        0.47],[         677,        0.47]],
[[         960,        0.65],[         835,        0.55],[         780,        0.52],[         695,        0.47],[         682,        0.48]],
[[        1009,        0.68],[         887,        0.59],[         775,        0.52],[         695,        0.47],[         688,        0.48]],
[[        1009,        0.68],[         840,        0.56],[         834,        0.56],[         672,        0.46],[         693,        0.48]],
[[         960,        0.65],[         963,        0.64],[         813,        0.55],[         695,        0.47],[         695,        0.49]],
[[        1003,        0.67],[         969,        0.64],[         807,        0.54],[         698,        0.48],[         698,        0.49]],
[[         908,        0.61],[         989,        0.65],[         769,        0.52],[         756,        0.52],[         705,        0.49]],
[[         900,        0.61],[         904,         0.6],[         775,        0.52],[         741,        0.51],[         704,        0.49]],
[[         907,        0.61],[         905,         0.6],[         750,         0.5],[         738,         0.5],[         701,        0.49]],
[[         937,        0.63],[         931,        0.62],[         772,        0.52],[         793,        0.54],[         703,        0.49]],
[[         777,        0.52],[         847,        0.56],[         746,         0.5],[         760,        0.52],[         668,        0.47]],
[[         672,        0.45],[         787,        0.52],[         787,        0.53],[         704,        0.48],[         628,        0.44]],
[[         618,        0.42],[         812,        0.54],[         792,        0.53],[         666,        0.45],[         614,        0.43]],
[[         618,        0.42],[         789,        0.52],[         737,         0.5],[         726,        0.49],[         596,        0.42]],
[[         719,        0.48],[         757,         0.5],[         801,        0.54],[         711,        0.48],[         625,        0.44]],
[[         680,        0.46],[         801,        0.53],[         827,        0.56],[         708,        0.48],[         636,        0.44]],
[[         711,        0.48],[         701,        0.46],[         789,        0.53],[         675,        0.46],[         675,        0.47]],
[[         748,         0.5],[         671,        0.44],[         753,        0.51],[         666,        0.45],[         661,        0.46]],
[[         879,        0.59],[         657,        0.44],[         727,        0.49],[         646,        0.44],[         661,        0.46]],
[[         944,        0.63],[         668,        0.44],[         733,        0.49],[         671,        0.46],[         697,        0.49]],
[[         917,        0.62],[         662,        0.44],[         719,        0.48],[         680,        0.46],[         684,        0.48]],
[[         961,        0.65],[         606,         0.4],[         726,        0.49],[         706,        0.48],[         680,        0.48]],
[[         898,         0.6],[         602,         0.4],[         726,        0.49],[         742,        0.51],[         654,        0.46]],
[[        1039,         0.7],[         610,         0.4],[         723,        0.49],[         734,         0.5],[         703,        0.49]],
[[        1026,        0.69],[         687,        0.45],[         727,        0.49],[         793,        0.54],[         683,        0.48]],
[[        1116,        0.75],[         672,        0.45],[         760,        0.51],[         816,        0.56],[         683,        0.48]],
[[        1085,        0.73],[         736,        0.49],[         708,        0.48],[         781,        0.53],[         658,        0.46]],
[[        1110,        0.75],[         757,         0.5],[         672,        0.45],[         748,        0.51],[         645,        0.45]],
[[        1119,        0.75],[         888,        0.59],[         692,        0.47],[         767,        0.52],[         642,        0.45]],
[[        1061,        0.71],[         943,        0.62],[         697,        0.47],[         781,        0.53],[         681,        0.48]],
[[        1030,        0.69],[         954,        0.63],[         703,        0.47],[         772,        0.53],[         697,        0.49]],
[[         993,        0.67],[         998,        0.66],[         647,        0.43],[         748,        0.51],[         721,         0.5]],
[[        1012,        0.68],[         961,        0.64],[         648,        0.44],[         774,        0.53],[         769,        0.54]],
[[         974,        0.65],[        1078,        0.71],[         627,        0.42],[         744,        0.51],[         774,        0.54]],
[[        1014,        0.68],[        1130,        0.75],[         719,        0.48],[         776,        0.53],[         835,        0.58]],
[[         962,        0.65],[        1193,        0.79],[         674,        0.45],[         798,        0.54],[         857,         0.6]],
[[         997,        0.67],[        1150,        0.76],[         770,        0.52],[         747,        0.51],[         831,        0.58]],
[[         956,        0.64],[        1183,        0.78],[         799,        0.54],[         746,        0.51],[         818,        0.57]],
[[         948,        0.64],[        1163,        0.77],[         948,        0.64],[         727,         0.5],[         831,        0.58]],
[[        1039,         0.7],[        1151,        0.76],[         956,        0.64],[         745,        0.51],[         840,        0.59]],
[[        1060,        0.71],[        1069,        0.71],[        1002,        0.67],[         750,        0.51],[         831,        0.58]],
[[        1085,        0.73],[        1070,        0.71],[        1014,        0.68],[         676,        0.46],[         816,        0.57]],
[[        1177,        0.79],[        1085,        0.72],[        1029,        0.69],[         688,        0.47],[         831,        0.58]],
[[        1200,        0.81],[        1041,        0.69],[        1095,        0.74],[         667,        0.45],[         802,        0.56]],
[[         976,        0.66],[        1055,         0.7],[        1163,        0.78],[         773,        0.53],[         828,        0.58]],
[[         903,        0.61],[        1025,        0.68],[        1224,        0.82],[         736,         0.5],[         845,        0.59]],
[[         949,        0.64],[        1055,         0.7],[        1203,        0.81],[         815,        0.56],[         797,        0.56]],
[[         947,        0.64],[        1000,        0.66],[        1194,         0.8],[         850,        0.58],[         799,        0.56]],
[[         920,        0.62],[        1030,        0.68],[        1148,        0.77],[         976,        0.67],[         789,        0.55]],
[[         884,        0.59],[        1084,        0.72],[        1170,        0.79],[        1013,        0.69],[         814,        0.57]],
[[         872,        0.59],[        1122,        0.74],[        1133,        0.76],[        1048,        0.71],[         814,        0.57]],
[[         828,        0.56],[        1154,        0.76],[        1134,        0.76],[        1048,        0.71],[         727,        0.51]],
[[         917,        0.62],[        1224,        0.81],[        1134,        0.76],[        1071,        0.73],[         743,        0.52]],
[[         891,         0.6],[        1292,        0.86],[        1063,        0.71],[        1129,        0.77],[         729,        0.51]],
[[         827,        0.56],[        1055,         0.7],[        1025,        0.69],[        1195,        0.81],[         834,        0.58]],
[[         784,        0.53],[         976,        0.65],[        1043,         0.7],[        1264,        0.86],[         792,        0.55]],
[[         814,        0.55],[        1029,        0.68],[        1079,        0.73],[        1235,        0.84],[         878,        0.61]],
[[         844,        0.57],[         961,        0.64],[        1056,        0.71],[        1223,        0.83],[         918,        0.64]],
[[         781,        0.53],[         935,        0.62],[        1041,         0.7],[        1193,        0.81],[        1026,        0.72]],
[[         799,        0.54],[         865,        0.57],[        1055,        0.71],[        1165,        0.79],[        1049,        0.73]],
[[         750,         0.5],[         905,         0.6],[        1099,        0.74],[        1112,        0.76],[        1073,        0.75]],
[[         743,         0.5],[         823,        0.54],[        1131,        0.76],[        1096,        0.75],[        1072,        0.75]],
[[         721,        0.48],[         843,        0.56],[        1114,        0.75],[        1082,        0.74],[        1077,        0.75]],
[[         726,        0.49],[         840,        0.56],[        1153,        0.77],[        1015,        0.69],[        1107,        0.77]],
[[         696,        0.47],[         776,        0.51],[         903,        0.61],[         976,        0.67],[        1138,         0.8]],
[[         643,        0.43],[         691,        0.46],[         816,        0.55],[         948,        0.65],[        1177,        0.82]],
[[         544,        0.37],[         671,        0.44],[         859,        0.58],[         944,        0.64],[        1121,        0.78]],
[[         557,        0.37],[         685,        0.45],[         784,        0.53],[         896,        0.61],[        1084,        0.76]],
[[         516,        0.35],[         620,        0.41],[         710,        0.48],[         868,        0.59],[        1036,        0.72]],
[[         489,        0.33],[         576,        0.38],[         683,        0.46],[         854,        0.58],[         986,        0.69]],
[[         487,        0.33],[         521,        0.35],[         647,        0.43],[         853,        0.58],[         922,        0.64]],
[[         297,         0.2],[         456,         0.3],[         579,        0.39],[         861,        0.59],[         880,        0.62]],
[[         260,        0.17],[         409,        0.27],[         578,        0.39],[         830,        0.57],[         841,        0.59]],
[[         285,        0.19],[         420,        0.28],[         545,        0.37],[         804,        0.55],[         763,        0.53]],
[[         242,        0.16],[         394,        0.26],[         492,        0.33],[         609,        0.42],[         703,        0.49]],
[[         219,        0.15],[         333,        0.22],[         388,        0.26],[         529,        0.36],[         651,        0.46]],
[[         209,        0.14],[         245,        0.16],[         362,        0.24],[         519,        0.35],[         610,        0.43]],
[[         176,        0.12],[         238,        0.16],[         360,        0.24],[         425,        0.29],[         546,        0.38]],
[[         141,        0.09],[         207,        0.14],[         276,        0.19],[         375,        0.26],[         500,        0.35]],
[[         131,        0.09],[         182,        0.12],[         231,        0.16],[         328,        0.22],[         461,        0.32]],
[[          93,        0.06],[         155,         0.1],[         198,        0.13],[         287,         0.2],[         423,         0.3]],
[[          69,        0.05],[          90,        0.06],[         155,         0.1],[         229,        0.16],[         387,        0.27]],
[[         186,        0.13],[         267,        0.18],[         482,        0.32],[         819,        0.56],[        1406,        0.98]]],
[[[         808,        0.54],[         743,        0.49],[         641,        0.43],[         626,        0.43],[         592,        0.41]],
[[         798,        0.54],[         727,        0.48],[         614,        0.41],[         633,        0.43],[         597,        0.42]],
[[         805,        0.54],[         729,        0.48],[         633,        0.43],[         637,        0.43],[         600,        0.42]],
[[         853,        0.57],[         726,        0.48],[         657,        0.44],[         645,        0.44],[         607,        0.42]],
[[         863,        0.58],[         704,        0.47],[         626,        0.42],[         648,        0.44],[         616,        0.43]],
[[         924,        0.62],[         691,        0.46],[         683,        0.46],[         656,        0.45],[         624,        0.44]],
[[         910,        0.61],[         652,        0.43],[         710,        0.48],[         663,        0.45],[         636,        0.44]],
[[         985,        0.66],[         709,        0.47],[         784,        0.53],[         668,        0.46],[         648,        0.45]],
[[         847,        0.57],[         726,        0.48],[         772,        0.52],[         673,        0.46],[         655,        0.46]],
[[         863,        0.58],[         744,        0.49],[         791,        0.53],[         673,        0.46],[         665,        0.46]],
[[         942,        0.63],[         884,        0.59],[         813,        0.55],[         676,        0.46],[         677,        0.47]],
[[         943,        0.63],[         855,        0.57],[         786,        0.53],[         661,        0.45],[         684,        0.48]],
[[         910,        0.61],[         844,        0.56],[         755,        0.51],[         693,        0.47],[         683,        0.48]],
[[         933,        0.63],[         932,        0.62],[         772,        0.52],[         692,        0.47],[         683,        0.48]],
[[         886,         0.6],[         968,        0.64],[         735,        0.49],[         682,        0.46],[         688,        0.48]],
[[         848,        0.57],[         963,        0.64],[         736,        0.49],[         742,        0.51],[         698,        0.49]],
[[         909,        0.61],[         926,        0.61],[         668,        0.45],[         757,        0.52],[         696,        0.49]],
[[         911,        0.61],[         869,        0.58],[         714,        0.48],[         813,        0.55],[         691,        0.48]],
[[         746,         0.5],[         745,        0.49],[         658,        0.44],[         714,        0.49],[         633,        0.44]],
[[         679,        0.46],[         689,        0.46],[         639,        0.43],[         665,        0.45],[         575,         0.4]],
[[         565,        0.38],[         770,        0.51],[         736,        0.49],[         678,        0.46],[         572,         0.4]],
[[         576,        0.39],[         738,        0.49],[         678,        0.46],[         647,        0.44],[         561,        0.39]],
[[         653,        0.44],[         717,        0.47],[         674,        0.45],[         648,        0.44],[         615,        0.43]],
[[         696,        0.47],[         701,        0.46],[         791,        0.53],[         660,        0.45],[         630,        0.44]],
[[         712,        0.48],[         757,         0.5],[         785,        0.53],[         628,        0.43],[         621,        0.43]],
[[         811,        0.55],[         674,        0.45],[         756,        0.51],[         619,        0.42],[         648,        0.45]],
[[         832,        0.56],[         744,        0.49],[         723,        0.49],[         591,         0.4],[         659,        0.46]],
[[         892,         0.6],[         714,        0.47],[         767,        0.52],[         621,        0.42],[         696,        0.49]],
[[         917,        0.62],[         712,        0.47],[         756,        0.51],[         632,        0.43],[         677,        0.47]],
[[        1006,        0.68],[         722,        0.48],[         710,        0.48],[         656,        0.45],[         691,        0.48]],
[[        1037,         0.7],[         669,        0.44],[         840,        0.56],[         739,         0.5],[         707,        0.49]],
[[        1054,        0.71],[         613,        0.41],[         781,        0.52],[         764,        0.52],[         677,        0.47]],
[[        1084,        0.73],[         721,        0.48],[         705,        0.47],[         743,        0.51],[         666,        0.47]],
[[        1124,        0.76],[         757,         0.5],[         740,         0.5],[         798,        0.54],[         671,        0.47]],
[[        1178,        0.79],[         785,        0.52],[         796,        0.53],[         824,        0.56],[         650,        0.45]],
[[        1128,        0.76],[         869,        0.58],[         749,         0.5],[         834,        0.57],[         648,        0.45]],
[[        1160,        0.78],[         913,         0.6],[         824,        0.55],[         806,        0.55],[         633,        0.44]],
[[        1112,        0.75],[        1013,        0.67],[         762,        0.51],[         835,        0.57],[         664,        0.46]],
[[        1130,        0.76],[        1015,        0.67],[         764,        0.51],[         801,        0.55],[         672,        0.47]],
[[        1083,        0.73],[        1132,        0.75],[         757,        0.51],[         772,        0.53],[         703,        0.49]],
[[        1049,        0.71],[        1140,        0.75],[         721,        0.48],[         876,         0.6],[         781,        0.55]],
[[        1041,         0.7],[        1171,        0.78],[         656,        0.44],[         828,        0.56],[         804,        0.56]],
[[        1065,        0.72],[        1155,        0.76],[         768,        0.52],[         742,        0.51],[         782,        0.55]],
[[        1007,        0.68],[        1230,        0.81],[         820,        0.55],[         777,        0.53],[         839,        0.59]],
[[         948,        0.64],[        1241,        0.82],[         837,        0.56],[         819,        0.56],[         865,         0.6]],
[[         969,        0.65],[        1241,        0.82],[         902,        0.61],[         806,        0.55],[         890,        0.62]],
[[         992,        0.67],[        1246,        0.83],[         959,        0.64],[         867,        0.59],[         872,        0.61]],
[[        1009,        0.68],[        1194,        0.79],[        1077,        0.72],[         809,        0.55],[         898,        0.63]],
[[        1062,        0.71],[        1145,        0.76],[        1045,         0.7],[         818,        0.56],[         870,        0.61]],
[[        1067,        0.72],[        1134,        0.75],[        1196,         0.8],[         798,        0.54],[         838,        0.59]],
[[        1074,        0.72],[        1134,        0.75],[        1183,         0.8],[         745,        0.51],[         932,        0.65]],
[[        1199,        0.81],[        1090,        0.72],[        1238,        0.83],[         718,        0.49],[         892,        0.62]],
[[         952,        0.64],[        1149,        0.76],[        1150,        0.77],[         819,        0.56],[         816,        0.57]],
[[         980,        0.66],[        1126,        0.75],[        1295,        0.87],[         873,         0.6],[         840,        0.59]],
[[        1017,        0.68],[        1062,         0.7],[        1295,        0.87],[         895,        0.61],[         885,        0.62]],
[[        1067,        0.72],[        1077,        0.71],[        1303,        0.88],[         973,        0.66],[         870,        0.61]],
[[         978,        0.66],[        1094,        0.72],[        1284,        0.86],[        1032,         0.7],[         917,        0.64]],
[[         951,        0.64],[        1084,        0.72],[        1226,        0.82],[        1116,        0.76],[         860,         0.6]],
[[         951,        0.64],[        1121,        0.74],[        1169,        0.79],[        1097,        0.75],[         865,         0.6]],
[[         965,        0.65],[        1156,        0.77],[        1192,         0.8],[        1244,        0.85],[         846,        0.59]],
[[         864,        0.58],[        1181,        0.78],[        1161,        0.78],[        1243,        0.85],[         801,        0.56]],
[[         929,        0.62],[        1356,         0.9],[        1108,        0.74],[        1301,        0.89],[         787,        0.55]],
[[         878,        0.59],[        1055,         0.7],[        1173,        0.79],[        1228,        0.84],[         886,        0.62]],
[[         885,        0.59],[        1079,        0.71],[        1147,        0.77],[        1355,        0.92],[         941,        0.66]],
[[         923,        0.62],[        1060,         0.7],[        1101,        0.74],[        1341,        0.91],[         960,        0.67]],
[[         866,        0.58],[        1101,        0.73],[        1108,        0.74],[        1342,        0.91],[        1038,        0.73]],
[[         879,        0.59],[         997,        0.66],[        1108,        0.74],[        1282,        0.87],[        1082,        0.76]],
[[         885,        0.59],[         950,        0.63],[        1055,        0.71],[        1239,        0.84],[        1151,         0.8]],
[[         886,         0.6],[         937,        0.62],[        1105,        0.74],[        1170,         0.8],[        1126,        0.79]],
[[         894,         0.6],[         913,         0.6],[        1072,        0.72],[        1165,        0.79],[        1234,        0.86]],
[[         845,        0.57],[         826,        0.55],[        1107,        0.74],[        1119,        0.76],[        1211,        0.85]],
[[         868,        0.58],[         871,        0.58],[        1242,        0.83],[        1047,        0.71],[        1238,        0.87]],
[[         750,         0.5],[         843,        0.56],[         946,        0.64],[        1093,        0.75],[        1159,        0.81]],
[[         738,         0.5],[         803,        0.53],[         949,        0.64],[        1032,         0.7],[        1249,        0.87]],
[[         757,        0.51],[         796,        0.53],[         922,        0.62],[         973,        0.66],[        1215,        0.85]],
[[         765,        0.51],[         753,         0.5],[         921,        0.62],[         957,        0.65],[        1188,        0.83]],
[[         703,        0.47],[         719,        0.48],[         849,        0.57],[         926,        0.63],[        1127,        0.79]],
[[         700,        0.47],[         686,        0.45],[         751,         0.5],[         881,         0.6],[        1076,        0.75]],
[[         676,        0.45],[         681,        0.45],[         727,        0.49],[         893,        0.61],[         991,        0.69]],
[[         491,        0.33],[         674,        0.45],[         683,        0.46],[         853,        0.58],[         968,        0.68]],
[[         461,        0.31],[         610,         0.4],[         593,         0.4],[         864,        0.59],[         906,        0.63]],
[[         436,        0.29],[         577,        0.38],[         627,        0.42],[         927,        0.63],[         825,        0.58]],
[[         466,        0.31],[         518,        0.34],[         607,        0.41],[         696,        0.47],[         827,        0.58]],
[[         434,        0.29],[         477,        0.32],[         520,        0.35],[         666,        0.45],[         755,        0.53]],
[[         393,        0.26],[         427,        0.28],[         514,        0.35],[         613,        0.42],[         682,        0.48]],
[[         340,        0.23],[         403,        0.27],[         459,        0.31],[         587,         0.4],[         640,        0.45]],
[[         284,        0.19],[         366,        0.24],[         406,        0.27],[         501,        0.34],[         588,        0.41]],
[[         272,        0.18],[         360,        0.24],[         351,        0.24],[         428,        0.29],[         531,        0.37]],
[[         246,        0.17],[         328,        0.22],[         317,        0.21],[         379,        0.26],[         502,        0.35]],
[[         218,        0.15],[         198,        0.13],[         268,        0.18],[         323,        0.22],[         442,        0.31]],
[[         643,        0.43],[         747,        0.49],[         975,        0.66],[        1239,        0.84],[        1842,        1.29]]]]}}
