{
"ons":{
"label":"Population Projections for England and Wales, by local authority",
"source":"Office for National Statistics",
"updated":"2014-10-01",
"area": {
"code":"K04000001",
"label":"England and Wales"
},
"time": {
"label":"1998-2038",
"index":["1998",  "2008",  "2018",  "2028",  "2038"]
},
"concept":{
"label":["population", "% of population"],
"units":["count", "%"],
"max":[        2327,          1.8]
},
"sums":{
"series1":[       52327,        55273,        58270,        60345,        62218],
"series2":[       55461,        57899,        62411,        64914,        67057]
},
"dimension":{
"label":"age",
"index":["0", "1", "2", "3", "4", "5", "6", "7", "8", "9", "10", "11", "12", "13", "14", "15", "16", "17", "18", "19", "20", "21", "22", "23", "24", "25", "26", "27", "28", "29", "30", "31", "32", "33", "34", "35", "36", "37", "38", "39", "40", "41", "42", "43", "44", "45", "46", "47", "48", "49", "50", "51", "52", "53", "54", "55", "56", "57", "58", "59", "60", "61", "62", "63", "64", "65", "66", "67", "68", "69", "70", "71", "72", "73", "74", "75", "76", "77", "78", "79", "80", "81", "82", "83", "84", "85", "86", "87", "88", "89", "90+"]
},
"series":["male", "female"],
"value":[[[[         645,         0.6],[         574,        0.51],[         564,        0.47],[         554,        0.44],[         561,        0.43]],
[[         661,        0.61],[         608,        0.54],[         589,        0.49],[         576,        0.46],[         577,        0.45]],
[[         672,        0.62],[         650,        0.57],[         581,        0.48],[         603,        0.48],[         599,        0.46]],
[[         697,        0.65],[         605,        0.53],[         633,        0.52],[         622,         0.5],[         615,        0.48]],
[[         756,         0.7],[         645,        0.57],[         686,        0.57],[         640,        0.51],[         629,        0.49]],
[[         724,        0.67],[         611,        0.54],[         737,        0.61],[         653,        0.52],[         642,         0.5]],
[[         747,        0.69],[         667,        0.59],[         788,        0.65],[         656,        0.52],[         645,         0.5]],
[[         772,        0.72],[         641,        0.57],[         701,        0.58],[         671,        0.54],[         662,        0.51]],
[[         756,         0.7],[         690,        0.61],[         716,        0.59],[         680,        0.54],[         672,        0.52]],
[[         736,        0.68],[         714,        0.63],[         714,        0.59],[         697,        0.56],[         688,        0.53]],
[[         737,        0.68],[         733,        0.65],[         708,        0.59],[         704,        0.56],[         696,        0.54]],
[[         785,        0.73],[         785,        0.69],[         739,        0.61],[         710,        0.57],[         708,        0.55]],
[[         785,        0.73],[         794,         0.7],[         753,        0.62],[         720,        0.57],[         718,        0.56]],
[[         759,         0.7],[         799,        0.71],[         710,        0.59],[         727,        0.58],[         722,        0.56]],
[[         752,         0.7],[         780,        0.69],[         788,        0.65],[         771,        0.62],[         733,        0.57]],
[[         716,        0.66],[         815,        0.72],[         677,        0.56],[         791,        0.63],[         742,        0.57]],
[[         717,        0.67],[         793,         0.7],[         769,        0.64],[         847,        0.68],[         749,        0.58]],
[[         730,        0.68],[         882,        0.78],[         720,         0.6],[         796,        0.64],[         755,        0.58]],
[[         684,        0.63],[         971,        0.86],[         714,        0.59],[         767,        0.61],[         732,        0.57]],
[[         511,        0.47],[         656,        0.58],[         564,        0.47],[         551,        0.44],[         544,        0.42]],
[[         438,        0.41],[         529,        0.47],[         502,        0.42],[         456,        0.36],[         447,        0.35]],
[[         421,        0.39],[         458,         0.4],[         558,        0.46],[         465,        0.37],[         454,        0.35]],
[[         406,        0.38],[         548,        0.48],[         573,        0.47],[         495,         0.4],[         508,        0.39]],
[[         476,        0.44],[         542,        0.48],[         644,        0.53],[         507,         0.4],[         548,        0.42]],
[[         514,        0.48],[         553,        0.49],[         550,        0.46],[         534,        0.43],[         584,        0.45]],
[[         566,        0.53],[         500,        0.44],[         505,        0.42],[         507,         0.4],[         601,        0.46]],
[[         627,        0.58],[         511,        0.45],[         537,        0.44],[         520,        0.42],[         629,        0.49]],
[[         559,        0.52],[         513,        0.45],[         550,        0.46],[         514,        0.41],[         603,        0.47]],
[[         699,        0.65],[         510,        0.45],[         558,        0.46],[         516,        0.41],[         583,        0.45]],
[[         736,        0.68],[         512,        0.45],[         534,        0.44],[         523,        0.42],[         564,        0.44]],
[[         731,        0.68],[         497,        0.44],[         570,        0.47],[         521,        0.42],[         562,        0.43]],
[[         739,        0.69],[         516,        0.46],[         496,        0.41],[         536,        0.43],[         547,        0.42]],
[[         743,        0.69],[         502,        0.44],[         540,        0.45],[         567,        0.45],[         542,        0.42]],
[[         772,        0.72],[         569,         0.5],[         497,        0.41],[         550,        0.44],[         519,         0.4]],
[[         790,        0.73],[         592,        0.52],[         528,        0.44],[         567,        0.45],[         521,         0.4]],
[[         794,        0.74],[         679,         0.6],[         612,        0.51],[         564,        0.45],[         513,         0.4]],
[[         821,        0.76],[         696,        0.61],[         536,        0.44],[         568,        0.45],[         515,         0.4]],
[[         789,        0.73],[         748,        0.66],[         537,        0.44],[         611,        0.49],[         538,        0.42]],
[[         893,        0.83],[         767,        0.68],[         596,        0.49],[         621,         0.5],[         567,        0.44]],
[[         762,        0.71],[         740,        0.65],[         607,         0.5],[         611,        0.49],[         606,        0.47]],
[[         938,        0.87],[         795,         0.7],[         608,         0.5],[         641,        0.51],[         614,        0.47]],
[[         824,        0.76],[         857,        0.76],[         596,        0.49],[         616,        0.49],[         654,        0.51]],
[[         734,        0.68],[         851,        0.75],[         587,        0.49],[         660,        0.53],[         688,        0.53]],
[[         739,        0.69],[         867,        0.77],[         718,        0.59],[         665,        0.53],[         691,        0.53]],
[[         725,        0.67],[         898,        0.79],[         758,        0.63],[         671,        0.54],[         724,        0.56]],
[[         737,        0.68],[         975,        0.86],[         887,        0.73],[         725,        0.58],[         726,        0.56]],
[[         773,        0.72],[         932,        0.82],[         853,        0.71],[         701,        0.56],[         739,        0.57]],
[[         756,         0.7],[         932,        0.82],[         878,        0.73],[         697,        0.56],[         772,         0.6]],
[[         804,        0.75],[         886,        0.78],[         855,        0.71],[         739,        0.59],[         766,        0.59]],
[[         819,        0.76],[         822,        0.73],[         910,        0.75],[         733,        0.59],[         747,        0.58]],
[[         894,        0.83],[         898,        0.79],[         835,        0.69],[         712,        0.57],[         768,        0.59]],
[[         978,        0.91],[         850,        0.75],[         923,        0.76],[         697,        0.56],[         724,        0.56]],
[[         773,        0.72],[         791,         0.7],[         916,        0.76],[         705,        0.56],[         757,        0.59]],
[[         740,        0.69],[         781,        0.69],[         866,        0.72],[         769,        0.61],[         751,        0.58]],
[[         764,        0.71],[         746,        0.66],[         945,        0.78],[         800,        0.64],[         740,        0.57]],
[[         715,        0.66],[         737,        0.65],[         969,         0.8],[         875,         0.7],[         776,         0.6]],
[[         653,        0.61],[         776,        0.69],[         884,        0.73],[         875,         0.7],[         755,        0.58]],
[[         558,        0.52],[         731,        0.65],[         972,        0.81],[         889,        0.71],[         756,        0.58]],
[[         592,        0.55],[         720,        0.64],[         876,        0.73],[         878,         0.7],[         792,        0.61]],
[[         574,        0.53],[         776,        0.69],[         830,        0.69],[         924,        0.74],[         770,         0.6]],
[[         569,        0.53],[         846,        0.75],[         855,        0.71],[         870,        0.69],[         737,        0.57]],
[[         554,        0.51],[         957,        0.85],[         826,        0.68],[         921,        0.74],[         725,        0.56]],
[[         545,        0.51],[         741,        0.65],[         774,        0.64],[         901,        0.72],[         727,        0.56]],
[[         560,        0.52],[         656,        0.58],[         717,        0.59],[         891,        0.71],[         775,         0.6]],
[[         486,        0.45],[         722,        0.64],[         722,         0.6],[         908,        0.72],[         800,        0.62]],
[[         443,        0.41],[         648,        0.57],[         687,        0.57],[         927,        0.74],[         858,        0.66]],
[[         471,        0.44],[         588,        0.52],[         731,        0.61],[         873,         0.7],[         865,        0.67]],
[[         495,        0.46],[         457,         0.4],[         664,        0.55],[         904,        0.72],[         876,        0.68]],
[[         440,        0.41],[         507,        0.45],[         708,        0.59],[         835,        0.67],[         860,        0.67]],
[[         423,        0.39],[         491,        0.43],[         783,        0.65],[         805,        0.64],[         896,        0.69]],
[[         426,         0.4],[         501,        0.44],[         771,        0.64],[         808,        0.65],[         858,        0.66]],
[[         393,        0.36],[         487,        0.43],[         896,        0.74],[         774,        0.62],[         899,         0.7]],
[[         341,        0.32],[         473,        0.42],[         700,        0.58],[         733,        0.59],[         880,        0.68]],
[[         329,        0.31],[         439,        0.39],[         617,        0.51],[         693,        0.55],[         868,        0.67]],
[[         309,        0.29],[         424,        0.37],[         677,        0.56],[         670,        0.53],[         864,        0.67]],
[[         338,        0.31],[         373,        0.33],[         561,        0.46],[         641,        0.51],[         860,        0.67]],
[[         315,        0.29],[         380,        0.34],[         540,        0.45],[         647,        0.52],[         801,        0.62]],
[[         318,         0.3],[         385,        0.34],[         403,        0.33],[         607,        0.48],[         801,        0.62]],
[[         288,        0.27],[         311,        0.27],[         415,        0.34],[         608,        0.49],[         735,        0.57]],
[[         179,        0.17],[         309,        0.27],[         407,        0.34],[         643,        0.51],[         699,        0.54]],
[[         173,        0.16],[         305,        0.27],[         400,        0.33],[         638,        0.51],[         683,        0.53]],
[[         186,        0.17],[         259,        0.23],[         372,        0.31],[         720,        0.57],[         642,         0.5]],
[[         197,        0.18],[         219,        0.19],[         396,        0.33],[         550,        0.44],[         589,        0.46]],
[[         192,        0.18],[         216,        0.19],[         314,        0.26],[         469,        0.37],[         546,        0.42]],
[[         141,        0.13],[         173,        0.15],[         305,        0.25],[         483,        0.39],[         510,        0.39]],
[[         508,        0.47],[         165,        0.15],[         241,         0.2],[         387,        0.31],[         471,        0.36]],
[[           .,           .],[         157,        0.14],[         216,        0.18],[         341,        0.27],[         452,        0.35]],
[[           .,           .],[         153,        0.14],[         220,        0.18],[         251,         0.2],[         408,        0.32]],
[[           .,           .],[         112,         0.1],[         158,        0.13],[         244,        0.19],[         380,        0.29]],
[[           .,           .],[          88,        0.08],[         148,        0.12],[         225,        0.18],[         381,        0.29]],
[[           .,           .],[         215,        0.19],[         499,        0.41],[         916,        0.73],[        1725,        1.33]]],
[[[         586,        0.54],[         596,        0.53],[         505,        0.42],[         534,        0.43],[         541,        0.42]],
[[         636,        0.59],[         606,        0.54],[         559,        0.46],[         567,        0.45],[         567,        0.44]],
[[         617,        0.57],[         586,        0.52],[         594,        0.49],[         590,        0.47],[         586,        0.45]],
[[         658,        0.61],[         640,        0.57],[         579,        0.48],[         604,        0.48],[         597,        0.46]],
[[         682,        0.63],[         611,        0.54],[         674,        0.56],[         619,        0.49],[         609,        0.47]],
[[         693,        0.64],[         551,        0.49],[         655,        0.54],[         637,        0.51],[         626,        0.48]],
[[         683,        0.63],[         668,        0.59],[         718,        0.59],[         649,        0.52],[         638,        0.49]],
[[         724,        0.67],[         631,        0.56],[         668,        0.55],[         660,        0.53],[         651,         0.5]],
[[         765,        0.71],[         633,        0.56],[         729,         0.6],[         674,        0.54],[         667,        0.52]],
[[         772,        0.72],[         711,        0.63],[         727,         0.6],[         684,        0.55],[         676,        0.52]],
[[         731,        0.68],[         706,        0.62],[         782,        0.65],[         698,        0.56],[         690,        0.53]],
[[         741,        0.69],[         763,        0.67],[         730,         0.6],[         704,        0.56],[         703,        0.54]],
[[         715,        0.66],[         678,         0.6],[         668,        0.55],[         710,        0.57],[         714,        0.55]],
[[         724,        0.67],[         752,        0.66],[         767,        0.64],[         726,        0.58],[         725,        0.56]],
[[         708,        0.66],[         805,        0.71],[         689,        0.57],[         772,        0.62],[         743,        0.57]],
[[         720,        0.67],[         760,        0.67],[         683,        0.57],[         769,        0.61],[         752,        0.58]],
[[         689,        0.64],[         710,        0.63],[         711,        0.59],[         835,        0.67],[         760,        0.59]],
[[         680,        0.63],[         798,        0.71],[         683,        0.57],[         791,        0.63],[         760,        0.59]],
[[         594,        0.55],[         797,         0.7],[         702,        0.58],[         785,        0.63],[         734,        0.57]],
[[         583,        0.54],[         576,        0.51],[         511,        0.42],[         493,        0.39],[         478,        0.37]],
[[         418,        0.39],[         384,        0.34],[         425,        0.35],[         407,        0.32],[         386,         0.3]],
[[         385,        0.36],[         453,         0.4],[         520,        0.43],[         425,        0.34],[         425,        0.33]],
[[         405,        0.38],[         497,        0.44],[         543,        0.45],[         491,        0.39],[         518,         0.4]],
[[         476,        0.44],[         505,        0.45],[         613,        0.51],[         514,        0.41],[         552,        0.43]],
[[         594,        0.55],[         485,        0.43],[         573,        0.47],[         500,         0.4],[         559,        0.43]],
[[         570,        0.53],[         440,        0.39],[         551,        0.46],[         487,        0.39],[         575,        0.44]],
[[         605,        0.56],[         456,         0.4],[         555,        0.46],[         470,        0.38],[         585,        0.45]],
[[         651,         0.6],[         498,        0.44],[         561,        0.46],[         477,        0.38],[         569,        0.44]],
[[         685,        0.64],[         536,        0.47],[         548,        0.45],[         476,        0.38],[         551,        0.43]],
[[         720,        0.67],[         533,        0.47],[         570,        0.47],[         490,        0.39],[         537,        0.42]],
[[         737,        0.68],[         489,        0.43],[         563,        0.47],[         512,        0.41],[         560,        0.43]],
[[         749,        0.69],[         539,        0.48],[         560,        0.46],[         549,        0.44],[         551,        0.43]],
[[         811,        0.75],[         573,        0.51],[         537,        0.44],[         549,        0.44],[         546,        0.42]],
[[         831,        0.77],[         612,        0.54],[         548,        0.45],[         565,        0.45],[         535,        0.41]],
[[         888,        0.82],[         640,        0.57],[         575,        0.48],[         590,        0.47],[         543,        0.42]],
[[         861,         0.8],[         671,        0.59],[         620,        0.51],[         624,         0.5],[         553,        0.43]],
[[         830,        0.77],[         779,        0.69],[         636,        0.53],[         647,        0.52],[         559,        0.43]],
[[         857,         0.8],[         802,        0.71],[         695,        0.58],[         692,        0.55],[         599,        0.46]],
[[         859,         0.8],[         811,        0.72],[         755,        0.63],[         693,        0.55],[         623,        0.48]],
[[         889,        0.82],[         890,        0.79],[         804,        0.67],[         717,        0.57],[         653,        0.51]],
[[         886,        0.82],[         898,        0.79],[         660,        0.55],[         734,        0.59],[         681,        0.53]],
[[         834,        0.77],[         897,        0.79],[         751,        0.62],[         745,        0.59],[         725,        0.56]],
[[         810,        0.75],[         971,        0.86],[         786,        0.65],[         736,        0.59],[         731,        0.57]],
[[         784,        0.73],[         956,        0.84],[         808,        0.67],[         753,         0.6],[         751,        0.58]],
[[         758,         0.7],[        1060,        0.94],[         837,        0.69],[         763,        0.61],[         774,         0.6]],
[[         800,        0.74],[        1009,        0.89],[         817,        0.68],[         788,        0.63],[         790,        0.61]],
[[         754,         0.7],[         963,        0.85],[         915,        0.76],[         812,        0.65],[         811,        0.63]],
[[         765,        0.71],[         915,        0.81],[         953,        0.79],[         841,        0.67],[         833,        0.64]],
[[         862,         0.8],[         903,         0.8],[         928,        0.77],[         872,         0.7],[         829,        0.64]],
[[         896,        0.83],[         897,        0.79],[         980,        0.81],[         868,        0.69],[         843,        0.65]],
[[         946,        0.88],[         867,        0.77],[        1000,        0.83],[         772,        0.62],[         844,        0.65]],
[[         982,        0.91],[         847,        0.75],[         983,        0.81],[         814,        0.65],[         840,        0.65]],
[[         811,        0.75],[         801,        0.71],[        1051,        0.87],[         842,        0.67],[         824,        0.64]],
[[         807,        0.75],[         781,        0.69],[         990,        0.82],[         869,        0.69],[         827,        0.64]],
[[         750,         0.7],[         748,        0.66],[        1084,         0.9],[         849,        0.68],[         831,        0.64]],
[[         724,        0.67],[         735,        0.65],[        1056,        0.88],[         881,         0.7],[         845,        0.65]],
[[         652,         0.6],[         684,         0.6],[         938,        0.78],[         950,        0.76],[         856,        0.66]],
[[         592,        0.55],[         717,        0.63],[         941,        0.78],[         979,        0.78],[         877,        0.68]],
[[         622,        0.58],[         791,         0.7],[         877,        0.73],[         921,        0.74],[         898,        0.69]],
[[         616,        0.57],[         851,        0.75],[         864,        0.72],[         992,        0.79],[         884,        0.68]],
[[         557,        0.52],[         893,        0.79],[         813,        0.67],[         986,        0.79],[         805,        0.62]],
[[         567,        0.53],[         945,        0.84],[         849,         0.7],[         981,        0.78],[         820,        0.63]],
[[         519,        0.48],[         763,        0.67],[         807,        0.67],[        1011,        0.81],[         842,        0.65]],
[[         499,        0.46],[         770,        0.68],[         745,        0.62],[         974,        0.78],[         868,        0.67]],
[[         476,        0.44],[         708,        0.63],[         722,         0.6],[        1045,        0.83],[         854,        0.66]],
[[         494,        0.46],[         684,         0.6],[         726,         0.6],[        1010,        0.81],[         889,        0.69]],
[[         505,        0.47],[         606,        0.54],[         693,        0.57],[         942,        0.75],[         947,        0.73]],
[[         478,        0.44],[         547,        0.48],[         725,         0.6],[         923,        0.74],[         978,        0.76]],
[[         483,        0.45],[         607,        0.54],[         773,        0.64],[         884,        0.71],[         917,        0.71]],
[[         445,        0.41],[         557,        0.49],[         820,        0.68],[         856,        0.68],[         973,        0.75]],
[[         417,        0.39],[         545,        0.48],[         900,        0.75],[         817,        0.65],[         966,        0.75]],
[[         470,        0.44],[         517,        0.46],[         952,        0.79],[         817,        0.65],[         972,        0.75]],
[[         459,        0.43],[         507,        0.45],[         744,        0.62],[         776,        0.62],[         994,        0.77]],
[[         433,         0.4],[         452,         0.4],[         693,        0.57],[         740,        0.59],[         965,        0.75]],
[[         435,         0.4],[         440,        0.39],[         680,        0.56],[         715,        0.57],[        1011,        0.78]],
[[         435,         0.4],[         452,         0.4],[         640,        0.53],[         708,        0.57],[         971,        0.75]],
[[         391,        0.36],[         446,        0.39],[         616,        0.51],[         674,        0.54],[         904,         0.7]],
[[         432,         0.4],[         430,        0.38],[         507,        0.42],[         693,        0.55],[         875,        0.68]],
[[         458,        0.42],[         443,        0.39],[         561,        0.46],[         719,        0.57],[         832,        0.64]],
[[         318,         0.3],[         381,        0.34],[         521,        0.43],[         751,         0.6],[         796,        0.62]],
[[         266,        0.25],[         373,        0.33],[         502,        0.42],[         798,        0.64],[         755,        0.58]],
[[         289,        0.27],[         355,        0.31],[         463,        0.38],[         815,        0.65],[         730,        0.56]],
[[         302,        0.28],[         354,        0.31],[         437,        0.36],[         638,        0.51],[         681,        0.53]],
[[         296,        0.27],[         332,        0.29],[         355,        0.29],[         578,        0.46],[         640,         0.5]],
[[         283,        0.26],[         332,        0.29],[         342,        0.28],[         554,        0.44],[         607,        0.47]],
[[        1581,        1.47],[         288,        0.25],[         366,         0.3],[         496,         0.4],[         576,        0.45]],
[[           .,           .],[         273,        0.24],[         333,        0.28],[         443,        0.35],[         533,        0.41]],
[[           .,           .],[         285,        0.25],[         278,        0.23],[         362,        0.29],[         519,         0.4]],
[[           .,           .],[         246,        0.22],[         280,        0.23],[         374,         0.3],[         515,         0.4]],
[[           .,           .],[         211,        0.19],[         235,        0.19],[         327,        0.26],[         504,        0.39]],
[[           .,           .],[         695,        0.61],[        1028,        0.85],[        1349,        1.08],[        2327,         1.8]]]]}}
