{
"ons":{
"label":"Population Projections for England and Wales, by local authority",
"source":"Office for National Statistics",
"updated":"2014-10-01",
"area": {
"code":"K04000001",
"label":"England and Wales"
},
"time": {
"label":"1998-2038",
"index":["1998",  "2008",  "2018",  "2028",  "2038"]
},
"concept":{
"label":["population", "% of population"],
"units":["count", "%"],
"max":[        1960,         1.67]
},
"sums":{
"series1":[       52559,        50478,        52468,        54749,        56472],
"series2":[       56481,        54462,        55862,        58902,        60956]
},
"dimension":{
"label":"age",
"index":["0", "1", "2", "3", "4", "5", "6", "7", "8", "9", "10", "11", "12", "13", "14", "15", "16", "17", "18", "19", "20", "21", "22", "23", "24", "25", "26", "27", "28", "29", "30", "31", "32", "33", "34", "35", "36", "37", "38", "39", "40", "41", "42", "43", "44", "45", "46", "47", "48", "49", "50", "51", "52", "53", "54", "55", "56", "57", "58", "59", "60", "61", "62", "63", "64", "65", "66", "67", "68", "69", "70", "71", "72", "73", "74", "75", "76", "77", "78", "79", "80", "81", "82", "83", "84", "85", "86", "87", "88", "89", "90+"]
},
"series":["male", "female"],
"value":[[[[         620,        0.57],[         527,         0.5],[         526,        0.49],[         509,        0.45],[         505,        0.43]],
[[         585,        0.54],[         457,        0.44],[         597,        0.55],[         550,        0.48],[         537,        0.46]],
[[         681,        0.62],[         532,        0.51],[         564,        0.52],[         576,        0.51],[         561,        0.48]],
[[         671,        0.62],[         546,        0.52],[         587,        0.54],[         601,        0.53],[         580,        0.49]],
[[         737,        0.68],[         579,        0.55],[         631,        0.58],[         617,        0.54],[         602,        0.51]],
[[         717,        0.66],[         567,        0.54],[         608,        0.56],[         633,        0.56],[         620,        0.53]],
[[         738,        0.68],[         568,        0.54],[         610,        0.56],[         647,        0.57],[         641,        0.55]],
[[         787,        0.72],[         591,        0.56],[         699,        0.65],[         660,        0.58],[         656,        0.56]],
[[         792,        0.73],[         623,        0.59],[         640,        0.59],[         657,        0.58],[         669,        0.57]],
[[         764,         0.7],[         644,        0.61],[         684,        0.63],[         669,        0.59],[         685,        0.58]],
[[         767,         0.7],[         738,         0.7],[         639,        0.59],[         672,        0.59],[         697,        0.59]],
[[         761,         0.7],[         655,        0.62],[         597,        0.55],[         647,        0.57],[         715,        0.61]],
[[         757,        0.69],[         744,        0.71],[         643,        0.59],[         720,        0.63],[         725,        0.62]],
[[         789,        0.72],[         727,        0.69],[         663,        0.61],[         708,        0.62],[         731,        0.62]],
[[         732,        0.67],[         775,        0.74],[         672,        0.62],[         729,        0.64],[         731,        0.62]],
[[         760,         0.7],[         750,        0.71],[         595,        0.55],[         696,        0.61],[         729,        0.62]],
[[         759,         0.7],[         731,         0.7],[         595,        0.55],[         695,        0.61],[         724,        0.62]],
[[         757,        0.69],[         779,        0.74],[         646,         0.6],[         765,        0.67],[         722,        0.61]],
[[         728,        0.67],[         728,        0.69],[         654,         0.6],[         649,        0.57],[         681,        0.58]],
[[         677,        0.62],[         670,        0.64],[         606,        0.56],[         634,        0.56],[         638,        0.54]],
[[         617,        0.57],[         635,        0.61],[         628,        0.58],[         590,        0.52],[         619,        0.53]],
[[         635,        0.58],[         617,        0.59],[         577,        0.53],[         535,        0.47],[         577,        0.49]],
[[         585,        0.54],[         621,        0.59],[         679,        0.63],[         579,        0.51],[         629,        0.54]],
[[         556,        0.51],[         606,        0.58],[         664,        0.61],[         568,         0.5],[         604,        0.51]],
[[         560,        0.51],[         509,        0.49],[         659,        0.61],[         551,        0.48],[         606,        0.52]],
[[         551,        0.51],[         489,        0.47],[         655,         0.6],[         484,        0.43],[         562,        0.48]],
[[         570,        0.52],[         515,        0.49],[         620,        0.57],[         469,        0.41],[         542,        0.46]],
[[         586,        0.54],[         474,        0.45],[         604,        0.56],[         487,        0.43],[         576,        0.49]],
[[         633,        0.58],[         461,        0.44],[         601,        0.55],[         488,        0.43],[         493,        0.42]],
[[         631,        0.58],[         446,        0.43],[         552,        0.51],[         481,        0.42],[         504,        0.43]],
[[         685,        0.63],[         393,        0.37],[         510,        0.47],[         512,        0.45],[         471,         0.4]],
[[         716,        0.66],[         433,        0.41],[         486,        0.45],[         487,        0.43],[         439,        0.37]],
[[         702,        0.64],[         424,         0.4],[         504,        0.47],[         536,        0.47],[         475,         0.4]],
[[         802,        0.74],[         388,        0.37],[         540,         0.5],[         587,        0.52],[         504,        0.43]],
[[         789,        0.72],[         456,        0.43],[         467,        0.43],[         611,        0.54],[         518,        0.44]],
[[         822,        0.75],[         520,         0.5],[         512,        0.47],[         662,        0.58],[         497,        0.42]],
[[         836,        0.77],[         587,        0.56],[         562,        0.52],[         700,        0.62],[         515,        0.44]],
[[         833,        0.76],[         597,        0.57],[         530,        0.49],[         728,        0.64],[         573,        0.49]],
[[         785,        0.72],[         682,        0.65],[         524,        0.48],[         744,        0.65],[         624,        0.53]],
[[         848,        0.78],[         687,        0.65],[         601,        0.55],[         731,        0.64],[         647,        0.55]],
[[         853,        0.78],[         707,        0.67],[         499,        0.46],[         746,        0.66],[         699,         0.6]],
[[         841,        0.77],[         753,        0.72],[         565,        0.52],[         711,        0.63],[         713,        0.61]],
[[         850,        0.78],[         737,         0.7],[         592,        0.55],[         739,        0.65],[         750,        0.64]],
[[         800,        0.73],[         862,        0.82],[         580,        0.54],[         721,        0.63],[         775,        0.66]],
[[         767,         0.7],[         802,        0.76],[         580,        0.54],[         654,        0.58],[         789,        0.67]],
[[         787,        0.72],[         829,        0.79],[         651,         0.6],[         680,         0.6],[         821,         0.7]],
[[         711,        0.65],[         848,        0.81],[         704,        0.65],[         701,        0.62],[         855,        0.73]],
[[         775,        0.71],[         842,         0.8],[         726,        0.67],[         676,        0.59],[         847,        0.72]],
[[         768,         0.7],[         778,        0.74],[         726,        0.67],[         631,        0.56],[         824,         0.7]],
[[         773,        0.71],[         885,        0.84],[         742,        0.68],[         649,        0.57],[         798,        0.68]],
[[         818,        0.75],[         796,        0.76],[         734,        0.68],[         544,        0.48],[         799,        0.68]],
[[         900,        0.83],[         791,        0.75],[         786,        0.73],[         599,        0.53],[         744,        0.63]],
[[         725,        0.66],[         790,        0.75],[         756,         0.7],[         604,        0.53],[         757,        0.64]],
[[         689,        0.63],[         782,        0.75],[         893,        0.82],[         572,         0.5],[         728,        0.62]],
[[         698,        0.64],[         702,        0.67],[         814,        0.75],[         587,        0.52],[         658,        0.56]],
[[         652,         0.6],[         744,        0.71],[         815,        0.75],[         654,        0.58],[         678,        0.58]],
[[         609,        0.56],[         637,        0.61],[         839,        0.77],[         704,        0.62],[         697,        0.59]],
[[         551,        0.51],[         691,        0.66],[         796,        0.73],[         689,        0.61],[         669,        0.57]],
[[         630,        0.58],[         689,        0.66],[         750,        0.69],[         687,         0.6],[         623,        0.53]],
[[         578,        0.53],[         702,        0.67],[         814,        0.75],[         713,        0.63],[         628,        0.53]],
[[         601,        0.55],[         749,        0.71],[         729,        0.67],[         700,        0.62],[         514,        0.44]],
[[         617,        0.57],[         802,        0.76],[         718,        0.66],[         751,        0.66],[         568,        0.48]],
[[         565,        0.52],[         619,        0.59],[         707,        0.65],[         711,        0.63],[         567,        0.48]],
[[         559,        0.51],[         604,        0.58],[         709,        0.65],[         822,        0.72],[         529,        0.45]],
[[         558,        0.51],[         595,        0.57],[         635,        0.59],[         751,        0.66],[         544,        0.46]],
[[         519,        0.48],[         554,        0.53],[         674,        0.62],[         744,        0.65],[         599,        0.51]],
[[         529,        0.49],[         503,        0.48],[         568,        0.52],[         754,        0.66],[         639,        0.54]],
[[         482,        0.44],[         467,        0.45],[         648,         0.6],[         712,        0.63],[         624,        0.53]],
[[         465,        0.43],[         521,         0.5],[         623,        0.58],[         671,        0.59],[         619,        0.53]],
[[         468,        0.43],[         487,        0.46],[         606,        0.56],[         728,        0.64],[         651,        0.55]],
[[         412,        0.38],[         495,        0.47],[         651,         0.6],[         657,        0.58],[         635,        0.54]],
[[         380,        0.35],[         502,        0.48],[         705,        0.65],[         629,        0.55],[         675,        0.57]],
[[         372,        0.34],[         460,        0.44],[         482,        0.44],[         630,        0.55],[         634,        0.54]],
[[         317,        0.29],[         439,        0.42],[         508,        0.47],[         616,        0.54],[         728,        0.62]],
[[         330,         0.3],[         437,        0.42],[         496,        0.46],[         547,        0.48],[         656,        0.56]],
[[         306,        0.28],[         384,        0.37],[         449,        0.41],[         558,        0.49],[         642,        0.55]],
[[         290,        0.27],[         385,        0.37],[         390,        0.36],[         466,        0.41],[         645,        0.55]],
[[         251,        0.23],[         338,        0.32],[         360,        0.33],[         525,        0.46],[         600,        0.51]],
[[         255,        0.23],[         331,        0.32],[         392,        0.36],[         494,        0.43],[         554,        0.47]],
[[         169,        0.15],[         305,        0.29],[         349,        0.32],[         482,        0.42],[         585,         0.5]],
[[         152,        0.14],[         266,        0.25],[         368,        0.34],[         491,        0.43],[         518,        0.44]],
[[         146,        0.13],[         235,        0.22],[         362,        0.33],[         506,        0.45],[         488,        0.42]],
[[         124,        0.11],[         200,        0.19],[         305,        0.28],[         350,        0.31],[         475,         0.4]],
[[         112,         0.1],[         167,        0.16],[         293,        0.27],[         350,        0.31],[         449,        0.38]],
[[          97,        0.09],[         151,        0.14],[         266,        0.25],[         334,        0.29],[         387,        0.33]],
[[          88,        0.08],[         132,        0.13],[         212,         0.2],[         279,        0.25],[         378,        0.32]],
[[          68,        0.06],[         114,        0.11],[         207,        0.19],[         245,        0.22],[         303,        0.26]],
[[          54,        0.05],[         108,         0.1],[         168,        0.16],[         213,        0.19],[         323,        0.28]],
[[          57,        0.05],[          83,        0.08],[         147,        0.14],[         216,        0.19],[         287,        0.24]],
[[          34,        0.03],[          52,        0.05],[         120,        0.11],[         172,        0.15],[         258,        0.22]],
[[          86,        0.08],[         155,        0.15],[         328,         0.3],[         820,        0.72],[        1422,        1.21]]],
[[[         560,        0.51],[         439,        0.42],[         464,        0.43],[         493,        0.43],[         485,        0.41]],
[[         572,        0.52],[         476,        0.45],[         514,        0.47],[         520,        0.46],[         512,        0.44]],
[[         649,         0.6],[         510,        0.49],[         525,        0.48],[         558,        0.49],[         543,        0.46]],
[[         602,        0.55],[         487,        0.46],[         588,        0.54],[         590,        0.52],[         576,        0.49]],
[[         657,         0.6],[         518,        0.49],[         623,        0.58],[         607,        0.53],[         595,        0.51]],
[[         675,        0.62],[         532,        0.51],[         607,        0.56],[         625,        0.55],[         609,        0.52]],
[[         755,        0.69],[         546,        0.52],[         569,        0.53],[         639,        0.56],[         634,        0.54]],
[[         711,        0.65],[         577,        0.55],[         652,         0.6],[         645,        0.57],[         652,        0.56]],
[[         708,        0.65],[         556,        0.53],[         615,        0.57],[         651,        0.57],[         660,        0.56]],
[[         719,        0.66],[         627,         0.6],[         589,        0.54],[         653,        0.57],[         672,        0.57]],
[[         741,        0.68],[         631,         0.6],[         611,        0.56],[         655,        0.58],[         683,        0.58]],
[[         710,        0.65],[         647,        0.62],[         594,        0.55],[         632,        0.56],[         685,        0.58]],
[[         742,        0.68],[         662,        0.63],[         598,        0.55],[         674,        0.59],[         692,        0.59]],
[[         774,        0.71],[         652,        0.62],[         596,        0.55],[         711,        0.63],[         695,        0.59]],
[[         716,        0.66],[         705,        0.67],[         560,        0.52],[         716,        0.63],[         693,        0.59]],
[[         728,        0.67],[         699,        0.67],[         564,        0.52],[         695,        0.61],[         694,        0.59]],
[[         701,        0.64],[         779,        0.74],[         583,        0.54],[         630,        0.55],[         689,        0.59]],
[[         654,         0.6],[         705,        0.67],[         579,        0.53],[         701,        0.62],[         678,        0.58]],
[[         651,         0.6],[         603,        0.57],[         531,        0.49],[         574,        0.51],[         616,        0.52]],
[[         614,        0.56],[         603,        0.57],[         540,         0.5],[         520,        0.46],[         556,        0.47]],
[[         612,        0.56],[         571,        0.54],[         516,        0.48],[         521,        0.46],[         546,        0.46]],
[[         602,        0.55],[         517,        0.49],[         513,        0.47],[         494,        0.43],[         535,        0.46]],
[[         621,        0.57],[         536,        0.51],[         552,        0.51],[         503,        0.44],[         553,        0.47]],
[[         563,        0.52],[         517,        0.49],[         494,        0.46],[         476,        0.42],[         568,        0.48]],
[[         548,         0.5],[         486,        0.46],[         564,        0.52],[         445,        0.39],[         545,        0.46]],
[[         565,        0.52],[         484,        0.46],[         525,        0.48],[         420,        0.37],[         515,        0.44]],
[[         597,        0.55],[         444,        0.42],[         597,        0.55],[         412,        0.36],[         453,        0.39]],
[[         637,        0.58],[         447,        0.43],[         513,        0.47],[         403,        0.35],[         479,        0.41]],
[[         663,        0.61],[         466,        0.44],[         459,        0.42],[         399,        0.35],[         440,        0.37]],
[[         690,        0.63],[         442,        0.42],[         490,        0.45],[         440,        0.39],[         443,        0.38]],
[[         706,        0.65],[         436,        0.42],[         535,        0.49],[         472,        0.42],[         463,        0.39]],
[[         756,        0.69],[         449,        0.43],[         479,        0.44],[         506,        0.45],[         459,        0.39]],
[[         800,        0.73],[         479,        0.46],[         526,        0.49],[         558,        0.49],[         491,        0.42]],
[[         811,        0.74],[         524,         0.5],[         498,        0.46],[         562,        0.49],[         504,        0.43]],
[[         892,        0.82],[         543,        0.52],[         579,        0.53],[         627,        0.55],[         521,        0.44]],
[[         896,        0.82],[         601,        0.57],[         564,        0.52],[         678,         0.6],[         533,        0.45]],
[[         928,        0.85],[         679,        0.65],[         557,        0.51],[         788,        0.69],[         578,        0.49]],
[[         917,        0.84],[         765,        0.73],[         658,        0.61],[         781,        0.69],[         621,        0.53]],
[[         888,        0.81],[         741,        0.71],[         680,        0.63],[         751,        0.66],[         644,        0.55]],
[[         938,        0.86],[         812,        0.77],[         653,         0.6],[         797,         0.7],[         699,         0.6]],
[[         904,        0.83],[         816,        0.78],[         630,        0.58],[         808,        0.71],[         741,        0.63]],
[[         955,        0.88],[         900,        0.86],[         619,        0.57],[         761,        0.67],[         782,        0.67]],
[[         859,        0.79],[         886,        0.84],[         639,        0.59],[         764,        0.67],[         813,        0.69]],
[[         814,        0.75],[         870,        0.83],[         654,         0.6],[         747,        0.66],[         801,        0.68]],
[[         834,        0.76],[         965,        0.92],[         675,        0.62],[         767,        0.67],[         844,        0.72]],
[[         852,        0.78],[         955,        0.91],[         739,        0.68],[         754,        0.66],[         880,        0.75]],
[[         742,        0.68],[         956,        0.91],[         802,        0.74],[         739,        0.65],[         958,        0.82]],
[[         802,        0.74],[         926,        0.88],[         878,        0.81],[         780,        0.69],[         918,        0.78]],
[[         836,        0.77],[         886,        0.84],[         844,        0.78],[         769,        0.68],[         853,        0.73]],
[[         858,        0.79],[         923,        0.88],[         835,        0.77],[         728,        0.64],[         876,        0.75]],
[[         845,        0.77],[         881,        0.84],[         829,        0.77],[         672,        0.59],[         866,        0.74]],
[[         910,        0.83],[         918,        0.87],[         910,        0.84],[         651,        0.57],[         809,        0.69]],
[[         737,        0.68],[         821,        0.78],[         876,        0.81],[         655,        0.58],[         790,        0.67]],
[[         730,        0.67],[         785,        0.75],[         875,        0.81],[         666,        0.59],[         753,        0.64]],
[[         745,        0.68],[         779,        0.74],[         931,        0.86],[         662,        0.58],[         763,        0.65]],
[[         699,        0.64],[         768,        0.73],[         905,        0.84],[         724,        0.64],[         748,        0.64]],
[[         662,        0.61],[         714,        0.68],[         918,        0.85],[         774,        0.68],[         729,        0.62]],
[[         646,        0.59],[         707,        0.67],[         892,        0.82],[         840,        0.74],[         761,        0.65]],
[[         673,        0.62],[         773,        0.74],[         824,        0.76],[         805,        0.71],[         744,        0.63]],
[[         708,        0.65],[         789,        0.75],[         874,        0.81],[         809,        0.71],[         702,         0.6]],
[[         653,         0.6],[         736,         0.7],[         824,        0.76],[         802,        0.71],[         645,        0.55]],
[[         657,         0.6],[         853,        0.81],[         850,        0.78],[         880,        0.77],[         626,        0.53]],
[[         603,        0.55],[         656,        0.63],[         755,         0.7],[         838,        0.74],[         625,        0.53]],
[[         641,        0.59],[         674,        0.64],[         721,        0.67],[         825,        0.73],[         635,        0.54]],
[[         593,        0.54],[         680,        0.65],[         719,        0.66],[         894,        0.79],[         631,        0.54]],
[[         559,        0.51],[         643,        0.61],[         709,        0.65],[         860,        0.76],[         684,        0.58]],
[[         568,        0.52],[         584,        0.56],[         668,        0.62],[         872,        0.77],[         740,        0.63]],
[[         550,         0.5],[         577,        0.55],[         643,        0.59],[         845,        0.74],[         801,        0.68]],
[[         539,        0.49],[         583,        0.56],[         716,        0.66],[         793,         0.7],[         772,        0.66]],
[[         525,        0.48],[         627,         0.6],[         725,        0.67],[         819,        0.72],[         770,        0.66]],
[[         494,        0.45],[         592,        0.56],[         691,        0.64],[         770,        0.68],[         758,        0.65]],
[[         514,        0.47],[         594,        0.57],[         764,        0.71],[         794,         0.7],[         831,        0.71]],
[[         480,        0.44],[         519,        0.49],[         599,        0.55],[         703,        0.62],[         791,        0.67]],
[[         481,        0.44],[         538,        0.51],[         577,        0.53],[         664,        0.58],[         775,        0.66]],
[[         446,        0.41],[         518,        0.49],[         602,        0.56],[         664,        0.58],[         830,        0.71]],
[[         395,        0.36],[         482,        0.46],[         593,        0.55],[         650,        0.57],[         792,        0.67]],
[[         427,        0.39],[         451,        0.43],[         478,        0.44],[         611,        0.54],[         796,        0.68]],
[[         405,        0.37],[         431,        0.41],[         499,        0.46],[         580,        0.51],[         766,        0.65]],
[[         403,        0.37],[         416,         0.4],[         496,        0.46],[         630,        0.55],[         706,         0.6]],
[[         271,        0.25],[         382,        0.36],[         530,        0.49],[         624,        0.55],[         720,        0.61]],
[[         255,        0.23],[         372,        0.35],[         464,        0.43],[         579,        0.51],[         661,        0.56]],
[[         236,        0.22],[         372,        0.35],[         481,        0.44],[         605,        0.53],[         660,        0.56]],
[[         240,        0.22],[         331,        0.32],[         378,        0.35],[         474,        0.42],[         571,        0.49]],
[[         215,         0.2],[         291,        0.28],[         390,        0.36],[         438,        0.39],[         521,        0.44]],
[[         219,         0.2],[         277,        0.26],[         366,        0.34],[         427,        0.38],[         503,        0.43]],
[[         160,        0.15],[         228,        0.22],[         321,         0.3],[         412,        0.36],[         477,        0.41]],
[[         172,        0.16],[         239,        0.23],[         302,        0.28],[         325,        0.29],[         433,        0.37]],
[[         133,        0.12],[         206,         0.2],[         237,        0.22],[         313,        0.28],[         384,        0.33]],
[[         140,        0.13],[         177,        0.17],[         233,        0.22],[         286,        0.25],[         391,        0.33]],
[[          91,        0.08],[         110,         0.1],[         174,        0.16],[         280,        0.25],[         361,        0.31]],
[[         336,        0.31],[         412,        0.39],[         754,         0.7],[        1248,         1.1],[        1960,        1.67]]]]}}
