{
"ons":{
"label":"Population Projections for England and Wales, by local authority",
"source":"Office for National Statistics",
"updated":"2014-10-01",
"area": {
"code":"K04000001",
"label":"England and Wales"
},
"time": {
"label":"1998-2038",
"index":["1998",  "2008",  "2018",  "2028",  "2038"]
},
"concept":{
"label":["population", "% of population"],
"units":["count", "%"],
"max":[        1702,         1.57]
},
"sums":{
"series1":[       42138,        42860,        45473,        48498,        51320],
"series2":[       46172,        47010,        49697,        53967,        57285]
},
"dimension":{
"label":"age",
"index":["0", "1", "2", "3", "4", "5", "6", "7", "8", "9", "10", "11", "12", "13", "14", "15", "16", "17", "18", "19", "20", "21", "22", "23", "24", "25", "26", "27", "28", "29", "30", "31", "32", "33", "34", "35", "36", "37", "38", "39", "40", "41", "42", "43", "44", "45", "46", "47", "48", "49", "50", "51", "52", "53", "54", "55", "56", "57", "58", "59", "60", "61", "62", "63", "64", "65", "66", "67", "68", "69", "70", "71", "72", "73", "74", "75", "76", "77", "78", "79", "80", "81", "82", "83", "84", "85", "86", "87", "88", "89", "90+"]
},
"series":["male", "female"],
"value":[[[[         550,        0.62],[         457,        0.51],[         443,        0.47],[         500,        0.49],[         509,        0.47]],
[[         545,        0.62],[         500,        0.56],[         517,        0.54],[         539,        0.53],[         548,         0.5]],
[[         530,         0.6],[         470,        0.52],[         532,        0.56],[         588,        0.57],[         592,        0.55]],
[[         636,        0.72],[         515,        0.57],[         585,        0.61],[         623,        0.61],[         627,        0.58]],
[[         605,        0.69],[         566,        0.63],[         628,        0.66],[         651,        0.64],[         660,        0.61]],
[[         595,        0.67],[         512,        0.57],[         623,        0.65],[         674,        0.66],[         689,        0.63]],
[[         660,        0.75],[         557,        0.62],[         675,        0.71],[         682,        0.67],[         702,        0.65]],
[[         596,        0.67],[         558,        0.62],[         723,        0.76],[         687,        0.67],[         715,        0.66]],
[[         671,        0.76],[         598,        0.67],[         661,        0.69],[         686,        0.67],[         723,        0.67]],
[[         704,         0.8],[         609,        0.68],[         612,        0.64],[         705,        0.69],[         741,        0.68]],
[[         640,        0.72],[         651,        0.72],[         692,        0.73],[         703,        0.69],[         755,         0.7]],
[[         644,        0.73],[         637,        0.71],[         681,        0.72],[         679,        0.66],[         762,         0.7]],
[[         615,         0.7],[         639,        0.71],[         640,        0.67],[         709,        0.69],[         774,        0.71]],
[[         618,         0.7],[         692,        0.77],[         657,        0.69],[         741,        0.72],[         768,        0.71]],
[[         630,        0.71],[         683,        0.76],[         624,        0.66],[         745,        0.73],[         766,        0.71]],
[[         582,        0.66],[         624,        0.69],[         561,        0.59],[         708,        0.69],[         763,         0.7]],
[[         510,        0.58],[         664,        0.74],[         581,        0.61],[         743,        0.73],[         755,         0.7]],
[[         592,        0.67],[         591,        0.66],[         608,        0.64],[         762,        0.74],[         741,        0.68]],
[[         543,        0.61],[         643,        0.72],[         608,        0.64],[         669,        0.65],[         700,        0.64]],
[[         487,        0.55],[         625,         0.7],[         574,         0.6],[         586,        0.57],[         659,        0.61]],
[[         502,        0.57],[         540,         0.6],[         553,        0.58],[         606,        0.59],[         635,        0.58]],
[[         449,        0.51],[         519,        0.58],[         570,         0.6],[         578,        0.56],[         599,        0.55]],
[[         451,        0.51],[         475,        0.53],[         556,        0.58],[         522,        0.51],[         600,        0.55]],
[[         373,        0.42],[         472,        0.53],[         534,        0.56],[         524,        0.51],[         607,        0.56]],
[[         452,        0.51],[         453,         0.5],[         578,        0.61],[         493,        0.48],[         589,        0.54]],
[[         387,        0.44],[         380,        0.42],[         498,        0.52],[         425,        0.41],[         532,        0.49]],
[[         426,        0.48],[         371,        0.41],[         500,        0.53],[         412,         0.4],[         529,        0.49]],
[[         441,         0.5],[         409,        0.46],[         439,        0.46],[         430,        0.42],[         532,        0.49]],
[[         487,        0.55],[         390,        0.43],[         470,        0.49],[         426,        0.42],[         465,        0.43]],
[[         503,        0.57],[         340,        0.38],[         426,        0.45],[         410,         0.4],[         415,        0.38]],
[[         531,         0.6],[         340,        0.38],[         406,        0.43],[         420,        0.41],[         437,         0.4]],
[[         562,        0.64],[         351,        0.39],[         370,        0.39],[         447,        0.44],[         426,        0.39]],
[[         611,        0.69],[         387,        0.43],[         401,        0.42],[         465,        0.45],[         410,        0.38]],
[[         581,        0.66],[         349,        0.39],[         389,        0.41],[         472,        0.46],[         433,         0.4]],
[[         670,        0.76],[         465,        0.52],[         410,        0.43],[         528,        0.52],[         452,        0.42]],
[[         657,        0.74],[         457,        0.51],[         406,        0.43],[         541,        0.53],[         442,        0.41]],
[[         690,        0.78],[         514,        0.57],[         483,        0.51],[         627,        0.61],[         480,        0.44]],
[[         733,        0.83],[         529,        0.59],[         494,        0.52],[         625,        0.61],[         525,        0.48]],
[[         711,        0.81],[         566,        0.63],[         540,        0.57],[         646,        0.63],[         562,        0.52]],
[[         773,        0.88],[         626,         0.7],[         500,        0.53],[         652,        0.64],[         595,        0.55]],
[[         725,        0.82],[         612,        0.68],[         567,         0.6],[         661,        0.65],[         627,        0.58]],
[[         716,        0.81],[         677,        0.75],[         540,        0.57],[         644,        0.63],[         682,        0.63]],
[[         714,        0.81],[         732,        0.81],[         551,        0.58],[         652,        0.64],[         701,        0.65]],
[[         671,        0.76],[         667,        0.74],[         552,        0.58],[         658,        0.64],[         711,        0.65]],
[[         635,        0.72],[         757,        0.84],[         594,        0.62],[         622,        0.61],[         745,        0.69]],
[[         625,        0.71],[         722,         0.8],[         649,        0.68],[         617,         0.6],[         752,        0.69]],
[[         610,        0.69],[         729,        0.81],[         665,         0.7],[         658,        0.64],[         818,        0.75]],
[[         557,        0.63],[         717,         0.8],[         648,        0.68],[         646,        0.63],[         784,        0.72]],
[[         603,        0.68],[         702,        0.78],[         621,        0.65],[         631,        0.62],[         765,         0.7]],
[[         615,         0.7],[         759,        0.84],[         660,        0.69],[         562,        0.55],[         741,        0.68]],
[[         652,        0.74],[         698,        0.78],[         614,        0.65],[         578,        0.56],[         723,        0.67]],
[[         726,        0.82],[         694,        0.77],[         699,        0.73],[         559,        0.55],[         685,        0.63]],
[[         591,        0.67],[         713,        0.79],[         727,        0.76],[         544,        0.53],[         668,        0.62]],
[[         530,         0.6],[         623,        0.69],[         637,        0.67],[         521,        0.51],[         646,        0.59]],
[[         504,        0.57],[         578,        0.64],[         717,        0.75],[         547,        0.53],[         601,        0.55]],
[[         502,        0.57],[         575,        0.64],[         674,        0.71],[         584,        0.57],[         578,        0.53]],
[[         448,        0.51],[         572,        0.64],[         680,        0.71],[         590,        0.58],[         606,        0.56]],
[[         456,        0.52],[         510,        0.57],[         658,        0.69],[         559,        0.55],[         590,        0.54]],
[[         434,        0.49],[         562,        0.63],[         624,        0.66],[         534,        0.52],[         577,        0.53]],
[[         444,         0.5],[         543,         0.6],[         668,         0.7],[         582,        0.57],[         512,        0.47]],
[[         470,        0.53],[         583,        0.65],[         620,        0.65],[         543,        0.53],[         519,        0.48]],
[[         450,        0.51],[         610,        0.68],[         604,        0.63],[         619,         0.6],[         495,        0.46]],
[[         419,        0.47],[         504,        0.56],[         624,        0.66],[         631,        0.62],[         476,        0.44]],
[[         401,        0.45],[         450,         0.5],[         547,        0.57],[         544,        0.53],[         453,        0.42]],
[[         402,        0.46],[         439,        0.49],[         496,        0.52],[         613,         0.6],[         477,        0.44]],
[[         379,        0.43],[         411,        0.46],[         510,        0.54],[         589,        0.57],[         512,        0.47]],
[[         398,        0.45],[         380,        0.42],[         507,        0.53],[         577,        0.56],[         515,        0.47]],
[[         375,        0.42],[         392,        0.44],[         452,        0.47],[         555,        0.54],[         488,        0.45]],
[[         365,        0.41],[         363,         0.4],[         483,        0.51],[         532,        0.52],[         460,        0.42]],
[[         334,        0.38],[         399,        0.44],[         470,        0.49],[         566,        0.55],[         499,        0.46]],
[[         317,        0.36],[         404,        0.45],[         490,        0.51],[         512,         0.5],[         464,        0.43]],
[[         280,        0.32],[         368,        0.41],[         509,        0.53],[         504,        0.49],[         529,        0.49]],
[[         333,        0.38],[         367,        0.41],[         414,        0.44],[         514,         0.5],[         541,         0.5]],
[[         294,        0.33],[         315,        0.35],[         362,        0.38],[         455,        0.44],[         459,        0.42]],
[[         264,         0.3],[         301,        0.33],[         372,        0.39],[         406,         0.4],[         515,        0.47]],
[[         232,        0.26],[         293,        0.33],[         328,        0.34],[         410,         0.4],[         494,        0.45]],
[[         242,        0.27],[         287,        0.32],[         293,        0.31],[         409,         0.4],[         480,        0.44]],
[[         220,        0.25],[         266,         0.3],[         284,         0.3],[         352,        0.34],[         452,        0.42]],
[[         188,        0.21],[         241,        0.27],[         256,        0.27],[         368,        0.36],[         434,         0.4]],
[[         128,        0.14],[         229,        0.25],[         304,        0.32],[         357,        0.35],[         456,        0.42]],
[[         136,        0.15],[         197,        0.22],[         272,        0.29],[         370,        0.36],[         406,        0.37]],
[[         115,        0.13],[         172,        0.19],[         261,        0.27],[         367,        0.36],[         388,        0.36]],
[[         115,        0.13],[         208,        0.23],[         243,        0.26],[         288,        0.28],[         386,        0.36]],
[[         104,        0.12],[         148,        0.16],[         197,        0.21],[         241,        0.24],[         333,        0.31]],
[[         103,        0.12],[         141,        0.16],[         177,        0.19],[         239,        0.23],[         285,        0.26]],
[[          86,         0.1],[         112,        0.12],[         168,        0.18],[         199,        0.19],[         270,        0.25]],
[[          64,        0.07],[         103,        0.11],[         150,        0.16],[         167,        0.16],[         255,        0.23]],
[[          52,        0.06],[          76,        0.08],[         114,        0.12],[         163,        0.16],[         211,        0.19]],
[[          48,        0.05],[          71,        0.08],[         103,        0.11],[         137,        0.13],[         208,        0.19]],
[[          46,        0.05],[          41,        0.05],[          84,        0.09],[         137,        0.13],[         186,        0.17]],
[[          77,        0.09],[         123,        0.14],[         286,         0.3],[         556,        0.54],[         948,        0.87]]],
[[[         503,        0.57],[         424,        0.47],[         431,        0.45],[         489,        0.48],[         497,        0.46]],
[[         541,        0.61],[         452,         0.5],[         463,        0.49],[         521,        0.51],[         528,        0.49]],
[[         531,         0.6],[         471,        0.52],[         534,        0.56],[         558,        0.54],[         564,        0.52]],
[[         533,         0.6],[         546,        0.61],[         502,        0.53],[         598,        0.58],[         600,        0.55]],
[[         594,        0.67],[         531,        0.59],[         550,        0.58],[         625,        0.61],[         628,        0.58]],
[[         614,         0.7],[         526,        0.59],[         640,        0.67],[         644,        0.63],[         652,         0.6]],
[[         606,        0.69],[         530,        0.59],[         626,        0.66],[         651,        0.64],[         669,        0.62]],
[[         608,        0.69],[         510,        0.57],[         655,        0.69],[         665,        0.65],[         689,        0.63]],
[[         597,        0.68],[         549,        0.61],[         649,        0.68],[         672,        0.66],[         710,        0.65]],
[[         645,        0.73],[         562,        0.63],[         638,        0.67],[         675,        0.66],[         724,        0.67]],
[[         583,        0.66],[         588,        0.65],[         628,        0.66],[         686,        0.67],[         738,        0.68]],
[[         607,        0.69],[         606,        0.67],[         654,        0.69],[         667,        0.65],[         749,        0.69]],
[[         638,        0.72],[         582,        0.65],[         634,        0.67],[         746,        0.73],[         760,         0.7]],
[[         591,        0.67],[         607,        0.68],[         644,        0.68],[         687,        0.67],[         761,         0.7]],
[[         547,        0.62],[         622,        0.69],[         622,        0.65],[         715,         0.7],[         756,         0.7]],
[[         566,        0.64],[         653,        0.73],[         598,        0.63],[         746,        0.73],[         749,        0.69]],
[[         545,        0.62],[         624,        0.69],[         577,        0.61],[         711,        0.69],[         735,        0.68]],
[[         525,        0.59],[         567,        0.63],[         567,         0.6],[         723,        0.71],[         722,        0.66]],
[[         496,        0.56],[         538,         0.6],[         523,        0.55],[         640,        0.62],[         657,         0.6]],
[[         505,        0.57],[         550,        0.61],[         474,         0.5],[         556,        0.54],[         585,        0.54]],
[[         471,        0.53],[         506,        0.56],[         507,        0.53],[         520,        0.51],[         570,        0.52]],
[[         443,         0.5],[         477,        0.53],[         519,        0.55],[         505,        0.49],[         536,        0.49]],
[[         432,        0.49],[         481,        0.54],[         489,        0.51],[         489,        0.48],[         576,        0.53]],
[[         401,        0.45],[         421,        0.47],[         457,        0.48],[         472,        0.46],[         516,        0.48]],
[[         417,        0.47],[         396,        0.44],[         433,        0.45],[         445,        0.43],[         518,        0.48]],
[[         429,        0.49],[         367,        0.41],[         513,        0.54],[         425,        0.41],[         522,        0.48]],
[[         446,        0.51],[         367,        0.41],[         429,        0.45],[         403,        0.39],[         491,        0.45]],
[[         535,        0.61],[         374,        0.42],[         424,        0.45],[         399,        0.39],[         499,        0.46]],
[[         509,        0.58],[         372,        0.41],[         413,        0.43],[         410,         0.4],[         475,        0.44]],
[[         565,        0.64],[         414,        0.46],[         492,        0.52],[         406,         0.4],[         449,        0.41]],
[[         612,        0.69],[         406,        0.45],[         501,        0.53],[         458,        0.45],[         454,        0.42]],
[[         629,        0.71],[         406,        0.45],[         450,        0.47],[         502,        0.49],[         463,        0.43]],
[[         657,        0.74],[         438,        0.49],[         452,        0.47],[         518,        0.51],[         478,        0.44]],
[[         734,        0.83],[         463,        0.52],[         436,        0.46],[         543,        0.53],[         505,        0.46]],
[[         776,        0.88],[         488,        0.54],[         515,        0.54],[         586,        0.57],[         524,        0.48]],
[[         746,        0.84],[         542,         0.6],[         484,        0.51],[         697,        0.68],[         552,        0.51]],
[[         812,        0.92],[         577,        0.64],[         546,        0.57],[         732,        0.71],[         571,        0.53]],
[[         783,        0.89],[         693,        0.77],[         594,        0.62],[         732,        0.71],[         614,        0.57]],
[[         795,         0.9],[         663,        0.74],[         637,        0.67],[         722,         0.7],[         640,        0.59]],
[[         744,        0.84],[         719,         0.8],[         654,        0.69],[         796,        0.78],[         682,        0.63]],
[[         750,        0.85],[         789,        0.88],[         642,        0.67],[         795,        0.78],[         742,        0.68]],
[[         721,        0.82],[         798,        0.89],[         614,        0.65],[         753,        0.73],[         804,        0.74]],
[[         683,        0.77],[         760,        0.85],[         654,        0.69],[         751,        0.73],[         808,        0.74]],
[[         713,        0.81],[         802,        0.89],[         626,        0.66],[         714,         0.7],[         802,        0.74]],
[[         674,        0.76],[         856,        0.95],[         642,        0.67],[         748,        0.73],[         819,        0.75]],
[[         657,        0.74],[         808,         0.9],[         703,        0.74],[         715,         0.7],[         895,        0.82]],
[[         645,        0.73],[         808,         0.9],[         688,        0.72],[         717,         0.7],[         908,        0.84]],
[[         602,        0.68],[         760,        0.85],[         747,        0.78],[         713,         0.7],[         877,        0.81]],
[[         623,        0.71],[         783,        0.87],[         708,        0.74],[         716,         0.7],[         838,        0.77]],
[[         662,        0.75],[         751,        0.84],[         785,        0.82],[         701,        0.68],[         871,         0.8]],
[[         689,        0.78],[         735,        0.82],[         785,        0.82],[         671,        0.65],[         841,        0.77]],
[[         772,        0.87],[         700,        0.78],[         778,        0.82],[         611,         0.6],[         773,        0.71]],
[[         524,        0.59],[         705,        0.78],[         732,        0.77],[         622,        0.61],[         746,        0.69]],
[[         538,        0.61],[         683,        0.76],[         754,        0.79],[         580,        0.57],[         688,        0.63]],
[[         590,        0.67],[         635,        0.71],[         819,        0.86],[         573,        0.56],[         700,        0.64]],
[[         570,        0.65],[         595,        0.66],[         728,        0.76],[         622,        0.61],[         665,        0.61]],
[[         491,        0.56],[         593,        0.66],[         742,        0.78],[         619,         0.6],[         662,        0.61]],
[[         507,        0.57],[         580,        0.65],[         677,        0.71],[         671,        0.65],[         649,         0.6]],
[[         501,        0.57],[         574,        0.64],[         699,        0.73],[         635,        0.62],[         649,         0.6]],
[[         477,        0.54],[         625,         0.7],[         672,        0.71],[         692,        0.68],[         624,        0.57]],
[[         517,        0.59],[         651,        0.72],[         659,        0.69],[         703,        0.69],[         593,        0.55]],
[[         478,        0.54],[         702,        0.78],[         644,        0.68],[         697,        0.68],[         532,        0.49]],
[[         496,        0.56],[         482,        0.54],[         651,        0.68],[         659,        0.64],[         549,        0.51]],
[[         478,        0.54],[         506,        0.56],[         606,        0.64],[         675,        0.66],[         516,        0.48]],
[[         469,        0.53],[         534,        0.59],[         580,        0.61],[         739,        0.72],[         516,        0.48]],
[[         440,         0.5],[         523,        0.58],[         566,        0.59],[         674,        0.66],[         565,        0.52]],
[[         482,        0.55],[         439,        0.49],[         535,        0.56],[         690,        0.67],[         569,        0.52]],
[[         442,         0.5],[         465,        0.52],[         540,        0.57],[         636,        0.62],[         619,        0.57]],
[[         431,        0.49],[         448,         0.5],[         521,        0.55],[         644,        0.63],[         588,        0.54]],
[[         438,         0.5],[         411,        0.46],[         571,         0.6],[         624,        0.61],[         656,         0.6]],
[[         399,        0.45],[         469,        0.52],[         587,        0.62],[         613,         0.6],[         664,        0.61]],
[[         422,        0.48],[         438,        0.49],[         627,        0.66],[         604,        0.59],[         662,        0.61]],
[[         403,        0.46],[         446,         0.5],[         438,        0.46],[         605,        0.59],[         625,        0.58]],
[[         333,        0.38],[         427,        0.48],[         472,         0.5],[         558,        0.54],[         639,        0.59]],
[[         363,        0.41],[         412,        0.46],[         484,        0.51],[         531,        0.52],[         694,        0.64]],
[[         332,        0.38],[         375,        0.42],[         472,         0.5],[         513,         0.5],[         628,        0.58]],
[[         370,        0.42],[         417,        0.46],[         392,        0.41],[         494,        0.48],[         647,         0.6]],
[[         365,        0.41],[         377,        0.42],[         415,        0.44],[         482,        0.47],[         589,        0.54]],
[[         360,        0.41],[         362,         0.4],[         374,        0.39],[         466,        0.45],[         593,        0.55]],
[[         240,        0.27],[         356,         0.4],[         345,        0.36],[         490,        0.48],[         560,        0.52]],
[[         238,        0.27],[         322,        0.36],[         357,        0.38],[         502,        0.49],[         541,         0.5]],
[[         232,        0.26],[         320,        0.36],[         331,        0.35],[         500,        0.49],[         522,        0.48]],
[[         213,        0.24],[         295,        0.33],[         358,        0.38],[         352,        0.34],[         512,        0.47]],
[[         214,        0.24],[         249,        0.28],[         311,        0.33],[         372,        0.36],[         455,        0.42]],
[[         182,        0.21],[         257,        0.29],[         308,        0.32],[         361,        0.35],[         417,        0.38]],
[[         183,        0.21],[         205,        0.23],[         259,        0.27],[         335,        0.33],[         388,        0.36]],
[[         156,        0.18],[         220,        0.24],[         265,        0.28],[         272,        0.27],[         355,        0.33]],
[[         157,        0.18],[         217,        0.24],[         228,        0.24],[         270,        0.26],[         326,         0.3]],
[[         154,        0.17],[         182,         0.2],[         193,         0.2],[         231,        0.23],[         297,        0.27]],
[[          99,        0.11],[         116,        0.13],[         179,        0.19],[         200,         0.2],[         297,        0.27]],
[[         386,        0.44],[         439,        0.49],[         680,        0.71],[        1121,        1.09],[        1702,        1.57]]]]}}
