{
"ons":{
"label":"Population Projections for England and Wales, by local authority",
"source":"Office for National Statistics",
"updated":"2014-10-01",
"area": {
"code":"K04000001",
"label":"England and Wales"
},
"time": {
"label":"1998-2038",
"index":["1998",  "2008",  "2018",  "2028",  "2038"]
},
"concept":{
"label":["population", "% of population"],
"units":["count", "%"],
"max":[        4116,         1.53]
},
"sums":{
"series1":[      129491,       143948,       163380,       181285,       192938],
"series2":[      139395,       153495,       170489,       184785,       193638]
},
"dimension":{
"label":"age",
"index":["0", "1", "2", "3", "4", "5", "6", "7", "8", "9", "10", "11", "12", "13", "14", "15", "16", "17", "18", "19", "20", "21", "22", "23", "24", "25", "26", "27", "28", "29", "30", "31", "32", "33", "34", "35", "36", "37", "38", "39", "40", "41", "42", "43", "44", "45", "46", "47", "48", "49", "50", "51", "52", "53", "54", "55", "56", "57", "58", "59", "60", "61", "62", "63", "64", "65", "66", "67", "68", "69", "70", "71", "72", "73", "74", "75", "76", "77", "78", "79", "80", "81", "82", "83", "84", "85", "86", "87", "88", "89", "90+"]
},
"series":["male", "female"],
"value":[[[[        1938,        0.72],[        2473,        0.83],[        2458,        0.74],[        2429,        0.66],[        2473,        0.64]],
[[        1983,        0.74],[        2390,         0.8],[        2449,        0.73],[        2490,        0.68],[        2503,        0.65]],
[[        1993,        0.74],[        2306,        0.78],[        2554,        0.76],[        2516,        0.69],[        2502,        0.65]],
[[        1982,        0.74],[        2237,        0.75],[        2538,        0.76],[        2524,        0.69],[        2487,        0.64]],
[[        1930,        0.72],[        2070,         0.7],[        2507,        0.75],[        2535,        0.69],[        2479,        0.64]],
[[        1921,        0.71],[        2050,        0.69],[        2607,        0.78],[        2555,         0.7],[        2485,        0.64]],
[[        2054,        0.76],[        1933,        0.65],[        2559,        0.77],[        2564,         0.7],[        2484,        0.64]],
[[        1843,        0.69],[        2008,        0.68],[        2624,        0.79],[        2581,        0.71],[        2490,        0.64]],
[[        1826,        0.68],[        1925,        0.65],[        2500,        0.75],[        2580,         0.7],[        2487,        0.64]],
[[        1857,        0.69],[        1977,        0.66],[        2546,        0.76],[        2565,         0.7],[        2476,        0.64]],
[[        1792,        0.67],[        1940,        0.65],[        2545,        0.76],[        2584,        0.71],[        2501,        0.65]],
[[        1689,        0.63],[        2019,        0.68],[        2454,        0.74],[        2546,         0.7],[        2505,        0.65]],
[[        1623,         0.6],[        2122,        0.71],[        2333,         0.7],[        2634,        0.72],[        2526,        0.65]],
[[        1811,        0.67],[        2065,        0.69],[        2305,        0.69],[        2585,        0.71],[        2535,        0.66]],
[[        1588,        0.59],[        2005,        0.67],[        2210,        0.66],[        2598,        0.71],[        2550,        0.66]],
[[        1537,        0.57],[        2030,        0.68],[        2145,        0.64],[        2696,        0.74],[        2581,        0.67]],
[[        1478,        0.55],[        2079,         0.7],[        2019,         0.6],[        2724,        0.74],[        2607,        0.67]],
[[        1581,        0.59],[        2102,        0.71],[        2196,        0.66],[        2664,        0.73],[        2625,        0.68]],
[[        1749,        0.65],[        2119,        0.71],[        2116,        0.63],[        2592,        0.71],[        2591,        0.67]],
[[        1733,        0.64],[        1821,        0.61],[        1801,        0.54],[        2120,        0.58],[        2144,        0.55]],
[[        1610,         0.6],[        1657,        0.56],[        1543,        0.46],[        2034,        0.56],[        2047,        0.53]],
[[        1649,        0.61],[        1737,        0.58],[        1725,        0.52],[        2046,        0.56],[        2093,        0.54]],
[[        1764,        0.66],[        1917,        0.64],[        2119,        0.63],[        2109,        0.58],[        2305,         0.6]],
[[        1787,        0.66],[        2107,        0.71],[        2261,        0.68],[        2189,         0.6],[        2422,        0.63]],
[[        1707,        0.63],[        2051,        0.69],[        2255,        0.68],[        2212,         0.6],[        2528,        0.65]],
[[        1871,         0.7],[        2205,        0.74],[        2379,        0.71],[        2200,         0.6],[        2636,        0.68]],
[[        2122,        0.79],[        2158,        0.73],[        2407,        0.72],[        2167,        0.59],[        2703,         0.7]],
[[        2136,        0.79],[        2337,        0.79],[        2466,        0.74],[        2283,        0.62],[        2672,        0.69]],
[[        2168,        0.81],[        2366,         0.8],[        2546,        0.76],[        2325,        0.64],[        2658,        0.69]],
[[        2174,        0.81],[        2334,        0.78],[        2463,        0.74],[        2398,        0.66],[        2638,        0.68]],
[[        2366,        0.88],[        2108,        0.71],[        2519,        0.75],[        2380,        0.65],[        2653,        0.69]],
[[        2483,        0.92],[        2049,        0.69],[        2519,        0.75],[        2500,        0.68],[        2600,        0.67]],
[[        2416,         0.9],[        2021,        0.68],[        2463,        0.74],[        2540,        0.69],[        2520,        0.65]],
[[        2477,        0.92],[        2032,        0.68],[        2496,        0.75],[        2534,        0.69],[        2443,        0.63]],
[[        2394,        0.89],[        2196,        0.74],[        2306,        0.69],[        2537,        0.69],[        2386,        0.62]],
[[        2278,        0.85],[        2223,        0.75],[        2387,        0.71],[        2528,        0.69],[        2326,         0.6]],
[[        2254,        0.84],[        2199,        0.74],[        2587,        0.77],[        2578,         0.7],[        2292,        0.59]],
[[        2080,        0.77],[        2255,        0.76],[        2436,        0.73],[        2610,        0.71],[        2337,         0.6]],
[[        2088,        0.78],[        2293,        0.77],[        2413,        0.72],[        2642,        0.72],[        2361,        0.61]],
[[        2052,        0.76],[        2259,        0.76],[        2375,        0.71],[        2573,         0.7],[        2412,        0.62]],
[[        1946,        0.72],[        2348,        0.79],[        2257,        0.68],[        2610,        0.71],[        2423,        0.63]],
[[        1784,        0.66],[        2457,        0.83],[        2196,        0.66],[        2572,         0.7],[        2490,        0.64]],
[[        1690,        0.63],[        2369,         0.8],[        2076,        0.62],[        2600,        0.71],[        2531,        0.65]],
[[        1652,        0.61],[        2380,         0.8],[        1979,        0.59],[        2639,        0.72],[        2541,        0.66]],
[[        1559,        0.58],[        2235,        0.75],[        2302,        0.69],[        2519,        0.69],[        2565,        0.66]],
[[        1522,        0.57],[        2181,        0.73],[        2173,        0.65],[        2562,         0.7],[        2548,        0.66]],
[[        1571,        0.58],[        2036,        0.68],[        2150,        0.64],[        2608,        0.71],[        2584,        0.67]],
[[        1552,        0.58],[        2032,        0.68],[        2243,        0.67],[        2579,         0.7],[        2655,        0.69]],
[[        1610,         0.6],[        1999,        0.67],[        2220,        0.66],[        2526,        0.69],[        2679,        0.69]],
[[        1612,         0.6],[        2006,        0.67],[        2114,        0.63],[        2499,        0.68],[        2630,        0.68]],
[[        1692,        0.63],[        1871,        0.63],[        2292,        0.69],[        2363,        0.65],[        2653,        0.69]],
[[        1794,        0.67],[        1702,        0.57],[        2352,         0.7],[        2284,        0.62],[        2613,        0.68]],
[[        1518,        0.56],[        1677,        0.56],[        2282,        0.68],[        2194,         0.6],[        2638,        0.68]],
[[        1412,        0.53],[        1529,        0.51],[        2182,        0.65],[        2117,        0.58],[        2668,        0.69]],
[[        1477,        0.55],[        1494,         0.5],[        2103,        0.63],[        2288,        0.63],[        2566,        0.66]],
[[        1346,         0.5],[        1424,        0.48],[        2112,        0.63],[        2189,         0.6],[        2584,        0.67]],
[[        1183,        0.44],[        1397,        0.47],[        1869,        0.56],[        2152,        0.59],[        2578,        0.67]],
[[        1200,        0.45],[        1359,        0.46],[        1943,        0.58],[        2230,        0.61],[        2545,        0.66]],
[[        1243,        0.46],[        1381,        0.46],[        1879,        0.56],[        2183,         0.6],[        2476,        0.64]],
[[        1324,        0.49],[        1409,        0.47],[        1755,        0.53],[        2072,        0.57],[        2407,        0.62]],
[[        1225,        0.46],[        1406,        0.47],[        1729,        0.52],[        2139,        0.58],[        2244,        0.58]],
[[        1222,        0.45],[        1480,         0.5],[        1525,        0.46],[        2165,        0.59],[        2128,        0.55]],
[[        1240,        0.46],[        1248,        0.42],[        1467,        0.44],[        2050,        0.56],[        2015,        0.52]],
[[        1166,        0.43],[        1150,        0.39],[        1316,        0.39],[        1965,        0.54],[        1926,         0.5]],
[[        1019,        0.38],[        1178,         0.4],[        1255,        0.38],[        1842,         0.5],[        2010,        0.52]],
[[         982,        0.37],[        1067,        0.36],[        1254,        0.38],[        1807,        0.49],[        1901,        0.49]],
[[        1008,        0.37],[         944,        0.32],[        1170,        0.35],[        1627,        0.44],[        1850,        0.48]],
[[        1066,         0.4],[         893,         0.3],[        1141,        0.34],[        1591,        0.43],[        1873,        0.48]],
[[         979,        0.36],[         953,        0.32],[        1110,        0.33],[        1540,        0.42],[        1794,        0.46]],
[[         920,        0.34],[         926,        0.31],[        1107,        0.33],[        1419,        0.39],[        1703,        0.44]],
[[         851,        0.32],[         926,        0.31],[        1135,        0.34],[        1370,        0.37],[        1726,        0.45]],
[[         840,        0.31],[         879,         0.3],[        1159,        0.35],[        1240,        0.34],[        1743,        0.45]],
[[         783,        0.29],[         897,         0.3],[         959,        0.29],[        1191,        0.33],[        1664,        0.43]],
[[         759,        0.28],[         804,        0.27],[         898,        0.27],[        1076,        0.29],[        1582,        0.41]],
[[         731,        0.27],[         736,        0.25],[         947,        0.28],[        1005,        0.27],[        1474,        0.38]],
[[         703,        0.26],[         729,        0.25],[         866,        0.26],[         974,        0.27],[        1443,        0.37]],
[[         676,        0.25],[         704,        0.24],[         749,        0.22],[         919,        0.25],[        1306,        0.34]],
[[         681,        0.25],[         720,        0.24],[         645,        0.19],[         885,        0.24],[        1258,        0.33]],
[[         673,        0.25],[         614,        0.21],[         705,        0.21],[         863,        0.24],[        1213,        0.31]],
[[         425,        0.16],[         571,        0.19],[         676,         0.2],[         834,        0.23],[        1096,        0.28]],
[[         340,        0.13],[         518,        0.17],[         654,         0.2],[         840,        0.23],[        1033,        0.27]],
[[         416,        0.15],[         486,        0.16],[         558,        0.17],[         824,        0.23],[         922,        0.24]],
[[         381,        0.14],[         396,        0.13],[         545,        0.16],[         665,        0.18],[         859,        0.22]],
[[         306,        0.11],[         389,        0.13],[         497,        0.15],[         613,        0.17],[         759,         0.2]],
[[         262,         0.1],[         337,        0.11],[         457,        0.14],[         600,        0.16],[         681,        0.18]],
[[        1366,        0.51],[         284,         0.1],[         401,        0.12],[         519,        0.14],[         638,        0.17]],
[[           .,           .],[         247,        0.08],[         329,         0.1],[         415,        0.11],[         568,        0.15]],
[[           .,           .],[         218,        0.07],[         323,         0.1],[         346,        0.09],[         512,        0.13]],
[[           .,           .],[         176,        0.06],[         253,        0.08],[         341,        0.09],[         462,        0.12]],
[[           .,           .],[         124,        0.04],[         217,        0.06],[         300,        0.08],[         416,        0.11]],
[[           .,           .],[         487,        0.16],[         723,        0.22],[        1067,        0.29],[        1702,        0.44]]],
[[[        1979,        0.74],[        2468,        0.83],[        2281,        0.68],[        2308,        0.63],[        2350,        0.61]],
[[        1971,        0.73],[        2263,        0.76],[        2377,        0.71],[        2347,        0.64],[        2360,        0.61]],
[[        1914,        0.71],[        2255,        0.76],[        2406,        0.72],[        2356,        0.64],[        2343,        0.61]],
[[        1849,        0.69],[        2097,        0.71],[        2415,        0.72],[        2382,        0.65],[        2347,        0.61]],
[[        1848,        0.69],[        2041,        0.69],[        2336,         0.7],[        2396,        0.65],[        2343,        0.61]],
[[        1904,        0.71],[        1938,        0.65],[        2396,        0.72],[        2404,        0.66],[        2337,         0.6]],
[[        1939,        0.72],[        1858,        0.62],[        2447,        0.73],[        2420,        0.66],[        2344,        0.61]],
[[        1870,         0.7],[        1848,        0.62],[        2484,        0.74],[        2431,        0.66],[        2345,        0.61]],
[[        1735,        0.65],[        1854,        0.62],[        2375,        0.71],[        2419,        0.66],[        2331,         0.6]],
[[        1728,        0.64],[        1895,        0.64],[        2409,        0.72],[        2411,        0.66],[        2326,         0.6]],
[[        1708,        0.64],[        1901,        0.64],[        2429,        0.73],[        2417,        0.66],[        2338,         0.6]],
[[        1657,        0.62],[        1992,        0.67],[        2270,        0.68],[        2382,        0.65],[        2343,        0.61]],
[[        1635,        0.61],[        1867,        0.63],[        2256,        0.68],[        2478,        0.68],[        2361,        0.61]],
[[        1679,        0.62],[        1869,        0.63],[        2091,        0.63],[        2439,        0.67],[        2367,        0.61]],
[[        1576,        0.59],[        1916,        0.64],[        2062,        0.62],[        2416,        0.66],[        2395,        0.62]],
[[        1531,        0.57],[        1974,        0.66],[        1998,         0.6],[        2486,        0.68],[        2407,        0.62]],
[[        1437,        0.53],[        2096,         0.7],[        1979,        0.59],[        2535,        0.69],[        2430,        0.63]],
[[        1517,        0.56],[        2113,        0.71],[        1937,        0.58],[        2542,        0.69],[        2464,        0.64]],
[[        1748,        0.65],[        2002,        0.67],[        1986,        0.59],[        2379,        0.65],[        2386,        0.62]],
[[        1939,        0.72],[        1782,         0.6],[        1434,        0.43],[        1764,        0.48],[        1773,        0.46]],
[[        1787,        0.66],[        1775,         0.6],[        1401,        0.42],[        1698,        0.46],[        1694,        0.44]],
[[        1806,        0.67],[        1899,        0.64],[        1529,        0.46],[        1767,        0.48],[        1834,        0.47]],
[[        1937,        0.72],[        2183,        0.73],[        1883,        0.56],[        1979,        0.54],[        2135,        0.55]],
[[        1830,        0.68],[        2303,        0.77],[        2033,        0.61],[        2071,        0.57],[        2336,         0.6]],
[[        1797,        0.67],[        2306,        0.78],[        2088,        0.63],[        2147,        0.59],[        2442,        0.63]],
[[        1951,        0.73],[        2353,        0.79],[        2223,        0.67],[        2138,        0.58],[        2530,        0.65]],
[[        2054,        0.76],[        2459,        0.83],[        2526,        0.76],[        2144,        0.59],[        2627,        0.68]],
[[        2220,        0.83],[        2466,        0.83],[        2513,        0.75],[        2194,         0.6],[        2608,        0.67]],
[[        2198,        0.82],[        2456,        0.83],[        2619,        0.78],[        2259,        0.62],[        2576,        0.67]],
[[        2318,        0.86],[        2415,        0.81],[        2756,        0.83],[        2319,        0.63],[        2574,        0.67]],
[[        2332,        0.87],[        2419,        0.81],[        2504,        0.75],[        2397,        0.65],[        2622,        0.68]],
[[        2550,        0.95],[        2252,        0.76],[        2587,        0.77],[        2457,        0.67],[        2535,        0.66]],
[[        2451,        0.91],[        2212,        0.74],[        2741,        0.82],[        2456,        0.67],[        2505,        0.65]],
[[        2544,        0.95],[        2277,        0.77],[        2768,        0.83],[        2468,        0.67],[        2417,        0.63]],
[[        2447,        0.91],[        2197,        0.74],[        2810,        0.84],[        2514,        0.69],[        2368,        0.61]],
[[        2382,        0.89],[        2305,        0.77],[        2702,        0.81],[        2552,         0.7],[        2326,         0.6]],
[[        2243,        0.83],[        2295,        0.77],[        2749,        0.82],[        2639,        0.72],[        2295,        0.59]],
[[        2251,        0.84],[        2326,        0.78],[        2656,         0.8],[        2701,        0.74],[        2323,         0.6]],
[[        2132,        0.79],[        2391,         0.8],[        2501,        0.75],[        2695,        0.74],[        2367,        0.61]],
[[        1999,        0.74],[        2474,        0.83],[        2569,        0.77],[        2750,        0.75],[        2408,        0.62]],
[[        1907,        0.71],[        2449,        0.82],[        2405,        0.72],[        2759,        0.75],[        2454,        0.63]],
[[        1913,        0.71],[        2452,        0.82],[        2506,        0.75],[        2725,        0.74],[        2493,        0.64]],
[[        1831,        0.68],[        2511,        0.84],[        2384,        0.71],[        2782,        0.76],[        2484,        0.64]],
[[        1734,        0.64],[        2532,        0.85],[        2280,        0.68],[        2797,        0.76],[        2481,        0.64]],
[[        1744,        0.65],[        2486,        0.84],[        2213,        0.66],[        2783,        0.76],[        2530,        0.65]],
[[        1576,        0.59],[        2392,         0.8],[        2324,         0.7],[        2710,        0.74],[        2545,        0.66]],
[[        1742,        0.65],[        2220,        0.75],[        2343,         0.7],[        2766,        0.76],[        2593,        0.67]],
[[        1701,        0.63],[        2241,        0.75],[        2426,        0.73],[        2670,        0.73],[        2648,        0.68]],
[[        1717,        0.64],[        2095,         0.7],[        2372,        0.71],[        2567,         0.7],[        2629,        0.68]],
[[        1711,        0.64],[        1961,        0.66],[        2463,        0.74],[        2586,        0.71],[        2679,        0.69]],
[[        1804,        0.67],[        1815,        0.61],[        2454,        0.74],[        2426,        0.66],[        2681,        0.69]],
[[        1860,        0.69],[        1818,        0.61],[        2350,         0.7],[        2446,        0.67],[        2635,        0.68]],
[[        1604,         0.6],[        1731,        0.58],[        2388,        0.72],[        2346,        0.64],[        2663,        0.69]],
[[        1498,        0.56],[        1623,        0.55],[        2428,        0.73],[        2256,        0.62],[        2666,        0.69]],
[[        1520,        0.57],[        1658,        0.56],[        2381,        0.71],[        2170,        0.59],[        2633,        0.68]],
[[        1420,        0.53],[        1497,         0.5],[        2281,        0.68],[        2233,        0.61],[        2564,        0.66]],
[[        1335,         0.5],[        1531,        0.51],[        2056,        0.62],[        2216,        0.61],[        2578,        0.67]],
[[        1257,        0.47],[        1479,         0.5],[        2134,        0.64],[        2257,        0.62],[        2476,        0.64]],
[[        1329,        0.49],[        1454,        0.49],[        1919,        0.57],[        2176,        0.59],[        2378,        0.62]],
[[        1354,         0.5],[        1450,        0.49],[        1727,        0.52],[        2249,        0.61],[        2345,        0.61]],
[[        1315,        0.49],[        1464,        0.49],[        1668,         0.5],[        2212,         0.6],[        2182,        0.56]],
[[        1241,        0.46],[        1568,        0.53],[        1584,        0.47],[        2102,        0.57],[        2149,        0.56]],
[[        1181,        0.44],[        1372,        0.46],[        1546,        0.46],[        2109,        0.58],[        2061,        0.53]],
[[        1168,        0.43],[        1226,        0.41],[        1415,        0.42],[        2086,        0.57],[        1970,        0.51]],
[[        1089,        0.41],[        1267,        0.43],[        1491,        0.45],[        2043,        0.56],[        1888,        0.49]],
[[        1051,        0.39],[        1207,        0.41],[        1319,         0.4],[        1934,        0.53],[        1918,         0.5]],
[[        1064,         0.4],[        1112,        0.37],[        1396,        0.42],[        1768,        0.48],[        1913,        0.49]],
[[        1153,        0.43],[        1008,        0.34],[        1237,        0.37],[        1781,        0.49],[        1933,         0.5]],
[[        1076,         0.4],[        1104,        0.37],[        1249,        0.37],[        1628,        0.44],[        1855,        0.48]],
[[        1044,        0.39],[        1097,        0.37],[        1231,        0.37],[        1487,        0.41],[        1899,        0.49]],
[[         994,        0.37],[        1039,        0.35],[        1200,        0.36],[        1428,        0.39],[        1873,        0.48]],
[[         992,        0.37],[        1019,        0.34],[        1258,        0.38],[        1372,        0.37],[        1811,        0.47]],
[[         971,        0.36],[         952,        0.32],[        1157,        0.35],[        1337,        0.37],[        1817,        0.47]],
[[         988,        0.37],[         970,        0.33],[        1058,        0.32],[        1230,        0.34],[        1802,        0.47]],
[[        1011,        0.38],[         919,        0.31],[        1093,        0.33],[        1278,        0.35],[        1764,        0.46]],
[[         943,        0.35],[         876,        0.29],[        1062,        0.32],[        1144,        0.31],[        1683,        0.44]],
[[         957,        0.36],[         876,        0.29],[         958,        0.29],[        1196,        0.33],[        1540,         0.4]],
[[         975,        0.36],[         867,        0.29],[         847,        0.25],[        1082,         0.3],[        1537,         0.4]],
[[         996,        0.37],[         822,        0.28],[         914,        0.27],[        1076,        0.29],[        1423,        0.37]],
[[         682,        0.25],[         734,        0.25],[         891,        0.27],[        1053,        0.29],[        1297,        0.34]],
[[         668,        0.25],[         691,        0.23],[         820,        0.25],[        1029,        0.28],[        1232,        0.32]],
[[         674,        0.25],[         679,        0.23],[         805,        0.24],[        1063,        0.29],[        1152,         0.3]],
[[         745,        0.28],[         651,        0.22],[         710,        0.21],[         924,        0.25],[        1094,        0.28]],
[[         694,        0.26],[         638,        0.21],[         719,        0.22],[         821,        0.22],[         983,        0.25]],
[[         657,        0.24],[         603,         0.2],[         638,        0.19],[         805,        0.22],[         975,        0.25]],
[[        4116,        1.53],[         562,        0.19],[         600,        0.18],[         733,         0.2],[         840,        0.22]],
[[           .,           .],[         518,        0.17],[         524,        0.16],[         634,        0.17],[         832,        0.22]],
[[           .,           .],[         436,        0.15],[         464,        0.14],[         526,        0.14],[         713,        0.18]],
[[           .,           .],[         397,        0.13],[         424,        0.13],[         516,        0.14],[         668,        0.17]],
[[           .,           .],[         332,        0.11],[         347,         0.1],[         468,        0.13],[         609,        0.16]],
[[           .,           .],[        1302,        0.44],[        1504,        0.45],[        1939,        0.53],[        2859,        0.74]]]]}}
