{
"ons":{
"label":"Population Projections for England and Wales, by local authority",
"source":"Office for National Statistics",
"updated":"2014-10-01",
"area": {
"code":"K04000001",
"label":"England and Wales"
},
"time": {
"label":"1998-2038",
"index":["1998",  "2008",  "2018",  "2028",  "2038"]
},
"concept":{
"label":["population", "% of population"],
"units":["count", "%"],
"max":[        1994,         1.42]
},
"sums":{
"series1":[       57765,        59908,        63314,        68933,        73481],
"series2":[       61335,        63457,        67823,        73463,        77999]
},
"dimension":{
"label":"age",
"index":["0", "1", "2", "3", "4", "5", "6", "7", "8", "9", "10", "11", "12", "13", "14", "15", "16", "17", "18", "19", "20", "21", "22", "23", "24", "25", "26", "27", "28", "29", "30", "31", "32", "33", "34", "35", "36", "37", "38", "39", "40", "41", "42", "43", "44", "45", "46", "47", "48", "49", "50", "51", "52", "53", "54", "55", "56", "57", "58", "59", "60", "61", "62", "63", "64", "65", "66", "67", "68", "69", "70", "71", "72", "73", "74", "75", "76", "77", "78", "79", "80", "81", "82", "83", "84", "85", "86", "87", "88", "89", "90+"]
},
"series":["male", "female"],
"value":[[[[         801,        0.67],[         783,        0.63],[         783,         0.6],[         846,        0.59],[         862,        0.57]],
[[         827,        0.69],[         736,         0.6],[         829,        0.63],[         852,         0.6],[         856,        0.57]],
[[         732,        0.61],[         720,        0.58],[         804,        0.61],[         859,         0.6],[         853,        0.56]],
[[         781,        0.66],[         736,         0.6],[         792,         0.6],[         867,        0.61],[         854,        0.56]],
[[         747,        0.63],[         700,        0.57],[         786,         0.6],[         863,        0.61],[         846,        0.56]],
[[         775,        0.65],[         654,        0.53],[         852,        0.65],[         867,        0.61],[         848,        0.56]],
[[         771,        0.65],[         725,        0.59],[         850,        0.65],[         868,        0.61],[         850,        0.56]],
[[         815,        0.68],[         695,        0.56],[         791,         0.6],[         871,        0.61],[         854,        0.56]],
[[         787,        0.66],[         734,        0.59],[         820,        0.63],[         870,        0.61],[         858,        0.57]],
[[         778,        0.65],[         740,         0.6],[         800,        0.61],[         862,        0.61],[         861,        0.57]],
[[         761,        0.64],[         791,        0.64],[         800,        0.61],[         864,        0.61],[         868,        0.57]],
[[         757,        0.64],[         834,        0.68],[         811,        0.62],[         843,        0.59],[         865,        0.57]],
[[         690,        0.58],[         772,        0.63],[         773,        0.59],[         870,        0.61],[         865,        0.57]],
[[         709,         0.6],[         770,        0.62],[         765,        0.58],[         863,        0.61],[         877,        0.58]],
[[         682,        0.57],[         750,        0.61],[         720,        0.55],[         829,        0.58],[         879,        0.58]],
[[         612,        0.51],[         821,        0.67],[         668,        0.51],[         881,        0.62],[         879,        0.58]],
[[         610,        0.51],[         803,        0.65],[         716,        0.55],[         900,        0.63],[         884,        0.58]],
[[         625,        0.52],[         875,        0.71],[         695,        0.53],[         830,        0.58],[         889,        0.59]],
[[         612,        0.51],[         852,        0.69],[         712,        0.54],[         798,        0.56],[         850,        0.56]],
[[         540,        0.45],[         633,        0.51],[         584,        0.45],[         610,        0.43],[         651,        0.43]],
[[         444,        0.37],[         608,        0.49],[         592,        0.45],[         595,        0.42],[         632,        0.42]],
[[         401,        0.34],[         578,        0.47],[         626,        0.48],[         642,        0.45],[         673,        0.44]],
[[         431,        0.36],[         596,        0.48],[         707,        0.54],[         693,        0.49],[         772,        0.51]],
[[         622,        0.52],[         672,        0.54],[         739,        0.56],[         725,        0.51],[         821,        0.54]],
[[         678,        0.57],[         641,        0.52],[         735,        0.56],[         720,        0.51],[         832,        0.55]],
[[         726,        0.61],[         623,        0.51],[         839,        0.64],[         693,        0.49],[         862,        0.57]],
[[         838,         0.7],[         626,        0.51],[         792,         0.6],[         711,         0.5],[         884,        0.58]],
[[         844,        0.71],[         699,        0.57],[         824,        0.63],[         697,        0.49],[         834,        0.55]],
[[         849,        0.71],[         728,        0.59],[         789,         0.6],[         710,         0.5],[         818,        0.54]],
[[         893,        0.75],[         646,        0.52],[         764,        0.58],[         733,        0.51],[         805,        0.53]],
[[         874,        0.73],[         704,        0.57],[         770,        0.59],[         760,        0.53],[         820,        0.54]],
[[         966,        0.81],[         670,        0.54],[         747,        0.57],[         788,        0.55],[         807,        0.53]],
[[         944,        0.79],[         719,        0.58],[         651,         0.5],[         804,        0.56],[         796,        0.53]],
[[         938,        0.79],[         710,        0.58],[         740,        0.56],[         807,        0.57],[         777,        0.51]],
[[         859,        0.72],[         760,        0.62],[         781,         0.6],[         819,        0.58],[         763,         0.5]],
[[         882,        0.74],[         799,        0.65],[         742,        0.57],[         856,         0.6],[         761,         0.5]],
[[         913,        0.77],[         800,        0.65],[         765,        0.58],[         881,        0.62],[         773,        0.51]],
[[         896,        0.75],[         874,        0.71],[         805,        0.61],[         930,        0.65],[         796,        0.53]],
[[         855,        0.72],[         902,        0.73],[         862,        0.66],[         927,        0.65],[         824,        0.54]],
[[         854,        0.72],[         908,        0.74],[         762,        0.58],[         924,        0.65],[         857,        0.57]],
[[         858,        0.72],[         921,        0.75],[         805,        0.61],[         955,        0.67],[         880,        0.58]],
[[         821,        0.69],[        1016,        0.82],[         764,        0.58],[         935,        0.66],[         916,         0.6]],
[[         812,        0.68],[         991,         0.8],[         798,        0.61],[         906,        0.64],[         927,        0.61]],
[[         784,        0.66],[        1034,        0.84],[         811,        0.62],[         957,        0.67],[         937,        0.62]],
[[         762,        0.64],[         951,        0.77],[         799,        0.61],[         941,        0.66],[         954,        0.63]],
[[         744,        0.62],[         934,        0.76],[         881,        0.67],[         943,        0.66],[         976,        0.64]],
[[         796,        0.67],[         924,        0.75],[         822,        0.63],[         925,        0.65],[         995,        0.66]],
[[         785,        0.66],[         970,        0.79],[         932,        0.71],[         960,        0.67],[        1037,        0.68]],
[[         830,         0.7],[         914,        0.74],[         971,        0.74],[         972,        0.68],[        1033,        0.68]],
[[         869,        0.73],[         826,        0.67],[         912,         0.7],[         899,        0.63],[        1024,        0.68]],
[[         976,        0.82],[         810,        0.66],[         906,        0.69],[         902,        0.63],[        1044,        0.69]],
[[        1139,        0.96],[         793,        0.64],[        1004,        0.77],[         866,        0.61],[        1027,        0.68]],
[[         833,         0.7],[         794,        0.64],[         972,        0.74],[         865,        0.61],[        1009,        0.67]],
[[         858,        0.72],[         799,        0.65],[        1016,        0.77],[         877,        0.62],[        1035,        0.68]],
[[         844,        0.71],[         750,        0.61],[         916,         0.7],[         871,        0.61],[        1017,        0.67]],
[[         783,        0.66],[         708,        0.57],[         942,        0.72],[         918,        0.64],[        1013,        0.67]],
[[         678,        0.57],[         703,        0.57],[         926,        0.71],[         885,        0.62],[         987,        0.65]],
[[         573,        0.48],[         743,         0.6],[         911,        0.69],[         943,        0.66],[        1006,        0.66]],
[[         638,        0.54],[         796,        0.65],[         869,        0.66],[         950,        0.67],[        1009,        0.67]],
[[         665,        0.56],[         791,        0.64],[         770,        0.59],[         925,        0.65],[         933,        0.62]],
[[         658,        0.55],[         898,        0.73],[         770,        0.59],[         896,        0.63],[         911,         0.6]],
[[         608,        0.51],[         994,        0.81],[         743,        0.57],[         934,        0.66],[         860,        0.57]],
[[         613,        0.51],[         733,        0.59],[         721,        0.55],[         906,        0.64],[         844,        0.56]],
[[         633,        0.53],[         746,         0.6],[         714,        0.54],[         902,        0.63],[         844,        0.56]],
[[         534,        0.45],[         711,        0.58],[         660,         0.5],[         833,        0.58],[         825,        0.54]],
[[         543,        0.46],[         629,        0.51],[         636,        0.48],[         849,         0.6],[         846,        0.56]],
[[         555,        0.47],[         559,        0.45],[         600,        0.46],[         806,        0.57],[         813,        0.54]],
[[         537,        0.45],[         470,        0.38],[         636,        0.48],[         787,        0.55],[         844,        0.56]],
[[         577,        0.48],[         491,         0.4],[         667,        0.51],[         754,        0.53],[         834,        0.55]],
[[         511,        0.43],[         553,        0.45],[         641,        0.49],[         674,        0.47],[         809,        0.53]],
[[         513,        0.43],[         519,        0.42],[         704,        0.54],[         663,        0.47],[         791,        0.52]],
[[         471,         0.4],[         462,        0.37],[         812,        0.62],[         627,        0.44],[         817,        0.54]],
[[         482,         0.4],[         482,        0.39],[         598,        0.46],[         612,        0.43],[         791,        0.52]],
[[         417,        0.35],[         448,        0.36],[         605,        0.46],[         612,        0.43],[         781,        0.52]],
[[         441,        0.37],[         420,        0.34],[         577,        0.44],[         561,        0.39],[         725,        0.48]],
[[         407,        0.34],[         412,        0.33],[         533,        0.41],[         526,        0.37],[         726,        0.48]],
[[         414,        0.35],[         399,        0.32],[         434,        0.33],[         502,        0.35],[         687,        0.45]],
[[         413,        0.35],[         382,        0.31],[         360,        0.27],[         499,        0.35],[         666,        0.44]],
[[         383,        0.32],[         409,        0.33],[         367,        0.28],[         530,        0.37],[         630,        0.42]],
[[         221,        0.19],[         363,        0.29],[         404,        0.31],[         502,        0.35],[         562,        0.37]],
[[         200,        0.17],[         319,        0.26],[         387,         0.3],[         543,        0.38],[         540,        0.36]],
[[         216,        0.18],[         260,        0.21],[         327,        0.25],[         593,        0.42],[         497,        0.33]],
[[         222,        0.19],[         268,        0.22],[         310,        0.24],[         431,         0.3],[         472,        0.31]],
[[         186,        0.16],[         225,        0.18],[         315,        0.24],[         410,        0.29],[         453,         0.3]],
[[         190,        0.16],[         199,        0.16],[         255,        0.19],[         372,        0.26],[         404,        0.27]],
[[         653,        0.55],[         213,        0.17],[         233,        0.18],[         318,        0.22],[         362,        0.24]],
[[           .,           .],[         175,        0.14],[         208,        0.16],[         262,        0.18],[         331,        0.22]],
[[           .,           .],[         161,        0.13],[         194,        0.15],[         206,        0.14],[         314,        0.21]],
[[           .,           .],[         118,         0.1],[         175,        0.13],[         194,        0.14],[         302,         0.2]],
[[           .,           .],[          83,        0.07],[         158,        0.12],[         195,        0.14],[         273,        0.18]],
[[           .,           .],[         252,         0.2],[         460,        0.35],[         710,         0.5],[        1211,         0.8]]],
[[[         711,         0.6],[         686,        0.56],[         819,        0.62],[         806,        0.57],[         822,        0.54]],
[[         711,         0.6],[         749,        0.61],[         768,        0.59],[         813,        0.57],[         816,        0.54]],
[[         721,        0.61],[         676,        0.55],[         796,        0.61],[         825,        0.58],[         818,        0.54]],
[[         720,         0.6],[         678,        0.55],[         784,         0.6],[         839,        0.59],[         826,        0.55]],
[[         716,         0.6],[         681,        0.55],[         796,        0.61],[         834,        0.59],[         817,        0.54]],
[[         699,        0.59],[         650,        0.53],[         800,        0.61],[         836,        0.59],[         817,        0.54]],
[[         699,        0.59],[         642,        0.52],[         844,        0.64],[         838,        0.59],[         820,        0.54]],
[[         720,         0.6],[         668,        0.54],[         766,        0.58],[         839,        0.59],[         823,        0.54]],
[[         769,        0.65],[         703,        0.57],[         775,        0.59],[         839,        0.59],[         827,        0.55]],
[[         732,        0.61],[         706,        0.57],[         785,         0.6],[         832,        0.58],[         832,        0.55]],
[[         749,        0.63],[         721,        0.58],[         702,        0.54],[         835,        0.59],[         838,        0.55]],
[[         746,        0.63],[         684,        0.55],[         731,        0.56],[         818,        0.57],[         839,        0.55]],
[[         635,        0.53],[         735,         0.6],[         718,        0.55],[         847,        0.59],[         848,        0.56]],
[[         733,        0.62],[         745,         0.6],[         695,        0.53],[         847,        0.59],[         857,        0.57]],
[[         620,        0.52],[         748,        0.61],[         738,        0.56],[         835,        0.59],[         862,        0.57]],
[[         615,        0.52],[         781,        0.63],[         661,         0.5],[         849,         0.6],[         865,        0.57]],
[[         628,        0.53],[         768,        0.62],[         668,        0.51],[         869,        0.61],[         865,        0.57]],
[[         602,        0.51],[         809,        0.66],[         731,        0.56],[         810,        0.57],[         869,        0.57]],
[[         563,        0.47],[         789,        0.64],[         709,        0.54],[         765,        0.54],[         825,        0.54]],
[[         527,        0.44],[         545,        0.44],[         520,         0.4],[         542,        0.38],[         568,        0.37]],
[[         367,        0.31],[         535,        0.43],[         536,        0.41],[         521,        0.37],[         565,        0.37]],
[[         345,        0.29],[         550,        0.45],[         553,        0.42],[         598,        0.42],[         639,        0.42]],
[[         474,         0.4],[         601,        0.49],[         658,         0.5],[         667,        0.47],[         749,        0.49]],
[[         629,        0.53],[         686,        0.56],[         745,        0.57],[         690,        0.48],[         794,        0.52]],
[[         662,        0.56],[         668,        0.54],[         750,        0.57],[         705,         0.5],[         806,        0.53]],
[[         834,         0.7],[         676,        0.55],[         767,        0.58],[         677,        0.48],[         827,        0.55]],
[[         777,        0.65],[         670,        0.54],[         797,        0.61],[         674,        0.47],[         854,        0.56]],
[[         967,        0.81],[         680,        0.55],[         751,        0.57],[         707,         0.5],[         836,        0.55]],
[[         933,        0.78],[         755,        0.61],[         825,        0.63],[         726,        0.51],[         831,        0.55]],
[[         943,        0.79],[         740,         0.6],[         836,        0.64],[         755,        0.53],[         837,        0.55]],
[[         934,        0.78],[         706,        0.57],[         831,        0.63],[         779,        0.55],[         849,        0.56]],
[[         988,        0.83],[         729,        0.59],[         885,        0.67],[         816,        0.57],[         843,        0.56]],
[[        1028,        0.86],[         704,        0.57],[         767,        0.58],[         838,        0.59],[         844,        0.56]],
[[        1027,        0.86],[         794,        0.64],[         832,        0.63],[         856,         0.6],[         825,        0.54]],
[[        1002,        0.84],[         825,        0.67],[         851,        0.65],[         881,        0.62],[         831,        0.55]],
[[         946,        0.79],[         889,        0.72],[         871,        0.66],[         917,        0.64],[         827,        0.55]],
[[         976,        0.82],[         923,        0.75],[         879,        0.67],[         962,        0.68],[         827,        0.55]],
[[         906,        0.76],[        1033,        0.84],[         889,        0.68],[         984,        0.69],[         853,        0.56]],
[[         877,        0.74],[         922,        0.75],[         981,        0.75],[         994,         0.7],[         878,        0.58]],
[[         852,        0.72],[        1037,        0.84],[         917,         0.7],[        1002,         0.7],[         909,         0.6]],
[[         800,        0.67],[        1031,        0.84],[         820,        0.63],[        1034,        0.73],[         924,        0.61]],
[[         807,        0.68],[         997,        0.81],[         896,        0.68],[        1041,        0.73],[         952,        0.63]],
[[         781,        0.66],[        1005,        0.81],[         857,        0.65],[         987,        0.69],[         956,        0.63]],
[[         787,        0.66],[        1104,        0.89],[         869,        0.66],[        1010,        0.71],[         966,        0.64]],
[[         813,        0.68],[        1013,        0.82],[         849,        0.65],[        1002,         0.7],[         986,        0.65]],
[[         785,        0.66],[        1014,        0.82],[         958,        0.73],[        1019,        0.72],[        1004,        0.66]],
[[         846,        0.71],[        1013,        0.82],[         930,        0.71],[        1002,         0.7],[        1040,        0.69]],
[[         802,        0.67],[         954,        0.77],[        1055,         0.8],[        1026,        0.72],[        1067,         0.7]],
[[         827,        0.69],[         922,        0.75],[         980,        0.75],[        1048,        0.74],[        1072,        0.71]],
[[         909,        0.76],[         875,        0.71],[        1077,        0.82],[        1023,        0.72],[        1082,        0.71]],
[[        1000,        0.84],[         836,        0.68],[        1035,        0.79],[         923,        0.65],[        1110,        0.73]],
[[        1135,        0.95],[         843,        0.68],[         993,        0.76],[         950,        0.67],[        1106,        0.73]],
[[         897,        0.75],[         794,        0.64],[        1061,        0.81],[         910,        0.64],[        1069,        0.71]],
[[         888,        0.75],[         773,        0.63],[        1122,        0.86],[         939,        0.66],[        1086,        0.72]],
[[         864,        0.73],[         792,        0.64],[        1003,        0.76],[         911,        0.64],[        1063,         0.7]],
[[         844,        0.71],[         779,        0.63],[        1010,        0.77],[         969,        0.68],[        1067,         0.7]],
[[         686,        0.58],[         808,        0.65],[         982,        0.75],[         970,        0.68],[        1041,        0.69]],
[[         618,        0.52],[         783,        0.63],[         920,         0.7],[        1026,        0.72],[        1055,         0.7]],
[[         659,        0.55],[         767,        0.62],[         898,        0.68],[         983,        0.69],[        1061,         0.7]],
[[         710,         0.6],[         824,        0.67],[         836,        0.64],[        1029,        0.72],[        1025,        0.68]],
[[         668,        0.56],[         894,        0.72],[         813,        0.62],[        1010,        0.71],[         931,        0.61]],
[[         635,        0.53],[        1062,        0.86],[         799,        0.61],[         977,        0.69],[         933,        0.62]],
[[         602,        0.51],[         764,        0.62],[         741,        0.57],[        1009,        0.71],[         892,        0.59]],
[[         574,        0.48],[         764,        0.62],[         730,        0.56],[        1022,        0.72],[         901,        0.59]],
[[         564,        0.47],[         710,        0.58],[         725,        0.55],[         933,        0.66],[         872,        0.58]],
[[         570,        0.48],[         706,        0.57],[         716,        0.55],[         919,        0.65],[         910,         0.6]],
[[         581,        0.49],[         598,        0.48],[         720,        0.55],[         903,        0.63],[         913,         0.6]],
[[         606,        0.51],[         509,        0.41],[         668,        0.51],[         838,        0.59],[         942,        0.62]],
[[         609,        0.51],[         524,        0.42],[         671,        0.51],[         825,        0.58],[         898,        0.59]],
[[         575,        0.48],[         602,        0.49],[         718,        0.55],[         759,        0.53],[         928,        0.61]],
[[         603,        0.51],[         567,        0.46],[         728,        0.56],[         740,        0.52],[         915,         0.6]],
[[         589,        0.49],[         545,        0.44],[         917,         0.7],[         709,         0.5],[         894,        0.59]],
[[         611,        0.51],[         503,        0.41],[         654,         0.5],[         676,        0.47],[         915,         0.6]],
[[         515,        0.43],[         484,        0.39],[         654,         0.5],[         658,        0.46],[         920,        0.61]],
[[         538,        0.45],[         485,        0.39],[         625,        0.48],[         655,        0.46],[         856,        0.57]],
[[         570,        0.48],[         492,         0.4],[         621,        0.47],[         636,        0.45],[         833,        0.55]],
[[         542,        0.46],[         496,         0.4],[         541,        0.41],[         630,        0.44],[         809,        0.53]],
[[         560,        0.47],[         516,        0.42],[         445,        0.34],[         587,        0.41],[         756,         0.5]],
[[         569,        0.48],[         492,         0.4],[         436,        0.33],[         594,        0.42],[         735,        0.49]],
[[         375,        0.31],[         415,        0.34],[         510,        0.39],[         613,        0.43],[         674,        0.44]],
[[         316,        0.27],[         433,        0.35],[         455,        0.35],[         620,        0.44],[         640,        0.42]],
[[         348,        0.29],[         436,        0.35],[         435,        0.33],[         744,        0.52],[         609,         0.4]],
[[         352,         0.3],[         435,        0.35],[         384,        0.29],[         519,        0.36],[         566,        0.37]],
[[         321,        0.27],[         335,        0.27],[         364,        0.28],[         504,        0.35],[         546,        0.36]],
[[         312,        0.26],[         337,        0.27],[         337,        0.26],[         476,        0.33],[         534,        0.35]],
[[        1689,        1.42],[         374,         0.3],[         347,        0.26],[         459,        0.32],[         510,        0.34]],
[[           .,           .],[         313,        0.25],[         355,        0.27],[         387,        0.27],[         488,        0.32]],
[[           .,           .],[         303,        0.25],[         317,        0.24],[         301,        0.21],[         434,        0.29]],
[[           .,           .],[         297,        0.24],[         310,        0.24],[         298,        0.21],[         426,        0.28]],
[[           .,           .],[         201,        0.16],[         207,        0.16],[         308,        0.22],[         415,        0.27]],
[[           .,           .],[         651,        0.53],[        1002,        0.76],[        1287,         0.9],[        1994,        1.32]]]]}}
