{
"ons":{
"label":"Population Projections for England and Wales, by local authority",
"source":"Office for National Statistics",
"updated":"2014-10-01",
"area": {
"code":"K04000001",
"label":"England and Wales"
},
"time": {
"label":"1998-2038",
"index":["1998",  "2008",  "2018",  "2028",  "2038"]
},
"concept":{
"label":["population", "% of population"],
"units":["count", "%"],
"max":[        2263,         1.16]
},
"sums":{
"series1":[       93932,        95480,        99759,       102865,       104529],
"series2":[      100412,       100598,       102749,       104629,       105663]
},
"dimension":{
"label":"age",
"index":["0", "1", "2", "3", "4", "5", "6", "7", "8", "9", "10", "11", "12", "13", "14", "15", "16", "17", "18", "19", "20", "21", "22", "23", "24", "25", "26", "27", "28", "29", "30", "31", "32", "33", "34", "35", "36", "37", "38", "39", "40", "41", "42", "43", "44", "45", "46", "47", "48", "49", "50", "51", "52", "53", "54", "55", "56", "57", "58", "59", "60", "61", "62", "63", "64", "65", "66", "67", "68", "69", "70", "71", "72", "73", "74", "75", "76", "77", "78", "79", "80", "81", "82", "83", "84", "85", "86", "87", "88", "89", "90+"]
},
"series":["male", "female"],
"value":[[[[        1117,        0.57],[        1161,        0.59],[        1043,        0.52],[        1121,        0.54],[        1127,        0.54]],
[[        1162,         0.6],[        1141,        0.58],[        1087,        0.54],[        1117,        0.54],[        1112,        0.53]],
[[        1211,        0.62],[        1080,        0.55],[        1108,        0.55],[        1113,        0.54],[        1100,        0.52]],
[[        1164,         0.6],[        1061,        0.54],[        1166,        0.58],[        1109,        0.53],[        1089,        0.52]],
[[        1173,         0.6],[         981,         0.5],[        1111,        0.55],[        1110,        0.53],[        1085,        0.52]],
[[        1227,        0.63],[        1036,        0.53],[        1099,        0.54],[        1105,        0.53],[        1078,        0.51]],
[[        1308,        0.67],[        1024,        0.52],[        1220,         0.6],[        1104,        0.53],[        1077,        0.51]],
[[        1286,        0.66],[        1081,        0.55],[        1229,        0.61],[        1102,        0.53],[        1076,        0.51]],
[[        1210,        0.62],[        1078,        0.55],[        1221,         0.6],[        1106,        0.53],[        1076,        0.51]],
[[        1257,        0.65],[        1093,        0.56],[        1212,         0.6],[        1112,        0.54],[        1082,        0.51]],
[[        1274,        0.66],[        1106,        0.56],[        1129,        0.56],[        1108,        0.53],[        1085,        0.52]],
[[        1271,        0.65],[        1163,        0.59],[        1145,        0.57],[        1091,        0.53],[        1088,        0.52]],
[[        1214,        0.62],[        1233,        0.63],[        1077,        0.53],[        1140,        0.55],[        1096,        0.52]],
[[        1212,        0.62],[        1123,        0.57],[        1057,        0.52],[        1184,        0.57],[        1100,        0.52]],
[[        1145,        0.59],[        1087,        0.55],[         947,        0.47],[        1126,        0.54],[        1103,        0.52]],
[[        1142,        0.59],[        1221,        0.62],[        1035,        0.51],[        1167,        0.56],[        1143,        0.54]],
[[        1161,         0.6],[        1306,        0.67],[        1110,        0.55],[        1305,        0.63],[        1185,        0.56]],
[[        1162,         0.6],[        1340,        0.68],[        1171,        0.58],[        1340,        0.65],[        1213,        0.58]],
[[        1194,        0.61],[        1193,        0.61],[        1261,        0.62],[        1352,        0.65],[        1250,        0.59]],
[[         898,        0.46],[        1180,         0.6],[        1351,        0.67],[        1317,        0.63],[        1242,        0.59]],
[[         776,         0.4],[        1177,         0.6],[        1253,        0.62],[        1239,         0.6],[        1215,        0.58]],
[[         749,        0.39],[        1187,        0.61],[        1255,        0.62],[        1216,        0.59],[        1190,        0.57]],
[[         907,        0.47],[        1251,        0.64],[        1432,        0.71],[        1213,        0.58],[        1263,         0.6]],
[[        1095,        0.56],[        1241,        0.63],[        1343,        0.66],[        1193,        0.57],[        1322,        0.63]],
[[        1211,        0.62],[        1314,        0.67],[        1241,        0.61],[        1165,        0.56],[        1335,        0.64]],
[[        1288,        0.66],[        1273,        0.65],[        1338,        0.66],[        1225,        0.59],[        1398,        0.67]],
[[        1403,        0.72],[        1300,        0.66],[        1387,        0.68],[        1249,         0.6],[        1499,        0.71]],
[[        1528,        0.79],[        1273,        0.65],[        1340,        0.66],[        1295,        0.62],[        1524,        0.73]],
[[        1431,        0.74],[        1379,         0.7],[        1260,        0.62],[        1358,        0.65],[        1521,        0.72]],
[[        1478,        0.76],[        1311,        0.67],[        1295,        0.64],[        1394,        0.67],[        1497,        0.71]],
[[        1479,        0.76],[        1216,        0.62],[        1381,        0.68],[        1424,        0.69],[        1489,        0.71]],
[[        1501,        0.77],[        1169,         0.6],[        1412,         0.7],[        1463,        0.71],[        1452,        0.69]],
[[        1547,         0.8],[        1221,        0.62],[        1508,        0.74],[        1557,        0.75],[        1437,        0.68]],
[[        1549,         0.8],[        1215,        0.62],[        1427,         0.7],[        1471,        0.71],[        1365,        0.65]],
[[        1576,        0.81],[        1164,        0.59],[        1473,        0.73],[        1440,        0.69],[        1314,        0.63]],
[[        1528,        0.79],[        1199,        0.61],[        1417,         0.7],[        1505,        0.73],[        1311,        0.62]],
[[        1596,        0.82],[        1429,        0.73],[        1287,        0.64],[        1522,        0.73],[        1274,        0.61]],
[[        1435,        0.74],[        1433,        0.73],[        1333,        0.66],[        1487,        0.72],[        1290,        0.61]],
[[        1388,        0.71],[        1364,         0.7],[        1318,        0.65],[        1389,        0.67],[        1317,        0.63]],
[[        1423,        0.73],[        1380,         0.7],[        1277,        0.63],[        1370,        0.66],[        1340,        0.64]],
[[        1439,        0.74],[        1442,        0.74],[        1263,        0.62],[        1370,        0.66],[        1350,        0.64]],
[[        1365,         0.7],[        1445,        0.74],[        1189,        0.59],[        1333,        0.64],[        1365,        0.65]],
[[        1232,        0.63],[        1497,        0.76],[        1171,        0.58],[        1396,        0.67],[        1416,        0.67]],
[[        1267,        0.65],[        1440,        0.73],[        1178,        0.58],[        1337,        0.64],[        1360,        0.65]],
[[        1280,        0.66],[        1447,        0.74],[        1075,        0.53],[        1308,        0.63],[        1345,        0.64]],
[[        1233,        0.63],[        1461,        0.75],[        1132,        0.56],[        1278,        0.62],[        1377,        0.66]],
[[        1173,         0.6],[        1564,         0.8],[        1462,        0.72],[        1214,        0.59],[        1406,        0.67]],
[[        1185,        0.61],[        1362,        0.69],[        1397,        0.69],[        1238,         0.6],[        1392,        0.66]],
[[        1270,        0.65],[        1366,         0.7],[        1278,        0.63],[        1254,         0.6],[        1309,        0.62]],
[[        1333,        0.69],[        1390,        0.71],[        1310,        0.65],[        1185,        0.57],[        1276,        0.61]],
[[        1434,        0.74],[        1378,         0.7],[        1405,        0.69],[        1140,        0.55],[        1274,        0.61]],
[[        1598,        0.82],[        1378,         0.7],[        1401,        0.69],[        1107,        0.53],[        1245,        0.59]],
[[        1209,        0.62],[        1205,        0.61],[        1367,        0.68],[        1093,        0.53],[        1300,        0.62]],
[[        1145,        0.59],[        1198,        0.61],[        1413,         0.7],[        1108,        0.53],[        1256,         0.6]],
[[        1140,        0.59],[        1190,        0.61],[        1359,        0.67],[        1044,         0.5],[        1232,        0.59]],
[[        1010,        0.52],[        1151,        0.59],[        1431,        0.71],[        1130,        0.54],[        1215,        0.58]],
[[         990,        0.51],[        1100,        0.56],[        1462,        0.72],[        1348,        0.65],[        1153,        0.55]],
[[         968,         0.5],[        1126,        0.57],[        1349,        0.67],[        1325,        0.64],[        1173,        0.56]],
[[        1089,        0.56],[        1187,        0.61],[        1304,        0.64],[        1216,        0.59],[        1191,        0.57]],
[[        1100,        0.57],[        1204,        0.61],[        1333,        0.66],[        1231,        0.59],[        1130,        0.54]],
[[        1105,        0.57],[        1325,        0.68],[        1296,        0.64],[        1318,        0.64],[        1074,        0.51]],
[[        1083,        0.56],[        1440,        0.73],[        1301,        0.64],[        1317,        0.63],[        1040,        0.49]],
[[        1014,        0.52],[        1068,        0.54],[        1108,        0.55],[        1304,        0.63],[        1032,        0.49]],
[[         999,        0.51],[        1041,        0.53],[        1119,        0.55],[        1330,        0.64],[        1040,        0.49]],
[[        1019,        0.52],[        1002,        0.51],[        1086,        0.54],[        1272,        0.61],[         978,        0.47]],
[[         989,        0.51],[         900,        0.46],[        1038,        0.51],[        1313,        0.63],[        1048,         0.5]],
[[         998,        0.51],[         862,        0.44],[         960,        0.47],[        1322,        0.64],[        1228,        0.58]],
[[        1020,        0.52],[         821,        0.42],[        1014,         0.5],[        1206,        0.58],[        1211,        0.58]],
[[         907,        0.47],[         944,        0.48],[        1071,        0.53],[        1162,        0.56],[        1105,        0.53]],
[[         849,        0.44],[         962,        0.49],[        1049,        0.52],[        1173,        0.57],[        1112,        0.53]],
[[         844,        0.43],[         908,        0.46],[        1124,        0.56],[        1130,        0.54],[        1174,        0.56]],
[[         853,        0.44],[         876,        0.45],[        1229,        0.61],[        1122,        0.54],[        1166,        0.55]],
[[         821,        0.42],[         795,        0.41],[         873,        0.43],[         957,        0.46],[        1138,        0.54]],
[[         758,        0.39],[         762,        0.39],[         860,        0.42],[         948,        0.46],[        1151,        0.55]],
[[         692,        0.36],[         734,        0.37],[         820,         0.4],[         923,        0.44],[        1090,        0.52]],
[[         638,        0.33],[         704,        0.36],[         729,        0.36],[         854,        0.41],[        1103,        0.52]],
[[         635,        0.33],[         711,        0.36],[         664,        0.33],[         793,        0.38],[        1098,        0.52]],
[[         599,        0.31],[         670,        0.34],[         649,        0.32],[         809,        0.39],[         990,        0.47]],
[[         558,        0.29],[         589,         0.3],[         669,        0.33],[         831,         0.4],[         934,        0.44]],
[[         368,        0.19],[         525,        0.27],[         676,        0.33],[         792,        0.38],[         917,        0.44]],
[[         303,        0.16],[         465,        0.24],[         617,         0.3],[         825,         0.4],[         857,        0.41]],
[[         264,        0.14],[         431,        0.22],[         575,        0.28],[         874,        0.42],[         827,        0.39]],
[[         252,        0.13],[         436,        0.22],[         460,        0.23],[         599,        0.29],[         688,        0.33]],
[[         224,        0.12],[         369,        0.19],[         446,        0.22],[         552,        0.27],[         656,        0.31]],
[[         214,        0.11],[         286,        0.15],[         397,         0.2],[         518,        0.25],[         621,         0.3]],
[[         790,        0.41],[         245,        0.12],[         363,        0.18],[         429,        0.21],[         545,        0.26]],
[[           .,           .],[         219,        0.11],[         360,        0.18],[         354,        0.17],[         473,        0.23]],
[[           .,           .],[         175,        0.09],[         257,        0.13],[         310,        0.15],[         443,        0.21]],
[[           .,           .],[         145,        0.07],[         224,        0.11],[         301,        0.15],[         424,         0.2]],
[[           .,           .],[         104,        0.05],[         159,        0.08],[         274,        0.13],[         376,        0.18]],
[[           .,           .],[         251,        0.13],[         531,        0.26],[         894,        0.43],[        1467,         0.7]]],
[[[        1093,        0.56],[        1093,        0.56],[         976,        0.48],[        1067,        0.51],[        1073,        0.51]],
[[        1159,         0.6],[        1139,        0.58],[        1067,        0.53],[        1052,        0.51],[        1048,         0.5]],
[[        1091,        0.56],[        1134,        0.58],[        1066,        0.53],[        1053,        0.51],[        1041,         0.5]],
[[        1131,        0.58],[        1033,        0.53],[        1077,        0.53],[        1059,        0.51],[        1040,        0.49]],
[[        1154,        0.59],[        1038,        0.53],[        1156,        0.57],[        1069,        0.52],[        1044,         0.5]],
[[        1157,         0.6],[         991,        0.51],[        1057,        0.52],[        1061,        0.51],[        1034,        0.49]],
[[        1262,        0.65],[         961,        0.49],[        1071,        0.53],[        1063,        0.51],[        1037,        0.49]],
[[        1199,        0.62],[         990,         0.5],[        1214,         0.6],[        1066,        0.51],[        1040,        0.49]],
[[        1208,        0.62],[         946,        0.48],[        1104,        0.55],[        1072,        0.52],[        1042,         0.5]],
[[        1223,        0.63],[        1031,        0.53],[        1199,        0.59],[        1079,        0.52],[        1049,         0.5]],
[[        1205,        0.62],[        1107,        0.56],[        1042,        0.51],[        1074,        0.52],[        1049,         0.5]],
[[        1164,         0.6],[        1132,        0.58],[        1158,        0.57],[        1059,        0.51],[        1053,         0.5]],
[[        1229,        0.63],[        1109,        0.57],[        1128,        0.56],[        1096,        0.53],[        1058,         0.5]],
[[        1178,        0.61],[        1121,        0.57],[        1032,        0.51],[        1078,        0.52],[        1058,         0.5]],
[[        1191,        0.61],[        1107,        0.56],[        1019,         0.5],[        1150,        0.55],[        1062,        0.51]],
[[        1156,        0.59],[        1140,        0.58],[         970,        0.48],[        1097,        0.53],[        1070,        0.51]],
[[        1179,        0.61],[        1248,        0.64],[         983,        0.49],[        1113,        0.54],[        1077,        0.51]],
[[        1153,        0.59],[        1347,        0.69],[        1119,        0.55],[        1364,        0.66],[        1218,        0.58]],
[[        1209,        0.62],[        1263,        0.64],[        1058,        0.52],[        1261,        0.61],[        1222,        0.58]],
[[         997,        0.51],[        1208,        0.62],[        1147,        0.57],[        1196,        0.58],[        1111,        0.53]],
[[         700,        0.36],[        1135,        0.58],[        1081,        0.53],[        1041,         0.5],[        1031,        0.49]],
[[         697,        0.36],[        1100,        0.56],[        1051,        0.52],[        1103,        0.53],[        1063,        0.51]],
[[        1006,        0.52],[        1300,        0.66],[        1241,        0.61],[        1171,        0.56],[        1180,        0.56]],
[[        1122,        0.58],[        1250,        0.64],[        1257,        0.62],[        1164,        0.56],[        1238,        0.59]],
[[        1310,        0.67],[        1356,        0.69],[        1371,        0.68],[        1197,        0.58],[        1333,        0.63]],
[[        1289,        0.66],[        1439,        0.73],[        1263,        0.62],[        1204,        0.58],[        1383,        0.66]],
[[        1428,        0.73],[        1347,        0.69],[        1337,        0.66],[        1219,        0.59],[        1450,        0.69]],
[[        1522,        0.78],[        1316,        0.67],[        1343,        0.66],[        1259,        0.61],[        1483,        0.71]],
[[        1526,        0.79],[        1383,        0.71],[        1349,        0.67],[        1275,        0.61],[        1446,        0.69]],
[[        1460,        0.75],[        1322,        0.67],[        1389,        0.69],[        1355,        0.65],[        1454,        0.69]],
[[        1494,        0.77],[        1132,        0.58],[        1499,        0.74],[        1389,        0.67],[        1424,        0.68]],
[[        1628,        0.84],[        1095,        0.56],[        1338,        0.66],[        1386,        0.67],[        1387,        0.66]],
[[        1548,         0.8],[        1200,        0.61],[        1511,        0.75],[        1402,        0.68],[        1366,        0.65]],
[[        1608,        0.83],[        1189,        0.61],[        1435,        0.71],[        1350,        0.65],[        1285,        0.61]],
[[        1598,        0.82],[        1243,        0.63],[        1389,        0.69],[        1394,        0.67],[        1253,         0.6]],
[[        1589,        0.82],[        1281,        0.65],[        1467,        0.72],[        1372,        0.66],[        1200,        0.57]],
[[        1528,        0.79],[        1412,        0.72],[        1343,        0.66],[        1442,        0.69],[        1174,        0.56]],
[[        1517,        0.78],[        1458,        0.74],[        1346,        0.66],[        1407,        0.68],[        1198,        0.57]],
[[        1450,        0.75],[        1456,        0.74],[        1381,        0.68],[        1352,        0.65],[        1208,        0.57]],
[[        1413,        0.73],[        1444,        0.74],[        1294,        0.64],[        1349,        0.65],[        1258,         0.6]],
[[        1456,        0.75],[        1400,        0.71],[        1129,        0.56],[        1404,        0.68],[        1291,        0.61]],
[[        1405,        0.72],[        1530,        0.78],[        1126,        0.56],[        1303,        0.63],[        1295,        0.62]],
[[        1225,        0.63],[        1571,         0.8],[        1170,        0.58],[        1396,        0.67],[        1308,        0.62]],
[[        1230,        0.63],[        1553,        0.79],[        1122,        0.55],[        1346,        0.65],[        1273,        0.61]],
[[        1232,        0.63],[        1527,        0.78],[        1167,        0.58],[        1300,        0.63],[        1316,        0.63]],
[[        1202,        0.62],[        1593,        0.81],[        1248,        0.62],[        1354,        0.65],[        1311,        0.62]],
[[        1172,         0.6],[        1471,        0.75],[        1394,        0.69],[        1291,        0.62],[        1385,        0.66]],
[[        1171,         0.6],[        1461,        0.75],[        1427,         0.7],[        1290,        0.62],[        1360,        0.65]],
[[        1259,        0.65],[        1430,        0.73],[        1409,         0.7],[        1334,        0.64],[        1305,        0.62]],
[[        1348,        0.69],[        1357,        0.69],[        1374,        0.68],[        1235,         0.6],[        1296,        0.62]],
[[        1413,        0.73],[        1425,        0.73],[        1371,        0.68],[        1098,        0.53],[        1343,        0.64]],
[[        1504,        0.77],[        1358,        0.69],[        1519,        0.75],[        1090,        0.53],[        1259,         0.6]],
[[        1210,        0.62],[        1209,        0.62],[        1503,        0.74],[        1140,        0.55],[        1345,        0.64]],
[[        1200,        0.62],[        1221,        0.62],[        1519,        0.75],[        1106,        0.53],[        1301,        0.62]],
[[        1142,        0.59],[        1183,         0.6],[        1451,        0.72],[        1160,        0.56],[        1264,         0.6]],
[[        1098,        0.56],[        1169,         0.6],[        1559,        0.77],[        1211,        0.58],[        1308,        0.62]],
[[        1058,        0.54],[        1153,        0.59],[        1406,        0.69],[        1352,        0.65],[        1254,         0.6]],
[[        1054,        0.54],[        1146,        0.58],[        1434,        0.71],[        1383,        0.67],[        1243,        0.59]],
[[        1065,        0.55],[        1210,        0.62],[        1370,        0.68],[        1355,        0.65],[        1277,        0.61]],
[[        1133,        0.58],[        1295,        0.66],[        1292,        0.64],[        1329,        0.64],[        1179,        0.56]],
[[        1209,        0.62],[        1385,        0.71],[        1327,        0.66],[        1304,        0.63],[        1052,         0.5]],
[[        1113,        0.57],[        1430,        0.73],[        1261,        0.62],[        1414,        0.68],[        1037,        0.49]],
[[        1088,        0.56],[        1103,        0.56],[        1157,        0.57],[        1418,        0.68],[        1076,        0.51]],
[[        1072,        0.55],[        1119,        0.57],[        1144,        0.56],[        1422,        0.69],[        1045,         0.5]],
[[        1061,        0.55],[        1090,        0.56],[        1099,        0.54],[        1363,        0.66],[        1087,        0.52]],
[[        1078,        0.55],[         988,         0.5],[        1060,        0.52],[        1429,        0.69],[        1137,        0.54]],
[[        1105,        0.57],[         940,        0.48],[        1072,        0.53],[        1295,        0.62],[        1258,         0.6]],
[[        1123,        0.58],[         960,        0.49],[        1077,        0.53],[        1293,        0.62],[        1287,        0.61]],
[[        1055,        0.54],[         951,        0.49],[        1146,        0.57],[        1244,         0.6],[        1260,         0.6]],
[[        1055,        0.54],[        1007,        0.51],[        1147,        0.57],[        1190,        0.57],[        1239,        0.59]],
[[         969,         0.5],[        1017,        0.52],[        1254,        0.62],[        1225,        0.59],[        1208,        0.57]],
[[        1008,        0.52],[         958,        0.49],[        1315,        0.65],[        1137,        0.55],[        1288,        0.61]],
[[        1042,        0.54],[         903,        0.46],[         933,        0.46],[        1050,        0.51],[        1284,        0.61]],
[[         956,        0.49],[         913,        0.47],[         990,        0.49],[        1013,        0.49],[        1284,        0.61]],
[[         898,        0.46],[         886,        0.45],[         945,        0.47],[         986,        0.48],[        1227,        0.58]],
[[         909,        0.47],[         881,        0.45],[         811,         0.4],[         940,        0.45],[        1266,         0.6]],
[[         887,        0.46],[         829,        0.42],[         786,        0.39],[         927,        0.45],[        1135,        0.54]],
[[         872,        0.45],[         839,        0.43],[         779,        0.38],[         911,        0.44],[        1117,        0.53]],
[[         929,        0.48],[         745,        0.38],[         773,        0.38],[         943,        0.45],[        1055,         0.5]],
[[         621,        0.32],[         716,        0.37],[         795,        0.39],[         945,        0.46],[         996,        0.47]],
[[         545,        0.28],[         627,        0.32],[         787,        0.39],[         994,        0.48],[        1000,        0.48]],
[[         579,         0.3],[         631,        0.32],[         729,        0.36],[        1009,        0.49],[         910,        0.43]],
[[         538,        0.28],[         642,        0.33],[         634,        0.31],[         705,        0.34],[         819,        0.39]],
[[         608,        0.31],[         552,        0.28],[         639,        0.32],[         707,        0.34],[         761,        0.36]],
[[         481,        0.25],[         450,        0.23],[         580,        0.29],[         650,        0.31],[         710,        0.34]],
[[        2263,        1.16],[         446,        0.23],[         528,        0.26],[         536,        0.26],[         647,        0.31]],
[[           .,           .],[         432,        0.22],[         435,        0.21],[         477,        0.23],[         601,        0.29]],
[[           .,           .],[         410,        0.21],[         434,        0.21],[         428,        0.21],[         551,        0.26]],
[[           .,           .],[         352,        0.18],[         359,        0.18],[         389,        0.19],[         527,        0.25]],
[[           .,           .],[         277,        0.14],[         296,        0.15],[         365,        0.18],[         489,        0.23]],
[[           .,           .],[         861,        0.44],[        1139,        0.56],[        1482,        0.71],[        2157,        1.03]]]]}}
