{
"ons":{
"label":"Population Projections for England and Wales, by local authority",
"source":"Office for National Statistics",
"updated":"2014-10-01",
"area": {
"code":"K04000001",
"label":"England and Wales"
},
"time": {
"label":"1998-2038",
"index":["1998",  "2008",  "2018",  "2028",  "2038"]
},
"concept":{
"label":["population", "% of population"],
"units":["count", "%"],
"max":[        1705,         1.52]
},
"sums":{
"series1":[       54512,        54835,        57396,        60845,        63586],
"series2":[       57556,        57458,        60390,        64441,        67347]
},
"dimension":{
"label":"age",
"index":["0", "1", "2", "3", "4", "5", "6", "7", "8", "9", "10", "11", "12", "13", "14", "15", "16", "17", "18", "19", "20", "21", "22", "23", "24", "25", "26", "27", "28", "29", "30", "31", "32", "33", "34", "35", "36", "37", "38", "39", "40", "41", "42", "43", "44", "45", "46", "47", "48", "49", "50", "51", "52", "53", "54", "55", "56", "57", "58", "59", "60", "61", "62", "63", "64", "65", "66", "67", "68", "69", "70", "71", "72", "73", "74", "75", "76", "77", "78", "79", "80", "81", "82", "83", "84", "85", "86", "87", "88", "89", "90+"]
},
"series":["male", "female"],
"value":[[[[         608,        0.54],[         661,        0.59],[         615,        0.52],[         679,        0.54],[         698,        0.53]],
[[         598,        0.53],[         661,        0.59],[         613,        0.52],[         676,        0.54],[         688,        0.53]],
[[         621,        0.55],[         600,        0.53],[         683,        0.58],[         696,        0.56],[         702,        0.54]],
[[         650,        0.58],[         620,        0.55],[         629,        0.53],[         700,        0.56],[         703,        0.54]],
[[         657,        0.59],[         581,        0.52],[         646,        0.55],[         711,        0.57],[         711,        0.54]],
[[         642,        0.57],[         626,        0.56],[         643,        0.55],[         721,        0.58],[         721,        0.55]],
[[         725,        0.65],[         542,        0.48],[         762,        0.65],[         723,        0.58],[         725,        0.55]],
[[         747,        0.67],[         649,        0.58],[         788,        0.67],[         725,        0.58],[         729,        0.56]],
[[         718,        0.64],[         633,        0.56],[         722,        0.61],[         730,        0.58],[         736,        0.56]],
[[         702,        0.63],[         673,         0.6],[         708,         0.6],[         729,        0.58],[         739,        0.56]],
[[         776,        0.69],[         674,         0.6],[         757,        0.64],[         732,        0.58],[         745,        0.57]],
[[         743,        0.66],[         660,        0.59],[         739,        0.63],[         723,        0.58],[         751,        0.57]],
[[         699,        0.62],[         673,         0.6],[         676,        0.57],[         749,         0.6],[         756,        0.58]],
[[         714,        0.64],[         695,        0.62],[         647,        0.55],[         730,        0.58],[         762,        0.58]],
[[         720,        0.64],[         783,         0.7],[         634,        0.54],[         713,        0.57],[         765,        0.58]],
[[         727,        0.65],[         700,        0.62],[         656,        0.56],[         734,        0.59],[         769,        0.59]],
[[         671,         0.6],[         749,        0.67],[         596,        0.51],[         823,        0.66],[         770,        0.59]],
[[         716,        0.64],[         784,         0.7],[         680,        0.58],[         814,        0.65],[         769,        0.59]],
[[         673,         0.6],[         692,        0.62],[         678,        0.58],[         741,        0.59],[         747,        0.57]],
[[         508,        0.45],[         630,        0.56],[         537,        0.46],[         590,        0.47],[         597,        0.46]],
[[         426,        0.38],[         592,        0.53],[         509,        0.43],[         540,        0.43],[         549,        0.42]],
[[         454,        0.41],[         595,        0.53],[         507,        0.43],[         563,        0.45],[         562,        0.43]],
[[         505,        0.45],[         551,        0.49],[         602,        0.51],[         578,        0.46],[         624,        0.48]],
[[         628,        0.56],[         558,         0.5],[         589,         0.5],[         593,        0.47],[         660,         0.5]],
[[         678,         0.6],[         594,        0.53],[         690,        0.59],[         575,        0.46],[         657,         0.5]],
[[         698,        0.62],[         606,        0.54],[         660,        0.56],[         620,        0.49],[         717,        0.55]],
[[         798,        0.71],[         608,        0.54],[         671,        0.57],[         591,        0.47],[         771,        0.59]],
[[         833,        0.74],[         661,        0.59],[         757,        0.64],[         639,        0.51],[         769,        0.59]],
[[         771,        0.69],[         663,        0.59],[         639,        0.54],[         658,        0.53],[         751,        0.57]],
[[         793,        0.71],[         601,        0.54],[         756,        0.64],[         673,        0.54],[         732,        0.56]],
[[         797,        0.71],[         570,        0.51],[         720,        0.61],[         692,        0.55],[         750,        0.57]],
[[         845,        0.75],[         614,        0.55],[         626,        0.53],[         710,        0.57],[         748,        0.57]],
[[         804,        0.72],[         624,        0.56],[         708,         0.6],[         724,        0.58],[         735,        0.56]],
[[         884,        0.79],[         674,         0.6],[         599,        0.51],[         729,        0.58],[         710,        0.54]],
[[         874,        0.78],[         652,        0.58],[         698,        0.59],[         803,        0.64],[         702,        0.54]],
[[         849,        0.76],[         736,        0.66],[         645,        0.55],[         800,        0.64],[         708,        0.54]],
[[         848,        0.76],[         758,        0.68],[         694,        0.59],[         820,        0.65],[         690,        0.53]],
[[         872,        0.78],[         844,        0.75],[         718,        0.61],[         843,        0.67],[         717,        0.55]],
[[         778,        0.69],[         770,        0.69],[         807,        0.69],[         811,        0.65],[         741,        0.57]],
[[         788,         0.7],[         858,        0.76],[         696,        0.59],[         802,        0.64],[         771,        0.59]],
[[         751,        0.67],[         868,        0.77],[         669,        0.57],[         778,        0.62],[         790,         0.6]],
[[         788,         0.7],[         856,        0.76],[         710,         0.6],[         751,         0.6],[         807,        0.62]],
[[         696,        0.62],[         838,        0.75],[         706,         0.6],[         777,        0.62],[         815,        0.62]],
[[         716,        0.64],[         874,        0.78],[         660,        0.56],[         731,        0.58],[         816,        0.62]],
[[         736,        0.66],[         868,        0.77],[         731,        0.62],[         777,        0.62],[         879,        0.67]],
[[         792,        0.71],[         853,        0.76],[         742,        0.63],[         743,        0.59],[         868,        0.66]],
[[         803,        0.72],[         871,        0.78],[         825,         0.7],[         749,         0.6],[         882,        0.67]],
[[         830,        0.74],[         872,        0.78],[         930,        0.79],[         794,        0.63],[         911,         0.7]],
[[         888,        0.79],[         816,        0.73],[         781,        0.66],[         823,        0.66],[         876,        0.67]],
[[         823,        0.73],[         766,        0.68],[         874,        0.74],[         757,         0.6],[         845,        0.65]],
[[         939,        0.84],[         773,        0.69],[         893,        0.76],[         706,        0.56],[         812,        0.62]],
[[        1030,        0.92],[         761,        0.68],[         865,        0.73],[         710,        0.57],[         778,        0.59]],
[[         742,        0.66],[         702,        0.63],[         844,        0.72],[         723,        0.58],[         802,        0.61]],
[[         801,        0.71],[         687,        0.61],[         889,        0.75],[         715,        0.57],[         772,        0.59]],
[[         766,        0.68],[         706,        0.63],[         866,        0.74],[         744,        0.59],[         791,         0.6]],
[[         735,        0.66],[         738,        0.66],[         828,         0.7],[         781,        0.62],[         760,        0.58]],
[[         663,        0.59],[         768,        0.68],[         892,        0.76],[         823,        0.66],[         759,        0.58]],
[[         582,        0.52],[         732,        0.65],[         824,         0.7],[         870,        0.69],[         787,         0.6]],
[[         573,        0.51],[         740,        0.66],[         772,        0.66],[         771,        0.62],[         804,        0.61]],
[[         636,        0.57],[         735,        0.65],[         761,        0.65],[         846,        0.68],[         739,        0.56]],
[[         640,        0.57],[         826,        0.74],[         728,        0.62],[         849,        0.68],[         684,        0.52]],
[[         580,        0.52],[         899,         0.8],[         728,        0.62],[         836,        0.67],[         681,        0.52]],
[[         574,        0.51],[         643,        0.57],[         636,        0.54],[         797,        0.64],[         688,        0.53]],
[[         575,        0.51],[         667,        0.59],[         629,        0.53],[         826,        0.66],[         673,        0.51]],
[[         571,        0.51],[         644,        0.57],[         671,        0.57],[         795,        0.63],[         698,        0.53]],
[[         531,        0.47],[         618,        0.55],[         671,        0.57],[         776,        0.62],[         729,        0.56]],
[[         520,        0.46],[         554,        0.49],[         720,        0.61],[         799,        0.64],[         765,        0.58]],
[[         528,        0.47],[         477,        0.42],[         643,        0.55],[         769,        0.61],[         804,        0.61]],
[[         506,        0.45],[         495,        0.44],[         681,        0.58],[         711,        0.57],[         732,        0.56]],
[[         437,        0.39],[         545,        0.49],[         707,         0.6],[         682,        0.54],[         783,         0.6]],
[[         447,         0.4],[         531,        0.47],[         726,        0.62],[         660,        0.53],[         781,         0.6]],
[[         463,        0.41],[         501,        0.45],[         783,        0.66],[         655,        0.52],[         761,        0.58]],
[[         462,        0.41],[         472,        0.42],[         528,        0.45],[         572,        0.46],[         723,        0.55]],
[[         424,        0.38],[         433,        0.39],[         551,        0.47],[         555,        0.44],[         736,        0.56]],
[[         406,        0.36],[         459,        0.41],[         520,        0.44],[         561,        0.45],[         698,        0.53]],
[[         373,        0.33],[         400,        0.36],[         479,        0.41],[         573,        0.46],[         677,        0.52]],
[[         385,        0.34],[         388,        0.35],[         440,        0.37],[         582,        0.46],[         678,        0.52]],
[[         328,        0.29],[         365,        0.33],[         370,        0.31],[         524,        0.42],[         639,        0.49]],
[[         338,         0.3],[         337,         0.3],[         365,        0.31],[         531,        0.42],[         578,        0.44]],
[[         209,        0.19],[         295,        0.26],[         401,        0.34],[         537,        0.43],[         550,        0.42]],
[[         195,        0.17],[         273,        0.24],[         365,        0.31],[         538,        0.43],[         518,         0.4]],
[[         168,        0.15],[         287,        0.26],[         348,         0.3],[         569,        0.45],[         497,        0.38]],
[[         165,        0.15],[         250,        0.22],[         287,        0.24],[         373,         0.3],[         424,        0.32]],
[[         168,        0.15],[         245,        0.22],[         288,        0.24],[         349,        0.28],[         395,         0.3]],
[[         139,        0.12],[         211,        0.19],[         248,        0.21],[         329,        0.26],[         382,        0.29]],
[[         552,        0.49],[         174,        0.15],[         191,        0.16],[         287,        0.23],[         366,        0.28]],
[[           .,           .],[         176,        0.16],[         205,        0.17],[         238,        0.19],[         344,        0.26]],
[[           .,           .],[         100,        0.09],[         165,        0.14],[         184,        0.15],[         293,        0.22]],
[[           .,           .],[          86,        0.08],[         121,         0.1],[         172,        0.14],[         276,        0.21]],
[[           .,           .],[          64,        0.06],[         106,        0.09],[         155,        0.12],[         239,        0.18]],
[[           .,           .],[         181,        0.16],[         333,        0.28],[         490,        0.39],[         855,        0.65]]],
[[[         577,        0.51],[         583,        0.52],[         569,        0.48],[         643,        0.51],[         662,        0.51]],
[[         665,        0.59],[         576,        0.51],[         593,         0.5],[         647,        0.52],[         658,         0.5]],
[[         604,        0.54],[         565,         0.5],[         592,         0.5],[         652,        0.52],[         659,         0.5]],
[[         652,        0.58],[         556,         0.5],[         662,        0.56],[         660,        0.53],[         662,        0.51]],
[[         636,        0.57],[         575,        0.51],[         621,        0.53],[         667,        0.53],[         667,        0.51]],
[[         639,        0.57],[         538,        0.48],[         703,         0.6],[         679,        0.54],[         679,        0.52]],
[[         667,         0.6],[         555,        0.49],[         604,        0.51],[         678,        0.54],[         679,        0.52]],
[[         698,        0.62],[         548,        0.49],[         694,        0.59],[         685,        0.55],[         688,        0.53]],
[[         731,        0.65],[         576,        0.51],[         650,        0.55],[         693,        0.55],[         698,        0.53]],
[[         698,        0.62],[         613,        0.55],[         682,        0.58],[         696,        0.56],[         704,        0.54]],
[[         707,        0.63],[         646,        0.58],[         695,        0.59],[         695,        0.55],[         707,        0.54]],
[[         695,        0.62],[         676,         0.6],[         646,        0.55],[         692,        0.55],[         719,        0.55]],
[[         688,        0.61],[         658,        0.59],[         657,        0.56],[         697,        0.56],[         721,        0.55]],
[[         675,         0.6],[         681,        0.61],[         610,        0.52],[         723,        0.58],[         731,        0.56]],
[[         673,         0.6],[         695,        0.62],[         643,        0.55],[         727,        0.58],[         744,        0.57]],
[[         636,        0.57],[         730,        0.65],[         588,         0.5],[         772,        0.62],[         750,        0.57]],
[[         624,        0.56],[         731,        0.65],[         589,         0.5],[         721,        0.58],[         746,        0.57]],
[[         678,         0.6],[         692,        0.62],[         620,        0.53],[         754,         0.6],[         746,        0.57]],
[[         678,         0.6],[         711,        0.63],[         596,        0.51],[         701,        0.56],[         719,        0.55]],
[[         524,        0.47],[         531,        0.47],[         505,        0.43],[         512,        0.41],[         519,         0.4]],
[[         381,        0.34],[         507,        0.45],[         504,        0.43],[         470,        0.38],[         475,        0.36]],
[[         336,         0.3],[         524,        0.47],[         533,        0.45],[         494,        0.39],[         516,        0.39]],
[[         419,        0.37],[         547,        0.49],[         558,        0.47],[         573,        0.46],[         614,        0.47]],
[[         606,        0.54],[         576,        0.51],[         653,        0.55],[         609,        0.49],[         691,        0.53]],
[[         679,        0.61],[         602,        0.54],[         607,        0.52],[         628,         0.5],[         716,        0.55]],
[[         711,        0.63],[         635,        0.57],[         627,        0.53],[         650,        0.52],[         792,         0.6]],
[[         681,        0.61],[         584,        0.52],[         758,        0.64],[         651,        0.52],[         808,        0.62]],
[[         796,        0.71],[         663,        0.59],[         713,        0.61],[         663,        0.53],[         796,        0.61]],
[[         838,        0.75],[         698,        0.62],[         858,        0.73],[         684,        0.55],[         783,         0.6]],
[[         877,        0.78],[         666,        0.59],[         718,        0.61],[         711,        0.57],[         781,         0.6]],
[[         832,        0.74],[         672,         0.6],[         744,        0.63],[         735,        0.59],[         795,        0.61]],
[[         893,         0.8],[         598,        0.53],[         669,        0.57],[         765,        0.61],[         782,         0.6]],
[[         823,        0.73],[         636,        0.57],[         726,        0.62],[         770,        0.61],[         781,         0.6]],
[[         884,        0.79],[         677,         0.6],[         813,        0.69],[         775,        0.62],[         754,        0.58]],
[[         989,        0.88],[         729,        0.65],[         742,        0.63],[         828,        0.66],[         755,        0.58]],
[[         882,        0.79],[         844,        0.75],[         750,        0.64],[         842,        0.67],[         735,        0.56]],
[[         887,        0.79],[         796,        0.71],[         792,        0.67],[         902,        0.72],[         729,        0.56]],
[[         890,        0.79],[         892,        0.79],[         773,        0.66],[         886,        0.71],[         752,        0.57]],
[[         888,        0.79],[         814,        0.72],[         786,        0.67],[         899,        0.72],[         779,        0.59]],
[[         793,        0.71],[         924,        0.82],[         762,        0.65],[         865,        0.69],[         816,        0.62]],
[[         784,         0.7],[         882,        0.79],[         789,        0.67],[         854,        0.68],[         831,        0.63]],
[[         790,         0.7],[         889,        0.79],[         692,        0.59],[         815,        0.65],[         853,        0.65]],
[[         790,         0.7],[         850,        0.76],[         652,        0.55],[         818,        0.65],[         847,        0.65]],
[[         810,        0.72],[         915,        0.81],[         754,        0.64],[         860,        0.69],[         842,        0.64]],
[[         857,        0.76],[        1022,        0.91],[         837,        0.71],[         817,        0.65],[         889,        0.68]],
[[         817,        0.73],[         868,        0.77],[         834,        0.71],[         836,        0.67],[         896,        0.68]],
[[         817,        0.73],[         858,        0.76],[         802,        0.68],[         817,        0.65],[         950,        0.73]],
[[         794,        0.71],[         896,         0.8],[         927,        0.79],[         831,        0.66],[         937,        0.72]],
[[         842,        0.75],[         896,         0.8],[         827,         0.7],[         832,        0.66],[         926,        0.71]],
[[         878,        0.78],[         784,         0.7],[         935,        0.79],[         804,        0.64],[         887,        0.68]],
[[         931,        0.83],[         754,        0.67],[         904,        0.77],[         790,        0.63],[         868,        0.66]],
[[        1046,        0.93],[         766,        0.68],[         894,        0.76],[         714,        0.57],[         830,        0.63]],
[[         799,        0.71],[         748,        0.67],[         866,        0.74],[         700,        0.56],[         826,        0.63]],
[[         799,        0.71],[         747,        0.67],[         936,        0.79],[         769,        0.61],[         860,        0.66]],
[[         766,        0.68],[         757,        0.67],[         962,        0.82],[         822,        0.66],[         820,        0.63]],
[[         744,        0.66],[         748,        0.67],[         845,        0.72],[         832,        0.66],[         838,        0.64]],
[[         621,        0.55],[         780,        0.69],[         829,         0.7],[         802,        0.64],[         810,        0.62]],
[[         571,        0.51],[         690,        0.61],[         898,        0.76],[         913,        0.73],[         818,        0.62]],
[[         620,        0.55],[         744,        0.66],[         899,        0.76],[         817,        0.65],[         816,        0.62]],
[[         655,        0.58],[         787,         0.7],[         795,        0.67],[         914,        0.73],[         781,         0.6]],
[[         634,        0.57],[         837,        0.75],[         731,        0.62],[         872,         0.7],[         758,        0.58]],
[[         634,        0.57],[         921,        0.82],[         714,        0.61],[         866,        0.69],[         696,        0.53]],
[[         581,        0.52],[         690,        0.61],[         688,        0.58],[         847,        0.68],[         695,        0.53]],
[[         581,        0.52],[         700,        0.62],[         719,        0.61],[         900,        0.72],[         750,        0.57]],
[[         547,        0.49],[         687,        0.61],[         713,        0.61],[         947,        0.76],[         790,         0.6]],
[[         505,        0.45],[         639,        0.57],[         684,        0.58],[         828,        0.66],[         805,        0.61]],
[[         577,        0.51],[         562,         0.5],[         752,        0.64],[         805,        0.64],[         796,        0.61]],
[[         550,        0.49],[         532,        0.47],[         651,        0.55],[         849,        0.68],[         888,        0.68]],
[[         547,        0.49],[         557,         0.5],[         713,        0.61],[         835,        0.67],[         805,        0.61]],
[[         527,        0.47],[         604,        0.54],[         747,        0.63],[         756,         0.6],[         883,        0.67]],
[[         517,        0.46],[         557,         0.5],[         779,        0.66],[         705,        0.56],[         848,        0.65]],
[[         523,        0.47],[         557,         0.5],[         841,        0.71],[         694,        0.55],[         842,        0.64]],
[[         510,        0.46],[         541,        0.48],[         614,        0.52],[         669,        0.53],[         820,        0.63]],
[[         537,        0.48],[         498,        0.44],[         612,        0.52],[         683,        0.55],[         847,        0.65]],
[[         473,        0.42],[         492,        0.44],[         617,        0.52],[         657,        0.52],[         869,        0.66]],
[[         511,        0.46],[         430,        0.38],[         567,        0.48],[         631,         0.5],[         763,        0.58]],
[[         512,        0.46],[         475,        0.42],[         471,         0.4],[         655,        0.52],[         734,        0.56]],
[[         463,        0.41],[         426,        0.38],[         454,        0.39],[         572,        0.46],[         751,        0.57]],
[[         439,        0.39],[         443,        0.39],[         455,        0.39],[         606,        0.48],[         728,        0.56]],
[[         336,         0.3],[         390,        0.35],[         467,         0.4],[         621,         0.5],[         658,         0.5]],
[[         288,        0.26],[         394,        0.35],[         463,        0.39],[         634,        0.51],[         603,        0.46]],
[[         298,        0.27],[         399,        0.36],[         439,        0.37],[         679,        0.54],[         578,        0.44]],
[[         285,        0.25],[         360,        0.32],[         435,        0.37],[         487,        0.39],[         547,        0.42]],
[[         312,        0.28],[         343,        0.31],[         339,        0.29],[         473,        0.38],[         540,        0.41]],
[[         203,        0.18],[         288,        0.26],[         371,        0.31],[         437,        0.35],[         498,        0.38]],
[[        1705,        1.52],[         292,        0.26],[         300,        0.25],[         382,         0.3],[         457,        0.35]],
[[           .,           .],[         294,        0.26],[         284,        0.24],[         313,        0.25],[         438,        0.33]],
[[           .,           .],[         210,        0.19],[         228,        0.19],[         275,        0.22],[         371,        0.28]],
[[           .,           .],[         182,        0.16],[         230,         0.2],[         253,         0.2],[         362,        0.28]],
[[           .,           .],[         149,        0.13],[         183,        0.16],[         245,         0.2],[         342,        0.26]],
[[           .,           .],[         608,        0.54],[         647,        0.55],[         812,        0.65],[        1248,        0.95]]]]}}
