{
"ons":{
"label":"Population Projections for England and Wales, by local authority",
"source":"Office for National Statistics",
"updated":"2014-10-01",
"area": {
"code":"K04000001",
"label":"England and Wales"
},
"time": {
"label":"1998-2038",
"index":["1998",  "2008",  "2018",  "2028",  "2038"]
},
"concept":{
"label":["population", "% of population"],
"units":["count", "%"],
"max":[        1635,         1.73]
},
"sums":{
"series1":[       43276,        46774,        49134,        50859,        52205],
"series2":[       46047,        49150,        50236,        51208,        52064]
},
"dimension":{
"label":"age",
"index":["0", "1", "2", "3", "4", "5", "6", "7", "8", "9", "10", "11", "12", "13", "14", "15", "16", "17", "18", "19", "20", "21", "22", "23", "24", "25", "26", "27", "28", "29", "30", "31", "32", "33", "34", "35", "36", "37", "38", "39", "40", "41", "42", "43", "44", "45", "46", "47", "48", "49", "50", "51", "52", "53", "54", "55", "56", "57", "58", "59", "60", "61", "62", "63", "64", "65", "66", "67", "68", "69", "70", "71", "72", "73", "74", "75", "76", "77", "78", "79", "80", "81", "82", "83", "84", "85", "86", "87", "88", "89", "90+"]
},
"series":["male", "female"],
"value":[[[[         522,        0.58],[         581,        0.61],[         526,        0.53],[         490,        0.48],[         502,        0.48]],
[[         548,        0.61],[         548,        0.57],[         576,        0.58],[         498,        0.49],[         505,        0.48]],
[[         518,        0.58],[         507,        0.53],[         551,        0.55],[         505,        0.49],[         508,        0.49]],
[[         551,        0.62],[         475,         0.5],[         579,        0.58],[         518,        0.51],[         515,        0.49]],
[[         584,        0.65],[         497,        0.52],[         569,        0.57],[         524,        0.51],[         517,         0.5]],
[[         606,        0.68],[         518,        0.54],[         570,        0.57],[         530,        0.52],[         518,         0.5]],
[[         578,        0.65],[         495,        0.52],[         590,        0.59],[         536,        0.53],[         519,         0.5]],
[[         549,        0.61],[         503,        0.52],[         585,        0.59],[         545,        0.53],[         523,         0.5]],
[[         614,        0.69],[         542,        0.57],[         640,        0.64],[         553,        0.54],[         528,        0.51]],
[[         580,        0.65],[         534,        0.56],[         539,        0.54],[         564,        0.55],[         534,        0.51]],
[[         575,        0.64],[         553,        0.58],[         623,        0.63],[         573,        0.56],[         540,        0.52]],
[[         592,        0.66],[         588,        0.61],[         586,        0.59],[         569,        0.56],[         544,        0.52]],
[[         596,        0.67],[         659,        0.69],[         545,        0.55],[         580,        0.57],[         553,        0.53]],
[[         563,        0.63],[         648,        0.68],[         522,        0.53],[         618,        0.61],[         556,        0.53]],
[[         558,        0.62],[         634,        0.66],[         505,        0.51],[         628,        0.62],[         566,        0.54]],
[[         532,         0.6],[         634,        0.66],[         517,        0.52],[         630,        0.62],[         580,        0.56]],
[[         481,        0.54],[         655,        0.68],[         554,        0.56],[         644,        0.63],[         591,        0.57]],
[[         526,        0.59],[         634,        0.66],[         549,        0.55],[         638,        0.63],[         598,        0.57]],
[[         521,        0.58],[         669,         0.7],[         596,         0.6],[         666,        0.65],[         600,        0.58]],
[[         410,        0.46],[         566,        0.59],[         530,        0.53],[         525,        0.51],[         537,        0.52]],
[[         340,        0.38],[         564,        0.59],[         543,        0.55],[         558,        0.55],[         520,         0.5]],
[[         344,        0.39],[         565,        0.59],[         496,         0.5],[         518,        0.51],[         515,        0.49]],
[[         405,        0.45],[         563,        0.59],[         622,        0.63],[         504,        0.49],[         547,        0.52]],
[[         497,        0.56],[         597,        0.62],[         607,        0.61],[         498,        0.49],[         582,        0.56]],
[[         518,        0.58],[         563,        0.59],[         582,        0.59],[         491,        0.48],[         586,        0.56]],
[[         562,        0.63],[         520,        0.54],[         552,        0.56],[         504,        0.49],[         596,        0.57]],
[[         621,         0.7],[         506,        0.53],[         553,        0.56],[         505,        0.49],[         604,        0.58]],
[[         550,        0.62],[         495,        0.52],[         575,        0.58],[         503,        0.49],[         595,        0.57]],
[[         611,        0.68],[         530,        0.55],[         630,        0.63],[         536,        0.53],[         605,        0.58]],
[[         625,         0.7],[         526,        0.55],[         571,        0.57],[         547,        0.54],[         578,        0.55]],
[[         613,        0.69],[         453,        0.47],[         584,        0.59],[         551,        0.54],[         602,        0.58]],
[[         614,        0.69],[         429,        0.45],[         644,        0.65],[         566,        0.55],[         568,        0.54]],
[[         572,        0.64],[         470,        0.49],[         533,        0.54],[         613,         0.6],[         545,        0.52]],
[[         622,         0.7],[         502,        0.52],[         609,        0.61],[         587,        0.58],[         518,         0.5]],
[[         609,        0.68],[         494,        0.51],[         651,        0.66],[         595,        0.58],[         515,        0.49]],
[[         599,        0.67],[         506,        0.53],[         525,        0.53],[         577,        0.57],[         515,        0.49]],
[[         605,        0.68],[         591,        0.62],[         514,        0.52],[         580,        0.57],[         507,        0.49]],
[[         563,        0.63],[         588,        0.61],[         543,        0.55],[         603,        0.59],[         507,        0.49]],
[[         617,        0.69],[         617,        0.64],[         512,        0.52],[         625,        0.61],[         533,        0.51]],
[[         584,        0.65],[         628,        0.65],[         535,        0.54],[         574,        0.56],[         538,        0.52]],
[[         581,        0.65],[         630,        0.66],[         458,        0.46],[         599,        0.59],[         550,        0.53]],
[[         600,        0.67],[         709,        0.74],[         449,        0.45],[         594,        0.58],[         569,        0.55]],
[[         543,        0.61],[         610,        0.64],[         481,        0.48],[         568,        0.56],[         599,        0.57]],
[[         533,         0.6],[         654,        0.68],[         522,        0.53],[         598,        0.59],[         587,        0.56]],
[[         568,        0.64],[         679,        0.71],[         514,        0.52],[         610,         0.6],[         592,        0.57]],
[[         550,        0.62],[         629,        0.66],[         519,        0.52],[         538,        0.53],[         583,        0.56]],
[[         558,        0.62],[         650,        0.68],[         632,        0.64],[         543,        0.53],[         591,        0.57]],
[[         551,        0.62],[         612,        0.64],[         610,        0.61],[         558,        0.55],[         620,        0.59]],
[[         621,         0.7],[         652,        0.68],[         616,        0.62],[         556,        0.54],[         636,        0.61]],
[[         624,         0.7],[         621,        0.65],[         622,        0.63],[         558,        0.55],[         600,        0.58]],
[[         697,        0.78],[         604,        0.63],[         612,        0.62],[         501,        0.49],[         625,         0.6]],
[[         780,        0.87],[         569,        0.59],[         698,         0.7],[         495,        0.48],[         615,        0.59]],
[[         612,        0.69],[         581,        0.61],[         648,        0.65],[         526,        0.52],[         602,        0.58]],
[[         597,        0.67],[         602,        0.63],[         724,        0.73],[         547,        0.54],[         627,         0.6]],
[[         564,        0.63],[         614,        0.64],[         699,         0.7],[         551,        0.54],[         637,        0.61]],
[[         591,        0.66],[         582,        0.61],[         674,        0.68],[         580,        0.57],[         588,        0.56]],
[[         530,        0.59],[         584,        0.61],[         655,        0.66],[         649,        0.64],[         594,        0.57]],
[[         513,        0.57],[         583,        0.61],[         670,        0.67],[         665,        0.65],[         609,        0.58]],
[[         492,        0.55],[         663,        0.69],[         666,        0.67],[         656,        0.64],[         608,        0.58]],
[[         504,        0.56],[         658,        0.69],[         626,        0.63],[         670,        0.66],[         608,        0.58]],
[[         506,        0.57],[         739,        0.77],[         646,        0.65],[         656,        0.64],[         555,        0.53]],
[[         494,        0.55],[         875,        0.91],[         638,        0.64],[         737,        0.72],[         558,        0.54]],
[[         435,        0.49],[         674,         0.7],[         610,        0.61],[         685,        0.67],[         588,        0.56]],
[[         484,        0.54],[         645,        0.67],[         616,        0.62],[         765,        0.75],[         612,        0.59]],
[[         415,        0.46],[         637,        0.66],[         643,        0.65],[         748,        0.73],[         624,         0.6]],
[[         426,        0.48],[         641,        0.67],[         595,         0.6],[         731,        0.72],[         659,        0.63]],
[[         458,        0.51],[         544,        0.57],[         623,        0.63],[         716,         0.7],[         721,        0.69]],
[[         464,        0.52],[         525,        0.55],[         613,        0.62],[         715,         0.7],[         745,        0.71]],
[[         435,        0.49],[         524,        0.55],[         652,        0.66],[         701,        0.69],[         737,        0.71]],
[[         397,        0.44],[         479,         0.5],[         668,        0.67],[         670,        0.66],[         753,        0.72]],
[[         446,         0.5],[         534,        0.56],[         774,        0.78],[         664,        0.65],[         727,         0.7]],
[[         398,        0.45],[         459,        0.48],[         798,         0.8],[         638,        0.63],[         776,        0.74]],
[[         427,        0.48],[         376,        0.39],[         631,        0.64],[         621,        0.61],[         720,        0.69]],
[[         385,        0.43],[         440,        0.46],[         583,        0.59],[         588,        0.58],[         764,        0.73]],
[[         365,        0.41],[         391,        0.41],[         574,        0.58],[         597,        0.58],[         731,         0.7]],
[[         367,        0.41],[         371,        0.39],[         534,        0.54],[         561,        0.55],[         692,        0.66]],
[[         358,         0.4],[         381,         0.4],[         472,        0.47],[         549,        0.54],[         654,        0.63]],
[[         365,        0.41],[         356,        0.37],[         380,        0.38],[         518,        0.51],[         625,         0.6]],
[[         339,        0.38],[         302,        0.31],[         419,        0.42],[         536,        0.53],[         589,        0.56]],
[[         197,        0.22],[         291,         0.3],[         348,        0.35],[         511,         0.5],[         541,        0.52]],
[[         180,         0.2],[         279,        0.29],[         374,        0.38],[         569,        0.56],[         523,         0.5]],
[[         165,        0.18],[         255,        0.27],[         288,        0.29],[         587,        0.58],[         494,        0.47]],
[[         178,         0.2],[         241,        0.25],[         243,        0.24],[         438,        0.43],[         463,        0.44]],
[[         177,         0.2],[         169,        0.18],[         279,        0.28],[         396,        0.39],[         424,        0.41]],
[[         140,        0.16],[         180,        0.19],[         233,        0.23],[         358,        0.35],[         405,        0.39]],
[[         591,        0.66],[         169,        0.18],[         201,         0.2],[         322,        0.32],[         367,        0.35]],
[[           .,           .],[         131,        0.14],[         202,         0.2],[         261,        0.26],[         338,        0.32]],
[[           .,           .],[         135,        0.14],[         153,        0.15],[         208,         0.2],[         306,        0.29]],
[[           .,           .],[          87,        0.09],[         145,        0.15],[         202,         0.2],[         296,        0.28]],
[[           .,           .],[          90,        0.09],[         121,        0.12],[         165,        0.16],[         265,        0.25]],
[[           .,           .],[         221,        0.23],[         350,        0.35],[         520,        0.51],[        1000,        0.96]]],
[[[         508,        0.57],[         551,        0.57],[         508,        0.51],[         468,        0.46],[         479,        0.46]],
[[         519,        0.58],[         554,        0.58],[         518,        0.52],[         472,        0.46],[         478,        0.46]],
[[         499,        0.56],[         460,        0.48],[         562,        0.57],[         481,        0.47],[         483,        0.46]],
[[         492,        0.55],[         492,        0.51],[         534,        0.54],[         489,        0.48],[         487,        0.47]],
[[         513,        0.57],[         515,        0.54],[         524,        0.53],[         494,        0.48],[         486,        0.47]],
[[         511,        0.57],[         487,        0.51],[         540,        0.54],[         502,        0.49],[         489,        0.47]],
[[         558,        0.62],[         422,        0.44],[         569,        0.57],[         508,         0.5],[         492,        0.47]],
[[         536,         0.6],[         509,        0.53],[         559,        0.56],[         517,        0.51],[         496,        0.48]],
[[         517,        0.58],[         479,         0.5],[         612,        0.62],[         529,        0.52],[         505,        0.48]],
[[         512,        0.57],[         554,        0.58],[         546,        0.55],[         539,        0.53],[         510,        0.49]],
[[         589,        0.66],[         539,        0.56],[         572,        0.58],[         550,        0.54],[         520,         0.5]],
[[         576,        0.64],[         599,        0.62],[         558,        0.56],[         553,        0.54],[         529,        0.51]],
[[         569,        0.64],[         621,        0.65],[         506,        0.51],[         602,        0.59],[         540,        0.52]],
[[         550,        0.62],[         587,        0.61],[         522,        0.53],[         562,        0.55],[         543,        0.52]],
[[         525,        0.59],[         594,        0.62],[         554,        0.56],[         592,        0.58],[         549,        0.53]],
[[         512,        0.57],[         581,        0.61],[         498,         0.5],[         596,        0.58],[         558,        0.54]],
[[         550,        0.62],[         601,        0.63],[         473,        0.48],[         631,        0.62],[         567,        0.54]],
[[         524,        0.59],[         626,        0.65],[         543,        0.55],[         604,        0.59],[         578,        0.55]],
[[         520,        0.58],[         580,         0.6],[         509,        0.51],[         639,        0.63],[         573,        0.55]],
[[         420,        0.47],[         533,        0.56],[         515,        0.52],[         495,        0.48],[         489,        0.47]],
[[         346,        0.39],[         551,        0.57],[         400,         0.4],[         482,        0.47],[         472,        0.45]],
[[         381,        0.43],[         551,        0.57],[         494,         0.5],[         484,        0.47],[         483,        0.46]],
[[         400,        0.45],[         578,         0.6],[         597,         0.6],[         474,        0.46],[         535,        0.51]],
[[         506,        0.57],[         557,        0.58],[         532,        0.54],[         480,        0.47],[         524,         0.5]],
[[         509,        0.57],[         508,        0.53],[         508,        0.51],[         479,        0.47],[         535,        0.51]],
[[         592,        0.66],[         544,        0.57],[         485,        0.49],[         450,        0.44],[         534,        0.51]],
[[         608,        0.68],[         548,        0.57],[         541,        0.54],[         433,        0.42],[         550,        0.53]],
[[         589,        0.66],[         517,        0.54],[         534,        0.54],[         460,        0.45],[         527,        0.51]],
[[         604,        0.68],[         492,        0.51],[         530,        0.53],[         452,        0.44],[         532,        0.51]],
[[         626,         0.7],[         482,         0.5],[         541,        0.54],[         486,        0.48],[         517,         0.5]],
[[         617,        0.69],[         469,        0.49],[         569,        0.57],[         472,        0.46],[         517,         0.5]],
[[         633,        0.71],[         484,         0.5],[         577,        0.58],[         517,        0.51],[         509,        0.49]],
[[         624,         0.7],[         471,        0.49],[         583,        0.59],[         541,        0.53],[         494,        0.47]],
[[         667,        0.75],[         505,        0.53],[         560,        0.56],[         524,        0.51],[         483,        0.46]],
[[         646,        0.72],[         508,        0.53],[         513,        0.52],[         521,        0.51],[         477,        0.46]],
[[         650,        0.73],[         555,        0.58],[         561,        0.56],[         500,        0.49],[         462,        0.44]],
[[         623,         0.7],[         574,         0.6],[         608,        0.61],[         560,        0.55],[         454,        0.44]],
[[         557,        0.62],[         646,        0.67],[         506,        0.51],[         567,        0.56],[         473,        0.45]],
[[         555,        0.62],[         646,        0.67],[         526,        0.53],[         534,        0.52],[         470,        0.45]],
[[         570,        0.64],[         708,        0.74],[         458,        0.46],[         552,        0.54],[         493,        0.47]],
[[         583,        0.65],[         663,        0.69],[         490,        0.49],[         575,        0.56],[         493,        0.47]],
[[         544,        0.61],[         681,        0.71],[         468,        0.47],[         590,        0.58],[         527,        0.51]],
[[         570,        0.64],[         718,        0.75],[         501,         0.5],[         594,        0.58],[         540,        0.52]],
[[         536,         0.6],[         728,        0.76],[         490,        0.49],[         565,        0.55],[         533,        0.51]],
[[         571,        0.64],[         723,        0.75],[         551,        0.55],[         532,        0.52],[         542,        0.52]],
[[         588,        0.66],[         689,        0.72],[         584,        0.59],[         572,        0.56],[         530,        0.51]],
[[         575,        0.64],[         679,        0.71],[         598,         0.6],[         612,         0.6],[         580,        0.56]],
[[         585,        0.65],[         629,        0.66],[         663,        0.67],[         538,        0.53],[         595,        0.57]],
[[         569,        0.64],[         628,        0.65],[         642,        0.65],[         552,        0.54],[         576,        0.55]],
[[         629,         0.7],[         580,         0.6],[         757,        0.76],[         511,         0.5],[         596,        0.57]],
[[         660,        0.74],[         644,        0.67],[         722,        0.73],[         530,        0.52],[         616,        0.59]],
[[         798,        0.89],[         603,        0.63],[         722,        0.73],[         520,        0.51],[         630,         0.6]],
[[         621,         0.7],[         603,        0.63],[         746,        0.75],[         537,        0.53],[         635,        0.61]],
[[         600,        0.67],[         607,        0.63],[         739,        0.74],[         543,        0.53],[         617,        0.59]],
[[         601,        0.67],[         603,        0.63],[         776,        0.78],[         591,        0.58],[         589,        0.56]],
[[         589,        0.66],[         621,        0.65],[         734,        0.74],[         632,        0.62],[         627,         0.6]],
[[         530,        0.59],[         632,        0.66],[         714,        0.72],[         657,        0.64],[         663,        0.64]],
[[         509,        0.57],[         643,        0.67],[         653,        0.66],[         707,        0.69],[         612,        0.59]],
[[         488,        0.55],[         634,        0.66],[         690,        0.69],[         695,        0.68],[         627,         0.6]],
[[         506,        0.57],[         700,        0.73],[         631,        0.64],[         794,        0.78],[         594,        0.57]],
[[         451,         0.5],[         736,        0.77],[         686,        0.69],[         759,        0.74],[         601,        0.58]],
[[         491,        0.55],[         899,        0.94],[         657,        0.66],[         758,        0.74],[         592,        0.57]],
[[         501,        0.56],[         680,        0.71],[         627,        0.63],[         791,        0.77],[         607,        0.58]],
[[         473,        0.53],[         664,        0.69],[         661,        0.67],[         781,        0.77],[         620,        0.59]],
[[         477,        0.53],[         674,         0.7],[         622,        0.63],[         812,         0.8],[         660,        0.63]],
[[         492,        0.55],[         666,        0.69],[         672,        0.68],[         762,        0.75],[         690,        0.66]],
[[         520,        0.58],[         542,        0.57],[         652,        0.66],[         753,        0.74],[         717,        0.69]],
[[         509,        0.57],[         548,        0.57],[         646,        0.65],[         699,        0.68],[         760,        0.73]],
[[         500,        0.56],[         522,        0.54],[         666,        0.67],[         702,        0.69],[         732,         0.7]],
[[         486,        0.54],[         516,        0.54],[         675,        0.68],[         646,        0.63],[         810,        0.78]],
[[         521,        0.58],[         461,        0.48],[         695,         0.7],[         662,        0.65],[         771,        0.74]],
[[         484,        0.54],[         503,        0.52],[         849,        0.85],[         656,        0.64],[         766,        0.73]],
[[         506,        0.57],[         488,        0.51],[         650,        0.65],[         600,        0.59],[         788,        0.76]],
[[         474,        0.53],[         454,        0.47],[         595,         0.6],[         614,         0.6],[         760,        0.73]],
[[         471,        0.53],[         412,        0.43],[         606,        0.61],[         600,        0.59],[         778,        0.75]],
[[         450,         0.5],[         441,        0.46],[         593,         0.6],[         601,        0.59],[         726,         0.7]],
[[         477,        0.53],[         466,        0.49],[         471,        0.47],[         593,        0.58],[         700,        0.67]],
[[         500,        0.56],[         449,        0.47],[         470,        0.47],[         590,        0.58],[         641,        0.61]],
[[         511,        0.57],[         411,        0.43],[         421,        0.42],[         569,        0.56],[         626,         0.6]],
[[         336,        0.38],[         409,        0.43],[         395,         0.4],[         567,        0.56],[         565,        0.54]],
[[         275,        0.31],[         389,        0.41],[         372,        0.37],[         573,        0.56],[         562,        0.54]],
[[         290,        0.32],[         362,        0.38],[         373,        0.38],[         672,        0.66],[         538,        0.52]],
[[         296,        0.33],[         347,        0.36],[         351,        0.35],[         495,        0.48],[         485,        0.47]],
[[         312,        0.35],[         302,        0.31],[         306,        0.31],[         441,        0.43],[         480,        0.46]],
[[         241,        0.27],[         300,        0.31],[         280,        0.28],[         440,        0.43],[         451,        0.43]],
[[        1548,        1.73],[         251,        0.26],[         276,        0.28],[         402,        0.39],[         435,        0.42]],
[[           .,           .],[         266,        0.28],[         282,        0.28],[         306,         0.3],[         407,        0.39]],
[[           .,           .],[         276,        0.29],[         267,        0.27],[         289,        0.28],[         381,        0.37]],
[[           .,           .],[         193,         0.2],[         199,         0.2],[         237,        0.23],[         346,        0.33]],
[[           .,           .],[         151,        0.16],[         181,        0.18],[         211,        0.21],[         322,        0.31]],
[[           .,           .],[         586,        0.61],[         824,        0.83],[         993,        0.97],[        1635,        1.57]]]]}}
