{
"ons":{
"label":"Population Projections for England and Wales, by local authority",
"source":"Office for National Statistics",
"updated":"2014-10-01",
"area": {
"code":"K04000001",
"label":"England and Wales"
},
"time": {
"label":"1998-2038",
"index":["1998",  "2008",  "2018",  "2028",  "2038"]
},
"concept":{
"label":["population", "% of population"],
"units":["count", "%"],
"max":[        3198,         1.55]
},
"sums":{
"series1":[       99796,       113309,       125133,       131131,       135563],
"series2":[      106866,       116258,       125016,       128789,       131079]
},
"dimension":{
"label":"age",
"index":["0", "1", "2", "3", "4", "5", "6", "7", "8", "9", "10", "11", "12", "13", "14", "15", "16", "17", "18", "19", "20", "21", "22", "23", "24", "25", "26", "27", "28", "29", "30", "31", "32", "33", "34", "35", "36", "37", "38", "39", "40", "41", "42", "43", "44", "45", "46", "47", "48", "49", "50", "51", "52", "53", "54", "55", "56", "57", "58", "59", "60", "61", "62", "63", "64", "65", "66", "67", "68", "69", "70", "71", "72", "73", "74", "75", "76", "77", "78", "79", "80", "81", "82", "83", "84", "85", "86", "87", "88", "89", "90+"]
},
"series":["male", "female"],
"value":[[[[        1427,        0.69],[        1614,         0.7],[        1805,        0.72],[        1574,        0.61],[        1602,         0.6]],
[[        1321,        0.64],[        1559,        0.68],[        1777,        0.71],[        1598,        0.61],[        1600,         0.6]],
[[        1349,        0.65],[        1491,        0.65],[        1854,        0.74],[        1623,        0.62],[        1600,         0.6]],
[[        1370,        0.66],[        1491,        0.65],[        1719,        0.69],[        1639,        0.63],[        1593,         0.6]],
[[        1374,        0.66],[        1481,        0.65],[        1823,        0.73],[        1652,        0.64],[        1587,         0.6]],
[[        1401,        0.68],[        1462,        0.64],[        1813,        0.72],[        1659,        0.64],[        1577,        0.59]],
[[        1406,        0.68],[        1347,        0.59],[        1858,        0.74],[        1660,        0.64],[        1566,        0.59]],
[[        1373,        0.66],[        1348,        0.59],[        1624,        0.65],[        1672,        0.64],[        1558,        0.58]],
[[        1391,        0.67],[        1394,        0.61],[        1603,        0.64],[        1680,        0.65],[        1555,        0.58]],
[[        1412,        0.68],[        1439,        0.63],[        1646,        0.66],[        1675,        0.64],[        1543,        0.58]],
[[        1525,        0.74],[        1464,        0.64],[        1595,        0.64],[        1701,        0.65],[        1566,        0.59]],
[[        1261,        0.61],[        1427,        0.62],[        1506,         0.6],[        1704,        0.66],[        1591,         0.6]],
[[        1231,         0.6],[        1466,        0.64],[        1532,        0.61],[        1792,        0.69],[        1626,        0.61]],
[[        1201,        0.58],[        1526,        0.66],[        1474,        0.59],[        1775,        0.68],[        1666,        0.62]],
[[        1329,        0.64],[        1669,        0.73],[        1625,        0.65],[        1896,        0.73],[        1735,        0.65]],
[[        1410,        0.68],[        1701,        0.74],[        1564,        0.63],[        1904,        0.73],[        1754,        0.66]],
[[        1535,        0.74],[        1571,        0.68],[        1612,        0.64],[        1982,        0.76],[        1773,        0.66]],
[[        1500,        0.73],[        1758,        0.77],[        1494,         0.6],[        1822,         0.7],[        1799,        0.67]],
[[        1530,        0.74],[        1687,        0.73],[        1577,        0.63],[        1716,        0.66],[        1718,        0.64]],
[[        1348,        0.65],[        1362,        0.59],[        1184,        0.47],[        1042,         0.4],[        1045,        0.39]],
[[        1274,        0.62],[        1321,        0.58],[        1149,        0.46],[        1002,        0.39],[        1025,        0.38]],
[[        1255,        0.61],[        1341,        0.58],[        1222,        0.49],[        1092,        0.42],[        1143,        0.43]],
[[        1336,        0.65],[        1477,        0.64],[        1354,        0.54],[        1255,        0.48],[        1374,        0.52]],
[[        1377,        0.67],[        1708,        0.74],[        1582,        0.63],[        1365,        0.53],[        1531,        0.57]],
[[        1232,         0.6],[        1798,        0.78],[        1811,        0.72],[        1431,        0.55],[        1654,        0.62]],
[[        1333,        0.65],[        1756,        0.76],[        1642,        0.66],[        1451,        0.56],[        1733,        0.65]],
[[        1464,        0.71],[        1851,        0.81],[        1677,        0.67],[        1507,        0.58],[        1835,        0.69]],
[[        1458,        0.71],[        1937,        0.84],[        1972,        0.79],[        1533,        0.59],[        1794,        0.67]],
[[        1614,        0.78],[        1944,        0.85],[        1911,        0.76],[        1599,        0.62],[        1785,        0.67]],
[[        1675,        0.81],[        1986,        0.87],[        1977,        0.79],[        1652,        0.64],[        1776,        0.67]],
[[        1738,        0.84],[        1877,        0.82],[        2107,        0.84],[        1706,        0.66],[        1819,        0.68]],
[[        1732,        0.84],[        1896,        0.83],[        1893,        0.76],[        1791,        0.69],[        1775,        0.67]],
[[        1807,        0.87],[        1774,        0.77],[        1941,        0.78],[        1790,        0.69],[        1742,        0.65]],
[[        1705,        0.83],[        1828,         0.8],[        2006,         0.8],[        1798,        0.69],[        1690,        0.63]],
[[        1688,        0.82],[        1711,        0.75],[        1931,        0.77],[        1859,        0.72],[        1654,        0.62]],
[[        1667,        0.81],[        1736,        0.76],[        1933,        0.77],[        1824,         0.7],[        1634,        0.61]],
[[        1615,        0.78],[        1775,        0.77],[        1950,        0.78],[        1841,        0.71],[        1625,        0.61]],
[[        1588,        0.77],[        1733,        0.75],[        2019,        0.81],[        1955,        0.75],[        1645,        0.62]],
[[        1496,        0.72],[        1705,        0.74],[        1956,        0.78],[        1928,        0.74],[        1684,        0.63]],
[[        1457,        0.71],[        1690,        0.74],[        1994,         0.8],[        1967,        0.76],[        1738,        0.65]],
[[        1454,         0.7],[        1633,        0.71],[        1830,        0.73],[        2029,        0.78],[        1746,        0.65]],
[[        1422,        0.69],[        1698,        0.74],[        1941,        0.78],[        1904,        0.73],[        1787,        0.67]],
[[        1443,         0.7],[        1642,        0.72],[        1698,        0.68],[        1947,        0.75],[        1779,        0.67]],
[[        1397,        0.68],[        1626,        0.71],[        1727,        0.69],[        1951,        0.75],[        1762,        0.66]],
[[        1336,        0.65],[        1609,         0.7],[        1583,        0.63],[        1878,        0.72],[        1798,        0.67]],
[[        1356,        0.66],[        1612,         0.7],[        1759,         0.7],[        1902,        0.73],[        1767,        0.66]],
[[        1252,        0.61],[        1578,        0.69],[        1646,        0.66],[        1903,        0.73],[        1767,        0.66]],
[[        1281,        0.62],[        1518,        0.66],[        1578,        0.63],[        1898,        0.73],[        1843,        0.69]],
[[        1330,        0.64],[        1564,        0.68],[        1563,        0.62],[        1879,        0.72],[        1818,        0.68]],
[[        1323,        0.64],[        1480,        0.64],[        1523,        0.61],[        1857,        0.71],[        1816,        0.68]],
[[        1324,        0.64],[        1450,        0.63],[        1496,         0.6],[        1703,        0.66],[        1860,         0.7]],
[[        1425,        0.69],[        1438,        0.63],[        1578,        0.63],[        1769,        0.68],[        1779,        0.67]],
[[        1233,         0.6],[        1440,        0.63],[        1466,        0.59],[        1625,        0.63],[        1828,        0.69]],
[[        1144,        0.55],[        1358,        0.59],[        1561,        0.62],[        1608,        0.62],[        1835,        0.69]],
[[        1184,        0.57],[        1351,        0.59],[        1587,        0.63],[        1541,        0.59],[        1787,        0.67]],
[[        1102,        0.53],[        1354,        0.59],[        1527,        0.61],[        1641,        0.63],[        1800,        0.68]],
[[         991,        0.48],[        1213,        0.53],[        1536,        0.61],[        1598,        0.61],[        1801,        0.68]],
[[         930,        0.45],[        1151,         0.5],[        1467,        0.59],[        1544,        0.59],[        1804,        0.68]],
[[        1040,         0.5],[        1194,        0.52],[        1479,        0.59],[        1532,        0.59],[        1789,        0.67]],
[[        1015,        0.49],[        1168,        0.51],[        1399,        0.56],[        1485,        0.57],[        1756,        0.66]],
[[         994,        0.48],[        1182,        0.51],[        1295,        0.52],[        1458,        0.56],[        1612,         0.6]],
[[         940,        0.45],[        1186,        0.52],[        1377,        0.55],[        1492,        0.57],[        1644,        0.62]],
[[         916,        0.44],[        1027,        0.45],[        1391,        0.56],[        1421,        0.55],[        1530,        0.57]],
[[         877,        0.42],[         952,        0.41],[        1210,        0.48],[        1470,        0.57],[        1506,        0.56]],
[[         866,        0.42],[         959,        0.42],[        1170,        0.47],[        1459,        0.56],[        1446,        0.54]],
[[         794,        0.38],[         838,        0.37],[        1237,        0.49],[        1389,        0.53],[        1506,        0.56]],
[[         816,        0.39],[         810,        0.35],[        1083,        0.43],[        1361,        0.52],[        1450,        0.54]],
[[         760,        0.37],[         740,        0.32],[        1071,        0.43],[        1295,         0.5],[        1388,        0.52]],
[[         736,        0.36],[         817,        0.36],[        1046,        0.42],[        1276,        0.49],[        1359,        0.51]],
[[         669,        0.32],[         824,        0.36],[        1002,         0.4],[        1182,        0.45],[        1300,        0.49]],
[[         614,         0.3],[         793,        0.35],[        1004,         0.4],[        1114,        0.43],[        1268,        0.48]],
[[         617,         0.3],[         768,        0.33],[         993,         0.4],[        1121,        0.43],[        1279,        0.48]],
[[         603,        0.29],[         753,        0.33],[         882,        0.35],[        1138,        0.44],[        1217,        0.46]],
[[         615,         0.3],[         704,        0.31],[         780,        0.31],[        1011,        0.39],[        1229,        0.46]],
[[         593,        0.29],[         710,        0.31],[         810,        0.32],[         946,        0.36],[        1202,        0.45]],
[[         558,        0.27],[         623,        0.27],[         675,        0.27],[         955,        0.37],[        1140,        0.43]],
[[         498,        0.24],[         591,        0.26],[         653,        0.26],[         854,        0.33],[        1106,        0.41]],
[[         504,        0.24],[         555,        0.24],[         575,        0.23],[         828,        0.32],[        1052,        0.39]],
[[         522,        0.25],[         560,        0.24],[         640,        0.26],[         805,        0.31],[        1024,        0.38]],
[[         354,        0.17],[         464,         0.2],[         648,        0.26],[         769,         0.3],[         952,        0.36]],
[[         273,        0.13],[         424,        0.18],[         604,        0.24],[         760,        0.29],[         887,        0.33]],
[[         308,        0.15],[         370,        0.16],[         556,        0.22],[         747,        0.29],[         865,        0.32]],
[[         343,        0.17],[         369,        0.16],[         558,        0.22],[         628,        0.24],[         848,        0.32]],
[[         341,        0.17],[         318,        0.14],[         460,        0.18],[         552,        0.21],[         734,        0.28]],
[[         300,        0.15],[         321,        0.14],[         457,        0.18],[         546,        0.21],[         672,        0.25]],
[[        1198,        0.58],[         294,        0.13],[         385,        0.15],[         437,        0.17],[         651,        0.24]],
[[           .,           .],[         234,         0.1],[         330,        0.13],[         393,        0.15],[         556,        0.21]],
[[           .,           .],[         217,        0.09],[         278,        0.11],[         331,        0.13],[         511,        0.19]],
[[           .,           .],[         141,        0.06],[         271,        0.11],[         339,        0.13],[         461,        0.17]],
[[           .,           .],[         138,        0.06],[         209,        0.08],[         313,        0.12],[         405,        0.15]],
[[           .,           .],[         449,         0.2],[         827,        0.33],[        1431,        0.55],[        2134,         0.8]]],
[[[        1303,        0.63],[        1590,        0.69],[        1772,        0.71],[        1502,        0.58],[        1528,        0.57]],
[[        1350,        0.65],[        1458,        0.64],[        1767,        0.71],[        1524,        0.59],[        1526,        0.57]],
[[        1281,        0.62],[        1491,        0.65],[        1807,        0.72],[        1546,        0.59],[        1524,        0.57]],
[[        1225,        0.59],[        1450,        0.63],[        1720,        0.69],[        1567,         0.6],[        1524,        0.57]],
[[        1300,        0.63],[        1428,        0.62],[        1701,        0.68],[        1586,        0.61],[        1523,        0.57]],
[[        1304,        0.63],[        1365,        0.59],[        1776,        0.71],[        1584,        0.61],[        1506,        0.56]],
[[        1307,        0.63],[        1260,        0.55],[        1763,         0.7],[        1588,        0.61],[        1498,        0.56]],
[[        1312,        0.63],[        1321,        0.58],[        1623,        0.65],[        1599,        0.62],[        1490,        0.56]],
[[        1295,        0.63],[        1260,        0.55],[        1588,        0.63],[        1604,        0.62],[        1485,        0.56]],
[[        1344,        0.65],[        1289,        0.56],[        1489,         0.6],[        1624,        0.62],[        1497,        0.56]],
[[        1352,        0.65],[        1341,        0.58],[        1649,        0.66],[        1629,        0.63],[        1499,        0.56]],
[[        1345,        0.65],[        1362,        0.59],[        1396,        0.56],[        1607,        0.62],[        1499,        0.56]],
[[        1341,        0.65],[        1360,        0.59],[        1448,        0.58],[        1703,        0.66],[        1512,        0.57]],
[[        1330,        0.64],[        1343,        0.59],[        1439,        0.58],[        1665,        0.64],[        1520,        0.57]],
[[        1321,        0.64],[        1502,        0.65],[        1416,        0.57],[        1667,        0.64],[        1540,        0.58]],
[[        1271,        0.62],[        1444,        0.63],[        1406,        0.56],[        1721,        0.66],[        1557,        0.58]],
[[        1270,        0.61],[        1493,        0.65],[        1310,        0.52],[        1762,        0.68],[        1580,        0.59]],
[[        1338,        0.65],[        1470,        0.64],[        1379,        0.55],[        1639,        0.63],[        1595,         0.6]],
[[        1374,        0.66],[        1554,        0.68],[        1306,        0.52],[        1556,         0.6],[        1540,        0.58]],
[[        1266,        0.61],[        1251,        0.54],[         935,        0.37],[         949,        0.37],[         975,        0.37]],
[[        1251,        0.61],[        1170,        0.51],[        1036,        0.41],[         960,        0.37],[         954,        0.36]],
[[        1224,        0.59],[        1345,        0.59],[        1028,        0.41],[        1044,         0.4],[        1098,        0.41]],
[[        1407,        0.68],[        1570,        0.68],[        1212,        0.48],[        1265,        0.49],[        1383,        0.52]],
[[        1367,        0.66],[        1724,        0.75],[        1470,        0.59],[        1359,        0.52],[        1527,        0.57]],
[[        1365,        0.66],[        1749,        0.76],[        1664,        0.67],[        1402,        0.54],[        1597,         0.6]],
[[        1497,        0.72],[        1770,        0.77],[        1592,        0.64],[        1399,        0.54],[        1660,        0.62]],
[[        1613,        0.78],[        1874,        0.82],[        1582,        0.63],[        1392,        0.54],[        1744,        0.65]],
[[        1598,        0.77],[        1943,        0.85],[        1566,        0.63],[        1446,        0.56],[        1701,        0.64]],
[[        1624,        0.79],[        1903,        0.83],[        1626,        0.65],[        1461,        0.56],[        1665,        0.62]],
[[        1592,        0.77],[        1857,        0.81],[        1912,        0.76],[        1468,        0.56],[        1617,        0.61]],
[[        1801,        0.87],[        1747,        0.76],[        1815,        0.73],[        1524,        0.59],[        1650,        0.62]],
[[        1783,        0.86],[        1682,        0.73],[        1821,        0.73],[        1582,        0.61],[        1617,        0.61]],
[[        1875,        0.91],[        1726,        0.75],[        1786,        0.71],[        1582,        0.61],[        1601,         0.6]],
[[        1753,        0.85],[        1758,        0.77],[        1853,        0.74],[        1618,        0.62],[        1561,        0.59]],
[[        1777,        0.86],[        1665,        0.73],[        1966,        0.79],[        1655,        0.64],[        1537,        0.58]],
[[        1742,        0.84],[        1747,        0.76],[        1810,        0.72],[        1655,        0.64],[        1502,        0.56]],
[[        1752,        0.85],[        1743,        0.76],[        2096,        0.84],[        1685,        0.65],[        1464,        0.55]],
[[        1609,        0.78],[        1740,        0.76],[        1931,        0.77],[        1698,        0.65],[        1493,        0.56]],
[[        1525,        0.74],[        1641,        0.71],[        1882,        0.75],[        1709,        0.66],[        1498,        0.56]],
[[        1574,        0.76],[        1706,        0.74],[        1896,        0.76],[        1766,        0.68],[        1528,        0.57]],
[[        1506,        0.73],[        1711,        0.75],[        1756,         0.7],[        1789,        0.69],[        1539,        0.58]],
[[        1458,        0.71],[        1799,        0.78],[        1656,        0.66],[        1799,        0.69],[        1561,        0.59]],
[[        1476,        0.71],[        1748,        0.76],[        1707,        0.68],[        1796,        0.69],[        1551,        0.58]],
[[        1394,        0.67],[        1704,        0.74],[        1666,        0.67],[        1802,        0.69],[        1549,        0.58]],
[[        1361,        0.66],[        1726,        0.75],[        1646,        0.66],[        1817,         0.7],[        1579,        0.59]],
[[        1338,        0.65],[        1737,        0.76],[        1709,        0.68],[        1789,        0.69],[        1578,        0.59]],
[[        1343,        0.65],[        1685,        0.73],[        1600,        0.64],[        1917,        0.74],[        1607,         0.6]],
[[        1394,        0.67],[        1664,        0.72],[        1688,        0.67],[        1847,        0.71],[        1623,        0.61]],
[[        1398,        0.68],[        1605,         0.7],[        1653,        0.66],[        1827,         0.7],[        1635,        0.61]],
[[        1384,        0.67],[        1614,         0.7],[        1713,        0.68],[        1797,        0.69],[        1669,        0.63]],
[[        1507,        0.73],[        1511,        0.66],[        1612,        0.64],[        1681,        0.65],[        1699,        0.64]],
[[        1596,        0.77],[        1436,        0.63],[        1710,        0.68],[        1597,        0.61],[        1700,        0.64]],
[[        1354,        0.66],[        1476,        0.64],[        1712,        0.68],[        1623,        0.62],[        1705,        0.64]],
[[        1280,        0.62],[        1444,        0.63],[        1554,        0.62],[        1580,        0.61],[        1714,        0.64]],
[[        1263,        0.61],[        1266,        0.55],[        1650,        0.66],[        1572,         0.6],[        1719,        0.64]],
[[        1223,        0.59],[        1234,        0.54],[        1660,        0.66],[        1587,        0.61],[        1706,        0.64]],
[[        1089,        0.53],[        1303,        0.57],[        1586,        0.63],[        1556,         0.6],[        1791,        0.67]],
[[         987,        0.48],[        1282,        0.56],[        1547,        0.62],[        1609,        0.62],[        1745,        0.65]],
[[        1071,        0.52],[        1273,        0.55],[        1580,        0.63],[        1564,         0.6],[        1731,        0.65]],
[[        1054,        0.51],[        1246,        0.54],[        1497,         0.6],[        1611,        0.62],[        1694,        0.64]],
[[         982,        0.48],[        1253,        0.55],[        1417,        0.57],[        1539,        0.59],[        1589,         0.6]],
[[        1005,        0.49],[        1345,        0.59],[        1338,        0.53],[        1600,        0.62],[        1525,        0.57]],
[[         995,        0.48],[        1167,        0.51],[        1385,        0.55],[        1589,        0.61],[        1534,        0.58]],
[[         940,        0.45],[        1081,        0.47],[        1386,        0.55],[        1500,        0.58],[        1489,        0.56]],
[[         878,        0.42],[        1086,        0.47],[        1186,        0.47],[        1526,        0.59],[        1470,        0.55]],
[[         820,         0.4],[        1005,        0.44],[        1179,        0.47],[        1515,        0.58],[        1469,        0.55]],
[[         838,        0.41],[         908,         0.4],[        1162,        0.46],[        1450,        0.56],[        1438,        0.54]],
[[         828,         0.4],[         796,        0.35],[        1132,        0.45],[        1389,        0.53],[        1461,        0.55]],
[[         883,        0.43],[         925,         0.4],[        1148,        0.46],[        1408,        0.54],[        1418,        0.53]],
[[         794,        0.38],[         929,         0.4],[        1130,        0.45],[        1325,        0.51],[        1443,        0.54]],
[[         826,         0.4],[         869,        0.38],[        1109,        0.44],[        1267,        0.49],[        1376,        0.52]],
[[         731,        0.35],[         843,        0.37],[        1139,        0.46],[        1184,        0.46],[        1408,        0.53]],
[[         814,        0.39],[         796,        0.35],[        1023,        0.41],[        1193,        0.46],[        1395,        0.52]],
[[         774,        0.37],[         845,        0.37],[         914,        0.37],[        1182,        0.45],[        1323,         0.5]],
[[         747,        0.36],[         798,        0.35],[         944,        0.38],[        1022,        0.39],[        1335,         0.5]],
[[         787,        0.38],[         711,        0.31],[         849,        0.34],[        1004,        0.39],[        1316,        0.49]],
[[         765,        0.37],[         696,         0.3],[         766,        0.31],[         989,        0.38],[        1253,        0.47]],
[[         763,        0.37],[         690,         0.3],[         695,        0.28],[         945,        0.36],[        1187,        0.45]],
[[         786,        0.38],[         735,        0.32],[         754,         0.3],[         945,        0.36],[        1182,        0.44]],
[[         526,        0.25],[         627,        0.27],[         741,         0.3],[         906,        0.35],[        1103,        0.41]],
[[         503,        0.24],[         640,        0.28],[         676,        0.27],[         888,        0.34],[        1041,        0.39]],
[[         534,        0.26],[         551,        0.24],[         648,        0.26],[         890,        0.34],[         954,        0.36]],
[[         581,        0.28],[         553,        0.24],[         571,        0.23],[         774,         0.3],[         936,        0.35]],
[[         591,        0.29],[         513,        0.22],[         654,        0.26],[         683,        0.26],[         889,        0.33]],
[[         543,        0.26],[         460,         0.2],[         556,        0.22],[         664,        0.26],[         759,        0.28]],
[[        3198,        1.55],[         445,        0.19],[         527,        0.21],[         584,        0.22],[         717,        0.27]],
[[           .,           .],[         408,        0.18],[         426,        0.17],[         507,         0.2],[         673,        0.25]],
[[           .,           .],[         391,        0.17],[         421,        0.17],[         423,        0.16],[         605,        0.23]],
[[           .,           .],[         329,        0.14],[         384,        0.15],[         436,        0.17],[         570,        0.21]],
[[           .,           .],[         239,         0.1],[         299,        0.12],[         387,        0.15],[         507,        0.19]],
[[           .,           .],[        1068,        0.47],[        1321,        0.53],[        1625,        0.63],[        2304,        0.86]]]]}}
