{
"ons":{
"label":"Population Projections for England and Wales, by local authority",
"source":"Office for National Statistics",
"updated":"2014-10-01",
"area": {
"code":"K04000001",
"label":"England and Wales"
},
"time": {
"label":"1998-2038",
"index":["1998",  "2008",  "2018",  "2028",  "2038"]
},
"concept":{
"label":["population", "% of population"],
"units":["count", "%"],
"max":[        3321,         1.21]
},
"sums":{
"series1":[      108081,       111683,       123878,       140069,       153095],
"series2":[      115560,       120110,       133932,       150687,       164230]
},
"dimension":{
"label":"age",
"index":["0", "1", "2", "3", "4", "5", "6", "7", "8", "9", "10", "11", "12", "13", "14", "15", "16", "17", "18", "19", "20", "21", "22", "23", "24", "25", "26", "27", "28", "29", "30", "31", "32", "33", "34", "35", "36", "37", "38", "39", "40", "41", "42", "43", "44", "45", "46", "47", "48", "49", "50", "51", "52", "53", "54", "55", "56", "57", "58", "59", "60", "61", "62", "63", "64", "65", "66", "67", "68", "69", "70", "71", "72", "73", "74", "75", "76", "77", "78", "79", "80", "81", "82", "83", "84", "85", "86", "87", "88", "89", "90+"]
},
"series":["male", "female"],
"value":[[[[        1236,        0.55],[        1364,        0.59],[        1756,        0.68],[        1821,        0.63],[        1917,         0.6]],
[[        1245,        0.56],[        1296,        0.56],[        1778,        0.69],[        1855,        0.64],[        1922,        0.61]],
[[        1311,        0.59],[        1318,        0.57],[        1847,        0.72],[        1898,        0.65],[        1940,        0.61]],
[[        1386,        0.62],[        1292,        0.56],[        1748,        0.68],[        1950,        0.67],[        1972,        0.62]],
[[        1381,        0.62],[        1332,        0.57],[        1721,        0.67],[        1967,        0.68],[        1974,        0.62]],
[[        1407,        0.63],[        1234,        0.53],[        1676,        0.65],[        1981,        0.68],[        1982,        0.62]],
[[        1487,        0.66],[        1291,        0.56],[        1838,        0.71],[        1997,        0.69],[        1999,        0.63]],
[[        1463,        0.65],[        1333,        0.58],[        1666,        0.65],[        2016,        0.69],[        2010,        0.63]],
[[        1472,        0.66],[        1307,        0.56],[        1593,        0.62],[        2017,        0.69],[        2023,        0.64]],
[[        1533,        0.69],[        1446,        0.62],[        1656,        0.64],[        2012,        0.69],[        2034,        0.64]],
[[        1511,        0.68],[        1405,        0.61],[        1620,        0.63],[        1997,        0.69],[        2046,        0.64]],
[[        1411,        0.63],[        1468,        0.63],[        1532,        0.59],[        1952,        0.67],[        2053,        0.65]],
[[        1469,        0.66],[        1529,        0.66],[        1530,        0.59],[        2080,        0.72],[        2069,        0.65]],
[[        1443,        0.65],[        1560,        0.67],[        1480,        0.57],[        1964,        0.68],[        2082,        0.66]],
[[        1387,        0.62],[        1637,        0.71],[        1433,        0.56],[        1975,        0.68],[        2101,        0.66]],
[[        1350,         0.6],[        1624,         0.7],[        1412,        0.55],[        1942,        0.67],[        2114,        0.67]],
[[        1454,        0.65],[        1640,        0.71],[        1438,        0.56],[        2069,        0.71],[        2121,        0.67]],
[[        1433,        0.64],[        1757,        0.76],[        1518,        0.59],[        1908,        0.66],[        2144,        0.68]],
[[        1449,        0.65],[        1664,        0.72],[        1454,        0.56],[        1769,        0.61],[        2073,        0.65]],
[[        1151,        0.51],[        1410,        0.61],[        1344,        0.52],[        1499,        0.52],[        1740,        0.55]],
[[        1247,        0.56],[        1356,        0.59],[        1345,        0.52],[        1446,         0.5],[        1667,        0.53]],
[[        1272,        0.57],[        1204,        0.52],[        1316,        0.51],[        1420,        0.49],[        1672,        0.53]],
[[        1252,        0.56],[        1358,        0.59],[        1492,        0.58],[        1488,        0.51],[        1858,        0.59]],
[[        1269,        0.57],[        1428,        0.62],[        1600,        0.62],[        1509,        0.52],[        1861,        0.59]],
[[        1235,        0.55],[        1338,        0.58],[        1598,        0.62],[        1492,        0.51],[        1897,         0.6]],
[[        1308,        0.58],[        1353,        0.58],[        1600,        0.62],[        1461,         0.5],[        1886,        0.59]],
[[        1560,         0.7],[        1403,        0.61],[        1645,        0.64],[        1453,         0.5],[        1974,        0.62]],
[[        1603,        0.72],[        1405,        0.61],[        1790,        0.69],[        1496,        0.51],[        1850,        0.58]],
[[        1560,         0.7],[        1499,        0.65],[        1801,         0.7],[        1513,        0.52],[        1802,        0.57]],
[[        1634,        0.73],[        1413,        0.61],[        1806,         0.7],[        1588,        0.55],[        1784,        0.56]],
[[        1612,        0.72],[        1238,        0.53],[        1746,        0.68],[        1645,        0.57],[        1819,        0.57]],
[[        1641,        0.73],[        1312,        0.57],[        1645,        0.64],[        1679,        0.58],[        1795,        0.57]],
[[        1605,        0.72],[        1321,        0.57],[        1698,        0.66],[        1782,        0.61],[        1786,        0.56]],
[[        1652,        0.74],[        1333,        0.58],[        1774,        0.69],[        1836,        0.63],[        1755,        0.55]],
[[        1604,        0.72],[        1324,        0.57],[        1663,        0.65],[        1880,        0.65],[        1732,        0.55]],
[[        1643,        0.73],[        1380,         0.6],[        1706,        0.66],[        1870,        0.64],[        1711,        0.54]],
[[        1644,        0.74],[        1541,        0.66],[        1806,         0.7],[        1912,        0.66],[        1699,        0.54]],
[[        1620,        0.72],[        1570,        0.68],[        1748,        0.68],[        2048,         0.7],[        1756,        0.55]],
[[        1673,        0.75],[        1511,        0.65],[        1755,        0.68],[        2065,        0.71],[        1783,        0.56]],
[[        1605,        0.72],[        1628,         0.7],[        1599,        0.62],[        2034,         0.7],[        1859,        0.59]],
[[        1593,        0.71],[        1666,        0.72],[        1522,        0.59],[        2058,        0.71],[        1895,         0.6]],
[[        1542,        0.69],[        1631,         0.7],[        1477,        0.57],[        1950,        0.67],[        1916,         0.6]],
[[        1491,        0.67],[        1677,        0.72],[        1522,        0.59],[        1989,        0.68],[        1962,        0.62]],
[[        1361,        0.61],[        1704,        0.74],[        1524,        0.59],[        2015,        0.69],[        1977,        0.62]],
[[        1437,        0.64],[        1678,        0.72],[        1497,        0.58],[        1902,        0.65],[        2012,        0.63]],
[[        1451,        0.65],[        1697,        0.73],[        1471,        0.57],[        1909,        0.66],[        2002,        0.63]],
[[        1358,        0.61],[        1751,        0.76],[        1621,        0.63],[        1939,        0.67],[        2030,        0.64]],
[[        1457,        0.65],[        1719,        0.74],[        1562,        0.61],[        1903,        0.65],[        2142,        0.68]],
[[        1501,        0.67],[        1702,        0.73],[        1590,        0.62],[        1876,        0.65],[        2152,        0.68]],
[[        1534,        0.69],[        1718,        0.74],[        1624,        0.63],[        1739,         0.6],[        2110,        0.66]],
[[        1714,        0.77],[        1675,        0.72],[        1686,        0.65],[        1644,        0.57],[        2126,        0.67]],
[[        1910,        0.85],[        1524,        0.66],[        1679,        0.65],[        1599,        0.55],[        2036,        0.64]],
[[        1506,        0.67],[        1472,        0.64],[        1710,        0.66],[        1605,        0.55],[        2059,        0.65]],
[[        1405,        0.63],[        1389,         0.6],[        1687,        0.65],[        1607,        0.55],[        2080,        0.66]],
[[        1373,        0.61],[        1380,         0.6],[        1698,        0.66],[        1580,        0.54],[        1976,        0.62]],
[[        1278,        0.57],[        1365,        0.59],[        1622,        0.63],[        1572,        0.54],[        1966,        0.62]],
[[        1136,        0.51],[        1285,        0.55],[        1663,        0.65],[        1645,        0.57],[        1964,        0.62]],
[[        1061,        0.47],[        1331,        0.57],[        1570,        0.61],[        1623,        0.56],[        1924,        0.61]],
[[        1078,        0.48],[        1398,         0.6],[        1643,        0.64],[        1609,        0.55],[        1888,        0.59]],
[[        1114,         0.5],[        1396,         0.6],[        1574,        0.61],[        1592,        0.55],[        1742,        0.55]],
[[        1166,        0.52],[        1520,        0.66],[        1590,        0.62],[        1638,        0.56],[        1646,        0.52]],
[[        1160,        0.52],[        1688,        0.73],[        1376,        0.53],[        1625,        0.56],[        1591,         0.5]],
[[        1122,         0.5],[        1290,        0.56],[        1323,        0.51],[        1641,        0.56],[        1573,         0.5]],
[[        1098,        0.49],[        1150,         0.5],[        1239,        0.48],[        1585,        0.55],[        1555,        0.49]],
[[         976,        0.44],[        1184,        0.51],[        1278,         0.5],[        1543,        0.53],[        1518,        0.48]],
[[        1042,        0.47],[        1030,        0.44],[        1156,        0.45],[        1505,        0.52],[        1486,        0.47]],
[[        1089,        0.49],[         947,        0.41],[        1085,        0.42],[        1472,        0.51],[        1516,        0.48]],
[[        1066,        0.48],[         858,        0.37],[        1120,        0.43],[        1419,        0.49],[        1486,        0.47]],
[[        1043,        0.47],[         885,        0.38],[        1165,        0.45],[        1385,        0.48],[        1447,        0.46]],
[[         985,        0.44],[         881,        0.38],[        1170,        0.45],[        1351,        0.46],[        1420,        0.45]],
[[         997,        0.45],[         911,        0.39],[        1210,        0.47],[        1324,        0.46],[        1438,        0.45]],
[[         963,        0.43],[         895,        0.39],[        1374,        0.53],[        1183,        0.41],[        1409,        0.44]],
[[         908,        0.41],[         895,        0.39],[        1025,         0.4],[        1128,        0.39],[        1412,        0.44]],
[[         902,         0.4],[         838,        0.36],[         897,        0.35],[        1040,        0.36],[        1365,        0.43]],
[[         883,        0.39],[         770,        0.33],[         911,        0.35],[        1041,        0.36],[        1310,        0.41]],
[[         843,        0.38],[         782,        0.34],[         820,        0.32],[         972,        0.33],[        1275,         0.4]],
[[         756,        0.34],[         792,        0.34],[         760,        0.29],[         915,        0.31],[        1239,        0.39]],
[[         797,        0.36],[         777,        0.34],[         664,        0.26],[         916,        0.32],[        1180,        0.37]],
[[         720,        0.32],[         730,        0.31],[         670,        0.26],[         918,        0.32],[        1141,        0.36]],
[[         413,        0.18],[         689,         0.3],[         647,        0.25],[         907,        0.31],[        1083,        0.34]],
[[         369,        0.16],[         625,        0.27],[         643,        0.25],[         920,        0.32],[        1041,        0.33]],
[[         370,        0.17],[         559,        0.24],[         617,        0.24],[        1001,        0.34],[         915,        0.29]],
[[         368,        0.16],[         465,         0.2],[         588,        0.23],[         741,        0.25],[         849,        0.27]],
[[         325,        0.15],[         442,        0.19],[         507,         0.2],[         627,        0.22],[         756,        0.24]],
[[         292,        0.13],[         455,         0.2],[         462,        0.18],[         604,        0.21],[         723,        0.23]],
[[         910,        0.41],[         359,        0.15],[         438,        0.17],[         499,        0.17],[         644,         0.2]],
[[           .,           .],[         309,        0.13],[         393,        0.15],[         445,        0.15],[         579,        0.18]],
[[           .,           .],[         270,        0.12],[         350,        0.14],[         357,        0.12],[         543,        0.17]],
[[           .,           .],[         187,        0.08],[         299,        0.12],[         340,        0.12],[         508,        0.16]],
[[           .,           .],[         156,        0.07],[         267,         0.1],[         292,         0.1],[         454,        0.14]],
[[           .,           .],[         364,        0.16],[         719,        0.28],[        1095,        0.38],[        1770,        0.56]]],
[[[        1190,        0.53],[        1352,        0.58],[        1609,        0.62],[        1738,         0.6],[        1830,        0.58]],
[[        1193,        0.53],[        1303,        0.56],[        1723,        0.67],[        1782,        0.61],[        1846,        0.58]],
[[        1241,        0.55],[        1280,        0.55],[        1794,         0.7],[        1817,        0.62],[        1856,        0.58]],
[[        1355,        0.61],[        1300,        0.56],[        1688,        0.65],[        1845,        0.63],[        1865,        0.59]],
[[        1361,        0.61],[        1222,        0.53],[        1706,        0.66],[        1870,        0.64],[        1876,        0.59]],
[[        1376,        0.62],[        1242,        0.54],[        1726,        0.67],[        1893,        0.65],[        1893,         0.6]],
[[        1414,        0.63],[        1209,        0.52],[        1707,        0.66],[        1905,        0.66],[        1906,         0.6]],
[[        1359,        0.61],[        1256,        0.54],[        1540,         0.6],[        1923,        0.66],[        1916,         0.6]],
[[        1415,        0.63],[        1297,        0.56],[        1518,        0.59],[        1934,        0.67],[        1939,        0.61]],
[[        1408,        0.63],[        1359,        0.59],[        1590,        0.62],[        1935,        0.67],[        1956,        0.62]],
[[        1426,        0.64],[        1351,        0.58],[        1541,         0.6],[        1942,        0.67],[        1987,        0.63]],
[[        1357,        0.61],[        1457,        0.63],[        1518,        0.59],[        1905,        0.66],[        2002,        0.63]],
[[        1321,        0.59],[        1462,        0.63],[        1491,        0.58],[        2053,        0.71],[        2020,        0.64]],
[[        1423,        0.64],[        1515,        0.65],[        1530,        0.59],[        1968,        0.68],[        2033,        0.64]],
[[        1320,        0.59],[        1501,        0.65],[        1423,        0.55],[        1937,        0.67],[        2050,        0.65]],
[[        1344,         0.6],[        1574,        0.68],[        1388,        0.54],[        1990,        0.68],[        2063,        0.65]],
[[        1348,         0.6],[        1607,        0.69],[        1357,        0.53],[        1946,        0.67],[        2062,        0.65]],
[[        1362,        0.61],[        1663,        0.72],[        1450,        0.56],[        1793,        0.62],[        2076,        0.65]],
[[        1358,        0.61],[        1547,        0.67],[        1414,        0.55],[        1714,        0.59],[        2021,        0.64]],
[[        1221,        0.55],[        1313,        0.57],[        1134,        0.44],[        1391,        0.48],[        1602,         0.5]],
[[        1034,        0.46],[        1242,        0.54],[        1114,        0.43],[        1327,        0.46],[        1512,        0.48]],
[[        1085,        0.49],[        1234,        0.53],[        1353,        0.52],[        1405,        0.48],[        1588,         0.5]],
[[        1268,        0.57],[        1334,        0.58],[        1495,        0.58],[        1506,        0.52],[        1840,        0.58]],
[[        1242,        0.56],[        1418,        0.61],[        1639,        0.64],[        1576,        0.54],[        1897,         0.6]],
[[        1209,        0.54],[        1407,        0.61],[        1597,        0.62],[        1556,        0.54],[        1927,        0.61]],
[[        1335,         0.6],[        1328,        0.57],[        1737,        0.67],[        1550,        0.53],[        2001,        0.63]],
[[        1449,        0.65],[        1436,        0.62],[        1814,         0.7],[        1549,        0.53],[        2031,        0.64]],
[[        1538,        0.69],[        1420,        0.61],[        1838,        0.71],[        1609,        0.55],[        1950,        0.61]],
[[        1533,        0.69],[        1477,        0.64],[        1810,         0.7],[        1677,        0.58],[        1956,        0.62]],
[[        1515,        0.68],[        1400,         0.6],[        2021,        0.78],[        1759,         0.6],[        1986,        0.63]],
[[        1544,        0.69],[        1315,        0.57],[        2012,        0.78],[        1799,        0.62],[        2020,        0.64]],
[[        1662,        0.74],[        1386,         0.6],[        1956,        0.76],[        1895,        0.65],[        1989,        0.63]],
[[        1714,        0.77],[        1394,         0.6],[        1887,        0.73],[        1926,        0.66],[        1970,        0.62]],
[[        1766,        0.79],[        1450,        0.63],[        1988,        0.77],[        1963,        0.68],[        1928,        0.61]],
[[        1797,         0.8],[        1421,        0.61],[        1899,        0.74],[        2020,        0.69],[        1910,         0.6]],
[[        1773,        0.79],[        1448,        0.62],[        1782,        0.69],[        2079,        0.72],[        1880,        0.59]],
[[        1598,        0.71],[        1558,        0.67],[        1925,        0.75],[        2118,        0.73],[        1852,        0.58]],
[[        1731,        0.77],[        1734,        0.75],[        1933,        0.75],[        2198,        0.76],[        1916,         0.6]],
[[        1590,        0.71],[        1675,        0.72],[        1885,        0.73],[        2172,        0.75],[        1954,        0.62]],
[[        1616,        0.72],[        1732,        0.75],[        1743,        0.68],[        2252,        0.77],[        2016,        0.64]],
[[        1596,        0.71],[        1719,        0.74],[        1635,        0.63],[        2282,        0.78],[        2048,        0.65]],
[[        1584,        0.71],[        1834,        0.79],[        1720,        0.67],[        2217,        0.76],[        2111,        0.67]],
[[        1563,         0.7],[        1861,         0.8],[        1636,        0.63],[        2187,        0.75],[        2103,        0.66]],
[[        1453,        0.65],[        1837,        0.79],[        1569,        0.61],[        2193,        0.75],[        2119,        0.67]],
[[        1533,        0.69],[        1918,        0.83],[        1565,        0.61],[        2092,        0.72],[        2142,        0.68]],
[[        1491,        0.67],[        1855,         0.8],[        1575,        0.61],[        2051,        0.71],[        2181,        0.69]],
[[        1512,        0.68],[        1685,        0.73],[        1693,        0.66],[        2067,        0.71],[        2220,         0.7]],
[[        1463,        0.65],[        1875,        0.81],[        1783,        0.69],[        2094,        0.72],[        2284,        0.72]],
[[        1604,        0.72],[        1633,         0.7],[        1771,        0.69],[        2046,         0.7],[        2261,        0.71]],
[[        1628,        0.73],[        1654,        0.71],[        1802,         0.7],[        1929,        0.66],[        2314,        0.73]],
[[        1854,        0.83],[        1633,         0.7],[        1799,         0.7],[        1773,        0.61],[        2329,        0.73]],
[[        1996,        0.89],[        1556,        0.67],[        1915,        0.74],[        1800,        0.62],[        2261,        0.71]],
[[        1577,        0.71],[        1449,        0.63],[        1869,        0.72],[        1735,         0.6],[        2234,         0.7]],
[[        1492,        0.67],[        1356,        0.59],[        1822,        0.71],[        1668,        0.57],[        2233,         0.7]],
[[        1467,        0.66],[        1490,        0.64],[        1874,        0.73],[        1662,        0.57],[        2137,        0.67]],
[[        1446,        0.65],[        1372,        0.59],[        1789,        0.69],[        1655,        0.57],[        2092,        0.66]],
[[        1199,        0.54],[        1428,        0.62],[        1597,        0.62],[        1722,        0.59],[        2085,        0.66]],
[[        1139,        0.51],[        1368,        0.59],[        1811,         0.7],[        1777,        0.61],[        2082,        0.66]],
[[        1259,        0.56],[        1404,        0.61],[        1569,        0.61],[        1752,         0.6],[        2025,        0.64]],
[[        1259,        0.56],[        1468,        0.63],[        1524,        0.59],[        1773,        0.61],[        1900,         0.6]],
[[        1233,        0.55],[        1604,        0.69],[        1534,         0.6],[        1727,        0.59],[        1740,        0.55]],
[[        1187,        0.53],[        1797,        0.78],[        1463,        0.57],[        1779,        0.61],[        1737,        0.55]],
[[        1213,        0.54],[        1395,         0.6],[        1252,        0.49],[        1746,         0.6],[        1667,        0.53]],
[[        1174,        0.52],[        1269,        0.55],[        1275,        0.49],[        1718,        0.59],[        1604,        0.51]],
[[        1124,         0.5],[        1260,        0.54],[        1336,        0.52],[        1716,        0.59],[        1576,         0.5]],
[[        1178,        0.53],[        1247,        0.54],[        1237,        0.48],[        1662,        0.57],[        1565,        0.49]],
[[        1205,        0.54],[        1070,        0.46],[        1280,         0.5],[        1484,        0.51],[        1616,        0.51]],
[[        1230,        0.55],[        1002,        0.43],[        1218,        0.47],[        1639,        0.56],[        1653,        0.52]],
[[        1273,        0.57],[        1114,        0.48],[        1239,        0.48],[        1458,         0.5],[        1625,        0.51]],
[[        1218,        0.54],[        1093,        0.47],[        1298,         0.5],[        1392,        0.48],[        1649,        0.52]],
[[        1145,        0.51],[        1096,        0.47],[        1399,        0.54],[        1393,        0.48],[        1618,        0.51]],
[[        1156,        0.52],[        1107,        0.48],[        1580,        0.61],[        1357,        0.47],[        1652,        0.52]],
[[        1163,        0.52],[        1087,        0.47],[        1205,        0.47],[        1183,        0.41],[        1627,        0.51]],
[[        1161,        0.52],[        1072,        0.46],[        1120,        0.43],[        1178,        0.41],[        1600,         0.5]],
[[        1083,        0.48],[        1018,        0.44],[        1075,        0.42],[        1224,        0.42],[        1601,         0.5]],
[[        1157,        0.52],[        1059,        0.46],[        1079,        0.42],[        1141,        0.39],[        1544,        0.49]],
[[        1064,        0.48],[        1046,        0.45],[         939,        0.36],[        1175,         0.4],[        1383,        0.44]],
[[        1087,        0.49],[        1056,        0.46],[         836,        0.32],[        1110,        0.38],[        1492,        0.47]],
[[        1088,        0.49],[        1001,        0.43],[         980,        0.38],[        1111,        0.38],[        1329,        0.42]],
[[         654,        0.29],[         966,        0.42],[         907,        0.35],[        1152,         0.4],[        1252,        0.39]],
[[         562,        0.25],[         915,        0.39],[         868,        0.34],[        1208,        0.42],[        1225,        0.39]],
[[         605,        0.27],[         873,        0.38],[         893,        0.35],[        1311,        0.45],[        1174,        0.37]],
[[         700,        0.31],[         834,        0.36],[         792,        0.31],[         991,        0.34],[        1010,        0.32]],
[[         670,         0.3],[         747,        0.32],[         835,        0.32],[         884,         0.3],[         969,        0.31]],
[[         610,        0.27],[         681,        0.29],[         733,        0.28],[         823,        0.28],[         966,         0.3]],
[[        2714,        1.21],[         685,         0.3],[         681,        0.26],[         783,        0.27],[         874,        0.28]],
[[           .,           .],[         590,        0.25],[         664,        0.26],[         662,        0.23],[         861,        0.27]],
[[           .,           .],[         546,        0.24],[         603,        0.23],[         558,        0.19],[         774,        0.24]],
[[           .,           .],[         476,        0.21],[         555,        0.22],[         595,         0.2],[         740,        0.23]],
[[           .,           .],[         303,        0.13],[         497,        0.19],[         523,        0.18],[         705,        0.22]],
[[           .,           .],[        1087,        0.47],[        1966,        0.76],[        2316,         0.8],[        3321,        1.05]]]]}}
