{
"ons":{
"label":"Population Projections for England and Wales, by local authority",
"source":"Office for National Statistics",
"updated":"2014-10-01",
"area": {
"code":"K04000001",
"label":"England and Wales"
},
"time": {
"label":"1998-2038",
"index":["1998",  "2008",  "2018",  "2028",  "2038"]
},
"concept":{
"label":["population", "% of population"],
"units":["count", "%"],
"max":[         999,         1.24]
},
"sums":{
"series1":[       39612,        40145,        39923,        38977,        38328],
"series2":[       41255,        41031,        40892,        39954,        39318]
},
"dimension":{
"label":"age",
"index":["0", "1", "2", "3", "4", "5", "6", "7", "8", "9", "10", "11", "12", "13", "14", "15", "16", "17", "18", "19", "20", "21", "22", "23", "24", "25", "26", "27", "28", "29", "30", "31", "32", "33", "34", "35", "36", "37", "38", "39", "40", "41", "42", "43", "44", "45", "46", "47", "48", "49", "50", "51", "52", "53", "54", "55", "56", "57", "58", "59", "60", "61", "62", "63", "64", "65", "66", "67", "68", "69", "70", "71", "72", "73", "74", "75", "76", "77", "78", "79", "80", "81", "82", "83", "84", "85", "86", "87", "88", "89", "90+"]
},
"series":["male", "female"],
"value":[[[[         509,        0.63],[         514,        0.63],[         518,        0.64],[         471,         0.6],[         474,        0.61]],
[[         587,        0.73],[         549,        0.68],[         546,        0.68],[         469,        0.59],[         466,         0.6]],
[[         597,        0.74],[         602,        0.74],[         490,        0.61],[         472,         0.6],[         463,         0.6]],
[[         652,        0.81],[         596,        0.73],[         523,        0.65],[         473,         0.6],[         458,        0.59]],
[[         617,        0.76],[         521,        0.64],[         562,         0.7],[         477,         0.6],[         457,        0.59]],
[[         651,        0.81],[         549,        0.68],[         607,        0.75],[         483,        0.61],[         457,        0.59]],
[[         637,        0.79],[         488,         0.6],[         533,        0.66],[         484,        0.61],[         453,        0.58]],
[[         617,        0.76],[         499,        0.61],[         569,         0.7],[         488,        0.62],[         452,        0.58]],
[[         619,        0.77],[         539,        0.66],[         577,        0.71],[         496,        0.63],[         455,        0.59]],
[[         609,        0.75],[         489,         0.6],[         559,        0.69],[         499,        0.63],[         456,        0.59]],
[[         600,        0.74],[         517,        0.64],[         480,        0.59],[         504,        0.64],[         456,        0.59]],
[[         583,        0.72],[         569,         0.7],[         546,        0.68],[         500,        0.63],[         462,         0.6]],
[[         604,        0.75],[         584,        0.72],[         525,        0.65],[         493,        0.62],[         467,         0.6]],
[[         622,        0.77],[         608,        0.75],[         568,         0.7],[         523,        0.66],[         473,        0.61]],
[[         563,         0.7],[         593,        0.73],[         496,        0.61],[         536,        0.68],[         475,        0.61]],
[[         519,        0.64],[         587,        0.72],[         533,        0.66],[         574,        0.73],[         479,        0.62]],
[[         519,        0.64],[         580,        0.71],[         471,        0.58],[         527,        0.67],[         486,        0.63]],
[[         545,        0.67],[         625,        0.77],[         488,         0.6],[         550,         0.7],[         486,        0.63]],
[[         480,        0.59],[         567,         0.7],[         535,        0.66],[         540,        0.68],[         479,        0.62]],
[[         314,        0.39],[         545,        0.67],[         417,        0.52],[         455,        0.58],[         417,        0.54]],
[[         294,        0.36],[         469,        0.58],[         385,        0.48],[         394,         0.5],[         401,        0.52]],
[[         312,        0.39],[         456,        0.56],[         470,        0.58],[         425,        0.54],[         407,        0.52]],
[[         448,        0.55],[         502,        0.62],[         500,        0.62],[         437,        0.55],[         429,        0.55]],
[[         492,        0.61],[         525,        0.65],[         464,        0.57],[         469,        0.59],[         464,         0.6]],
[[         518,        0.64],[         519,        0.64],[         508,        0.63],[         436,        0.55],[         482,        0.62]],
[[         542,        0.67],[         455,        0.56],[         498,        0.62],[         448,        0.57],[         509,        0.66]],
[[         588,        0.73],[         473,        0.58],[         487,         0.6],[         424,        0.54],[         498,        0.64]],
[[         637,        0.79],[         544,        0.67],[         569,         0.7],[         430,        0.54],[         501,        0.65]],
[[         634,        0.78],[         526,        0.65],[         512,        0.63],[         464,        0.59],[         506,        0.65]],
[[         641,        0.79],[         508,        0.63],[         558,        0.69],[         446,        0.57],[         491,        0.63]],
[[         638,        0.79],[         429,        0.53],[         514,        0.64],[         446,        0.57],[         471,        0.61]],
[[         688,        0.85],[         445,        0.55],[         472,        0.58],[         489,        0.62],[         473,        0.61]],
[[         638,        0.79],[         500,        0.62],[         511,        0.63],[         490,        0.62],[         455,        0.59]],
[[         660,        0.82],[         514,        0.63],[         528,        0.65],[         476,         0.6],[         451,        0.58]],
[[         644,         0.8],[         502,        0.62],[         499,        0.62],[         484,        0.61],[         421,        0.54]],
[[         608,        0.75],[         511,        0.63],[         498,        0.62],[         479,        0.61],[         424,        0.55]],
[[         626,        0.77],[         551,        0.68],[         483,         0.6],[         472,         0.6],[         399,        0.51]],
[[         588,        0.73],[         608,        0.75],[         492,        0.61],[         502,        0.64],[         409,        0.53]],
[[         565,         0.7],[         623,        0.77],[         458,        0.57],[         483,        0.61],[         427,        0.55]],
[[         579,        0.72],[         665,        0.82],[         507,        0.63],[         484,        0.61],[         419,        0.54]],
[[         553,        0.68],[         666,        0.82],[         409,        0.51],[         454,        0.58],[         417,        0.54]],
[[         530,        0.66],[         643,        0.79],[         417,        0.52],[         428,        0.54],[         445,        0.57]],
[[         521,        0.64],[         613,        0.76],[         474,        0.59],[         467,        0.59],[         455,        0.59]],
[[         492,        0.61],[         605,        0.75],[         468,        0.58],[         458,        0.58],[         449,        0.58]],
[[         476,        0.59],[         616,        0.76],[         499,        0.62],[         456,        0.58],[         457,        0.59]],
[[         528,        0.65],[         563,        0.69],[         480,        0.59],[         460,        0.58],[         455,        0.59]],
[[         546,        0.68],[         641,        0.79],[         515,        0.64],[         444,        0.56],[         459,        0.59]],
[[         523,        0.65],[         528,        0.65],[         562,         0.7],[         463,        0.59],[         475,        0.61]],
[[         510,        0.63],[         534,        0.66],[         581,        0.72],[         449,        0.57],[         465,         0.6]],
[[         549,        0.68],[         510,        0.63],[         607,        0.75],[         446,        0.57],[         461,        0.59]],
[[         585,        0.72],[         495,        0.61],[         620,        0.77],[         402,        0.51],[         447,        0.58]],
[[         608,        0.75],[         489,         0.6],[         604,        0.75],[         398,         0.5],[         424,        0.55]],
[[         491,        0.61],[         536,        0.66],[         551,        0.68],[         441,        0.56],[         449,        0.58]],
[[         480,        0.59],[         463,        0.57],[         545,        0.67],[         443,        0.56],[         442,        0.57]],
[[         469,        0.58],[         464,        0.57],[         560,        0.69],[         463,        0.59],[         438,        0.56]],
[[         463,        0.57],[         465,        0.57],[         504,        0.62],[         456,        0.58],[         444,        0.57]],
[[         447,        0.55],[         496,        0.61],[         601,        0.74],[         483,        0.61],[         433,        0.56]],
[[         404,         0.5],[         510,        0.63],[         507,        0.63],[         526,        0.67],[         445,        0.57]],
[[         415,        0.51],[         469,        0.58],[         457,        0.57],[         532,        0.67],[         432,        0.56]],
[[         386,        0.48],[         549,        0.68],[         445,        0.55],[         564,        0.71],[         424,        0.55]],
[[         418,        0.52],[         536,        0.66],[         449,        0.56],[         558,        0.71],[         386,         0.5]],
[[         394,        0.49],[         583,        0.72],[         441,        0.55],[         537,        0.68],[         382,        0.49]],
[[         385,        0.48],[         446,        0.55],[         484,         0.6],[         496,        0.63],[         413,        0.53]],
[[         362,        0.45],[         422,        0.52],[         414,        0.51],[         499,        0.63],[         415,        0.53]],
[[         330,        0.41],[         430,        0.53],[         370,        0.46],[         490,        0.62],[         429,        0.55]],
[[         276,        0.34],[         390,        0.48],[         393,        0.49],[         449,        0.57],[         420,        0.54]],
[[         303,        0.37],[         410,        0.51],[         399,        0.49],[         522,        0.66],[         441,        0.57]],
[[         329,        0.41],[         334,        0.41],[         458,        0.57],[         446,        0.57],[         471,        0.61]],
[[         327,         0.4],[         347,        0.43],[         396,        0.49],[         418,        0.53],[         474,        0.61]],
[[         316,        0.39],[         306,        0.38],[         472,        0.58],[         400,        0.51],[         495,        0.64]],
[[         308,        0.38],[         319,        0.39],[         448,        0.55],[         381,        0.48],[         483,        0.62]],
[[         285,        0.35],[         307,        0.38],[         508,        0.63],[         377,        0.48],[         460,        0.59]],
[[         284,        0.35],[         293,        0.36],[         360,        0.45],[         395,         0.5],[         427,        0.55]],
[[         290,        0.36],[         277,        0.34],[         353,        0.44],[         334,        0.42],[         424,        0.55]],
[[         267,        0.33],[         238,        0.29],[         352,        0.44],[         327,        0.41],[         416,        0.54]],
[[         271,        0.34],[         201,        0.25],[         306,        0.38],[         327,        0.41],[         380,        0.49]],
[[         247,        0.31],[         199,        0.25],[         316,        0.39],[         329,        0.42],[         427,        0.55]],
[[         239,         0.3],[         220,        0.27],[         228,        0.28],[         351,        0.44],[         363,        0.47]],
[[         203,        0.25],[         195,        0.24],[         246,         0.3],[         302,        0.38],[         332,        0.43]],
[[         152,        0.19],[         181,        0.22],[         202,        0.25],[         342,        0.43],[         317,        0.41]],
[[         110,        0.14],[         168,        0.21],[         210,        0.26],[         329,        0.42],[         295,        0.38]],
[[         104,        0.13],[         161,         0.2],[         181,        0.22],[         347,        0.44],[         283,        0.36]],
[[         105,        0.13],[         144,        0.18],[         188,        0.23],[         233,         0.3],[         280,        0.36]],
[[         121,        0.15],[         138,        0.17],[         146,        0.18],[         219,        0.28],[         232,         0.3]],
[[         106,        0.13],[         123,        0.15],[         121,        0.15],[         211,        0.27],[         218,        0.28]],
[[         320,         0.4],[         107,        0.13],[         111,        0.14],[         179,        0.23],[         212,        0.27]],
[[           .,           .],[          93,        0.11],[          87,        0.11],[         171,        0.22],[         203,        0.26]],
[[           .,           .],[          84,         0.1],[          91,        0.11],[         118,        0.15],[         192,        0.25]],
[[           .,           .],[          35,        0.04],[          81,         0.1],[         109,        0.14],[         156,         0.2]],
[[           .,           .],[          48,        0.06],[          70,        0.09],[          79,         0.1],[         146,        0.19]],
[[           .,           .],[         109,        0.13],[         180,        0.22],[         276,        0.35],[         531,        0.68]]],
[[[         554,        0.69],[         553,        0.68],[         503,        0.62],[         450,        0.57],[         452,        0.58]],
[[         559,        0.69],[         524,        0.65],[         512,        0.63],[         455,        0.58],[         452,        0.58]],
[[         603,        0.75],[         509,        0.63],[         536,        0.66],[         457,        0.58],[         448,        0.58]],
[[         584,        0.72],[         464,        0.57],[         576,        0.71],[         458,        0.58],[         444,        0.57]],
[[         585,        0.72],[         483,         0.6],[         517,        0.64],[         464,        0.59],[         444,        0.57]],
[[         609,        0.75],[         480,        0.59],[         565,         0.7],[         469,        0.59],[         444,        0.57]],
[[         626,        0.77],[         453,        0.56],[         566,         0.7],[         471,         0.6],[         441,        0.57]],
[[         583,        0.72],[         491,         0.6],[         505,        0.62],[         474,         0.6],[         439,        0.57]],
[[         549,        0.68],[         484,         0.6],[         490,        0.61],[         479,        0.61],[         438,        0.56]],
[[         555,        0.69],[         528,        0.65],[         533,        0.66],[         479,        0.61],[         436,        0.56]],
[[         543,        0.67],[         527,        0.65],[         569,         0.7],[         488,        0.62],[         440,        0.57]],
[[         545,        0.67],[         532,        0.66],[         511,        0.63],[         481,        0.61],[         443,        0.57]],
[[         553,        0.68],[         575,        0.71],[         488,         0.6],[         507,        0.64],[         440,        0.57]],
[[         515,        0.64],[         539,        0.66],[         433,        0.54],[         518,        0.66],[         444,        0.57]],
[[         495,        0.61],[         544,        0.67],[         457,        0.57],[         493,        0.62],[         447,        0.58]],
[[         479,        0.59],[         547,        0.67],[         448,        0.55],[         534,        0.68],[         450,        0.58]],
[[         503,        0.62],[         570,         0.7],[         438,        0.54],[         523,        0.66],[         453,        0.58]],
[[         494,        0.61],[         573,        0.71],[         460,        0.57],[         495,        0.63],[         464,         0.6]],
[[         506,        0.63],[         559,        0.69],[         410,        0.51],[         478,        0.61],[         455,        0.59]],
[[         406,         0.5],[         487,         0.6],[         401,         0.5],[         394,         0.5],[         364,        0.47]],
[[         301,        0.37],[         468,        0.58],[         471,        0.58],[         393,         0.5],[         362,        0.47]],
[[         303,        0.37],[         474,        0.58],[         427,        0.53],[         399,        0.51],[         381,        0.49]],
[[         385,        0.48],[         548,        0.68],[         464,        0.57],[         422,        0.53],[         440,        0.57]],
[[         447,        0.55],[         534,        0.66],[         498,        0.62],[         406,        0.51],[         456,        0.59]],
[[         506,        0.63],[         531,        0.65],[         497,        0.61],[         409,        0.52],[         456,        0.59]],
[[         557,        0.69],[         487,         0.6],[         439,        0.54],[         407,        0.52],[         478,        0.62]],
[[         674,        0.83],[         578,        0.71],[         543,        0.67],[         407,        0.52],[         491,        0.63]],
[[         656,        0.81],[         555,        0.68],[         542,        0.67],[         426,        0.54],[         478,        0.62]],
[[         625,        0.77],[         525,        0.65],[         531,        0.66],[         414,        0.52],[         472,        0.61]],
[[         638,        0.79],[         472,        0.58],[         562,         0.7],[         442,        0.56],[         478,        0.62]],
[[         610,        0.75],[         443,        0.55],[         565,         0.7],[         464,        0.59],[         486,        0.63]],
[[         651,        0.81],[         440,        0.54],[         574,        0.71],[         464,        0.59],[         467,         0.6]],
[[         663,        0.82],[         520,        0.64],[         544,        0.67],[         486,        0.62],[         453,        0.58]],
[[         660,        0.82],[         479,        0.59],[         516,        0.64],[         477,         0.6],[         427,        0.55]],
[[         664,        0.82],[         502,        0.62],[         507,        0.63],[         476,         0.6],[         421,        0.54]],
[[         608,        0.75],[         563,        0.69],[         493,        0.61],[         465,        0.59],[         409,        0.53]],
[[         577,        0.71],[         626,        0.77],[         560,        0.69],[         497,        0.63],[         402,        0.52]],
[[         573,        0.71],[         599,        0.74],[         539,        0.67],[         495,        0.63],[         412,        0.53]],
[[         608,        0.75],[         627,        0.77],[         518,        0.64],[         502,        0.64],[         405,        0.52]],
[[         545,        0.67],[         621,        0.77],[         496,        0.61],[         517,        0.66],[         422,        0.54]],
[[         552,        0.68],[         583,        0.72],[         434,        0.54],[         528,        0.67],[         431,        0.56]],
[[         579,        0.72],[         580,        0.71],[         406,         0.5],[         504,        0.64],[         436,        0.56]],
[[         514,        0.64],[         610,        0.75],[         479,        0.59],[         507,        0.64],[         452,        0.58]],
[[         526,        0.65],[         593,        0.73],[         458,        0.57],[         491,        0.62],[         450,        0.58]],
[[         498,        0.62],[         626,        0.77],[         461,        0.57],[         469,        0.59],[         452,        0.58]],
[[         513,        0.63],[         629,        0.77],[         513,        0.63],[         473,         0.6],[         445,        0.57]],
[[         516,        0.64],[         557,        0.69],[         568,         0.7],[         519,        0.66],[         477,        0.61]],
[[         456,        0.56],[         523,        0.64],[         610,        0.75],[         501,        0.63],[         476,        0.61]],
[[         462,        0.57],[         575,        0.71],[         594,        0.74],[         478,        0.61],[         480,        0.62]],
[[         528,        0.65],[         476,        0.59],[         570,        0.71],[         466,        0.59],[         491,        0.63]],
[[         580,        0.72],[         525,        0.65],[         553,        0.68],[         412,        0.52],[         507,        0.65]],
[[         574,        0.71],[         537,        0.66],[         569,         0.7],[         388,        0.49],[         483,        0.62]],
[[         498,        0.62],[         481,        0.59],[         569,         0.7],[         447,        0.57],[         488,        0.63]],
[[         514,        0.64],[         456,        0.56],[         548,        0.68],[         436,        0.55],[         469,         0.6]],
[[         487,         0.6],[         483,         0.6],[         565,         0.7],[         446,        0.57],[         449,        0.58]],
[[         429,        0.53],[         494,        0.61],[         567,         0.7],[         477,         0.6],[         452,        0.58]],
[[         419,        0.52],[         470,        0.58],[         531,        0.66],[         521,        0.66],[         485,        0.62]],
[[         395,        0.49],[         445,        0.55],[         492,        0.61],[         548,        0.69],[         470,        0.61]],
[[         405,         0.5],[         455,        0.56],[         541,        0.67],[         549,         0.7],[         453,        0.58]],
[[         430,        0.53],[         498,        0.61],[         458,        0.57],[         538,        0.68],[         442,        0.57]],
[[         409,        0.51],[         575,        0.71],[         480,        0.59],[         520,        0.66],[         393,        0.51]],
[[         414,        0.51],[         531,        0.65],[         487,         0.6],[         515,        0.65],[         373,        0.48]],
[[         369,        0.46],[         448,        0.55],[         463,        0.57],[         521,        0.66],[         419,        0.54]],
[[         338,        0.42],[         492,        0.61],[         386,        0.48],[         502,        0.64],[         409,        0.53]],
[[         373,        0.46],[         445,        0.55],[         451,        0.56],[         528,        0.67],[         418,        0.54]],
[[         365,        0.45],[         399,        0.49],[         429,        0.53],[         514,        0.65],[         452,        0.58]],
[[         372,        0.46],[         371,        0.46],[         400,        0.49],[         483,        0.61],[         491,        0.63]],
[[         371,        0.46],[         356,        0.44],[         399,        0.49],[         459,        0.58],[         516,        0.66]],
[[         392,        0.48],[         342,        0.42],[         399,        0.49],[         492,        0.62],[         511,        0.66]],
[[         371,        0.46],[         353,        0.43],[         493,        0.61],[         421,        0.53],[         500,        0.64]],
[[         379,        0.47],[         342,        0.42],[         511,        0.63],[         436,        0.55],[         481,        0.62]],
[[         373,        0.46],[         341,        0.42],[         464,        0.57],[         440,        0.56],[         477,        0.61]],
[[         347,        0.43],[         297,        0.37],[         390,        0.48],[         410,        0.52],[         479,        0.62]],
[[         355,        0.44],[         297,        0.37],[         439,        0.54],[         355,        0.45],[         461,        0.59]],
[[         337,        0.42],[         294,        0.36],[         385,        0.48],[         399,        0.51],[         476,        0.61]],
[[         342,        0.42],[         273,        0.34],[         343,        0.42],[         385,        0.49],[         458,        0.59]],
[[         353,        0.44],[         294,        0.36],[         282,        0.35],[         360,        0.46],[         427,        0.55]],
[[         386,        0.48],[         288,        0.35],[         287,        0.36],[         347,        0.44],[         396,        0.51]],
[[         337,        0.42],[         261,        0.32],[         262,        0.32],[         334,        0.42],[         415,        0.53]],
[[         245,         0.3],[         237,        0.29],[         264,        0.33],[         382,        0.48],[         351,        0.45]],
[[         190,        0.23],[         258,        0.32],[         259,        0.32],[         396,         0.5],[         356,        0.46]],
[[         203,        0.25],[         247,         0.3],[         244,         0.3],[         363,        0.46],[         351,        0.45]],
[[         225,        0.28],[         223,        0.27],[         217,        0.27],[         296,        0.38],[         320,        0.41]],
[[         223,        0.28],[         193,        0.24],[         201,        0.25],[         300,        0.38],[         272,        0.35]],
[[         215,        0.27],[         176,        0.22],[         209,        0.26],[         259,        0.33],[         289,        0.37]],
[[         999,        1.24],[         189,        0.23],[         148,        0.18],[         224,        0.28],[         263,        0.34]],
[[           .,           .],[         165,         0.2],[         177,        0.22],[         176,        0.22],[         231,         0.3]],
[[           .,           .],[         166,         0.2],[         143,        0.18],[         154,         0.2],[         207,        0.27]],
[[           .,           .],[         113,        0.14],[         101,        0.12],[         132,        0.17],[         187,        0.24]],
[[           .,           .],[          91,        0.11],[          79,         0.1],[         124,        0.16],[         196,        0.25]],
[[           .,           .],[         364,        0.45],[         410,        0.51],[         497,        0.63],[         818,        1.05]]]]}}
