{
"ons":{
"label":"Population Projections for England and Wales, by local authority",
"source":"Office for National Statistics",
"updated":"2014-10-01",
"area": {
"code":"K04000001",
"label":"England and Wales"
},
"time": {
"label":"1998-2038",
"index":["1998",  "2008",  "2018",  "2028",  "2038"]
},
"concept":{
"label":["population", "% of population"],
"units":["count", "%"],
"max":[         920,         1.28]
},
"sums":{
"series1":[       40925,        39165,        37401,        36086,        34181],
"series2":[       44915,        42835,        40749,        39421,        37632]
},
"dimension":{
"label":"age",
"index":["0", "1", "2", "3", "4", "5", "6", "7", "8", "9", "10", "11", "12", "13", "14", "15", "16", "17", "18", "19", "20", "21", "22", "23", "24", "25", "26", "27", "28", "29", "30", "31", "32", "33", "34", "35", "36", "37", "38", "39", "40", "41", "42", "43", "44", "45", "46", "47", "48", "49", "50", "51", "52", "53", "54", "55", "56", "57", "58", "59", "60", "61", "62", "63", "64", "65", "66", "67", "68", "69", "70", "71", "72", "73", "74", "75", "76", "77", "78", "79", "80", "81", "82", "83", "84", "85", "86", "87", "88", "89", "90+"]
},
"series":["male", "female"],
"value":[[[[         508,        0.59],[         475,        0.58],[         342,        0.44],[         355,        0.47],[         328,        0.46]],
[[         517,         0.6],[         452,        0.55],[         360,        0.46],[         365,        0.48],[         334,        0.47]],
[[         520,        0.61],[         411,         0.5],[         376,        0.48],[         368,        0.49],[         338,        0.47]],
[[         511,         0.6],[         459,        0.56],[         395,        0.51],[         373,        0.49],[         344,        0.48]],
[[         497,        0.58],[         440,        0.54],[         409,        0.52],[         375,         0.5],[         348,        0.48]],
[[         536,        0.62],[         417,        0.51],[         396,        0.51],[         380,         0.5],[         348,        0.48]],
[[         593,        0.69],[         372,        0.45],[         427,        0.55],[         382,        0.51],[         354,        0.49]],
[[         603,         0.7],[         416,        0.51],[         444,        0.57],[         378,         0.5],[         353,        0.49]],
[[         543,        0.63],[         434,        0.53],[         456,        0.58],[         383,        0.51],[         360,         0.5]],
[[         578,        0.67],[         461,        0.56],[         403,        0.52],[         380,         0.5],[         363,        0.51]],
[[         587,        0.68],[         489,         0.6],[         451,        0.58],[         381,         0.5],[         367,        0.51]],
[[         578,        0.67],[         502,        0.61],[         439,        0.56],[         370,        0.49],[         366,        0.51]],
[[         624,        0.73],[         516,        0.63],[         384,        0.49],[         383,        0.51],[         371,        0.52]],
[[         585,        0.68],[         497,        0.61],[         457,        0.58],[         393,        0.52],[         376,        0.52]],
[[         540,        0.63],[         472,        0.58],[         441,        0.56],[         420,        0.56],[         375,        0.52]],
[[         540,        0.63],[         516,        0.63],[         394,         0.5],[         397,        0.53],[         381,        0.53]],
[[         580,        0.68],[         563,        0.69],[         363,        0.46],[         433,        0.57],[         385,        0.54]],
[[         608,        0.71],[         576,         0.7],[         421,        0.54],[         454,         0.6],[         384,        0.53]],
[[         582,        0.68],[         538,        0.66],[         422,        0.54],[         443,        0.59],[         379,        0.53]],
[[         484,        0.56],[         549,        0.67],[         456,        0.58],[         392,        0.52],[         366,        0.51]],
[[         466,        0.54],[         543,        0.66],[         433,        0.55],[         436,        0.58],[         363,        0.51]],
[[         466,        0.54],[         526,        0.64],[         462,        0.59],[         428,        0.57],[         363,        0.51]],
[[         485,        0.57],[         557,        0.68],[         476,        0.61],[         387,        0.51],[         370,        0.52]],
[[         456,        0.53],[         488,         0.6],[         476,        0.61],[         435,        0.58],[         373,        0.52]],
[[         454,        0.53],[         484,        0.59],[         450,        0.58],[         418,        0.55],[         393,        0.55]],
[[         532,        0.62],[         473,        0.58],[         456,        0.58],[         377,         0.5],[         366,        0.51]],
[[         549,        0.64],[         497,        0.61],[         491,        0.63],[         342,        0.45],[         386,        0.54]],
[[         558,        0.65],[         458,        0.56],[         519,        0.66],[         375,         0.5],[         400,        0.56]],
[[         517,         0.6],[         447,        0.55],[         459,        0.59],[         370,        0.49],[         389,        0.54]],
[[         550,        0.64],[         418,        0.51],[         426,        0.55],[         399,        0.53],[         347,        0.48]],
[[         575,        0.67],[         419,        0.51],[         450,        0.58],[         406,        0.54],[         391,        0.54]],
[[         635,        0.74],[         391,        0.48],[         441,        0.56],[         418,        0.55],[         374,        0.52]],
[[         615,        0.72],[         402,        0.49],[         486,        0.62],[         430,        0.57],[         341,        0.47]],
[[         645,        0.75],[         408,         0.5],[         412,        0.53],[         416,        0.55],[         386,        0.54]],
[[         629,        0.73],[         409,         0.5],[         420,        0.54],[         403,        0.53],[         371,        0.52]],
[[         711,        0.83],[         472,        0.58],[         435,        0.56],[         417,        0.55],[         341,        0.47]],
[[         702,        0.82],[         521,        0.64],[         464,        0.59],[         464,        0.61],[         323,        0.45]],
[[         678,        0.79],[         503,        0.61],[         406,        0.52],[         488,        0.65],[         359,         0.5]],
[[         624,        0.73],[         502,        0.61],[         427,        0.55],[         433,        0.57],[         366,        0.51]],
[[         612,        0.71],[         513,        0.63],[         415,        0.53],[         409,        0.54],[         389,        0.54]],
[[         609,        0.71],[         563,        0.69],[         379,        0.48],[         424,        0.56],[         396,        0.55]],
[[         620,        0.72],[         619,        0.75],[         384,        0.49],[         436,        0.58],[         412,        0.57]],
[[         601,         0.7],[         625,        0.76],[         375,        0.48],[         468,        0.62],[         424,        0.59]],
[[         555,        0.65],[         662,        0.81],[         399,        0.51],[         399,        0.53],[         411,        0.57]],
[[         531,        0.62],[         650,        0.79],[         399,        0.51],[         431,        0.57],[         402,        0.56]],
[[         544,        0.63],[         696,        0.85],[         434,        0.56],[         418,        0.55],[         413,        0.58]],
[[         522,        0.61],[         721,        0.88],[         485,        0.62],[         459,        0.61],[         461,        0.64]],
[[         605,         0.7],[         668,        0.81],[         465,         0.6],[         417,        0.55],[         476,        0.66]],
[[         602,         0.7],[         614,        0.75],[         511,        0.65],[         407,        0.54],[         426,        0.59]],
[[         576,        0.67],[         621,        0.76],[         511,        0.65],[         416,        0.55],[         403,        0.56]],
[[         595,        0.69],[         590,        0.72],[         585,        0.75],[         369,        0.49],[         424,        0.59]],
[[         623,        0.73],[         600,        0.73],[         607,        0.78],[         379,         0.5],[         431,         0.6]],
[[         542,        0.63],[         598,        0.73],[         618,        0.79],[         375,         0.5],[         454,        0.63]],
[[         485,        0.57],[         538,        0.66],[         632,        0.81],[         386,        0.51],[         393,        0.55]],
[[         532,        0.62],[         510,        0.62],[         616,        0.79],[         390,        0.52],[         420,        0.58]],
[[         485,        0.57],[         519,        0.63],[         663,        0.85],[         437,        0.58],[         410,        0.57]],
[[         459,        0.53],[         505,        0.62],[         684,        0.88],[         458,        0.61],[         437,        0.61]],
[[         446,        0.52],[         560,        0.68],[         658,        0.84],[         456,         0.6],[         402,        0.56]],
[[         413,        0.48],[         534,        0.65],[         594,        0.76],[         482,        0.64],[         390,        0.54]],
[[         465,        0.54],[         539,        0.66],[         594,        0.76],[         482,        0.64],[         398,        0.55]],
[[         474,        0.55],[         519,        0.63],[         525,        0.67],[         542,        0.72],[         347,        0.48]],
[[         426,         0.5],[         559,        0.68],[         528,        0.68],[         575,        0.76],[         360,         0.5]],
[[         452,        0.53],[         491,         0.6],[         532,        0.68],[         576,        0.76],[         354,        0.49]],
[[         409,        0.48],[         428,        0.52],[         494,        0.63],[         583,        0.77],[         359,         0.5]],
[[         411,        0.48],[         469,        0.57],[         437,        0.56],[         569,        0.75],[         358,         0.5]],
[[         388,        0.45],[         430,        0.52],[         462,        0.59],[         604,         0.8],[         396,        0.55]],
[[         396,        0.46],[         366,        0.45],[         436,        0.56],[         606,         0.8],[         416,        0.58]],
[[         389,        0.45],[         379,        0.46],[         481,        0.62],[         592,        0.78],[         411,        0.57]],
[[         359,        0.42],[         351,        0.43],[         450,        0.58],[         521,        0.69],[         427,        0.59]],
[[         374,        0.44],[         353,        0.43],[         428,        0.55],[         519,        0.69],[         424,        0.59]],
[[         328,        0.38],[         378,        0.46],[         409,        0.52],[         452,         0.6],[         476,        0.66]],
[[         282,        0.33],[         311,        0.38],[         465,         0.6],[         447,        0.59],[         492,        0.69]],
[[         335,        0.39],[         330,         0.4],[         390,         0.5],[         439,        0.58],[         489,        0.68]],
[[         290,        0.34],[         310,        0.38],[         324,        0.41],[         401,        0.53],[         489,        0.68]],
[[         285,        0.33],[         271,        0.33],[         367,        0.47],[         350,        0.46],[         470,        0.65]],
[[         255,         0.3],[         245,         0.3],[         309,         0.4],[         348,        0.46],[         491,        0.68]],
[[         203,        0.24],[         266,        0.32],[         272,        0.35],[         331,        0.44],[         482,        0.67]],
[[         223,        0.26],[         233,        0.28],[         268,        0.34],[         354,        0.47],[         458,        0.64]],
[[         221,        0.26],[         200,        0.24],[         224,        0.29],[         319,        0.42],[         394,        0.55]],
[[         137,        0.16],[         205,        0.25],[         234,         0.3],[         297,        0.39],[         380,        0.53]],
[[         115,        0.13],[         173,        0.21],[         222,        0.28],[         277,        0.37],[         320,        0.45]],
[[         142,        0.17],[         140,        0.17],[         193,        0.25],[         301,         0.4],[         304,        0.42]],
[[         107,        0.12],[         147,        0.18],[         176,        0.23],[         240,        0.32],[         288,         0.4]],
[[         114,        0.13],[         130,        0.16],[         174,        0.22],[         187,        0.25],[         258,        0.36]],
[[          97,        0.11],[         129,        0.16],[         128,        0.16],[         209,        0.28],[         218,         0.3]],
[[          72,        0.08],[          83,         0.1],[         112,        0.14],[         168,        0.22],[         201,        0.28]],
[[          59,        0.07],[          68,        0.08],[         111,        0.14],[         136,        0.18],[         184,        0.26]],
[[          49,        0.06],[          78,         0.1],[          75,         0.1],[         123,        0.16],[         183,        0.25]],
[[          46,        0.05],[          64,        0.08],[          83,        0.11],[          95,        0.13],[         153,        0.21]],
[[          37,        0.04],[          36,        0.04],[          75,         0.1],[          90,        0.12],[         130,        0.18]],
[[          67,        0.08],[         105,        0.13],[         184,        0.24],[         290,        0.38],[         475,        0.66]]],
[[[         420,        0.49],[         388,        0.47],[         323,        0.41],[         337,        0.45],[         314,        0.44]],
[[         471,        0.55],[         395,        0.48],[         331,        0.42],[         343,        0.45],[         319,        0.44]],
[[         495,        0.58],[         414,         0.5],[         324,        0.41],[         347,        0.46],[         321,        0.45]],
[[         496,        0.58],[         407,         0.5],[         362,        0.46],[         347,        0.46],[         321,        0.45]],
[[         521,        0.61],[         403,        0.49],[         357,        0.46],[         356,        0.47],[         326,        0.45]],
[[         489,        0.57],[         391,        0.48],[         399,        0.51],[         360,        0.48],[         331,        0.46]],
[[         549,        0.64],[         376,        0.46],[         368,        0.47],[         356,        0.47],[         331,        0.46]],
[[         539,        0.63],[         412,         0.5],[         386,        0.49],[         356,        0.47],[         335,        0.47]],
[[         579,        0.67],[         417,        0.51],[         407,        0.52],[         364,        0.48],[         345,        0.48]],
[[         509,        0.59],[         457,        0.56],[         395,        0.51],[         368,        0.49],[         347,        0.48]],
[[         579,        0.67],[         400,        0.49],[         403,        0.52],[         369,        0.49],[         350,        0.49]],
[[         552,        0.64],[         473,        0.58],[         392,         0.5],[         359,        0.48],[         354,        0.49]],
[[         576,        0.67],[         501,        0.61],[         421,        0.54],[         350,        0.46],[         362,         0.5]],
[[         578,        0.67],[         489,         0.6],[         401,        0.51],[         389,        0.52],[         361,         0.5]],
[[         546,        0.64],[         521,        0.64],[         394,         0.5],[         385,        0.51],[         367,        0.51]],
[[         544,        0.63],[         498,        0.61],[         391,         0.5],[         419,        0.55],[         370,        0.52]],
[[         570,        0.66],[         558,        0.68],[         372,        0.48],[         384,        0.51],[         372,        0.52]],
[[         573,        0.67],[         519,        0.63],[         408,        0.52],[         407,        0.54],[         373,        0.52]],
[[         565,        0.66],[         510,        0.62],[         416,        0.53],[         413,        0.55],[         366,        0.51]],
[[         512,         0.6],[         470,        0.57],[         420,        0.54],[         384,        0.51],[         351,        0.49]],
[[         441,        0.51],[         526,        0.64],[         367,        0.47],[         401,        0.53],[         353,        0.49]],
[[         427,         0.5],[         496,         0.6],[         436,        0.56],[         378,         0.5],[         346,        0.48]],
[[         458,        0.53],[         524,        0.64],[         472,         0.6],[         404,        0.54],[         336,        0.47]],
[[         492,        0.57],[         512,        0.62],[         469,         0.6],[         390,        0.52],[         374,        0.52]],
[[         489,        0.57],[         477,        0.58],[         461,        0.59],[         378,         0.5],[         366,        0.51]],
[[         538,        0.63],[         479,        0.58],[         424,        0.54],[         356,        0.47],[         393,        0.55]],
[[         547,        0.64],[         459,        0.56],[         497,        0.64],[         350,        0.46],[         349,        0.49]],
[[         559,        0.65],[         485,        0.59],[         479,        0.61],[         377,         0.5],[         375,        0.52]],
[[         589,        0.69],[         495,         0.6],[         486,        0.62],[         388,        0.51],[         391,        0.54]],
[[         605,         0.7],[         448,        0.55],[         427,        0.55],[         409,        0.54],[         377,        0.52]],
[[         694,        0.81],[         406,         0.5],[         453,        0.58],[         364,        0.48],[         389,        0.54]],
[[         691,         0.8],[         415,        0.51],[         418,        0.53],[         416,        0.55],[         359,         0.5]],
[[         687,         0.8],[         425,        0.52],[         477,        0.61],[         439,        0.58],[         380,        0.53]],
[[         678,        0.79],[         490,         0.6],[         436,        0.56],[         439,        0.58],[         367,        0.51]],
[[         724,        0.84],[         470,        0.57],[         421,        0.54],[         457,        0.61],[         360,         0.5]],
[[         743,        0.87],[         531,        0.65],[         452,        0.58],[         431,        0.57],[         352,        0.49]],
[[         704,        0.82],[         540,        0.66],[         441,        0.56],[         493,        0.65],[         357,         0.5]],
[[         662,        0.77],[         611,        0.75],[         469,         0.6],[         492,        0.65],[         383,        0.53]],
[[         710,        0.83],[         591,        0.72],[         500,        0.64],[         476,        0.63],[         394,        0.55]],
[[         686,         0.8],[         646,        0.79],[         455,        0.58],[         448,        0.59],[         418,        0.58]],
[[         618,        0.72],[         696,        0.85],[         422,        0.54],[         475,        0.63],[         385,        0.54]],
[[         635,        0.74],[         681,        0.83],[         414,        0.53],[         440,        0.58],[         435,        0.61]],
[[         592,        0.69],[         687,        0.84],[         424,        0.54],[         486,        0.64],[         458,        0.64]],
[[         588,        0.68],[         673,        0.82],[         519,        0.66],[         460,        0.61],[         457,        0.64]],
[[         582,        0.68],[         709,        0.86],[         471,         0.6],[         445,        0.59],[         471,        0.66]],
[[         537,        0.63],[         730,        0.89],[         514,        0.66],[         465,        0.62],[         443,        0.62]],
[[         536,        0.62],[         699,        0.85],[         520,        0.67],[         453,         0.6],[         498,        0.69]],
[[         616,        0.72],[         673,        0.82],[         632,        0.81],[         468,        0.62],[         489,        0.68]],
[[         574,        0.67],[         694,        0.85],[         579,        0.74],[         500,        0.66],[         478,        0.67]],
[[         563,        0.66],[         698,        0.85],[         634,        0.81],[         455,         0.6],[         450,        0.63]],
[[         603,         0.7],[         608,        0.74],[         689,        0.88],[         422,        0.56],[         473,        0.66]],
[[         636,        0.74],[         640,        0.78],[         691,        0.88],[         412,        0.55],[         440,        0.61]],
[[         522,        0.61],[         575,         0.7],[         683,        0.87],[         424,        0.56],[         483,        0.67]],
[[         483,        0.56],[         562,        0.69],[         663,        0.85],[         504,        0.67],[         453,        0.63]],
[[         560,        0.65],[         561,        0.68],[         694,        0.89],[         467,        0.62],[         440,        0.61]],
[[         556,        0.65],[         538,        0.66],[         703,         0.9],[         515,        0.68],[         459,        0.64]],
[[         460,        0.54],[         520,        0.63],[         670,        0.86],[         521,        0.69],[         446,        0.62]],
[[         475,        0.55],[         571,         0.7],[         665,        0.85],[         613,        0.81],[         458,        0.64]],
[[         496,        0.58],[         538,        0.66],[         677,        0.87],[         574,        0.76],[         486,        0.68]],
[[         501,        0.58],[         548,        0.67],[         677,        0.87],[         618,        0.82],[         440,        0.61]],
[[         500,        0.58],[         579,        0.71],[         572,        0.73],[         667,        0.88],[         403,        0.56]],
[[         500,        0.58],[         596,        0.73],[         603,        0.77],[         652,        0.86],[         392,        0.55]],
[[         498,        0.58],[         484,        0.59],[         538,        0.69],[         649,        0.86],[         407,        0.57]],
[[         446,        0.52],[         449,        0.55],[         532,        0.68],[         638,        0.84],[         486,        0.68]],
[[         459,        0.53],[         498,        0.61],[         523,        0.67],[         655,        0.87],[         444,        0.62]],
[[         464,        0.54],[         493,         0.6],[         504,        0.64],[         662,        0.88],[         487,        0.68]],
[[         490,        0.57],[         420,        0.51],[         480,        0.61],[         623,        0.83],[         485,        0.68]],
[[         525,        0.61],[         431,        0.53],[         509,        0.65],[         601,         0.8],[         569,        0.79]],
[[         478,        0.56],[         436,        0.53],[         510,        0.65],[         616,        0.82],[         530,        0.74]],
[[         472,        0.55],[         433,        0.53],[         500,        0.64],[         610,        0.81],[         568,        0.79]],
[[         400,        0.47],[         431,        0.53],[         531,        0.68],[         507,        0.67],[         610,        0.85]],
[[         418,        0.49],[         428,        0.52],[         532,        0.68],[         534,        0.71],[         587,        0.82]],
[[         444,        0.52],[         432,        0.53],[         408,        0.52],[         465,        0.62],[         574,         0.8]],
[[         388,        0.45],[         360,        0.44],[         387,         0.5],[         451,         0.6],[         557,        0.78]],
[[         371,        0.43],[         368,        0.45],[         414,        0.53],[         439,        0.58],[         565,        0.79]],
[[         410,        0.48],[         378,        0.46],[         421,        0.54],[         422,        0.56],[         563,        0.78]],
[[         374,        0.44],[         393,        0.48],[         335,        0.43],[         394,        0.52],[         529,        0.74]],
[[         380,        0.44],[         396,        0.48],[         340,        0.44],[         412,        0.55],[         501,         0.7]],
[[         388,        0.45],[         359,        0.44],[         318,        0.41],[         401,        0.53],[         508,        0.71]],
[[         281,        0.33],[         343,        0.42],[         330,        0.42],[         385,        0.51],[         490,        0.68]],
[[         251,        0.29],[         258,        0.31],[         315,         0.4],[         394,        0.52],[         397,        0.55]],
[[         248,        0.29],[         272,        0.33],[         322,        0.41],[         390,        0.52],[         410,        0.57]],
[[         233,        0.27],[         271,        0.33],[         284,        0.36],[         290,        0.38],[         345,        0.48]],
[[         236,        0.27],[         217,        0.26],[         227,        0.29],[         260,        0.34],[         327,        0.46]],
[[         245,        0.29],[         196,        0.24],[         226,        0.29],[         281,        0.37],[         309,        0.43]],
[[         185,        0.22],[         221,        0.27],[         221,        0.28],[         263,        0.35],[         284,         0.4]],
[[         174,         0.2],[         185,        0.23],[         237,         0.3],[         196,        0.26],[         248,        0.35]],
[[         154,        0.18],[         208,        0.25],[         191,        0.24],[         186,        0.25],[         241,        0.34]],
[[         145,        0.17],[         170,        0.21],[         145,        0.19],[         161,        0.21],[         222,        0.31]],
[[         101,        0.12],[         106,        0.13],[         127,        0.16],[         154,         0.2],[         197,        0.27]],
[[         337,        0.39],[         398,        0.49],[         516,        0.66],[         667,        0.88],[         920,        1.28]]]]}}
