{
"ons":{
"label":"Population Projections for England and Wales, by local authority",
"source":"Office for National Statistics",
"updated":"2014-10-01",
"area": {
"code":"K04000001",
"label":"England and Wales"
},
"time": {
"label":"1998-2038",
"index":["1998",  "2008",  "2018",  "2028",  "2038"]
},
"concept":{
"label":["population", "% of population"],
"units":["count", "%"],
"max":[          32,         1.54]
},
"sums":{
"series1":[         964,         1184,         1120,         1149,         1159],
"series2":[         978,         1149,         1122,         1061,         1027]
},
"dimension":{
"label":"age",
"index":["0", "1", "2", "3", "4", "5", "6", "7", "8", "9", "10", "11", "12", "13", "14", "15", "16", "17", "18", "19", "20", "21", "22", "23", "24", "25", "26", "27", "28", "29", "30", "31", "32", "33", "34", "35", "36", "37", "38", "39", "40", "41", "42", "43", "44", "45", "46", "47", "48", "49", "50", "51", "52", "53", "54", "55", "56", "57", "58", "59", "60", "61", "62", "63", "64", "65", "66", "67", "68", "69", "70", "71", "72", "73", "74", "75", "76", "77", "78", "79", "80", "81", "82", "83", "84", "85", "86", "87", "88", "89", "90+"]
},
"series":["male", "female"],
"value":[[[[           9,        0.46],[          17,        0.73],[           6,        0.27],[           8,        0.36],[           8,        0.37]],
[[          10,        0.51],[          15,        0.64],[          10,        0.45],[           8,        0.36],[           9,        0.41]],
[[          10,        0.51],[          12,        0.51],[           3,        0.13],[           9,        0.41],[           9,        0.41]],
[[          11,        0.57],[           8,        0.34],[           9,         0.4],[          10,        0.45],[          10,        0.46]],
[[          11,        0.57],[          14,         0.6],[          12,        0.54],[          11,         0.5],[          11,         0.5]],
[[          10,        0.51],[          12,        0.51],[          17,        0.76],[          11,         0.5],[          11,         0.5]],
[[          10,        0.51],[           9,        0.39],[          14,        0.62],[          12,        0.54],[          11,         0.5]],
[[          10,        0.51],[          10,        0.43],[          12,        0.54],[          10,        0.45],[          10,        0.46]],
[[          10,        0.51],[          11,        0.47],[          14,        0.62],[          11,         0.5],[          10,        0.46]],
[[          11,        0.57],[          10,        0.43],[          12,        0.54],[          12,        0.54],[          11,         0.5]],
[[          11,        0.57],[          10,        0.43],[          14,        0.62],[          11,         0.5],[          10,        0.46]],
[[          12,        0.62],[           8,        0.34],[          15,        0.67],[          11,         0.5],[          10,        0.46]],
[[          11,        0.57],[          13,        0.56],[          12,        0.54],[           7,        0.32],[          10,        0.46]],
[[          11,        0.57],[           5,        0.21],[           9,         0.4],[          11,         0.5],[          10,        0.46]],
[[          10,        0.51],[           8,        0.34],[          11,        0.49],[          13,        0.59],[          11,         0.5]],
[[          10,        0.51],[          10,        0.43],[           9,         0.4],[          13,        0.59],[          11,         0.5]],
[[          10,        0.51],[          12,        0.51],[           9,         0.4],[          14,        0.63],[          12,        0.55]],
[[          10,        0.51],[           1,        0.04],[          10,        0.45],[           3,        0.14],[           3,        0.14]],
[[           9,        0.46],[          11,        0.47],[           4,        0.18],[           3,        0.14],[           3,        0.14]],
[[           8,        0.41],[           6,        0.26],[           8,        0.36],[           4,        0.18],[           4,        0.18]],
[[           8,        0.41],[           4,        0.17],[           2,        0.09],[           8,        0.36],[           8,        0.37]],
[[           7,        0.36],[          16,        0.69],[           9,         0.4],[           9,        0.41],[           9,        0.41]],
[[           7,        0.36],[          20,        0.86],[          26,        1.16],[          11,         0.5],[          12,        0.55]],
[[           7,        0.36],[          11,        0.47],[           5,        0.22],[          13,        0.59],[          14,        0.64]],
[[           7,        0.36],[          23,        0.99],[           7,        0.31],[          16,        0.72],[          19,        0.87]],
[[           7,        0.36],[          15,        0.64],[          17,        0.76],[          15,        0.68],[          18,        0.82]],
[[           7,        0.36],[          23,        0.99],[          22,        0.98],[          16,        0.72],[          20,        0.91]],
[[           8,        0.41],[          14,         0.6],[           4,        0.18],[          16,        0.72],[          19,        0.87]],
[[           8,        0.41],[          13,        0.56],[          11,        0.49],[          16,        0.72],[          18,        0.82]],
[[           9,        0.46],[          21,         0.9],[          16,        0.71],[          11,         0.5],[          12,        0.55]],
[[          10,        0.51],[          19,        0.81],[          23,        1.03],[          11,         0.5],[          12,        0.55]],
[[          11,        0.57],[          11,        0.47],[          11,        0.49],[          10,        0.45],[          10,        0.46]],
[[          10,        0.51],[          20,        0.86],[          12,        0.54],[          10,        0.45],[          10,        0.46]],
[[          11,        0.57],[          16,        0.69],[           2,        0.09],[           7,        0.32],[           7,        0.32]],
[[          11,        0.57],[           7,         0.3],[           9,         0.4],[           7,        0.32],[           7,        0.32]],
[[          12,        0.62],[          11,        0.47],[          21,        0.94],[           8,        0.36],[           7,        0.32]],
[[          12,        0.62],[          19,        0.81],[          17,        0.76],[          10,        0.45],[           8,        0.37]],
[[          13,        0.67],[          12,        0.51],[           5,        0.22],[          10,        0.45],[           9,        0.41]],
[[          14,        0.72],[          21,         0.9],[           8,        0.36],[          11,         0.5],[          10,        0.46]],
[[          14,        0.72],[          16,        0.69],[          17,        0.76],[          12,        0.54],[          12,        0.55]],
[[          14,        0.72],[          20,        0.86],[          13,        0.58],[          13,        0.59],[          12,        0.55]],
[[          14,        0.72],[          13,        0.56],[           9,         0.4],[          11,         0.5],[          11,         0.5]],
[[          14,        0.72],[          18,        0.77],[          20,        0.89],[          11,         0.5],[          11,         0.5]],
[[          15,        0.77],[          20,        0.86],[          11,        0.49],[          10,        0.45],[          11,         0.5]],
[[          15,        0.77],[          23,        0.99],[          10,        0.45],[          12,        0.54],[          11,         0.5]],
[[          16,        0.82],[          21,         0.9],[           7,        0.31],[          15,        0.68],[          11,         0.5]],
[[          16,        0.82],[          14,         0.6],[          20,        0.89],[          16,        0.72],[          11,         0.5]],
[[          17,        0.88],[          11,        0.47],[           2,        0.09],[          13,        0.59],[          12,        0.55]],
[[          17,        0.88],[          14,         0.6],[          11,        0.49],[          11,         0.5],[          12,        0.55]],
[[          18,        0.93],[          14,         0.6],[          13,        0.58],[          17,        0.77],[          12,        0.55]],
[[          18,        0.93],[          20,        0.86],[          22,        0.98],[          10,        0.45],[          12,        0.55]],
[[          18,        0.93],[          17,        0.73],[          14,        0.62],[          11,         0.5],[          12,        0.55]],
[[          17,        0.88],[          13,        0.56],[          27,         1.2],[          17,        0.77],[          12,        0.55]],
[[          18,        0.93],[          16,        0.69],[          18,         0.8],[          17,        0.77],[          12,        0.55]],
[[          18,        0.93],[          13,        0.56],[          22,        0.98],[          15,        0.68],[          14,        0.64]],
[[          17,        0.88],[          17,        0.73],[          21,        0.94],[          13,        0.59],[          17,        0.78]],
[[          16,        0.82],[          22,        0.94],[          16,        0.71],[          22,           1],[          19,        0.87]],
[[          14,        0.72],[          19,        0.81],[          14,        0.62],[          12,        0.54],[          16,        0.73]],
[[          13,        0.67],[          20,        0.86],[          16,        0.71],[          18,        0.81],[          15,        0.69]],
[[          13,        0.67],[          17,        0.73],[          15,        0.67],[          16,        0.72],[          21,        0.96]],
[[          12,        0.62],[          19,        0.81],[          13,        0.58],[          24,        1.09],[          16,        0.73]],
[[          11,        0.57],[          22,        0.94],[          24,        1.07],[          18,        0.81],[          15,        0.69]],
[[          11,        0.57],[          21,         0.9],[          14,        0.62],[          32,        1.45],[          21,        0.96]],
[[          12,        0.62],[          18,        0.77],[          19,        0.85],[          30,        1.36],[          21,        0.96]],
[[          11,        0.57],[          22,        0.94],[          15,        0.67],[          25,        1.13],[          19,        0.87]],
[[          11,        0.57],[          14,         0.6],[          16,        0.71],[          23,        1.04],[          18,        0.82]],
[[          12,        0.62],[          16,        0.69],[          12,        0.54],[          19,        0.86],[          25,        1.14]],
[[          13,        0.67],[          11,        0.47],[          17,        0.76],[          19,        0.86],[          16,        0.73]],
[[          12,        0.62],[          16,        0.69],[          16,        0.71],[          18,        0.81],[          19,        0.87]],
[[          12,        0.62],[           9,        0.39],[          16,        0.71],[          17,        0.77],[          17,        0.78]],
[[          12,        0.62],[          10,        0.43],[          14,        0.62],[          18,        0.81],[          21,        0.96]],
[[          11,        0.57],[           7,         0.3],[          15,        0.67],[          23,        1.04],[          18,        0.82]],
[[          11,        0.57],[          11,        0.47],[          17,        0.76],[          14,        0.63],[          27,        1.24]],
[[          11,        0.57],[          12,        0.51],[          13,        0.58],[          16,        0.72],[          25,        1.14]],
[[          10,        0.51],[           9,        0.39],[          24,        1.07],[          11,         0.5],[          18,        0.82]],
[[           9,        0.46],[           8,        0.34],[          11,        0.49],[          13,        0.59],[          16,        0.73]],
[[           8,        0.41],[           8,        0.34],[           8,        0.36],[          12,        0.54],[          14,        0.64]],
[[           7,        0.36],[           7,         0.3],[           6,        0.27],[          11,         0.5],[          13,        0.59]],
[[           6,        0.31],[          10,        0.43],[          16,        0.71],[          11,         0.5],[          12,        0.55]],
[[           7,        0.36],[          10,        0.43],[           7,        0.31],[           9,        0.41],[          11,         0.5]],
[[           7,        0.36],[           6,        0.26],[          10,        0.45],[           9,        0.41],[          11,         0.5]],
[[           6,        0.31],[          14,         0.6],[           6,        0.27],[           8,        0.36],[          13,        0.59]],
[[           6,        0.31],[          11,        0.47],[           8,        0.36],[           9,        0.41],[           8,        0.37]],
[[           6,        0.31],[           4,        0.17],[           3,        0.13],[           7,        0.32],[           9,        0.41]],
[[           5,        0.26],[           5,        0.21],[           4,        0.18],[          11,         0.5],[           7,        0.32]],
[[          10,        0.51],[           4,        0.17],[           5,        0.22],[           6,        0.27],[           8,        0.37]],
[[           .,           .],[           2,        0.09],[           2,        0.09],[           6,        0.27],[           7,        0.32]],
[[           .,           .],[           6,        0.26],[           6,        0.27],[           3,        0.14],[           6,        0.27]],
[[           .,           .],[           5,        0.21],[           4,        0.18],[           7,        0.32],[           6,        0.27]],
[[           .,           .],[           6,        0.26],[           3,        0.13],[           3,        0.14],[           5,        0.23]],
[[           .,           .],[           5,        0.21],[          21,        0.94],[          16,        0.72],[          24,         1.1]]],
[[[          12,        0.62],[          11,        0.47],[           8,        0.36],[           9,        0.41],[           9,        0.41]],
[[          12,        0.62],[          15,        0.64],[           6,        0.27],[          10,        0.45],[          10,        0.46]],
[[          12,        0.62],[           8,        0.34],[          12,        0.54],[          10,        0.45],[          10,        0.46]],
[[          13,        0.67],[           9,        0.39],[          23,        1.03],[          11,         0.5],[          10,        0.46]],
[[          13,        0.67],[          10,        0.43],[          12,        0.54],[          11,         0.5],[          11,         0.5]],
[[          12,        0.62],[           5,        0.21],[           9,         0.4],[          11,         0.5],[          11,         0.5]],
[[          12,        0.62],[           9,        0.39],[           3,        0.13],[          11,         0.5],[          11,         0.5]],
[[          13,        0.67],[          12,        0.51],[          14,        0.62],[          12,        0.54],[          11,         0.5]],
[[          13,        0.67],[          15,        0.64],[          16,        0.71],[          11,         0.5],[          10,        0.46]],
[[          12,        0.62],[          17,        0.73],[          12,        0.54],[          12,        0.54],[          11,         0.5]],
[[          12,        0.62],[          13,        0.56],[          13,        0.58],[          12,        0.54],[          11,         0.5]],
[[          10,        0.51],[          19,        0.81],[           9,         0.4],[          12,        0.54],[          10,        0.46]],
[[          10,        0.51],[          10,        0.43],[           2,        0.09],[           9,        0.41],[          10,        0.46]],
[[           9,        0.46],[          12,        0.51],[          15,        0.67],[          16,        0.72],[           9,        0.41]],
[[           8,        0.41],[           7,         0.3],[           8,        0.36],[           8,        0.36],[           8,        0.37]],
[[           7,        0.36],[           9,        0.39],[           1,        0.04],[           7,        0.32],[           7,        0.32]],
[[           6,        0.31],[          12,        0.51],[           2,        0.09],[           4,        0.18],[           6,        0.27]],
[[           6,        0.31],[           9,        0.39],[           5,        0.22],[           3,        0.14],[           3,        0.14]],
[[           5,        0.26],[           8,        0.34],[           6,        0.27],[           6,        0.27],[           5,        0.23]],
[[           5,        0.26],[           5,        0.21],[          10,        0.45],[           6,        0.27],[           6,        0.27]],
[[           5,        0.26],[           5,        0.21],[           4,        0.18],[           9,        0.41],[           9,        0.41]],
[[           5,        0.26],[          14,         0.6],[          12,        0.54],[          13,        0.59],[          14,        0.64]],
[[           6,        0.31],[          18,        0.77],[          22,        0.98],[          14,        0.63],[          15,        0.69]],
[[           7,        0.36],[           9,        0.39],[           6,        0.27],[          17,        0.77],[          19,        0.87]],
[[           7,        0.36],[           7,         0.3],[           5,        0.22],[          16,        0.72],[          18,        0.82]],
[[           8,        0.41],[          14,         0.6],[          15,        0.67],[          10,        0.45],[          13,        0.59]],
[[           9,        0.46],[          21,         0.9],[          23,        1.03],[          10,        0.45],[          12,        0.55]],
[[           9,        0.46],[          15,        0.64],[          11,        0.49],[           7,        0.32],[           8,        0.37]],
[[          10,        0.51],[          16,        0.69],[          14,        0.62],[           7,        0.32],[           9,        0.41]],
[[          11,        0.57],[          10,        0.43],[           4,        0.18],[           6,        0.27],[           7,        0.32]],
[[          12,        0.62],[          17,        0.73],[          17,        0.76],[           8,        0.36],[           9,        0.41]],
[[          12,        0.62],[          15,        0.64],[          12,        0.54],[           7,        0.32],[           7,        0.32]],
[[          14,        0.72],[           9,        0.39],[          26,        1.16],[           9,        0.41],[           9,        0.41]],
[[          15,        0.77],[          15,        0.64],[           4,        0.18],[           8,        0.36],[           8,        0.37]],
[[          15,        0.77],[          18,        0.77],[          19,        0.85],[          10,        0.45],[           9,        0.41]],
[[          16,        0.82],[          22,        0.94],[           9,         0.4],[          11,         0.5],[           9,        0.41]],
[[          16,        0.82],[          14,         0.6],[          17,        0.76],[          12,        0.54],[          10,        0.46]],
[[          16,        0.82],[          19,        0.81],[          12,        0.54],[          13,        0.59],[          11,         0.5]],
[[          16,        0.82],[          30,        1.29],[          25,        1.12],[          13,        0.59],[          12,        0.55]],
[[          17,        0.88],[          16,        0.69],[          14,        0.62],[          13,        0.59],[          12,        0.55]],
[[          17,        0.88],[          15,        0.64],[          14,        0.62],[          13,        0.59],[          11,         0.5]],
[[          16,        0.82],[          17,        0.73],[          10,        0.45],[          14,        0.63],[          13,        0.59]],
[[          16,        0.82],[           7,         0.3],[          13,        0.58],[          17,        0.77],[          13,        0.59]],
[[          15,        0.77],[          17,        0.73],[          11,        0.49],[          11,         0.5],[          13,        0.59]],
[[          14,        0.72],[          19,        0.81],[          15,        0.67],[          17,        0.77],[          13,        0.59]],
[[          15,        0.77],[          11,        0.47],[          18,         0.8],[          14,        0.63],[          13,        0.59]],
[[          17,        0.88],[          19,        0.81],[          18,         0.8],[          16,        0.72],[          12,        0.55]],
[[          18,        0.93],[          18,        0.77],[          20,        0.89],[          15,        0.68],[          11,         0.5]],
[[          18,        0.93],[          19,        0.81],[          20,        0.89],[          18,        0.81],[          12,        0.55]],
[[          18,        0.93],[          16,        0.69],[          15,        0.67],[          13,        0.59],[          11,         0.5]],
[[          17,        0.88],[          13,        0.56],[          17,        0.76],[          10,        0.45],[          11,         0.5]],
[[          17,        0.88],[          14,         0.6],[          10,        0.45],[          10,        0.45],[          11,         0.5]],
[[          17,        0.88],[          11,        0.47],[          10,        0.45],[           8,        0.36],[          12,        0.55]],
[[          16,        0.82],[          11,        0.47],[          16,        0.71],[           9,        0.41],[           9,        0.41]],
[[          16,        0.82],[          18,        0.77],[          19,        0.85],[          12,        0.54],[          12,        0.55]],
[[          15,        0.77],[          20,        0.86],[          14,        0.62],[          11,         0.5],[          11,         0.5]],
[[          13,        0.67],[          10,        0.43],[          11,        0.49],[          13,        0.59],[          13,        0.59]],
[[          12,        0.62],[          15,        0.64],[          19,        0.85],[          15,        0.68],[          13,        0.59]],
[[          10,        0.51],[          11,        0.47],[          10,        0.45],[          18,        0.81],[          15,        0.69]],
[[          10,        0.51],[          17,        0.73],[          22,        0.98],[          12,        0.54],[          11,         0.5]],
[[           9,        0.46],[          20,        0.86],[          15,        0.67],[          16,        0.72],[          10,        0.46]],
[[           9,        0.46],[          24,        1.03],[          14,        0.62],[          12,        0.54],[          11,         0.5]],
[[          10,        0.51],[          22,        0.94],[          11,        0.49],[          12,        0.54],[           9,        0.41]],
[[          10,        0.51],[          20,        0.86],[          15,        0.67],[          16,        0.72],[          11,         0.5]],
[[          10,        0.51],[          12,        0.51],[          12,        0.54],[          20,         0.9],[          13,        0.59]],
[[          10,        0.51],[          10,        0.43],[          16,        0.71],[          13,        0.59],[          13,        0.59]],
[[          11,        0.57],[          15,        0.64],[           9,         0.4],[          13,        0.59],[          14,        0.64]],
[[          11,        0.57],[          14,         0.6],[          22,        0.98],[          22,           1],[          16,        0.73]],
[[          10,        0.51],[          10,        0.43],[           9,         0.4],[          12,        0.54],[          18,        0.82]],
[[          10,        0.51],[          12,        0.51],[          13,        0.58],[          21,        0.95],[          14,        0.64]],
[[          10,        0.51],[           6,        0.26],[          17,        0.76],[          15,        0.68],[          17,        0.78]],
[[          11,        0.57],[          13,        0.56],[          18,         0.8],[          14,        0.63],[          13,        0.59]],
[[          10,        0.51],[          10,        0.43],[          19,        0.85],[          13,        0.59],[          14,        0.64]],
[[          10,        0.51],[           9,        0.39],[          19,        0.85],[          17,        0.77],[          17,        0.78]],
[[           9,        0.46],[          10,        0.43],[          14,        0.62],[          15,        0.68],[          20,        0.91]],
[[           8,        0.41],[           6,        0.26],[          11,        0.49],[          13,        0.59],[          11,         0.5]],
[[           8,        0.41],[          10,        0.43],[          14,        0.62],[           8,        0.36],[          11,         0.5]],
[[           7,        0.36],[          14,         0.6],[           9,         0.4],[          16,        0.72],[          17,        0.78]],
[[           7,        0.36],[           5,        0.21],[           7,        0.31],[           8,        0.36],[          10,        0.46]],
[[           6,        0.31],[           8,        0.34],[          16,        0.71],[          10,        0.45],[          15,        0.69]],
[[           6,        0.31],[          16,        0.69],[           1,        0.04],[          10,        0.45],[          11,         0.5]],
[[           6,        0.31],[          10,        0.43],[          12,        0.54],[          13,        0.59],[          10,        0.46]],
[[           6,        0.31],[           6,        0.26],[           8,        0.36],[          15,        0.68],[           9,        0.41]],
[[           5,        0.26],[           4,        0.17],[           8,        0.36],[          14,        0.63],[          11,         0.5]],
[[           4,        0.21],[           5,        0.21],[           8,        0.36],[           9,        0.41],[          10,        0.46]],
[[          30,        1.54],[           6,        0.26],[           2,        0.09],[           6,        0.27],[          10,        0.46]],
[[           .,           .],[           6,        0.26],[           5,        0.22],[           7,        0.32],[           6,        0.27]],
[[           .,           .],[           2,        0.09],[          12,        0.54],[           8,        0.36],[          10,        0.46]],
[[           .,           .],[           5,        0.21],[           0,           0],[           4,        0.18],[           5,        0.23]],
[[           .,           .],[           4,        0.17],[           4,        0.18],[           6,        0.27],[           5,        0.23]],
[[           .,           .],[          18,        0.77],[          23,        1.03],[          14,        0.63],[          24,         1.1]]]]}}
