{
"ons":{
"label":"Population Projections for England and Wales, by local authority",
"source":"Office for National Statistics",
"updated":"2014-10-01",
"area": {
"code":"K04000001",
"label":"England and Wales"
},
"time": {
"label":"1998-2038",
"index":["1998",  "2008",  "2018",  "2028",  "2038"]
},
"concept":{
"label":["population", "% of population"],
"units":["count", "%"],
"max":[        1225,         1.06]
},
"sums":{
"series1":[       48399,        50625,        53593,        56244,        58114],
"series2":[       50486,        52644,        55248,        57950,        59932]
},
"dimension":{
"label":"age",
"index":["0", "1", "2", "3", "4", "5", "6", "7", "8", "9", "10", "11", "12", "13", "14", "15", "16", "17", "18", "19", "20", "21", "22", "23", "24", "25", "26", "27", "28", "29", "30", "31", "32", "33", "34", "35", "36", "37", "38", "39", "40", "41", "42", "43", "44", "45", "46", "47", "48", "49", "50", "51", "52", "53", "54", "55", "56", "57", "58", "59", "60", "61", "62", "63", "64", "65", "66", "67", "68", "69", "70", "71", "72", "73", "74", "75", "76", "77", "78", "79", "80", "81", "82", "83", "84", "85", "86", "87", "88", "89", "90+"]
},
"series":["male", "female"],
"value":[[[[         581,        0.59],[         700,        0.68],[         611,        0.56],[         631,        0.55],[         649,        0.55]],
[[         581,        0.59],[         626,        0.61],[         659,        0.61],[         634,        0.56],[         646,        0.55]],
[[         607,        0.61],[         601,        0.58],[         644,        0.59],[         640,        0.56],[         646,        0.55]],
[[         605,        0.61],[         560,        0.54],[         697,        0.64],[         648,        0.57],[         647,        0.55]],
[[         655,        0.66],[         607,        0.59],[         715,        0.66],[         654,        0.57],[         649,        0.55]],
[[         643,        0.65],[         570,        0.55],[         671,        0.62],[         657,        0.58],[         649,        0.55]],
[[         727,        0.74],[         536,        0.52],[         751,        0.69],[         656,        0.57],[         646,        0.55]],
[[         725,        0.73],[         542,        0.52],[         613,        0.56],[         657,        0.58],[         646,        0.55]],
[[         711,        0.72],[         577,        0.56],[         652,         0.6],[         665,        0.58],[         650,        0.55]],
[[         695,         0.7],[         566,        0.55],[         704,        0.65],[         662,        0.58],[         646,        0.55]],
[[         711,        0.72],[         607,        0.59],[         676,        0.62],[         658,        0.58],[         644,        0.55]],
[[         699,        0.71],[         598,        0.58],[         631,        0.58],[         649,        0.57],[         643,        0.54]],
[[         693,         0.7],[         643,        0.62],[         612,        0.56],[         637,        0.56],[         644,        0.55]],
[[         732,        0.74],[         639,        0.62],[         554,        0.51],[         666,        0.58],[         645,        0.55]],
[[         666,        0.67],[         702,        0.68],[         597,        0.55],[         699,        0.61],[         648,        0.55]],
[[         644,        0.65],[         700,        0.68],[         562,        0.52],[         675,        0.59],[         650,        0.55]],
[[         668,        0.68],[         708,        0.69],[         543,         0.5],[         737,        0.65],[         652,        0.55]],
[[         719,        0.73],[         755,        0.73],[         557,        0.51],[         625,        0.55],[         651,        0.55]],
[[         665,        0.67],[         719,         0.7],[         584,        0.54],[         651,        0.57],[         646,        0.55]],
[[         459,        0.46],[         683,        0.66],[         541,         0.5],[         592,        0.52],[         573,        0.49]],
[[         419,        0.42],[         635,        0.61],[         487,        0.45],[         549,        0.48],[         547,        0.46]],
[[         388,        0.39],[         622,         0.6],[         473,        0.43],[         526,        0.46],[         549,        0.47]],
[[         469,        0.47],[         643,        0.62],[         622,        0.57],[         554,        0.49],[         587,         0.5]],
[[         506,        0.51],[         703,        0.68],[         606,        0.56],[         560,        0.49],[         641,        0.54]],
[[         559,        0.57],[         647,        0.63],[         711,        0.65],[         587,        0.51],[         668,        0.57]],
[[         655,        0.66],[         658,        0.64],[         685,        0.63],[         565,        0.49],[         673,        0.57]],
[[         690,         0.7],[         645,        0.62],[         702,        0.64],[         563,        0.49],[         719,        0.61]],
[[         710,        0.72],[         659,        0.64],[         756,        0.69],[         592,        0.52],[         683,        0.58]],
[[         693,         0.7],[         657,        0.64],[         753,        0.69],[         631,        0.55],[         704,         0.6]],
[[         759,        0.77],[         621,         0.6],[         655,         0.6],[         668,        0.58],[         715,        0.61]],
[[         741,        0.75],[         568,        0.55],[         730,        0.67],[         676,        0.59],[         718,        0.61]],
[[         787,         0.8],[         534,        0.52],[         751,        0.69],[         685,         0.6],[         700,        0.59]],
[[         796,         0.8],[         557,        0.54],[         716,        0.66],[         727,        0.64],[         694,        0.59]],
[[         790,         0.8],[         597,        0.58],[         788,        0.72],[         726,        0.64],[         675,        0.57]],
[[         793,         0.8],[         587,        0.57],[         658,         0.6],[         784,        0.69],[         683,        0.58]],
[[         785,        0.79],[         654,        0.63],[         705,        0.65],[         773,        0.68],[         659,        0.56]],
[[         751,        0.76],[         784,        0.76],[         685,        0.63],[         784,        0.69],[         644,        0.55]],
[[         756,        0.76],[         694,        0.67],[         711,        0.65],[         808,        0.71],[         664,        0.56]],
[[         681,        0.69],[         733,        0.71],[         691,        0.63],[         782,        0.68],[         688,        0.58]],
[[         777,        0.79],[         727,         0.7],[         684,        0.63],[         723,        0.63],[         699,        0.59]],
[[         711,        0.72],[         736,        0.71],[         577,        0.53],[         746,        0.65],[         708,         0.6]],
[[         692,         0.7],[         828,         0.8],[         556,        0.51],[         754,        0.66],[         720,        0.61]],
[[         647,        0.65],[         842,        0.82],[         589,        0.54],[         720,        0.63],[         745,        0.63]],
[[         656,        0.66],[         821,         0.8],[         625,        0.57],[         757,        0.66],[         738,        0.63]],
[[         636,        0.64],[         795,        0.77],[         590,        0.54],[         692,        0.61],[         780,        0.66]],
[[         629,        0.64],[         776,        0.75],[         721,        0.66],[         692,        0.61],[         773,        0.65]],
[[         618,        0.62],[         799,        0.77],[         840,        0.77],[         695,        0.61],[         783,        0.66]],
[[         700,        0.71],[         749,        0.73],[         690,        0.63],[         703,        0.62],[         798,        0.68]],
[[         681,        0.69],[         712,        0.69],[         772,        0.71],[         694,        0.61],[         774,        0.66]],
[[         699,        0.71],[         759,        0.73],[         776,        0.71],[         664,        0.58],[         736,        0.62]],
[[         719,        0.73],[         732,        0.71],[         730,        0.67],[         600,        0.53],[         739,        0.63]],
[[         699,        0.71],[         698,        0.68],[         855,        0.79],[         582,        0.51],[         737,        0.62]],
[[         625,        0.63],[         676,        0.65],[         832,        0.76],[         614,        0.54],[         720,        0.61]],
[[         672,        0.68],[         639,        0.62],[         799,        0.73],[         618,        0.54],[         747,        0.63]],
[[         635,        0.64],[         636,        0.62],[         762,         0.7],[         627,        0.55],[         703,         0.6]],
[[         567,        0.57],[         653,        0.63],[         787,        0.72],[         715,        0.63],[         696,        0.59]],
[[         503,        0.51],[         612,        0.59],[         795,        0.73],[         810,        0.71],[         699,        0.59]],
[[         485,        0.49],[         704,        0.68],[         803,        0.74],[         690,         0.6],[         703,         0.6]],
[[         532,        0.54],[         656,        0.64],[         714,        0.66],[         774,        0.68],[         700,        0.59]],
[[         481,        0.49],[         657,        0.64],[         741,        0.68],[         764,        0.67],[         665,        0.56]],
[[         545,        0.55],[         699,        0.68],[         718,        0.66],[         740,        0.65],[         608,        0.52]],
[[         513,        0.52],[         674,        0.65],[         685,        0.63],[         827,        0.72],[         591,         0.5]],
[[         487,        0.49],[         592,        0.57],[         639,        0.59],[         804,         0.7],[         613,        0.52]],
[[         460,        0.47],[         581,        0.56],[         620,        0.57],[         779,        0.68],[         610,        0.52]],
[[         414,        0.42],[         596,        0.58],[         628,        0.58],[         752,        0.66],[         615,        0.52]],
[[         406,        0.41],[         553,        0.54],[         623,        0.57],[         774,        0.68],[         695,        0.59]],
[[         452,        0.46],[         441,        0.43],[         572,        0.53],[         754,        0.66],[         773,        0.65]],
[[         417,        0.42],[         450,        0.44],[         636,        0.58],[         733,        0.64],[         680,        0.58]],
[[         403,        0.41],[         442,        0.43],[         603,        0.55],[         662,        0.58],[         731,        0.62]],
[[         397,         0.4],[         434,        0.42],[         603,        0.55],[         676,        0.59],[         721,        0.61]],
[[         414,        0.42],[         450,        0.44],[         618,        0.57],[         643,        0.56],[         689,        0.58]],
[[         429,        0.43],[         416,         0.4],[         594,        0.55],[         614,        0.54],[         750,        0.64]],
[[         410,        0.41],[         404,        0.39],[         519,        0.48],[         565,        0.49],[         721,        0.61]],
[[         403,        0.41],[         377,        0.37],[         483,        0.44],[         537,        0.47],[         696,        0.59]],
[[         387,        0.39],[         322,        0.31],[         489,        0.45],[         536,        0.47],[         659,        0.56]],
[[         339,        0.34],[         313,         0.3],[         458,        0.42],[         520,        0.46],[         659,        0.56]],
[[         324,        0.33],[         305,         0.3],[         348,        0.32],[         471,        0.41],[         628,        0.53]],
[[         299,         0.3],[         294,        0.28],[         321,        0.29],[         507,        0.44],[         605,        0.51]],
[[         295,         0.3],[         250,        0.24],[         294,        0.27],[         465,        0.41],[         536,        0.45]],
[[         194,         0.2],[         241,        0.23],[         306,        0.28],[         458,         0.4],[         535,        0.45]],
[[         172,        0.17],[         239,        0.23],[         308,        0.28],[         467,        0.41],[         504,        0.43]],
[[         148,        0.15],[         232,        0.22],[         247,        0.23],[         431,        0.38],[         462,        0.39]],
[[         120,        0.12],[         206,         0.2],[         276,        0.25],[         355,        0.31],[         411,        0.35]],
[[         132,        0.13],[         188,        0.18],[         227,        0.21],[         330,        0.29],[         381,        0.32]],
[[         125,        0.13],[         184,        0.18],[         177,        0.16],[         308,        0.27],[         359,         0.3]],
[[         436,        0.44],[         151,        0.15],[         166,        0.15],[         270,        0.24],[         332,        0.28]],
[[           .,           .],[         122,        0.12],[         135,        0.12],[         192,        0.17],[         281,        0.24]],
[[           .,           .],[         110,        0.11],[         158,        0.15],[         161,        0.14],[         271,        0.23]],
[[           .,           .],[          77,        0.07],[          97,        0.09],[         141,        0.12],[         236,         0.2]],
[[           .,           .],[          71,        0.07],[          82,        0.08],[         122,        0.11],[         203,        0.17]],
[[           .,           .],[         167,        0.16],[         266,        0.24],[         383,        0.34],[         716,        0.61]]],
[[[         549,        0.56],[         629,        0.61],[         598,        0.55],[         605,        0.53],[         622,        0.53]],
[[         579,        0.59],[         608,        0.59],[         682,        0.63],[         605,        0.53],[         616,        0.52]],
[[         550,        0.56],[         625,        0.61],[         665,        0.61],[         612,        0.54],[         617,        0.52]],
[[         594,         0.6],[         564,        0.55],[         653,         0.6],[         623,        0.55],[         622,        0.53]],
[[         631,        0.64],[         515,         0.5],[         645,        0.59],[         624,        0.55],[         619,        0.52]],
[[         672,        0.68],[         502,        0.49],[         665,        0.61],[         628,        0.55],[         620,        0.53]],
[[         687,        0.69],[         501,        0.49],[         706,        0.65],[         630,        0.55],[         620,        0.53]],
[[         665,        0.67],[         503,        0.49],[         771,        0.71],[         631,        0.55],[         619,        0.52]],
[[         635,        0.64],[         499,        0.48],[         673,        0.62],[         635,        0.56],[         621,        0.53]],
[[         639,        0.65],[         579,        0.56],[         611,        0.56],[         639,        0.56],[         624,        0.53]],
[[         673,        0.68],[         585,        0.57],[         614,        0.56],[         634,        0.56],[         621,        0.53]],
[[         697,         0.7],[         676,        0.65],[         590,        0.54],[         624,        0.55],[         619,        0.52]],
[[         670,        0.68],[         613,        0.59],[         627,        0.58],[         649,        0.57],[         619,        0.52]],
[[         697,         0.7],[         624,         0.6],[         574,        0.53],[         648,        0.57],[         627,        0.53]],
[[         621,        0.63],[         681,        0.66],[         510,        0.47],[         648,        0.57],[         628,        0.53]],
[[         680,        0.69],[         634,        0.61],[         512,        0.47],[         658,        0.58],[         632,        0.54]],
[[         708,        0.72],[         724,         0.7],[         522,        0.48],[         681,         0.6],[         634,        0.54]],
[[         737,        0.75],[         703,        0.68],[         500,        0.46],[         734,        0.64],[         638,        0.54]],
[[         597,         0.6],[         690,        0.67],[         490,        0.45],[         663,        0.58],[         626,        0.53]],
[[         418,        0.42],[         594,        0.58],[         476,        0.44],[         516,        0.45],[         525,        0.44]],
[[         395,         0.4],[         616,         0.6],[         458,        0.42],[         512,        0.45],[         523,        0.44]],
[[         403,        0.41],[         664,        0.64],[         572,        0.53],[         530,        0.46],[         552,        0.47]],
[[         480,        0.49],[         652,        0.63],[         579,        0.53],[         593,        0.52],[         626,        0.53]],
[[         576,        0.58],[         664,        0.64],[         637,        0.59],[         587,        0.51],[         651,        0.55]],
[[         580,        0.59],[         677,        0.66],[         682,        0.63],[         578,        0.51],[         676,        0.57]],
[[         573,        0.58],[         658,        0.64],[         682,        0.63],[         583,        0.51],[         699,        0.59]],
[[         610,        0.62],[         640,        0.62],[         776,        0.71],[         597,        0.52],[         741,        0.63]],
[[         702,        0.71],[         699,        0.68],[         694,        0.64],[         612,        0.54],[         762,        0.65]],
[[         745,        0.75],[         652,        0.63],[         670,        0.62],[         637,        0.56],[         741,        0.63]],
[[         792,         0.8],[         636,        0.62],[         735,        0.68],[         684,         0.6],[         725,        0.61]],
[[         705,        0.71],[         577,        0.56],[         803,        0.74],[         692,        0.61],[         738,        0.63]],
[[         801,        0.81],[         564,        0.55],[         748,        0.69],[         752,        0.66],[         725,        0.61]],
[[         779,        0.79],[         651,        0.63],[         714,        0.66],[         724,        0.63],[         728,        0.62]],
[[         828,        0.84],[         638,        0.62],[         723,        0.66],[         755,        0.66],[         702,        0.59]],
[[         837,        0.85],[         629,        0.61],[         732,        0.67],[         768,        0.67],[         677,        0.57]],
[[         793,         0.8],[         680,        0.66],[         779,        0.72],[         787,        0.69],[         666,        0.56]],
[[         781,        0.79],[         672,        0.65],[         694,        0.64],[         827,        0.72],[         657,        0.56]],
[[         764,        0.77],[         721,         0.7],[         754,        0.69],[         764,        0.67],[         659,        0.56]],
[[         778,        0.79],[         757,        0.73],[         704,        0.65],[         765,        0.67],[         678,        0.57]],
[[         752,        0.76],[         823,         0.8],[         662,        0.61],[         750,        0.66],[         708,         0.6]],
[[         740,        0.75],[         762,        0.74],[         586,        0.54],[         790,        0.69],[         706,         0.6]],
[[         674,        0.68],[         842,        0.82],[         600,        0.55],[         763,        0.67],[         747,        0.63]],
[[         676,        0.68],[         791,        0.77],[         610,        0.56],[         733,        0.64],[         728,        0.62]],
[[         665,        0.67],[         835,        0.81],[         662,        0.61],[         725,        0.63],[         745,        0.63]],
[[         627,        0.63],[         850,        0.82],[         641,        0.59],[         733,        0.64],[         761,        0.64]],
[[         617,        0.62],[         816,        0.79],[         709,        0.65],[         749,        0.66],[         772,        0.65]],
[[         626,        0.63],[         827,         0.8],[         696,        0.64],[         685,         0.6],[         810,        0.69]],
[[         629,        0.64],[         787,        0.76],[         715,        0.66],[         735,        0.64],[         770,        0.65]],
[[         623,        0.63],[         793,        0.77],[         752,        0.69],[         707,        0.62],[         763,        0.65]],
[[         689,         0.7],[         748,        0.72],[         799,        0.73],[         676,        0.59],[         752,        0.64]],
[[         658,        0.67],[         720,         0.7],[         774,        0.71],[         592,        0.52],[         788,        0.67]],
[[         703,        0.71],[         671,        0.65],[         857,        0.79],[         603,        0.53],[         768,        0.65]],
[[         636,        0.64],[         673,        0.65],[         785,        0.72],[         626,        0.55],[         738,        0.63]],
[[         684,        0.69],[         669,        0.65],[         847,        0.78],[         657,        0.58],[         730,        0.62]],
[[         630,        0.64],[         643,        0.62],[         879,        0.81],[         662,        0.58],[         733,        0.62]],
[[         601,        0.61],[         614,        0.59],[         831,        0.76],[         721,        0.63],[         750,        0.64]],
[[         535,        0.54],[         608,        0.59],[         832,        0.76],[         730,        0.64],[         698,        0.59]],
[[         493,         0.5],[         641,        0.62],[         752,        0.69],[         746,        0.65],[         740,        0.63]],
[[         518,        0.52],[         621,         0.6],[         786,        0.72],[         762,        0.67],[         717,        0.61]],
[[         553,        0.56],[         665,        0.64],[         748,        0.69],[         804,         0.7],[         683,        0.58]],
[[         525,        0.53],[         649,        0.63],[         719,        0.66],[         788,        0.69],[         602,        0.51]],
[[         483,        0.49],[         676,        0.65],[         670,        0.62],[         831,        0.73],[         602,        0.51]],
[[         474,        0.48],[         621,         0.6],[         640,        0.59],[         778,        0.68],[         626,        0.53]],
[[         486,        0.49],[         653,        0.63],[         659,        0.61],[         834,        0.73],[         655,        0.55]],
[[         495,         0.5],[         632,        0.61],[         652,         0.6],[         832,        0.73],[         659,        0.56]],
[[         514,        0.52],[         559,        0.54],[         582,        0.53],[         792,        0.69],[         707,         0.6]],
[[         525,        0.53],[         516,         0.5],[         585,        0.54],[         795,         0.7],[         718,        0.61]],
[[         507,        0.51],[         460,        0.45],[         637,        0.59],[         717,        0.63],[         725,        0.61]],
[[         497,         0.5],[         466,        0.45],[         587,        0.54],[         736,        0.64],[         732,        0.62]],
[[         488,        0.49],[         501,        0.49],[         627,        0.58],[         705,        0.62],[         767,        0.65]],
[[         494,         0.5],[         448,        0.43],[         593,        0.54],[         660,        0.58],[         751,        0.64]],
[[         442,        0.45],[         425,        0.41],[         645,        0.59],[         618,        0.54],[         779,        0.66]],
[[         448,        0.45],[         412,         0.4],[         547,         0.5],[         595,        0.52],[         724,        0.61]],
[[         440,        0.44],[         418,         0.4],[         569,        0.52],[         590,        0.52],[         762,        0.65]],
[[         428,        0.43],[         415,         0.4],[         539,         0.5],[         573,         0.5],[         751,        0.64]],
[[         401,        0.41],[         438,        0.42],[         503,        0.46],[         517,        0.45],[         716,        0.61]],
[[         419,        0.42],[         425,        0.41],[         434,         0.4],[         500,        0.44],[         703,         0.6]],
[[         437,        0.44],[         414,         0.4],[         359,        0.33],[         531,        0.46],[         633,        0.54]],
[[         384,        0.39],[         376,        0.36],[         388,        0.36],[         495,        0.43],[         629,        0.53]],
[[         315,        0.32],[         361,        0.35],[         397,        0.36],[         513,        0.45],[         595,         0.5]],
[[         289,        0.29],[         338,        0.33],[         321,        0.29],[         485,        0.42],[         545,        0.46]],
[[         265,        0.27],[         311,         0.3],[         326,         0.3],[         504,        0.44],[         495,        0.42]],
[[         223,        0.23],[         305,         0.3],[         323,         0.3],[         410,        0.36],[         468,         0.4]],
[[         267,        0.27],[         274,        0.27],[         272,        0.25],[         419,        0.37],[         447,        0.38]],
[[         245,        0.25],[         245,        0.24],[         274,        0.25],[         381,        0.33],[         421,        0.36]],
[[        1045,        1.06],[         205,         0.2],[         246,        0.23],[         330,        0.29],[         363,        0.31]],
[[           .,           .],[         218,        0.21],[         230,        0.21],[         271,        0.24],[         332,        0.28]],
[[           .,           .],[         222,        0.21],[         217,         0.2],[         216,        0.19],[         327,        0.28]],
[[           .,           .],[         156,        0.15],[         178,        0.16],[         204,        0.18],[         291,        0.25]],
[[           .,           .],[         146,        0.14],[         155,        0.14],[         197,        0.17],[         281,        0.24]],
[[           .,           .],[         464,        0.45],[         631,        0.58],[         756,        0.66],[        1225,        1.04]]]]}}
