{
"ons":{
"label":"Population Projections for England and Wales, by local authority",
"source":"Office for National Statistics",
"updated":"2014-10-01",
"area": {
"code":"K04000001",
"label":"England and Wales"
},
"time": {
"label":"1998-2038",
"index":["1998",  "2008",  "2018",  "2028",  "2038"]
},
"concept":{
"label":["population", "% of population"],
"units":["count", "%"],
"max":[        2679,          0.9]
},
"sums":{
"series1":[      120750,       127647,       137618,       150460,       159782],
"series2":[      124591,       130577,       140237,       153540,       163150]
},
"dimension":{
"label":"age",
"index":["0", "1", "2", "3", "4", "5", "6", "7", "8", "9", "10", "11", "12", "13", "14", "15", "16", "17", "18", "19", "20", "21", "22", "23", "24", "25", "26", "27", "28", "29", "30", "31", "32", "33", "34", "35", "36", "37", "38", "39", "40", "41", "42", "43", "44", "45", "46", "47", "48", "49", "50", "51", "52", "53", "54", "55", "56", "57", "58", "59", "60", "61", "62", "63", "64", "65", "66", "67", "68", "69", "70", "71", "72", "73", "74", "75", "76", "77", "78", "79", "80", "81", "82", "83", "84", "85", "86", "87", "88", "89", "90+"]
},
"series":["male", "female"],
"value":[[[[        1639,        0.67],[        1726,        0.67],[        1783,        0.64],[        1858,        0.61],[        1958,        0.61]],
[[        1779,        0.73],[        1687,        0.65],[        1870,        0.67],[        1887,        0.62],[        1960,        0.61]],
[[        1672,        0.68],[        1665,        0.64],[        1926,        0.69],[        1916,        0.63],[        1966,        0.61]],
[[        1690,        0.69],[        1612,        0.62],[        1913,        0.69],[        1942,        0.64],[        1971,        0.61]],
[[        1904,        0.78],[        1601,        0.62],[        1988,        0.72],[        1963,        0.65],[        1974,        0.61]],
[[        1791,        0.73],[        1608,        0.62],[        1905,        0.69],[        1963,        0.65],[        1965,        0.61]],
[[        1864,        0.76],[        1564,        0.61],[        2027,        0.73],[        1975,        0.65],[        1972,        0.61]],
[[        1887,        0.77],[        1595,        0.62],[        1916,        0.69],[        1988,        0.65],[        1979,        0.61]],
[[        1878,        0.77],[        1705,        0.66],[        1941,         0.7],[        1997,        0.66],[        1987,        0.62]],
[[        1839,        0.75],[        1693,        0.66],[        1899,        0.68],[        2002,        0.66],[        1995,        0.62]],
[[        1873,        0.76],[        1709,        0.66],[        1838,        0.66],[        1995,        0.66],[        2003,        0.62]],
[[        1832,        0.75],[        1748,        0.68],[        1820,        0.66],[        1967,        0.65],[        2014,        0.62]],
[[        1721,         0.7],[        1736,        0.67],[        1758,        0.63],[        2039,        0.67],[        2021,        0.63]],
[[        1806,        0.74],[        1747,        0.68],[        1712,        0.62],[        2030,        0.67],[        2033,        0.63]],
[[        1714,         0.7],[        1891,        0.73],[        1647,        0.59],[        2091,        0.69],[        2039,        0.63]],
[[        1587,        0.65],[        1868,        0.72],[        1657,         0.6],[        2050,        0.67],[        2073,        0.64]],
[[        1637,        0.67],[        2033,        0.79],[        1635,        0.59],[        2154,        0.71],[        2091,        0.65]],
[[        1603,        0.65],[        2168,        0.84],[        1720,        0.62],[        2056,        0.68],[        2114,        0.65]],
[[        1709,         0.7],[        2037,        0.79],[        1791,        0.64],[        2070,        0.68],[        2111,        0.65]],
[[        1427,        0.58],[        1792,        0.69],[        1655,         0.6],[        1977,        0.65],[        2062,        0.64]],
[[        1243,        0.51],[        1797,         0.7],[        1637,        0.59],[        1959,        0.64],[        2060,        0.64]],
[[        1194,        0.49],[        1725,        0.67],[        1729,        0.62],[        1916,        0.63],[        2024,        0.63]],
[[        1474,         0.6],[        1837,        0.71],[        1750,        0.63],[        1880,        0.62],[        2111,        0.65]],
[[        1596,        0.65],[        1838,        0.71],[        1646,        0.59],[        1820,         0.6],[        2121,        0.66]],
[[        1666,        0.68],[        1752,        0.68],[        1774,        0.64],[        1804,        0.59],[        2163,        0.67]],
[[        1843,        0.75],[        1704,        0.66],[        1822,        0.66],[        1763,        0.58],[        2149,        0.67]],
[[        1890,        0.77],[        1681,        0.65],[        2034,        0.73],[        1709,        0.56],[        2206,        0.68]],
[[        1870,        0.76],[        1705,        0.66],[        2107,        0.76],[        1758,        0.58],[        2132,        0.66]],
[[        1946,        0.79],[        1835,        0.71],[        2095,        0.75],[        1822,         0.6],[        2100,        0.65]],
[[        1961,         0.8],[        1716,        0.66],[        1915,        0.69],[        1897,        0.62],[        2074,        0.64]],
[[        2036,        0.83],[        1588,        0.61],[        1993,        0.72],[        1890,        0.62],[        2063,        0.64]],
[[        1945,        0.79],[        1588,        0.61],[        2037,        0.73],[        1879,        0.62],[        2002,        0.62]],
[[        2090,        0.85],[        1650,        0.64],[        1991,        0.72],[        1919,        0.63],[        1954,        0.61]],
[[        2128,        0.87],[        1655,        0.64],[        1929,        0.69],[        1867,        0.61],[        1875,        0.58]],
[[        2216,         0.9],[        1598,        0.62],[        1840,        0.66],[        2003,        0.66],[        1844,        0.57]],
[[        2065,        0.84],[        1821,        0.71],[        1743,        0.63],[        1976,        0.65],[        1803,        0.56]],
[[        1986,        0.81],[        1880,        0.73],[        1924,        0.69],[        2074,        0.68],[        1757,        0.54]],
[[        1863,        0.76],[        1957,        0.76],[        1754,        0.63],[        2134,         0.7],[        1795,        0.56]],
[[        1818,        0.74],[        1907,        0.74],[        1872,        0.67],[        2096,        0.69],[        1853,        0.57]],
[[        1831,        0.75],[        1962,        0.76],[        1840,        0.66],[        2037,        0.67],[        1916,        0.59]],
[[        1838,        0.75],[        1955,        0.76],[        1662,         0.6],[        2062,        0.68],[        1937,         0.6]],
[[        1716,         0.7],[        2025,        0.78],[        1650,        0.59],[        2036,        0.67],[        1967,        0.61]],
[[        1723,         0.7],[        2063,         0.8],[        1644,        0.59],[        2053,        0.68],[        1987,        0.62]],
[[        1645,        0.67],[        1997,        0.77],[        1704,        0.61],[        1993,        0.66],[        1941,         0.6]],
[[        1623,        0.66],[        2065,         0.8],[        1718,        0.62],[        1926,        0.63],[        2072,        0.64]],
[[        1622,        0.66],[        1982,        0.77],[        1772,        0.64],[        1880,        0.62],[        2035,        0.63]],
[[        1577,        0.64],[        1899,        0.74],[        1886,        0.68],[        1923,        0.63],[        2117,        0.66]],
[[        1541,        0.63],[        1900,        0.74],[        1938,         0.7],[        1858,        0.61],[        2182,        0.68]],
[[        1578,        0.64],[        1708,        0.66],[        1916,        0.69],[        1963,        0.65],[        2146,        0.66]],
[[        1663,        0.68],[        1726,        0.67],[        1908,        0.69],[        1913,        0.63],[        2094,        0.65]],
[[        1857,        0.76],[        1725,        0.67],[        1886,        0.68],[        1725,        0.57],[        2102,        0.65]],
[[        2072,        0.84],[        1683,        0.65],[        2031,        0.73],[        1702,        0.56],[        2043,        0.63]],
[[        1556,        0.63],[        1543,         0.6],[        1985,        0.71],[        1712,        0.56],[        2077,        0.64]],
[[        1569,        0.64],[        1501,        0.58],[        1935,         0.7],[        1731,        0.57],[        2015,        0.62]],
[[        1470,         0.6],[        1538,         0.6],[        1914,        0.69],[        1715,        0.56],[        1925,         0.6]],
[[        1328,        0.54],[        1522,        0.59],[        1879,        0.68],[        1791,        0.59],[        1889,        0.58]],
[[        1265,        0.52],[        1475,        0.57],[        1788,        0.64],[        1858,        0.61],[        1909,        0.59]],
[[        1157,        0.47],[        1388,        0.54],[        1774,        0.64],[        1934,        0.64],[        1854,        0.57]],
[[        1226,         0.5],[        1453,        0.56],[        1625,        0.58],[        1857,        0.61],[        1927,         0.6]],
[[        1219,         0.5],[        1555,         0.6],[        1634,        0.59],[        1887,        0.62],[        1869,        0.58]],
[[        1146,        0.47],[        1661,        0.64],[        1563,        0.56],[        1847,        0.61],[        1682,        0.52]],
[[        1128,        0.46],[        1776,        0.69],[        1541,        0.55],[        1907,        0.63],[        1641,        0.51]],
[[        1043,        0.43],[        1352,        0.52],[        1366,        0.49],[        1888,        0.62],[        1628,         0.5]],
[[        1008,        0.41],[        1319,        0.51],[        1369,        0.49],[        1818,         0.6],[        1641,        0.51]],
[[         964,        0.39],[        1267,        0.49],[        1370,        0.49],[        1791,        0.59],[        1615,         0.5]],
[[        1003,        0.41],[        1147,        0.44],[        1300,        0.47],[        1727,        0.57],[        1666,        0.52]],
[[         953,        0.39],[        1039,         0.4],[        1276,        0.46],[        1639,        0.54],[        1707,        0.53]],
[[         895,        0.36],[         968,        0.37],[        1159,        0.42],[        1606,        0.53],[        1751,        0.54]],
[[         874,        0.36],[         958,        0.37],[        1237,        0.45],[        1450,        0.48],[        1665,        0.52]],
[[         808,        0.33],[         969,        0.38],[        1317,        0.47],[        1423,        0.47],[        1661,        0.51]],
[[         730,         0.3],[         921,        0.36],[        1382,         0.5],[        1364,        0.45],[        1615,         0.5]],
[[         773,        0.32],[         884,        0.34],[        1448,        0.52],[        1316,        0.43],[        1653,        0.51]],
[[         676,        0.28],[         805,        0.31],[        1108,         0.4],[        1173,        0.39],[        1615,         0.5]],
[[         650,        0.26],[         738,        0.29],[        1035,        0.37],[        1148,        0.38],[        1543,        0.48]],
[[         611,        0.25],[         688,        0.27],[         997,        0.36],[        1127,        0.37],[        1501,        0.46]],
[[         556,        0.23],[         701,        0.27],[         904,        0.33],[        1081,        0.36],[        1429,        0.44]],
[[         547,        0.22],[         671,        0.26],[         797,        0.29],[        1016,        0.33],[        1338,        0.41]],
[[         565,        0.23],[         577,        0.22],[         705,        0.25],[         920,         0.3],[        1269,        0.39]],
[[         569,        0.23],[         579,        0.22],[         692,        0.25],[         943,        0.31],[        1133,        0.35]],
[[         361,        0.15],[         489,        0.19],[         659,        0.24],[         968,        0.32],[        1084,        0.34]],
[[         282,        0.11],[         451,        0.17],[         622,        0.22],[         971,        0.32],[        1010,        0.31]],
[[         291,        0.12],[         414,        0.16],[         565,         0.2],[        1008,        0.33],[         948,        0.29]],
[[         272,        0.11],[         360,        0.14],[         497,        0.18],[         734,        0.24],[         819,        0.25]],
[[         255,         0.1],[         320,        0.12],[         412,        0.15],[         649,        0.21],[         764,        0.24]],
[[         231,        0.09],[         286,        0.11],[         379,        0.14],[         592,        0.19],[         719,        0.22]],
[[         801,        0.33],[         219,        0.08],[         353,        0.13],[         498,        0.16],[         650,         0.2]],
[[           .,           .],[         208,        0.08],[         324,        0.12],[         418,        0.14],[         579,        0.18]],
[[           .,           .],[         193,        0.07],[         241,        0.09],[         334,        0.11],[         496,        0.15]],
[[           .,           .],[         178,        0.07],[         219,        0.08],[         306,         0.1],[         466,        0.14]],
[[           .,           .],[         145,        0.06],[         166,        0.06],[         257,        0.08],[         421,        0.13]],
[[           .,           .],[         280,        0.11],[         533,        0.19],[         898,         0.3],[        1696,        0.53]]],
[[[        1562,        0.64],[        1643,        0.64],[        1693,        0.61],[        1772,        0.58],[        1867,        0.58]],
[[        1642,        0.67],[        1645,        0.64],[        1860,        0.67],[        1796,        0.59],[        1866,        0.58]],
[[        1661,        0.68],[        1661,        0.64],[        1886,        0.68],[        1818,         0.6],[        1865,        0.58]],
[[        1692,        0.69],[        1528,        0.59],[        1787,        0.64],[        1852,        0.61],[        1879,        0.58]],
[[        1721,         0.7],[        1636,        0.63],[        1788,        0.64],[        1867,        0.61],[        1877,        0.58]],
[[        1651,        0.67],[        1511,        0.59],[        1823,        0.66],[        1879,        0.62],[        1881,        0.58]],
[[        1857,        0.76],[        1538,         0.6],[        1919,        0.69],[        1889,        0.62],[        1886,        0.58]],
[[        1811,        0.74],[        1471,        0.57],[        1893,        0.68],[        1897,        0.62],[        1888,        0.58]],
[[        1758,        0.72],[        1517,        0.59],[        1790,        0.64],[        1904,        0.63],[        1894,        0.59]],
[[        1804,        0.74],[        1666,        0.65],[        1751,        0.63],[        1907,        0.63],[        1900,        0.59]],
[[        1779,        0.73],[        1611,        0.62],[        1755,        0.63],[        1902,        0.63],[        1909,        0.59]],
[[        1649,        0.67],[        1688,        0.65],[        1683,        0.61],[        1885,        0.62],[        1930,         0.6]],
[[        1642,        0.67],[        1630,        0.63],[        1758,        0.63],[        1963,        0.65],[        1944,         0.6]],
[[        1743,        0.71],[        1768,        0.68],[        1614,        0.58],[        1949,        0.64],[        1955,        0.61]],
[[        1661,        0.68],[        1787,        0.69],[        1695,        0.61],[        1942,        0.64],[        1968,        0.61]],
[[        1520,        0.62],[        1804,         0.7],[        1612,        0.58],[        1981,        0.65],[        1982,        0.61]],
[[        1558,        0.64],[        2010,        0.78],[        1599,        0.58],[        2038,        0.67],[        1989,        0.62]],
[[        1507,        0.61],[        2091,        0.81],[        1530,        0.55],[        1990,        0.65],[        1987,        0.62]],
[[        1760,        0.72],[        1732,        0.67],[        1571,        0.57],[        1913,        0.63],[        1983,        0.61]],
[[        1371,        0.56],[        1645,        0.64],[        1489,        0.54],[        1816,         0.6],[        1911,        0.59]],
[[        1246,        0.51],[        1675,        0.65],[        1535,        0.55],[        1848,        0.61],[        1954,        0.61]],
[[        1334,        0.54],[        1670,        0.65],[        1596,        0.57],[        1859,        0.61],[        1990,        0.62]],
[[        1507,        0.61],[        1681,        0.65],[        1542,        0.55],[        1972,        0.65],[        2144,        0.66]],
[[        1664,        0.68],[        1792,        0.69],[        1820,        0.66],[        1836,         0.6],[        2131,        0.66]],
[[        1681,        0.69],[        1755,        0.68],[        1837,        0.66],[        1816,         0.6],[        2097,        0.65]],
[[        1846,        0.75],[        1721,        0.67],[        1892,        0.68],[        1737,        0.57],[        2114,        0.65]],
[[        1917,        0.78],[        1743,        0.67],[        2211,         0.8],[        1708,        0.56],[        2165,        0.67]],
[[        1978,        0.81],[        1771,        0.69],[        2154,        0.78],[        1728,        0.57],[        2123,        0.66]],
[[        1989,        0.81],[        1855,        0.72],[        1915,        0.69],[        1780,        0.59],[        2089,        0.65]],
[[        1959,         0.8],[        1743,        0.67],[        2029,        0.73],[        1839,         0.6],[        2043,        0.63]],
[[        2031,        0.83],[        1576,        0.61],[        2098,        0.76],[        1873,        0.62],[        2050,        0.63]],
[[        2040,        0.83],[        1620,        0.63],[        2001,        0.72],[        1915,        0.63],[        2000,        0.62]],
[[        2049,        0.84],[        1632,        0.63],[        1934,         0.7],[        1868,        0.61],[        1994,        0.62]],
[[        2085,        0.85],[        1694,        0.66],[        1871,        0.67],[        1961,        0.65],[        1890,        0.59]],
[[        2059,        0.84],[        1754,        0.68],[        1845,        0.66],[        1994,        0.66],[        1881,        0.58]],
[[        2002,        0.82],[        1693,        0.66],[        1921,        0.69],[        1999,        0.66],[        1822,        0.56]],
[[        2032,        0.83],[        1897,        0.73],[        1909,        0.69],[        2213,        0.73],[        1810,        0.56]],
[[        1952,         0.8],[        1896,        0.73],[        1877,        0.68],[        2204,        0.73],[        1840,        0.57]],
[[        1893,        0.77],[        1940,        0.75],[        1944,         0.7],[        2117,         0.7],[        1890,        0.59]],
[[        1842,        0.75],[        1999,        0.77],[        1910,        0.69],[        2169,        0.71],[        1956,        0.61]],
[[        1768,        0.72],[        2021,        0.78],[        1698,        0.61],[        2153,        0.71],[        1979,        0.61]],
[[        1721,         0.7],[        2057,         0.8],[        1718,        0.62],[        2110,        0.69],[        2014,        0.62]],
[[        1619,        0.66],[        1967,        0.76],[        1633,        0.59],[        2055,        0.68],[        1969,        0.61]],
[[        1537,        0.63],[        2030,        0.79],[        1737,        0.63],[        1998,        0.66],[        2040,        0.63]],
[[        1653,        0.67],[        2021,        0.78],[        1788,        0.64],[        1995,        0.66],[        2075,        0.64]],
[[        1620,        0.66],[        2049,        0.79],[        1729,        0.62],[        2046,        0.67],[        2075,        0.64]],
[[        1548,        0.63],[        1914,        0.74],[        1883,        0.68],[        1988,        0.65],[        2223,        0.69]],
[[        1567,        0.64],[        1899,        0.74],[        1894,        0.68],[        1994,        0.66],[        2215,        0.69]],
[[        1602,        0.65],[        1860,        0.72],[        1923,        0.69],[        2013,        0.66],[        2136,        0.66]],
[[        1733,        0.71],[        1790,        0.69],[        2004,        0.72],[        1928,        0.63],[        2163,        0.67]],
[[        1880,        0.77],[        1686,        0.65],[        1955,         0.7],[        1713,        0.56],[        2152,        0.67]],
[[        2065,        0.84],[        1643,        0.64],[        1975,        0.71],[        1751,        0.58],[        2107,        0.65]],
[[        1588,        0.65],[        1554,         0.6],[        1933,         0.7],[        1690,        0.56],[        2058,        0.64]],
[[        1467,         0.6],[        1469,        0.57],[        1964,        0.71],[        1751,        0.58],[        2002,        0.62]],
[[        1442,        0.59],[        1507,        0.58],[        1918,        0.69],[        1781,        0.59],[        1981,        0.61]],
[[        1351,        0.55],[        1532,        0.59],[        1990,        0.72],[        1739,        0.57],[        2014,        0.62]],
[[        1228,         0.5],[        1421,        0.55],[        1797,        0.65],[        1846,        0.61],[        1970,        0.61]],
[[        1108,        0.45],[        1487,        0.58],[        1787,        0.64],[        1880,        0.62],[        1969,        0.61]],
[[        1146,        0.47],[        1441,        0.56],[        1744,        0.63],[        1881,        0.62],[        1974,        0.61]],
[[        1200,        0.49],[        1584,        0.61],[        1705,        0.61],[        1954,        0.64],[        1886,        0.58]],
[[        1153,        0.47],[        1715,        0.66],[        1594,        0.57],[        1908,        0.63],[        1681,        0.52]],
[[        1107,        0.45],[        1834,        0.71],[        1527,        0.55],[        1931,        0.64],[        1686,        0.52]],
[[        1094,        0.45],[        1388,        0.54],[        1433,        0.52],[        1855,        0.61],[        1631,        0.51]],
[[        1025,        0.42],[        1304,         0.5],[        1315,        0.47],[        1867,        0.61],[        1671,        0.52]],
[[         947,        0.39],[        1288,         0.5],[        1374,        0.49],[        1816,         0.6],[        1681,        0.52]],
[[         977,         0.4],[        1195,        0.46],[        1328,        0.48],[        1861,        0.61],[        1658,        0.51]],
[[         951,        0.39],[        1062,        0.41],[        1263,        0.45],[        1713,        0.56],[        1733,        0.54]],
[[         937,        0.38],[         959,        0.37],[        1352,        0.49],[        1654,        0.54],[        1757,        0.54]],
[[         940,        0.38],[        1005,        0.39],[        1315,        0.47],[        1596,        0.53],[        1739,        0.54]],
[[         946,        0.39],[        1012,        0.39],[        1396,         0.5],[        1556,        0.51],[        1794,        0.56]],
[[         850,        0.35],[        1004,        0.39],[        1463,        0.53],[        1447,        0.48],[        1744,        0.54]],
[[         870,        0.35],[         988,        0.38],[        1607,        0.58],[        1396,        0.46],[        1761,        0.55]],
[[         866,        0.35],[         953,        0.37],[        1209,        0.44],[        1324,        0.44],[        1686,        0.52]],
[[         853,        0.35],[         885,        0.34],[        1112,         0.4],[        1181,        0.39],[        1675,        0.52]],
[[         804,        0.33],[         784,         0.3],[        1102,         0.4],[        1205,         0.4],[        1605,         0.5]],
[[         861,        0.35],[         777,         0.3],[        1019,        0.37],[        1173,        0.39],[        1612,         0.5]],
[[         833,        0.34],[         800,        0.31],[         877,        0.32],[        1090,        0.36],[        1477,        0.46]],
[[         897,        0.37],[         746,        0.29],[         769,        0.28],[        1127,        0.37],[        1404,        0.43]],
[[         878,        0.36],[         782,         0.3],[         772,        0.28],[        1084,        0.36],[        1335,        0.41]],
[[         607,        0.25],[         676,        0.26],[         774,        0.28],[        1121,        0.37],[        1275,        0.39]],
[[         552,        0.22],[         603,        0.23],[         773,        0.28],[        1168,        0.38],[        1168,        0.36]],
[[         543,        0.22],[         611,        0.24],[         726,        0.26],[        1240,        0.41],[        1099,        0.34]],
[[         579,        0.24],[         552,        0.21],[         676,        0.24],[         879,        0.29],[        1005,        0.31]],
[[         508,        0.21],[         532,        0.21],[         619,        0.22],[         785,        0.26],[         878,        0.27]],
[[         528,        0.22],[         519,         0.2],[         508,        0.18],[         750,        0.25],[         866,        0.27]],
[[        2187,        0.89],[         500,        0.19],[         443,        0.16],[         676,        0.22],[         817,        0.25]],
[[           .,           .],[         453,        0.18],[         453,        0.16],[         554,        0.18],[         731,        0.23]],
[[           .,           .],[         453,        0.18],[         406,        0.15],[         461,        0.15],[         712,        0.22]],
[[           .,           .],[         383,        0.15],[         395,        0.14],[         429,        0.14],[         643,         0.2]],
[[           .,           .],[         294,        0.11],[         288,         0.1],[         401,        0.13],[         606,        0.19]],
[[           .,           .],[         899,        0.35],[        1237,        0.45],[        1628,        0.54],[        2679,        0.83]]]]}}
