{
"ons":{
"label":"Population Projections for England and Wales, by local authority",
"source":"Office for National Statistics",
"updated":"2014-10-01",
"area": {
"code":"K04000001",
"label":"England and Wales"
},
"time": {
"label":"1998-2038",
"index":["1998",  "2008",  "2018",  "2028",  "2038"]
},
"concept":{
"label":["population", "% of population"],
"units":["count", "%"],
"max":[        1604,         1.11]
},
"sums":{
"series1":[       70020,        67327,        69436,        70231,        70447],
"series2":[       74011,        70558,        71109,        71377,        71383]
},
"dimension":{
"label":"age",
"index":["0", "1", "2", "3", "4", "5", "6", "7", "8", "9", "10", "11", "12", "13", "14", "15", "16", "17", "18", "19", "20", "21", "22", "23", "24", "25", "26", "27", "28", "29", "30", "31", "32", "33", "34", "35", "36", "37", "38", "39", "40", "41", "42", "43", "44", "45", "46", "47", "48", "49", "50", "51", "52", "53", "54", "55", "56", "57", "58", "59", "60", "61", "62", "63", "64", "65", "66", "67", "68", "69", "70", "71", "72", "73", "74", "75", "76", "77", "78", "79", "80", "81", "82", "83", "84", "85", "86", "87", "88", "89", "90+"]
},
"series":["male", "female"],
"value":[[[[         913,        0.63],[        1008,        0.73],[         917,        0.65],[         925,        0.65],[         937,        0.66]],
[[         969,        0.67],[         917,        0.67],[        1004,        0.71],[         921,        0.65],[         924,        0.65]],
[[         962,        0.67],[         915,        0.66],[        1007,        0.72],[         919,        0.65],[         913,        0.64]],
[[         953,        0.66],[         877,        0.64],[        1020,        0.73],[         926,        0.65],[         911,        0.64]],
[[        1002,         0.7],[         860,        0.62],[        1034,        0.74],[         928,        0.66],[         906,        0.64]],
[[         990,        0.69],[         842,        0.61],[        1022,        0.73],[         926,        0.65],[         897,        0.63]],
[[        1031,        0.72],[         817,        0.59],[        1006,        0.72],[         923,        0.65],[         889,        0.63]],
[[        1075,        0.75],[         813,        0.59],[         965,        0.69],[         920,        0.65],[         884,        0.62]],
[[        1054,        0.73],[         821,         0.6],[        1018,        0.72],[         923,        0.65],[         880,        0.62]],
[[        1062,        0.74],[         791,        0.57],[         844,         0.6],[         927,        0.65],[         877,        0.62]],
[[        1097,        0.76],[         846,        0.61],[         930,        0.66],[         925,        0.65],[         873,        0.62]],
[[        1133,        0.79],[         940,        0.68],[         863,        0.61],[         899,        0.63],[         865,        0.61]],
[[        1146,         0.8],[         948,        0.69],[         887,        0.63],[         914,        0.65],[         865,        0.61]],
[[        1100,        0.76],[         900,        0.65],[         840,         0.6],[         931,        0.66],[         863,        0.61]],
[[        1055,        0.73],[         941,        0.68],[         809,        0.58],[         963,        0.68],[         866,        0.61]],
[[        1075,        0.75],[         924,        0.67],[         809,        0.58],[         958,        0.68],[         869,        0.61]],
[[        1087,        0.75],[         972,         0.7],[         800,        0.57],[         958,        0.68],[         875,        0.62]],
[[        1053,        0.73],[         950,        0.69],[         826,        0.59],[         945,        0.67],[         881,        0.62]],
[[        1067,        0.74],[        1011,        0.73],[         864,        0.61],[        1011,        0.71],[         944,        0.67]],
[[        1173,        0.81],[        1169,        0.85],[        1004,        0.71],[        1168,        0.82],[        1198,        0.84]],
[[        1348,        0.94],[        1262,        0.92],[        1233,        0.88],[        1344,        0.95],[        1319,        0.93]],
[[        1197,        0.83],[        1195,        0.87],[        1317,        0.94],[        1307,        0.92],[        1320,        0.93]],
[[        1237,        0.86],[        1277,        0.93],[        1343,        0.96],[        1265,        0.89],[        1306,        0.92]],
[[         897,        0.62],[        1168,        0.85],[        1198,        0.85],[        1168,        0.82],[        1267,        0.89]],
[[         847,        0.59],[        1156,        0.84],[        1194,        0.85],[        1093,        0.77],[        1240,        0.87]],
[[         891,        0.62],[        1055,        0.77],[        1214,        0.86],[        1031,        0.73],[        1206,        0.85]],
[[         926,        0.64],[         975,        0.71],[        1219,        0.87],[         981,        0.69],[        1182,        0.83]],
[[         960,        0.67],[         948,        0.69],[        1130,         0.8],[         971,        0.69],[        1124,        0.79]],
[[         889,        0.62],[         974,        0.71],[        1157,        0.82],[         960,        0.68],[        1074,        0.76]],
[[         930,        0.65],[         868,        0.63],[        1118,         0.8],[         954,        0.67],[        1004,        0.71]],
[[        1014,         0.7],[         830,         0.6],[        1061,        0.75],[         948,        0.67],[         990,         0.7]],
[[         954,        0.66],[         740,        0.54],[         879,        0.63],[         944,        0.67],[         930,        0.66]],
[[        1042,        0.72],[         766,        0.56],[        1002,        0.71],[         943,        0.67],[         905,        0.64]],
[[        1171,        0.81],[         772,        0.56],[         854,        0.61],[         887,        0.63],[         844,         0.6]],
[[        1059,        0.74],[         784,        0.57],[         858,        0.61],[         924,        0.65],[         815,        0.57]],
[[        1102,        0.77],[         805,        0.58],[         820,        0.58],[         897,        0.63],[         766,        0.54]],
[[        1101,        0.76],[         859,        0.62],[         741,        0.53],[         914,        0.65],[         741,        0.52]],
[[        1067,        0.74],[         881,        0.64],[         760,        0.54],[         895,        0.63],[         756,        0.53]],
[[        1025,        0.71],[         858,        0.62],[         764,        0.54],[         871,        0.62],[         767,        0.54]],
[[        1017,        0.71],[         832,         0.6],[         716,        0.51],[         883,        0.62],[         783,        0.55]],
[[        1052,        0.73],[         903,        0.65],[         781,        0.56],[         861,        0.61],[         795,        0.56]],
[[        1021,        0.71],[         899,        0.65],[         647,        0.46],[         787,        0.56],[         807,        0.57]],
[[         920,        0.64],[         967,         0.7],[         731,        0.52],[         845,         0.6],[         819,        0.58]],
[[         894,        0.62],[        1040,        0.75],[         771,        0.55],[         779,        0.55],[         791,        0.56]],
[[         909,        0.63],[         928,        0.67],[         741,        0.53],[         765,        0.54],[         827,        0.58]],
[[         972,        0.67],[         927,        0.67],[         770,        0.55],[         758,        0.54],[         820,        0.58]],
[[         838,        0.58],[        1039,        0.75],[         771,        0.55],[         723,        0.51],[         837,        0.59]],
[[         879,        0.61],[         960,         0.7],[         831,        0.59],[         711,         0.5],[         818,        0.58]],
[[         847,        0.59],[         918,        0.67],[         799,        0.57],[         715,         0.5],[         799,        0.56]],
[[         853,        0.59],[         897,        0.65],[         747,        0.53],[         670,        0.47],[         798,        0.56]],
[[         970,        0.67],[         965,         0.7],[         818,        0.58],[         705,         0.5],[         781,        0.55]],
[[        1017,        0.71],[         906,        0.66],[         816,        0.58],[         619,        0.44],[         733,        0.52]],
[[         746,        0.52],[         820,        0.59],[         905,        0.64],[         669,        0.47],[         777,        0.55]],
[[         694,        0.48],[         791,        0.57],[         984,         0.7],[         699,        0.49],[         735,        0.52]],
[[         688,        0.48],[         803,        0.58],[         839,         0.6],[         693,        0.49],[         713,         0.5]],
[[         673,        0.47],[         836,        0.61],[         860,        0.61],[         714,         0.5],[         707,         0.5]],
[[         665,        0.46],[         753,        0.55],[         979,         0.7],[         748,        0.53],[         690,        0.49]],
[[         643,        0.45],[         765,        0.55],[         848,         0.6],[         783,        0.55],[         676,        0.48]],
[[         617,        0.43],[         759,        0.55],[         840,         0.6],[         765,        0.54],[         687,        0.48]],
[[         652,        0.45],[         730,        0.53],[         802,        0.57],[         720,        0.51],[         639,        0.45]],
[[         676,        0.47],[         829,         0.6],[         838,         0.6],[         800,        0.56],[         658,        0.46]],
[[         637,        0.44],[         866,        0.63],[         806,        0.57],[         776,        0.55],[         582,        0.41]],
[[         650,        0.45],[         638,        0.46],[         769,        0.55],[         831,        0.59],[         616,        0.43]],
[[         620,        0.43],[         641,        0.46],[         698,         0.5],[         857,        0.61],[         630,        0.44]],
[[         628,        0.44],[         590,        0.43],[         665,        0.47],[         764,        0.54],[         629,        0.44]],
[[         592,        0.41],[         561,        0.41],[         708,         0.5],[         764,        0.54],[         644,        0.45]],
[[         608,        0.42],[         571,        0.41],[         644,        0.46],[         849,         0.6],[         674,        0.48]],
[[         655,        0.45],[         522,        0.38],[         620,        0.44],[         750,        0.53],[         696,        0.49]],
[[         628,        0.44],[         499,        0.36],[         601,        0.43],[         726,        0.51],[         668,        0.47]],
[[         582,         0.4],[         523,        0.38],[         589,        0.42],[         675,        0.48],[         627,        0.44]],
[[         539,        0.37],[         552,         0.4],[         671,        0.48],[         710,         0.5],[         682,        0.48]],
[[         565,        0.39],[         489,        0.35],[         709,         0.5],[         670,        0.47],[         660,        0.47]],
[[         522,        0.36],[         486,        0.35],[         510,        0.36],[         609,        0.43],[         697,        0.49]],
[[         490,        0.34],[         452,        0.33],[         506,        0.36],[         557,        0.39],[         706,         0.5]],
[[         443,        0.31],[         422,        0.31],[         464,        0.33],[         539,        0.38],[         625,        0.44]],
[[         407,        0.28],[         406,        0.29],[         412,        0.29],[         551,        0.39],[         615,        0.43]],
[[         376,        0.26],[         394,        0.29],[         410,        0.29],[         491,        0.35],[         657,        0.46]],
[[         352,        0.24],[         425,        0.31],[         365,        0.26],[         466,        0.33],[         575,        0.41]],
[[         346,        0.24],[         375,        0.27],[         342,        0.24],[         443,        0.31],[         545,        0.38]],
[[         217,        0.15],[         340,        0.25],[         339,        0.24],[         428,         0.3],[         501,        0.35]],
[[         218,        0.15],[         265,        0.19],[         365,        0.26],[         456,        0.32],[         506,        0.36]],
[[         180,        0.12],[         274,         0.2],[         308,        0.22],[         479,        0.34],[         468,        0.33]],
[[         114,        0.08],[         241,        0.17],[         291,        0.21],[         331,        0.23],[         418,        0.29]],
[[         136,        0.09],[         219,        0.16],[         262,        0.19],[         314,        0.22],[         376,        0.27]],
[[         102,        0.07],[         179,        0.13],[         213,        0.15],[         276,        0.19],[         351,        0.25]],
[[         516,        0.36],[         133,         0.1],[         204,        0.15],[         240,        0.17],[         341,        0.24]],
[[           .,           .],[         130,        0.09],[         152,        0.11],[         220,        0.16],[         286,         0.2]],
[[           .,           .],[         107,        0.08],[         179,        0.13],[         182,        0.13],[         258,        0.18]],
[[           .,           .],[          82,        0.06],[         116,        0.08],[         149,        0.11],[         220,        0.16]],
[[           .,           .],[          71,        0.05],[         105,        0.07],[         127,        0.09],[         187,        0.13]],
[[           .,           .],[         172,        0.12],[         248,        0.18],[         379,        0.27],[         640,        0.45]]],
[[[         915,        0.64],[         945,        0.69],[         954,        0.68],[         878,        0.62],[         889,        0.63]],
[[         901,        0.63],[         951,        0.69],[         966,        0.69],[         875,        0.62],[         877,        0.62]],
[[         914,        0.63],[         943,        0.68],[         875,        0.62],[         877,        0.62],[         871,        0.61]],
[[        1010,         0.7],[         851,        0.62],[         949,        0.68],[         880,        0.62],[         866,        0.61]],
[[         982,        0.68],[         861,        0.62],[         931,        0.66],[         881,        0.62],[         860,        0.61]],
[[        1019,        0.71],[         765,        0.55],[        1003,        0.71],[         880,        0.62],[         853,         0.6]],
[[        1022,        0.71],[         740,        0.54],[         949,        0.68],[         878,        0.62],[         846,         0.6]],
[[        1041,        0.72],[         800,        0.58],[        1010,        0.72],[         874,        0.62],[         840,        0.59]],
[[        1023,        0.71],[         829,         0.6],[         893,        0.64],[         875,        0.62],[         835,        0.59]],
[[        1033,        0.72],[         864,        0.63],[         896,        0.64],[         882,        0.62],[         835,        0.59]],
[[        1136,        0.79],[         852,        0.62],[         870,        0.62],[         880,        0.62],[         832,        0.59]],
[[        1057,        0.73],[         851,        0.62],[         878,        0.62],[         864,        0.61],[         832,        0.59]],
[[        1113,        0.77],[         855,        0.62],[         901,        0.64],[         840,        0.59],[         829,        0.58]],
[[        1132,        0.79],[         913,        0.66],[         796,        0.57],[         887,        0.63],[         829,        0.58]],
[[        1067,        0.74],[         941,        0.68],[         805,        0.57],[         874,        0.62],[         825,        0.58]],
[[        1012,         0.7],[         941,        0.68],[         712,        0.51],[         914,        0.65],[         831,        0.59]],
[[         938,        0.65],[         943,        0.68],[         731,        0.52],[         921,        0.65],[         832,        0.59]],
[[        1011,         0.7],[         927,        0.67],[         793,        0.56],[         965,        0.68],[         838,        0.59]],
[[        1076,        0.75],[         928,        0.67],[         843,         0.6],[         913,        0.64],[         894,        0.63]],
[[        1163,        0.81],[        1007,        0.73],[         971,        0.69],[        1073,        0.76],[        1055,        0.74]],
[[        1110,        0.77],[        1233,        0.89],[        1028,        0.73],[        1156,        0.82],[        1133,         0.8]],
[[        1155,         0.8],[        1182,        0.86],[        1139,        0.81],[        1143,        0.81],[        1128,         0.8]],
[[        1135,        0.79],[        1193,        0.87],[        1028,        0.73],[        1082,        0.76],[        1070,        0.75]],
[[         824,        0.57],[        1175,        0.85],[        1067,        0.76],[         996,         0.7],[        1084,        0.76]],
[[         873,        0.61],[        1087,        0.79],[        1103,        0.78],[         964,        0.68],[        1052,        0.74]],
[[         856,        0.59],[        1040,        0.75],[        1172,        0.83],[         876,        0.62],[        1043,        0.74]],
[[        1004,         0.7],[         974,        0.71],[        1098,        0.78],[         847,         0.6],[        1035,        0.73]],
[[        1075,        0.75],[        1007,        0.73],[         985,         0.7],[         867,        0.61],[        1018,        0.72]],
[[        1016,        0.71],[         925,        0.67],[         944,        0.67],[         864,        0.61],[         944,        0.67]],
[[        1069,        0.74],[         860,        0.62],[         961,        0.68],[         878,        0.62],[         915,        0.65]],
[[        1109,        0.77],[         759,        0.55],[        1028,        0.73],[         879,        0.62],[         922,        0.65]],
[[        1084,        0.75],[         756,        0.55],[         934,        0.66],[         882,        0.62],[         885,        0.62]],
[[        1141,        0.79],[         795,        0.58],[         909,        0.65],[         863,        0.61],[         879,        0.62]],
[[        1105,        0.77],[         780,        0.57],[         958,        0.68],[         875,        0.62],[         816,        0.58]],
[[        1152,         0.8],[         775,        0.56],[         893,        0.64],[         905,        0.64],[         795,        0.56]],
[[        1106,        0.77],[         854,        0.62],[         930,        0.66],[         937,        0.66],[         754,        0.53]],
[[        1157,         0.8],[         903,        0.65],[         901,        0.64],[         926,        0.65],[         736,        0.52]],
[[        1150,         0.8],[         969,         0.7],[         899,        0.64],[         892,        0.63],[         760,        0.54]],
[[        1049,        0.73],[         912,        0.66],[         819,        0.58],[         863,        0.61],[         772,        0.54]],
[[        1058,        0.73],[         927,        0.67],[         760,        0.54],[         854,         0.6],[         785,        0.55]],
[[        1076,        0.75],[         964,         0.7],[         657,        0.47],[         897,        0.63],[         785,        0.55]],
[[        1026,        0.71],[         961,         0.7],[         709,         0.5],[         844,         0.6],[         797,        0.56]],
[[        1003,         0.7],[        1010,        0.73],[         761,        0.54],[         841,        0.59],[         780,        0.55]],
[[         967,        0.67],[        1029,        0.75],[         746,        0.53],[         864,        0.61],[         789,        0.56]],
[[         944,        0.66],[        1056,        0.77],[         772,        0.55],[         811,        0.57],[         823,        0.58]],
[[         929,        0.65],[        1022,        0.74],[         797,        0.57],[         833,        0.59],[         850,         0.6]],
[[         846,        0.59],[        1041,        0.75],[         847,         0.6],[         828,        0.58],[         850,         0.6]],
[[         904,        0.63],[        1030,        0.75],[         907,        0.65],[         818,        0.58],[         823,        0.58]],
[[         865,         0.6],[         956,        0.69],[         902,        0.64],[         788,        0.56],[         801,        0.56]],
[[         849,        0.59],[         965,         0.7],[         834,        0.59],[         736,        0.52],[         796,        0.56]],
[[         894,        0.62],[         967,         0.7],[         873,        0.62],[         636,        0.45],[         833,        0.59]],
[[         968,        0.67],[         928,        0.67],[         897,        0.64],[         676,        0.48],[         791,        0.56]],
[[         769,        0.53],[         890,        0.65],[         945,        0.67],[         693,        0.49],[         792,        0.56]],
[[         701,        0.49],[         898,        0.65],[         976,        0.69],[         687,        0.49],[         810,        0.57]],
[[         661,        0.46],[         857,        0.62],[         968,        0.69],[         717,        0.51],[         768,        0.54]],
[[         673,        0.47],[         819,        0.59],[         960,        0.68],[         770,        0.54],[         781,        0.55]],
[[         688,        0.48],[         768,        0.56],[         975,        0.69],[         805,        0.57],[         785,        0.55]],
[[         639,        0.44],[         787,        0.57],[         921,        0.66],[         863,        0.61],[         779,        0.55]],
[[         701,        0.49],[         781,        0.57],[         876,        0.62],[         853,         0.6],[         754,        0.53]],
[[         682,        0.47],[         751,        0.54],[         915,        0.65],[         814,        0.57],[         706,         0.5]],
[[         727,         0.5],[         803,        0.58],[         888,        0.63],[         829,        0.59],[         615,        0.43]],
[[         717,         0.5],[         827,         0.6],[         857,        0.61],[         851,         0.6],[         640,        0.45]],
[[         668,        0.46],[         671,        0.49],[         819,        0.58],[         882,        0.62],[         659,        0.46]],
[[         676,        0.47],[         613,        0.44],[         824,        0.59],[         911,        0.64],[         655,        0.46]],
[[         692,        0.48],[         604,        0.44],[         767,        0.55],[         916,        0.65],[         679,        0.48]],
[[         675,        0.47],[         586,        0.42],[         734,        0.52],[         907,        0.64],[         720,        0.51]],
[[         656,        0.46],[         578,        0.42],[         667,        0.47],[         895,        0.63],[         750,        0.53]],
[[         708,        0.49],[         559,        0.41],[         675,        0.48],[         845,         0.6],[         792,        0.56]],
[[         667,        0.46],[         586,        0.42],[         691,        0.49],[         791,        0.56],[         778,        0.55]],
[[         605,        0.42],[         583,        0.42],[         661,        0.47],[         799,        0.56],[         739,        0.52]],
[[         602,        0.42],[         600,        0.44],[         689,        0.49],[         784,        0.55],[         752,        0.53]],
[[         618,        0.43],[         600,        0.44],[         724,        0.52],[         737,        0.52],[         766,        0.54]],
[[         635,        0.44],[         556,         0.4],[         570,        0.41],[         704,         0.5],[         783,        0.55]],
[[         613,        0.43],[         552,         0.4],[         506,        0.36],[         705,         0.5],[         798,        0.56]],
[[         576,         0.4],[         538,        0.39],[         508,        0.36],[         650,        0.46],[         786,        0.55]],
[[         566,        0.39],[         538,        0.39],[         504,        0.36],[         621,        0.44],[         775,        0.55]],
[[         570,         0.4],[         501,        0.36],[         457,        0.33],[         570,         0.4],[         762,        0.54]],
[[         556,        0.39],[         506,        0.37],[         433,        0.31],[         559,        0.39],[         703,         0.5]],
[[         556,        0.39],[         474,        0.34],[         458,        0.33],[         544,        0.38],[         645,        0.45]],
[[         375,        0.26],[         436,        0.32],[         438,        0.31],[         513,        0.36],[         638,        0.45]],
[[         301,        0.21],[         415,         0.3],[         441,        0.31],[         528,        0.37],[         606,        0.43]],
[[         294,         0.2],[         409,         0.3],[         406,        0.29],[         538,        0.38],[         561,         0.4]],
[[         252,        0.17],[         354,        0.26],[         385,        0.27],[         404,        0.29],[         517,        0.36]],
[[         279,        0.19],[         328,        0.24],[         346,        0.25],[         350,        0.25],[         498,        0.35]],
[[         245,        0.17],[         310,        0.22],[         318,        0.23],[         332,        0.23],[         448,        0.32]],
[[        1604,        1.11],[         286,        0.21],[         321,        0.23],[         305,        0.22],[         404,        0.28]],
[[           .,           .],[         269,         0.2],[         240,        0.17],[         268,        0.19],[         352,        0.25]],
[[           .,           .],[         225,        0.16],[         242,        0.17],[         236,        0.17],[         331,        0.23]],
[[           .,           .],[         229,        0.17],[         207,        0.15],[         229,        0.16],[         304,        0.21]],
[[           .,           .],[         154,        0.11],[         175,        0.12],[         206,        0.15],[         271,        0.19]],
[[           .,           .],[         575,        0.42],[         638,        0.45],[         733,        0.52],[        1068,        0.75]]]]}}
