{
"ons":{
"label":"Population Projections for England and Wales, by local authority",
"source":"Office for National Statistics",
"updated":"2014-10-01",
"area": {
"code":"K04000001",
"label":"England and Wales"
},
"time": {
"label":"1998-2038",
"index":["1998",  "2008",  "2018",  "2028",  "2038"]
},
"concept":{
"label":["population", "% of population"],
"units":["count", "%"],
"max":[         968,         0.92]
},
"sums":{
"series1":[       38696,        39198,        43893,        49073,        53848],
"series2":[       41424,        42342,        47447,        53651,        59028]
},
"dimension":{
"label":"age",
"index":["0", "1", "2", "3", "4", "5", "6", "7", "8", "9", "10", "11", "12", "13", "14", "15", "16", "17", "18", "19", "20", "21", "22", "23", "24", "25", "26", "27", "28", "29", "30", "31", "32", "33", "34", "35", "36", "37", "38", "39", "40", "41", "42", "43", "44", "45", "46", "47", "48", "49", "50", "51", "52", "53", "54", "55", "56", "57", "58", "59", "60", "61", "62", "63", "64", "65", "66", "67", "68", "69", "70", "71", "72", "73", "74", "75", "76", "77", "78", "79", "80", "81", "82", "83", "84", "85", "86", "87", "88", "89", "90+"]
},
"series":["male", "female"],
"value":[[[[         490,        0.61],[         462,        0.57],[         529,        0.58],[         623,        0.61],[         641,        0.57]],
[[         492,        0.61],[         470,        0.58],[         575,        0.63],[         640,        0.62],[         654,        0.58]],
[[         488,        0.61],[         446,        0.55],[         622,        0.68],[         651,        0.63],[         663,        0.59]],
[[         532,        0.66],[         476,        0.58],[         621,        0.68],[         660,        0.64],[         675,         0.6]],
[[         532,        0.66],[         481,        0.59],[         587,        0.64],[         664,        0.65],[         678,         0.6]],
[[         524,        0.65],[         451,        0.55],[         538,        0.59],[         666,        0.65],[         682,         0.6]],
[[         598,        0.75],[         450,        0.55],[         616,        0.67],[         654,        0.64],[         687,        0.61]],
[[         609,        0.76],[         470,        0.58],[         543,        0.59],[         650,        0.63],[         687,        0.61]],
[[         531,        0.66],[         490,         0.6],[         571,        0.63],[         646,        0.63],[         690,        0.61]],
[[         578,        0.72],[         478,        0.59],[         585,        0.64],[         639,        0.62],[         696,        0.62]],
[[         590,        0.74],[         499,        0.61],[         501,        0.55],[         629,        0.61],[         703,        0.62]],
[[         521,        0.65],[         500,        0.61],[         532,        0.58],[         598,        0.58],[         705,        0.62]],
[[         562,         0.7],[         504,        0.62],[         532,        0.58],[         653,        0.64],[         700,        0.62]],
[[         530,        0.66],[         517,        0.63],[         515,        0.56],[         652,        0.63],[         696,        0.62]],
[[         499,        0.62],[         548,        0.67],[         510,        0.56],[         634,        0.62],[         695,        0.62]],
[[         476,        0.59],[         517,        0.63],[         493,        0.54],[         586,        0.57],[         697,        0.62]],
[[         477,         0.6],[         553,        0.68],[         481,        0.53],[         645,        0.63],[         683,        0.61]],
[[         452,        0.56],[         548,        0.67],[         493,        0.54],[         576,        0.56],[         676,         0.6]],
[[         444,        0.55],[         522,        0.64],[         506,        0.55],[         562,        0.55],[         641,        0.57]],
[[         411,        0.51],[         529,        0.65],[         483,        0.53],[         543,        0.53],[         598,        0.53]],
[[         400,         0.5],[         517,        0.63],[         472,        0.52],[         480,        0.47],[         581,        0.51]],
[[         435,        0.54],[         471,        0.58],[         454,         0.5],[         498,        0.48],[         550,        0.49]],
[[         437,        0.55],[         489,         0.6],[         495,        0.54],[         488,        0.48],[         597,        0.53]],
[[         479,         0.6],[         460,        0.56],[         524,        0.57],[         469,        0.46],[         592,        0.52]],
[[         505,        0.63],[         444,        0.54],[         526,        0.58],[         466,        0.45],[         567,         0.5]],
[[         478,         0.6],[         439,        0.54],[         473,        0.52],[         435,        0.42],[         519,        0.46]],
[[         476,        0.59],[         444,        0.54],[         528,        0.58],[         432,        0.42],[         564,         0.5]],
[[         541,        0.68],[         416,        0.51],[         543,        0.59],[         448,        0.44],[         520,        0.46]],
[[         610,        0.76],[         437,        0.54],[         535,        0.59],[         472,        0.46],[         530,        0.47]],
[[         528,        0.66],[         434,        0.53],[         541,        0.59],[         478,        0.47],[         552,        0.49]],
[[         589,        0.74],[         382,        0.47],[         575,        0.63],[         507,        0.49],[         518,        0.46]],
[[         582,        0.73],[         410,         0.5],[         517,        0.57],[         543,        0.53],[         542,        0.48]],
[[         572,        0.71],[         404,         0.5],[         582,        0.64],[         572,        0.56],[         549,        0.49]],
[[         606,        0.76],[         462,        0.57],[         533,        0.58],[         610,        0.59],[         550,        0.49]],
[[         602,        0.75],[         483,        0.59],[         545,         0.6],[         635,        0.62],[         557,        0.49]],
[[         612,        0.76],[         490,         0.6],[         574,        0.63],[         646,        0.63],[         548,        0.49]],
[[         610,        0.76],[         541,        0.66],[         551,         0.6],[         684,        0.67],[         554,        0.49]],
[[         602,        0.75],[         587,        0.72],[         561,        0.61],[         743,        0.72],[         594,        0.53]],
[[         638,         0.8],[         608,        0.75],[         620,        0.68],[         724,         0.7],[         628,        0.56]],
[[         568,        0.71],[         570,         0.7],[         574,        0.63],[         743,        0.72],[         645,        0.57]],
[[         569,        0.71],[         622,        0.76],[         532,        0.58],[         730,        0.71],[         673,         0.6]],
[[         551,        0.69],[         629,        0.77],[         497,        0.54],[         686,        0.67],[         711,        0.63]],
[[         577,        0.72],[         593,        0.73],[         547,         0.6],[         718,         0.7],[         726,        0.64]],
[[         521,        0.65],[         626,        0.77],[         544,         0.6],[         651,        0.63],[         747,        0.66]],
[[         556,        0.69],[         616,        0.76],[         585,        0.64],[         663,        0.65],[         768,        0.68]],
[[         555,        0.69],[         611,        0.75],[         565,        0.62],[         674,        0.66],[         776,        0.69]],
[[         538,        0.67],[         630,        0.77],[         580,        0.63],[         632,        0.62],[         813,        0.72]],
[[         544,        0.68],[         586,        0.72],[         616,        0.67],[         634,        0.62],[         849,        0.75]],
[[         589,        0.74],[         622,        0.76],[         629,        0.69],[         659,        0.64],[         811,        0.72]],
[[         629,        0.79],[         578,        0.71],[         599,        0.66],[         618,         0.6],[         811,        0.72]],
[[         596,        0.74],[         589,        0.72],[         650,        0.71],[         560,        0.55],[         783,        0.69]],
[[         656,        0.82],[         556,        0.68],[         662,        0.72],[         539,        0.52],[         727,        0.64]],
[[         538,        0.67],[         566,        0.69],[         599,        0.66],[         567,        0.55],[         749,        0.66]],
[[         531,        0.66],[         515,        0.63],[         650,        0.71],[         557,        0.54],[         688,        0.61]],
[[         499,        0.62],[         549,        0.67],[         643,         0.7],[         583,        0.57],[         684,        0.61]],
[[         484,         0.6],[         526,        0.65],[         643,         0.7],[         587,        0.57],[         697,        0.62]],
[[         418,        0.52],[         532,        0.65],[         637,         0.7],[         576,        0.56],[         645,        0.57]],
[[         432,        0.54],[         516,        0.63],[         588,        0.64],[         622,        0.61],[         643,        0.57]],
[[         406,        0.51],[         553,        0.68],[         612,        0.67],[         622,        0.61],[         671,        0.59]],
[[         448,        0.56],[         577,        0.71],[         586,        0.64],[         592,        0.58],[         633,        0.56]],
[[         420,        0.52],[         570,         0.7],[         575,        0.63],[         653,        0.64],[         571,        0.51]],
[[         422,        0.53],[         611,        0.75],[         569,        0.62],[         651,        0.63],[         548,        0.49]],
[[         429,        0.54],[         474,        0.58],[         551,         0.6],[         610,        0.59],[         571,        0.51]],
[[         401,         0.5],[         495,        0.61],[         482,        0.53],[         652,        0.63],[         563,         0.5]],
[[         349,        0.44],[         445,        0.55],[         522,        0.57],[         629,        0.61],[         588,        0.52]],
[[         332,        0.41],[         420,        0.52],[         507,        0.56],[         633,        0.62],[         581,        0.51]],
[[         357,        0.45],[         370,        0.45],[         489,        0.54],[         609,        0.59],[         565,         0.5]],
[[         361,        0.45],[         376,        0.46],[         479,        0.52],[         560,        0.55],[         604,        0.54]],
[[         334,        0.42],[         347,        0.43],[         504,        0.55],[         579,        0.56],[         598,        0.53]],
[[         321,         0.4],[         368,        0.45],[         505,        0.55],[         549,        0.53],[         568,         0.5]],
[[         278,        0.35],[         343,        0.42],[         483,        0.53],[         528,        0.51],[         613,        0.54]],
[[         308,        0.38],[         318,        0.39],[         551,         0.6],[         511,         0.5],[         603,        0.53]],
[[         303,        0.38],[         314,        0.39],[         426,        0.47],[         485,        0.47],[         553,        0.49]],
[[         248,        0.31],[         297,        0.36],[         400,        0.44],[         429,        0.42],[         578,        0.51]],
[[         260,        0.32],[         258,        0.32],[         368,         0.4],[         453,        0.44],[         550,        0.49]],
[[         229,        0.29],[         244,         0.3],[         343,        0.38],[         419,        0.41],[         543,        0.48]],
[[         206,        0.26],[         242,         0.3],[         293,        0.32],[         392,        0.38],[         510,        0.45]],
[[         225,        0.28],[         247,         0.3],[         272,         0.3],[         376,        0.37],[         456,         0.4]],
[[         233,        0.29],[         201,        0.25],[         237,        0.26],[         392,        0.38],[         466,        0.41]],
[[         117,        0.15],[         200,        0.25],[         240,        0.26],[         370,        0.36],[         421,        0.37]],
[[          88,        0.11],[         157,        0.19],[         248,        0.27],[         336,        0.33],[         397,        0.35]],
[[          98,        0.12],[         179,        0.22],[         190,        0.21],[         366,        0.36],[         370,        0.33]],
[[          91,        0.11],[         130,        0.16],[         180,         0.2],[         273,        0.27],[         338,         0.3]],
[[          92,        0.11],[          90,        0.11],[         164,        0.18],[         249,        0.24],[         294,        0.26]],
[[          69,        0.09],[         104,        0.13],[         135,        0.15],[         222,        0.22],[         297,        0.26]],
[[          69,        0.09],[          83,         0.1],[         116,        0.13],[         201,         0.2],[         259,        0.23]],
[[          49,        0.06],[          66,        0.08],[         103,        0.11],[         159,        0.15],[         230,         0.2]],
[[          47,        0.06],[          70,        0.09],[          98,        0.11],[         131,        0.13],[         205,        0.18]],
[[          32,        0.04],[          64,        0.08],[          92,         0.1],[         108,        0.11],[         200,        0.18]],
[[          29,        0.04],[          31,        0.04],[          66,        0.07],[         102,         0.1],[         176,        0.16]],
[[          56,        0.07],[          93,        0.11],[         185,         0.2],[         332,        0.32],[         623,        0.55]]],
[[[         476,        0.59],[         496,        0.61],[         566,        0.62],[         596,        0.58],[         615,        0.54]],
[[         476,        0.59],[         444,        0.54],[         549,         0.6],[         614,         0.6],[         629,        0.56]],
[[         469,        0.59],[         470,        0.58],[         576,        0.63],[         639,        0.62],[         648,        0.57]],
[[         466,        0.58],[         440,        0.54],[         592,        0.65],[         641,        0.62],[         651,        0.58]],
[[         508,        0.63],[         443,        0.54],[         604,        0.66],[         647,        0.63],[         660,        0.58]],
[[         491,        0.61],[         424,        0.52],[         582,        0.64],[         645,        0.63],[         663,        0.59]],
[[         568,        0.71],[         409,         0.5],[         576,        0.63],[         646,        0.63],[         668,        0.59]],
[[         558,         0.7],[         487,         0.6],[         596,        0.65],[         644,        0.63],[         680,         0.6]],
[[         525,        0.66],[         493,         0.6],[         555,        0.61],[         637,        0.62],[         681,         0.6]],
[[         511,        0.64],[         545,        0.67],[         518,        0.57],[         628,        0.61],[         686,        0.61]],
[[         573,        0.72],[         485,        0.59],[         571,        0.63],[         607,        0.59],[         685,        0.61]],
[[         538,        0.67],[         528,        0.65],[         484,        0.53],[         582,        0.57],[         687,        0.61]],
[[         532,        0.66],[         458,        0.56],[         523,        0.57],[         615,         0.6],[         692,        0.61]],
[[         506,        0.63],[         503,        0.62],[         494,        0.54],[         618,         0.6],[         687,        0.61]],
[[         494,        0.62],[         516,        0.63],[         480,        0.53],[         640,        0.62],[         683,        0.61]],
[[         484,         0.6],[         486,         0.6],[         454,         0.5],[         635,        0.62],[         681,         0.6]],
[[         520,        0.65],[         551,        0.68],[         431,        0.47],[         612,         0.6],[         672,         0.6]],
[[         452,        0.56],[         536,        0.66],[         505,        0.55],[         627,        0.61],[         661,        0.59]],
[[         419,        0.52],[         460,        0.56],[         497,        0.54],[         556,        0.54],[         618,        0.55]],
[[         397,         0.5],[         447,        0.55],[         488,        0.53],[         492,        0.48],[         569,         0.5]],
[[         365,        0.46],[         506,        0.62],[         439,        0.48],[         521,        0.51],[         552,        0.49]],
[[         371,        0.46],[         447,        0.55],[         473,        0.52],[         463,        0.45],[         541,        0.48]],
[[         426,        0.53],[         449,        0.55],[         421,        0.46],[         493,        0.48],[         564,         0.5]],
[[         421,        0.53],[         428,        0.52],[         511,        0.56],[         467,        0.45],[         572,        0.51]],
[[         440,        0.55],[         414,        0.51],[         533,        0.58],[         457,        0.44],[         598,        0.53]],
[[         461,        0.58],[         425,        0.52],[         561,        0.61],[         443,        0.43],[         586,        0.52]],
[[         528,        0.66],[         462,        0.57],[         595,        0.65],[         430,        0.42],[         578,        0.51]],
[[         581,        0.73],[         464,        0.57],[         614,        0.67],[         495,        0.48],[         604,        0.54]],
[[         580,        0.72],[         462,        0.57],[         557,        0.61],[         529,        0.51],[         592,        0.52]],
[[         606,        0.76],[         469,        0.58],[         575,        0.63],[         581,        0.57],[         600,        0.53]],
[[         674,        0.84],[         424,        0.52],[         630,        0.69],[         579,        0.56],[         635,        0.56]],
[[         622,        0.78],[         457,        0.56],[         607,        0.66],[         660,        0.64],[         602,        0.53]],
[[         658,        0.82],[         467,        0.57],[         601,        0.66],[         651,        0.63],[         640,        0.57]],
[[         640,         0.8],[         489,         0.6],[         615,        0.67],[         704,        0.69],[         629,        0.56]],
[[         669,        0.83],[         508,        0.62],[         611,        0.67],[         747,        0.73],[         631,        0.56]],
[[         701,        0.87],[         522,        0.64],[         630,        0.69],[         779,        0.76],[         632,        0.56]],
[[         642,         0.8],[         603,        0.74],[         697,        0.76],[         850,        0.83],[         639,        0.57]],
[[         642,         0.8],[         679,        0.83],[         654,        0.72],[         863,        0.84],[         704,        0.62]],
[[         636,        0.79],[         638,        0.78],[         646,        0.71],[         798,        0.78],[         717,        0.64]],
[[         670,        0.84],[         680,        0.83],[         638,         0.7],[         833,        0.81],[         775,        0.69]],
[[         653,        0.82],[         704,        0.86],[         551,         0.6],[         825,         0.8],[         769,        0.68]],
[[         625,        0.78],[         655,         0.8],[         535,        0.59],[         777,        0.76],[         834,        0.74]],
[[         569,        0.71],[         686,        0.84],[         574,        0.63],[         773,        0.75],[         818,        0.72]],
[[         587,        0.73],[         679,        0.83],[         566,        0.62],[         765,        0.74],[         841,        0.75]],
[[         579,        0.72],[         667,        0.82],[         575,        0.63],[         728,        0.71],[         882,        0.78]],
[[         583,        0.73],[         750,        0.92],[         562,        0.62],[         732,        0.71],[         896,        0.79]],
[[         527,        0.66],[         659,        0.81],[         649,        0.71],[         769,        0.75],[         968,        0.86]],
[[         580,        0.72],[         651,         0.8],[         730,         0.8],[         729,        0.71],[         968,        0.86]],
[[         591,        0.74],[         646,        0.79],[         701,        0.77],[         711,        0.69],[         895,        0.79]],
[[         644,         0.8],[         640,        0.78],[         690,        0.76],[         685,        0.67],[         912,        0.81]],
[[         649,        0.81],[         638,        0.78],[         710,        0.78],[         612,         0.6],[         898,         0.8]],
[[         726,        0.91],[         633,        0.78],[         684,        0.75],[         590,        0.57],[         837,        0.74]],
[[         562,         0.7],[         555,        0.68],[         704,        0.77],[         617,         0.6],[         828,        0.73]],
[[         503,        0.63],[         565,        0.69],[         692,        0.76],[         610,        0.59],[         814,        0.72]],
[[         534,        0.67],[         558,        0.68],[         660,        0.72],[         602,        0.59],[         773,        0.68]],
[[         496,        0.62],[         557,        0.68],[         727,         0.8],[         609,        0.59],[         781,        0.69]],
[[         455,        0.57],[         540,        0.66],[         680,        0.74],[         674,        0.66],[         805,        0.71]],
[[         438,        0.55],[         577,        0.71],[         686,        0.75],[         758,        0.74],[         759,        0.67]],
[[         452,        0.56],[         560,        0.69],[         634,        0.69],[         701,        0.68],[         742,        0.66]],
[[         460,        0.57],[         602,        0.74],[         629,        0.69],[         726,        0.71],[         713,        0.63]],
[[         452,        0.56],[         594,        0.73],[         635,         0.7],[         730,        0.71],[         628,        0.56]],
[[         421,        0.53],[         697,        0.85],[         642,         0.7],[         689,        0.67],[         606,        0.54]],
[[         456,        0.57],[         538,        0.66],[         536,        0.59],[         705,        0.69],[         631,        0.56]],
[[         448,        0.56],[         464,        0.57],[         561,        0.61],[         702,        0.68],[         622,        0.55]],
[[         415,        0.52],[         498,        0.61],[         530,        0.58],[         668,        0.65],[         609,        0.54]],
[[         392,        0.49],[         459,        0.56],[         537,        0.59],[         718,         0.7],[         607,        0.54]],
[[         403,         0.5],[         404,         0.5],[         505,        0.55],[         671,        0.65],[         663,        0.59]],
[[         395,        0.49],[         409,         0.5],[         561,        0.61],[         649,        0.63],[         736,        0.65]],
[[         402,         0.5],[         406,         0.5],[         511,        0.56],[         612,         0.6],[         681,         0.6]],
[[         394,        0.49],[         392,        0.48],[         575,        0.63],[         604,        0.59],[         701,        0.62]],
[[         348,        0.43],[         400,        0.49],[         566,        0.62],[         591,        0.58],[         696,        0.62]],
[[         328,        0.41],[         370,        0.45],[         639,         0.7],[         595,        0.58],[         649,        0.57]],
[[         329,        0.41],[         392,        0.48],[         473,        0.52],[         497,        0.48],[         659,        0.58]],
[[         331,        0.41],[         371,        0.45],[         410,        0.45],[         515,         0.5],[         648,        0.57]],
[[         321,         0.4],[         348,        0.43],[         451,        0.49],[         476,        0.46],[         612,        0.54]],
[[         290,        0.36],[         299,        0.37],[         406,        0.44],[         475,        0.46],[         647,        0.57]],
[[         308,        0.38],[         329,         0.4],[         336,        0.37],[         447,        0.44],[         603,        0.53]],
[[         314,        0.39],[         281,        0.34],[         336,        0.37],[         477,        0.46],[         568,         0.5]],
[[         328,        0.41],[         299,        0.37],[         331,        0.36],[         439,        0.43],[         523,        0.46]],
[[         186,        0.23],[         277,        0.34],[         295,        0.32],[         470,        0.46],[         506,        0.45]],
[[         220,        0.27],[         221,        0.27],[         292,        0.32],[         450,        0.44],[         484,        0.43]],
[[         168,        0.21],[         204,        0.25],[         286,        0.31],[         474,        0.46],[         468,        0.41]],
[[         186,        0.23],[         194,        0.24],[         272,         0.3],[         347,        0.34],[         380,        0.34]],
[[         188,        0.23],[         201,        0.25],[         254,        0.28],[         289,        0.28],[         380,        0.34]],
[[         146,        0.18],[         185,        0.23],[         202,        0.22],[         302,        0.29],[         337,         0.3]],
[[         131,        0.16],[         161,         0.2],[         174,        0.19],[         251,        0.24],[         315,        0.28]],
[[         109,        0.14],[         140,        0.17],[         179,         0.2],[         194,        0.19],[         277,        0.25]],
[[         106,        0.13],[         153,        0.19],[         143,        0.16],[         182,        0.18],[         270,        0.24]],
[[          85,        0.11],[         138,        0.17],[         131,        0.14],[         164,        0.16],[         232,        0.21]],
[[          73,        0.09],[          80,         0.1],[         106,        0.12],[         139,        0.14],[         226,         0.2]],
[[         242,         0.3],[         302,        0.37],[         384,        0.42],[         472,        0.46],[         724,        0.64]]]]}}
