{
"ons":{
"label":"Population Projections for England and Wales, by local authority",
"source":"Office for National Statistics",
"updated":"2014-10-01",
"area": {
"code":"K04000001",
"label":"England and Wales"
},
"time": {
"label":"1998-2038",
"index":["1998",  "2008",  "2018",  "2028",  "2038"]
},
"concept":{
"label":["population", "% of population"],
"units":["count", "%"],
"max":[        2462,         1.72]
},
"sums":{
"series1":[       61768,        66157,        72964,        79144,        83411],
"series2":[       65346,        69577,        76752,        83388,        87853]
},
"dimension":{
"label":"age",
"index":["0", "1", "2", "3", "4", "5", "6", "7", "8", "9", "10", "11", "12", "13", "14", "15", "16", "17", "18", "19", "20", "21", "22", "23", "24", "25", "26", "27", "28", "29", "30", "31", "32", "33", "34", "35", "36", "37", "38", "39", "40", "41", "42", "43", "44", "45", "46", "47", "48", "49", "50", "51", "52", "53", "54", "55", "56", "57", "58", "59", "60", "61", "62", "63", "64", "65", "66", "67", "68", "69", "70", "71", "72", "73", "74", "75", "76", "77", "78", "79", "80", "81", "82", "83", "84", "85", "86", "87", "88", "89", "90+"]
},
"series":["male", "female"],
"value":[[[[         773,        0.61],[         792,        0.58],[         788,        0.53],[         824,        0.51],[         826,        0.48]],
[[         747,        0.59],[         823,        0.61],[         839,        0.56],[         865,        0.53],[         857,         0.5]],
[[         807,        0.63],[         819,         0.6],[         917,        0.61],[         904,        0.56],[         889,        0.52]],
[[         752,        0.59],[         845,        0.62],[         908,        0.61],[         938,        0.58],[         918,        0.54]],
[[         779,        0.61],[         894,        0.66],[         936,        0.63],[         961,        0.59],[         939,        0.55]],
[[         737,        0.58],[         847,        0.62],[         941,        0.63],[         978,         0.6],[         957,        0.56]],
[[         790,        0.62],[         763,        0.56],[        1004,        0.67],[         991,        0.61],[         973,        0.57]],
[[         852,        0.67],[         818,         0.6],[         980,        0.65],[        1004,        0.62],[         988,        0.58]],
[[         809,        0.64],[         832,        0.61],[        1092,        0.73],[        1013,        0.62],[        1003,        0.59]],
[[         829,        0.65],[         886,        0.65],[         960,        0.64],[        1033,        0.64],[        1027,         0.6]],
[[         886,         0.7],[         873,        0.64],[         959,        0.64],[        1038,        0.64],[        1042,        0.61]],
[[         840,        0.66],[         878,        0.65],[         986,        0.66],[        1035,        0.64],[        1059,        0.62]],
[[         777,        0.61],[         930,        0.69],[         937,        0.63],[        1102,        0.68],[        1072,        0.63]],
[[         923,        0.73],[         860,        0.63],[         944,        0.63],[        1061,        0.65],[        1075,        0.63]],
[[         937,        0.74],[         967,        0.71],[         944,        0.63],[        1080,        0.66],[        1090,        0.64]],
[[         901,        0.71],[         904,        0.67],[         948,        0.63],[        1080,        0.66],[        1089,        0.64]],
[[         856,        0.67],[         896,        0.66],[         836,        0.56],[        1115,        0.69],[        1089,        0.64]],
[[         908,        0.71],[         965,        0.71],[         877,        0.59],[        1090,        0.67],[        1086,        0.63]],
[[         902,        0.71],[         886,        0.65],[         918,        0.61],[        1072,        0.66],[        1023,         0.6]],
[[         840,        0.66],[         738,        0.54],[         665,        0.44],[         659,        0.41],[         690,         0.4]],
[[         495,        0.39],[         597,        0.44],[         588,        0.39],[         510,        0.31],[         540,        0.32]],
[[         438,        0.34],[         588,        0.43],[         619,        0.41],[         536,        0.33],[         549,        0.32]],
[[         471,        0.37],[         582,        0.43],[         659,        0.44],[         562,        0.35],[         635,        0.37]],
[[         610,        0.48],[         670,        0.49],[         614,        0.41],[         612,        0.38],[         689,         0.4]],
[[         725,        0.57],[         734,        0.54],[         738,        0.49],[         630,        0.39],[         716,        0.42]],
[[         636,         0.5],[         738,        0.54],[         689,        0.46],[         625,        0.38],[         743,        0.43]],
[[         759,         0.6],[         764,        0.56],[         603,         0.4],[         597,        0.37],[         776,        0.45]],
[[         828,        0.65],[         723,        0.53],[         727,        0.49],[         622,        0.38],[         763,        0.45]],
[[         839,        0.66],[         703,        0.52],[         702,        0.47],[         649,         0.4],[         760,        0.44]],
[[         890,         0.7],[         719,        0.53],[         766,        0.51],[         681,        0.42],[         743,        0.43]],
[[         897,        0.71],[         737,        0.54],[         769,        0.51],[         711,        0.44],[         772,        0.45]],
[[         961,        0.76],[         695,        0.51],[         830,        0.55],[         771,        0.47],[         786,        0.46]],
[[         989,        0.78],[         690,        0.51],[         704,        0.47],[         807,         0.5],[         774,        0.45]],
[[        1010,        0.79],[         713,        0.53],[         862,        0.58],[         791,        0.49],[         769,        0.45]],
[[         983,        0.77],[         867,        0.64],[         868,        0.58],[         877,        0.54],[         789,        0.46]],
[[         962,        0.76],[         808,         0.6],[         851,        0.57],[         885,        0.54],[         796,        0.46]],
[[         922,        0.73],[         926,        0.68],[        1007,        0.67],[         896,        0.55],[         798,        0.47]],
[[         949,        0.75],[         957,        0.71],[         920,        0.61],[        1006,        0.62],[         864,         0.5]],
[[         925,        0.73],[         983,        0.72],[         936,        0.63],[        1004,        0.62],[         911,        0.53]],
[[         965,        0.76],[        1064,        0.78],[         994,        0.66],[        1032,        0.63],[         958,        0.56]],
[[         920,        0.72],[        1056,        0.78],[        1013,        0.68],[        1062,        0.65],[         991,        0.58]],
[[         905,        0.71],[        1056,        0.78],[         982,        0.66],[        1075,        0.66],[        1037,        0.61]],
[[         868,        0.68],[        1124,        0.83],[         951,        0.64],[        1044,        0.64],[        1077,        0.63]],
[[         955,        0.75],[        1138,        0.84],[         954,        0.64],[        1111,        0.68],[        1068,        0.62]],
[[         899,        0.71],[        1160,        0.85],[        1068,        0.71],[        1095,        0.67],[        1140,        0.67]],
[[         918,        0.72],[        1075,        0.79],[        1030,        0.69],[        1124,        0.69],[        1121,        0.65]],
[[         918,        0.72],[        1022,        0.75],[        1126,        0.75],[        1171,        0.72],[        1115,        0.65]],
[[         886,         0.7],[         972,        0.72],[        1153,        0.77],[        1129,        0.69],[        1179,        0.69]],
[[         907,        0.71],[         958,        0.71],[        1157,        0.77],[        1128,        0.69],[        1161,        0.68]],
[[         918,        0.72],[        1018,        0.75],[        1122,        0.75],[        1130,         0.7],[        1164,        0.68]],
[[        1089,        0.86],[         912,        0.67],[        1178,        0.79],[        1096,        0.67],[        1168,        0.68]],
[[        1195,        0.94],[         877,        0.65],[        1082,        0.72],[        1016,        0.63],[        1158,        0.68]],
[[         917,        0.72],[         889,        0.65],[        1114,        0.74],[        1027,        0.63],[        1125,        0.66]],
[[         937,        0.74],[         933,        0.69],[        1186,        0.79],[        1023,        0.63],[        1157,        0.68]],
[[         875,        0.69],[         873,        0.64],[        1150,        0.77],[        1089,        0.67],[        1121,        0.65]],
[[         861,        0.68],[         847,        0.62],[        1112,        0.74],[        1071,        0.66],[        1135,        0.66]],
[[         683,        0.54],[         849,        0.63],[        1003,        0.67],[        1099,        0.68],[        1164,        0.68]],
[[         617,        0.49],[         820,         0.6],[        1000,        0.67],[        1130,         0.7],[        1126,        0.66]],
[[         669,        0.53],[         847,        0.62],[         929,        0.62],[        1108,        0.68],[        1107,        0.65]],
[[         654,        0.51],[         837,        0.62],[         950,        0.63],[        1108,        0.68],[        1099,        0.64]],
[[         683,        0.54],[         962,        0.71],[         890,        0.59],[        1117,        0.69],[        1052,        0.61]],
[[         627,        0.49],[        1088,         0.8],[         812,        0.54],[        1060,        0.65],[         979,        0.57]],
[[         606,        0.48],[         797,        0.59],[         804,        0.54],[        1086,        0.67],[         977,        0.57]],
[[         561,        0.44],[         811,         0.6],[         863,        0.58],[        1102,        0.68],[         970,        0.57]],
[[         549,        0.43],[         779,        0.57],[         806,        0.54],[        1075,        0.66],[        1017,        0.59]],
[[         573,        0.45],[         729,        0.54],[         764,        0.51],[        1015,        0.62],[        1006,        0.59]],
[[         540,        0.42],[         625,        0.46],[         761,        0.51],[         954,        0.59],[        1028,         0.6]],
[[         581,        0.46],[         502,        0.37],[         750,         0.5],[         924,        0.57],[        1046,        0.61]],
[[         527,        0.41],[         557,        0.41],[         800,        0.53],[         869,        0.53],[        1017,        0.59]],
[[         515,        0.41],[         526,        0.39],[         753,         0.5],[         867,        0.53],[        1015,        0.59]],
[[         468,        0.37],[         560,        0.41],[         837,        0.56],[         807,         0.5],[        1014,        0.59]],
[[         475,        0.37],[         481,        0.35],[         966,        0.65],[         760,        0.47],[         969,        0.57]],
[[         421,        0.33],[         489,        0.36],[         709,        0.47],[         735,        0.45],[         986,        0.58]],
[[         393,        0.31],[         478,        0.35],[         678,        0.45],[         768,        0.47],[         992,        0.58]],
[[         403,        0.32],[         442,        0.33],[         685,        0.46],[         706,        0.43],[         955,        0.56]],
[[         378,         0.3],[         472,        0.35],[         640,        0.43],[         657,         0.4],[         893,        0.52]],
[[         361,        0.28],[         407,         0.3],[         535,        0.36],[         643,         0.4],[         832,        0.49]],
[[         361,        0.28],[         450,        0.33],[         394,        0.26],[         642,        0.39],[         800,        0.47]],
[[         335,        0.26],[         413,         0.3],[         447,         0.3],[         655,         0.4],[         749,        0.44]],
[[         201,        0.16],[         383,        0.28],[         430,        0.29],[         632,        0.39],[         733,        0.43]],
[[         179,        0.14],[         330,        0.24],[         436,        0.29],[         698,        0.43],[         677,         0.4]],
[[         215,        0.17],[         319,        0.24],[         400,        0.27],[         751,        0.46],[         628,        0.37]],
[[         219,        0.17],[         272,         0.2],[         376,        0.25],[         535,        0.33],[         597,        0.35]],
[[         241,        0.19],[         234,        0.17],[         339,        0.23],[         511,        0.31],[         599,        0.35]],
[[         173,        0.14],[         233,        0.17],[         296,         0.2],[         488,         0.3],[         541,        0.32]],
[[         693,        0.55],[         219,        0.16],[         276,        0.18],[         448,        0.28],[         504,        0.29]],
[[           .,           .],[         174,        0.13],[         260,        0.17],[         356,        0.22],[         469,        0.27]],
[[           .,           .],[         178,        0.13],[         245,        0.16],[         265,        0.16],[         444,        0.26]],
[[           .,           .],[         124,        0.09],[         225,        0.15],[         275,        0.17],[         433,        0.25]],
[[           .,           .],[          96,        0.07],[         173,        0.12],[         239,        0.15],[         391,        0.23]],
[[           .,           .],[         290,        0.21],[         529,        0.35],[        1017,        0.63],[        1863,        1.09]]],
[[[         739,        0.58],[         819,         0.6],[         749,         0.5],[         786,        0.48],[         788,        0.46]],
[[         721,        0.57],[         828,        0.61],[         779,        0.52],[         832,        0.51],[         824,        0.48]],
[[         697,        0.55],[         795,        0.59],[         874,        0.58],[         875,        0.54],[         860,         0.5]],
[[         695,        0.55],[         787,        0.58],[         865,        0.58],[         906,        0.56],[         887,        0.52]],
[[         732,        0.58],[         755,        0.56],[         929,        0.62],[         938,        0.58],[         916,        0.53]],
[[         702,        0.55],[         748,        0.55],[         906,        0.61],[         953,        0.59],[         933,        0.54]],
[[         772,        0.61],[         746,        0.55],[         914,        0.61],[         966,        0.59],[         948,        0.55]],
[[         738,        0.58],[         743,        0.55],[        1044,         0.7],[         973,         0.6],[         957,        0.56]],
[[         801,        0.63],[         799,        0.59],[         987,        0.66],[         981,         0.6],[         971,        0.57]],
[[         745,        0.59],[         764,        0.56],[         962,        0.64],[         991,        0.61],[         984,        0.57]],
[[         801,        0.63],[         861,        0.63],[         991,        0.66],[         991,        0.61],[         995,        0.58]],
[[         776,        0.61],[         859,        0.63],[         907,        0.61],[         987,        0.61],[        1010,        0.59]],
[[         796,        0.63],[         850,        0.63],[         910,        0.61],[        1037,        0.64],[        1020,         0.6]],
[[         752,        0.59],[         814,         0.6],[         868,        0.58],[        1007,        0.62],[        1029,         0.6]],
[[         787,        0.62],[         881,        0.65],[         810,        0.54],[        1036,        0.64],[        1032,         0.6]],
[[         786,        0.62],[         784,        0.58],[         851,        0.57],[         993,        0.61],[        1034,         0.6]],
[[         757,         0.6],[         851,        0.63],[         824,        0.55],[        1030,        0.63],[        1036,         0.6]],
[[         785,        0.62],[         838,        0.62],[         835,        0.56],[        1112,        0.68],[        1043,        0.61]],
[[         764,         0.6],[         864,        0.64],[         801,        0.54],[         974,         0.6],[         979,        0.57]],
[[         715,        0.56],[         654,        0.48],[         506,        0.34],[         533,        0.33],[         553,        0.32]],
[[         458,        0.36],[         518,        0.38],[         454,         0.3],[         447,        0.28],[         439,        0.26]],
[[         448,        0.35],[         523,        0.39],[         489,        0.33],[         470,        0.29],[         494,        0.29]],
[[         467,        0.37],[         615,        0.45],[         573,        0.38],[         560,        0.34],[         618,        0.36]],
[[         663,        0.52],[         667,        0.49],[         705,        0.47],[         611,        0.38],[         690,         0.4]],
[[         663,        0.52],[         628,        0.46],[         748,         0.5],[         607,        0.37],[         708,        0.41]],
[[         681,        0.54],[         751,        0.55],[         631,        0.42],[         617,        0.38],[         731,        0.43]],
[[         778,        0.61],[         679,         0.5],[         665,        0.44],[         618,        0.38],[         778,        0.45]],
[[         842,        0.66],[         727,        0.54],[         736,        0.49],[         643,         0.4],[         787,        0.46]],
[[         861,        0.68],[         733,        0.54],[         809,        0.54],[         669,        0.41],[         781,        0.46]],
[[         899,        0.71],[         772,        0.57],[         872,        0.58],[         692,        0.43],[         778,        0.45]],
[[         942,        0.74],[         693,        0.51],[         875,        0.58],[         760,        0.47],[         843,        0.49]],
[[         948,        0.75],[         725,        0.53],[         763,        0.51],[         832,        0.51],[         840,        0.49]],
[[         868,        0.68],[         796,        0.59],[         941,        0.63],[         857,        0.53],[         856,         0.5]],
[[         975,        0.77],[         841,        0.62],[         876,        0.59],[         900,        0.55],[         853,         0.5]],
[[         999,        0.79],[         929,        0.68],[         896,         0.6],[         963,        0.59],[         867,        0.51]],
[[        1031,        0.81],[         940,        0.69],[         984,        0.66],[         961,        0.59],[         878,        0.51]],
[[         965,        0.76],[        1004,        0.74],[        1079,        0.72],[        1021,        0.63],[         883,        0.52]],
[[         945,        0.74],[        1079,        0.79],[        1007,        0.67],[        1090,        0.67],[         939,        0.55]],
[[         971,        0.76],[        1043,        0.77],[        1127,        0.75],[        1130,         0.7],[         986,        0.58]],
[[         967,        0.76],[        1072,        0.79],[        1190,        0.79],[        1155,        0.71],[        1028,         0.6]],
[[         960,        0.76],[        1053,        0.78],[         950,        0.63],[        1190,        0.73],[        1063,        0.62]],
[[         926,        0.73],[        1119,        0.82],[         969,        0.65],[        1145,         0.7],[        1119,        0.65]],
[[         985,        0.77],[        1105,        0.81],[        1068,        0.71],[        1178,        0.72],[        1116,        0.65]],
[[         935,        0.74],[        1137,        0.84],[        1097,        0.73],[        1167,        0.72],[        1140,        0.67]],
[[         920,        0.72],[        1128,        0.83],[        1144,        0.76],[        1138,         0.7],[        1184,        0.69]],
[[         915,        0.72],[        1115,        0.82],[        1102,        0.74],[        1190,        0.73],[        1166,        0.68]],
[[         901,        0.71],[        1064,        0.78],[        1204,         0.8],[        1240,        0.76],[        1207,         0.7]],
[[         956,        0.75],[        1022,        0.75],[        1207,        0.81],[        1220,        0.75],[        1240,        0.72]],
[[         978,        0.77],[        1005,        0.74],[        1165,        0.78],[        1249,        0.77],[        1236,        0.72]],
[[         981,        0.77],[         983,        0.72],[        1151,        0.77],[        1247,        0.77],[        1241,        0.72]],
[[        1133,        0.89],[         998,        0.74],[        1101,        0.74],[        1053,        0.65],[        1249,        0.73]],
[[        1223,        0.96],[         905,        0.67],[        1199,         0.8],[        1037,        0.64],[        1192,         0.7]],
[[         987,        0.78],[         969,        0.71],[        1146,        0.77],[        1088,        0.67],[        1207,         0.7]],
[[         953,        0.75],[         853,        0.63],[        1114,        0.74],[        1111,        0.68],[        1182,        0.69]],
[[         929,        0.73],[         864,        0.64],[        1148,        0.77],[        1126,        0.69],[        1135,        0.66]],
[[         837,        0.66],[         865,        0.64],[        1108,        0.74],[        1103,        0.68],[        1170,        0.68]],
[[         755,        0.59],[         888,        0.65],[        1015,        0.68],[        1167,        0.72],[        1202,         0.7]],
[[         657,        0.52],[         839,        0.62],[        1024,        0.68],[        1172,        0.72],[        1181,        0.69]],
[[         693,        0.55],[         873,        0.64],[         989,        0.66],[        1116,        0.69],[        1198,         0.7]],
[[         698,        0.55],[         909,        0.67],[         958,        0.64],[        1118,        0.69],[        1186,        0.69]],
[[         650,        0.51],[        1036,        0.76],[         943,        0.63],[        1095,        0.67],[        1025,         0.6]],
[[         644,        0.51],[        1131,        0.83],[         831,        0.56],[        1150,        0.71],[        1007,        0.59]],
[[         635,         0.5],[         891,        0.66],[         905,         0.6],[        1115,        0.69],[        1040,        0.61]],
[[         594,        0.47],[         841,        0.62],[         822,        0.55],[        1111,        0.68],[        1059,        0.62]],
[[         572,        0.45],[         847,        0.62],[         868,        0.58],[        1090,        0.67],[        1067,        0.62]],
[[         566,        0.45],[         753,        0.55],[         832,        0.56],[        1045,        0.64],[        1059,        0.62]],
[[         601,        0.47],[         663,        0.49],[         837,        0.56],[         992,        0.61],[        1109,        0.65]],
[[         640,         0.5],[         552,        0.41],[         820,        0.55],[         977,         0.6],[        1117,        0.65]],
[[         600,        0.47],[         584,        0.43],[         793,        0.53],[         948,        0.58],[        1068,        0.62]],
[[         625,        0.49],[         627,        0.46],[         867,        0.58],[         921,        0.57],[        1070,        0.62]],
[[         569,        0.45],[         605,        0.45],[         951,        0.64],[         904,        0.56],[        1055,        0.62]],
[[         587,        0.46],[         563,        0.41],[        1042,         0.7],[         820,         0.5],[        1105,        0.65]],
[[         599,        0.47],[         604,        0.44],[         826,        0.55],[         861,        0.53],[        1077,        0.63]],
[[         511,         0.4],[         545,         0.4],[         804,        0.54],[         782,        0.48],[        1074,        0.63]],
[[         541,        0.43],[         538,         0.4],[         799,        0.53],[         824,        0.51],[        1055,        0.62]],
[[         530,        0.42],[         530,        0.39],[         721,        0.48],[         782,        0.48],[        1010,        0.59]],
[[         549,        0.43],[         528,        0.39],[         619,        0.41],[         783,        0.48],[         953,        0.56]],
[[         579,        0.46],[         552,        0.41],[         497,        0.33],[         769,        0.47],[         931,        0.54]],
[[         552,        0.43],[         506,        0.37],[         562,        0.38],[         751,        0.46],[         889,        0.52]],
[[         377,         0.3],[         531,        0.39],[         553,        0.37],[         765,        0.47],[         848,         0.5]],
[[         331,        0.26],[         479,        0.35],[         534,        0.36],[         836,        0.51],[         818,        0.48]],
[[         374,        0.29],[         491,        0.36],[         447,         0.3],[         913,        0.56],[         740,        0.43]],
[[         409,        0.32],[         440,        0.32],[         508,        0.34],[         711,        0.44],[         753,        0.44]],
[[         418,        0.33],[         395,        0.29],[         445,         0.3],[         658,         0.4],[         677,         0.4]],
[[         355,        0.28],[         395,        0.29],[         414,        0.28],[         639,        0.39],[         689,         0.4]],
[[        2184,        1.72],[         368,        0.27],[         416,        0.28],[         565,        0.35],[         638,        0.37]],
[[           .,           .],[         326,        0.24],[         347,        0.23],[         457,        0.28],[         615,        0.36]],
[[           .,           .],[         387,        0.29],[         401,        0.27],[         365,        0.22],[         581,        0.34]],
[[           .,           .],[         318,        0.23],[         314,        0.21],[         377,        0.23],[         544,        0.32]],
[[           .,           .],[         236,        0.17],[         304,         0.2],[         352,        0.22],[         528,        0.31]],
[[           .,           .],[         846,        0.62],[        1139,        0.76],[        1472,        0.91],[        2462,        1.44]]]]}}
