{
"ons":{
"label":"Population Projections for England and Wales, by local authority",
"source":"Office for National Statistics",
"updated":"2014-10-01",
"area": {
"code":"K04000001",
"label":"England and Wales"
},
"time": {
"label":"1998-2038",
"index":["1998",  "2008",  "2018",  "2028",  "2038"]
},
"concept":{
"label":["population", "% of population"],
"units":["count", "%"],
"max":[        2311,         1.62]
},
"sums":{
"series1":[       65833,        68008,        70395,        70376,        70316],
"series2":[       70252,        71473,        72511,        72620,        72499]
},
"dimension":{
"label":"age",
"index":["0", "1", "2", "3", "4", "5", "6", "7", "8", "9", "10", "11", "12", "13", "14", "15", "16", "17", "18", "19", "20", "21", "22", "23", "24", "25", "26", "27", "28", "29", "30", "31", "32", "33", "34", "35", "36", "37", "38", "39", "40", "41", "42", "43", "44", "45", "46", "47", "48", "49", "50", "51", "52", "53", "54", "55", "56", "57", "58", "59", "60", "61", "62", "63", "64", "65", "66", "67", "68", "69", "70", "71", "72", "73", "74", "75", "76", "77", "78", "79", "80", "81", "82", "83", "84", "85", "86", "87", "88", "89", "90+"]
},
"series":["male", "female"],
"value":[[[[         732,        0.54],[         819,        0.59],[         743,        0.52],[         735,        0.51],[         712,         0.5]],
[[         763,        0.56],[         801,        0.57],[         730,        0.51],[         748,        0.52],[         720,         0.5]],
[[         823,         0.6],[         788,        0.56],[         787,        0.55],[         759,        0.53],[         724,        0.51]],
[[         800,        0.59],[         776,        0.56],[         783,        0.55],[         769,        0.54],[         729,        0.51]],
[[         859,        0.63],[         721,        0.52],[         798,        0.56],[         775,        0.54],[         732,        0.51]],
[[         915,        0.67],[         678,        0.49],[         770,        0.54],[         782,        0.55],[         736,        0.52]],
[[         939,        0.69],[         709,        0.51],[         872,        0.61],[         792,        0.55],[         747,        0.52]],
[[         943,        0.69],[         799,        0.57],[         857,         0.6],[         792,        0.55],[         749,        0.52]],
[[         922,        0.68],[         781,        0.56],[         781,        0.55],[         794,        0.56],[         754,        0.53]],
[[         879,        0.65],[         810,        0.58],[         863,         0.6],[         796,        0.56],[         761,        0.53]],
[[         907,        0.67],[         814,        0.58],[         834,        0.58],[         798,        0.56],[         768,        0.54]],
[[         891,        0.65],[         809,        0.58],[         791,        0.55],[         803,        0.56],[         779,        0.55]],
[[         929,        0.68],[         885,        0.63],[         818,        0.57],[         805,        0.56],[         787,        0.55]],
[[         910,        0.67],[         887,        0.64],[         803,        0.56],[         811,        0.57],[         798,        0.56]],
[[         886,        0.65],[         927,        0.66],[         757,        0.53],[         809,        0.57],[         807,        0.57]],
[[         922,        0.68],[         947,        0.68],[         703,        0.49],[         830,        0.58],[         821,        0.57]],
[[         907,        0.67],[         937,        0.67],[         779,        0.55],[         901,        0.63],[         827,        0.58]],
[[         872,        0.64],[         951,        0.68],[         841,        0.59],[         873,        0.61],[         828,        0.58]],
[[         777,        0.57],[         960,        0.69],[         910,        0.64],[         805,        0.56],[         812,        0.57]],
[[         630,        0.46],[         796,        0.57],[        1348,        0.94],[         737,        0.52],[         716,         0.5]],
[[         591,        0.43],[         794,        0.57],[         974,        0.68],[         706,        0.49],[         686,        0.48]],
[[         592,        0.44],[         766,        0.55],[         523,        0.37],[         671,        0.47],[         686,        0.48]],
[[         681,         0.5],[         854,        0.61],[         676,        0.47],[         708,         0.5],[         714,         0.5]],
[[         747,        0.55],[         904,        0.65],[         819,        0.57],[         697,        0.49],[         731,        0.51]],
[[         745,        0.55],[         825,        0.59],[         888,        0.62],[         683,        0.48],[         746,        0.52]],
[[         824,        0.61],[         839,         0.6],[         875,        0.61],[         660,        0.46],[         759,        0.53]],
[[         824,        0.61],[         835,         0.6],[         820,        0.57],[         677,        0.47],[         804,        0.56]],
[[         881,        0.65],[         853,        0.61],[         875,        0.61],[         742,        0.52],[         790,        0.55]],
[[         823,         0.6],[         882,        0.63],[         924,        0.65],[         752,        0.53],[         763,        0.53]],
[[         937,        0.69],[         822,        0.59],[         771,        0.54],[         773,        0.54],[         777,        0.54]],
[[         931,        0.68],[         779,        0.56],[         829,        0.58],[         790,        0.55],[         789,        0.55]],
[[         943,        0.69],[         765,        0.55],[         842,        0.59],[         809,        0.57],[         763,        0.53]],
[[        1016,        0.75],[         762,        0.55],[         979,        0.69],[         833,        0.58],[         761,        0.53]],
[[        1005,        0.74],[         767,        0.55],[         949,        0.66],[         854,         0.6],[         735,        0.51]],
[[         986,        0.72],[         798,        0.57],[         868,        0.61],[         879,        0.61],[         714,         0.5]],
[[         965,        0.71],[         824,        0.59],[         911,        0.64],[         865,         0.6],[         700,        0.49]],
[[         934,        0.69],[         853,        0.61],[         896,        0.63],[         863,         0.6],[         712,         0.5]],
[[        1010,        0.74],[         947,        0.68],[         931,        0.65],[         893,        0.62],[         757,        0.53]],
[[         945,        0.69],[         900,        0.65],[         954,        0.67],[         911,        0.64],[         766,        0.54]],
[[         959,         0.7],[         972,         0.7],[         902,        0.63],[         836,        0.58],[         787,        0.55]],
[[        1002,        0.74],[        1018,        0.73],[         869,        0.61],[         845,        0.59],[         796,        0.56]],
[[         883,        0.65],[         952,        0.68],[         795,        0.56],[         832,        0.58],[         816,        0.57]],
[[         887,        0.65],[         997,        0.71],[         766,        0.54],[         921,        0.64],[         835,        0.58]],
[[         879,        0.65],[        1014,        0.73],[         805,        0.56],[         910,        0.64],[         850,         0.6]],
[[         918,        0.67],[        1056,        0.76],[         831,        0.58],[         853,         0.6],[         878,        0.61]],
[[         934,        0.69],[         992,        0.71],[         871,        0.61],[         907,        0.63],[         867,        0.61]],
[[         879,        0.65],[        1013,        0.73],[         890,        0.62],[         880,        0.62],[         864,         0.6]],
[[         887,        0.65],[         965,        0.69],[        1001,         0.7],[         879,        0.61],[         882,        0.62]],
[[         934,        0.69],[         956,        0.69],[         934,        0.65],[         908,        0.63],[         891,        0.62]],
[[         942,        0.69],[         975,         0.7],[         962,        0.67],[         873,        0.61],[         835,        0.58]],
[[        1023,        0.75],[        1019,        0.73],[        1034,        0.72],[         816,        0.57],[         848,        0.59]],
[[        1070,        0.79],[         933,        0.67],[         952,        0.67],[         786,        0.55],[         830,        0.58]],
[[         807,        0.59],[         917,        0.66],[         981,        0.69],[         767,        0.54],[         903,        0.63]],
[[         858,        0.63],[         895,        0.64],[        1007,         0.7],[         798,        0.56],[         902,        0.63]],
[[         846,        0.62],[         874,        0.63],[        1061,        0.74],[         815,        0.57],[         855,         0.6]],
[[         828,        0.61],[         965,        0.69],[        1016,        0.71],[         864,         0.6],[         901,        0.63]],
[[         786,        0.58],[         919,        0.66],[        1006,         0.7],[         874,        0.61],[         886,        0.62]],
[[         727,        0.53],[         884,        0.63],[         953,        0.67],[         949,        0.66],[         890,        0.62]],
[[         734,        0.54],[         932,        0.67],[         932,        0.65],[         905,        0.63],[         918,        0.64]],
[[         716,        0.53],[         916,        0.66],[         953,        0.67],[         947,        0.66],[         880,        0.62]],
[[         746,        0.55],[        1013,        0.73],[        1011,        0.71],[        1000,         0.7],[         821,        0.57]],
[[         750,        0.55],[        1059,        0.76],[         928,        0.65],[         930,        0.65],[         791,        0.55]],
[[         736,        0.54],[         779,        0.56],[         886,        0.62],[         959,        0.67],[         772,        0.54]],
[[         726,        0.53],[         848,        0.61],[         840,        0.59],[         974,        0.68],[         791,        0.55]],
[[         697,        0.51],[         785,        0.56],[         865,        0.61],[        1016,        0.71],[         799,        0.56]],
[[         604,        0.44],[         794,        0.57],[         908,        0.64],[         968,        0.68],[         840,        0.59]],
[[         643,        0.47],[         748,        0.54],[         851,         0.6],[         957,        0.67],[         842,        0.59]],
[[         647,        0.48],[         641,        0.46],[         826,        0.58],[         906,        0.63],[         903,        0.63]],
[[         664,        0.49],[         671,        0.48],[         838,        0.59],[         877,        0.61],[         856,         0.6]],
[[         627,        0.46],[         621,        0.45],[         801,        0.56],[         865,         0.6],[         882,        0.62]],
[[         582,        0.43],[         627,        0.45],[         893,        0.62],[         913,        0.64],[         914,        0.64]],
[[         635,        0.47],[         631,        0.45],[         913,        0.64],[         811,        0.57],[         849,        0.59]],
[[         587,        0.43],[         584,        0.42],[         652,        0.46],[         780,        0.55],[         859,         0.6]],
[[         602,        0.44],[         572,        0.41],[         661,        0.46],[         718,         0.5],[         858,         0.6]],
[[         524,        0.39],[         535,        0.38],[         659,        0.46],[         712,         0.5],[         879,        0.62]],
[[         489,        0.36],[         431,        0.31],[         624,        0.44],[         740,        0.52],[         821,        0.57]],
[[         484,        0.36],[         452,        0.32],[         564,        0.39],[         689,        0.48],[         796,        0.56]],
[[         511,        0.38],[         423,         0.3],[         461,        0.32],[         659,        0.46],[         739,        0.52]],
[[         421,        0.31],[         424,         0.3],[         469,        0.33],[         646,        0.45],[         699,        0.49]],
[[         350,        0.26],[         410,        0.29],[         427,         0.3],[         614,        0.43],[         679,        0.48]],
[[         251,        0.18],[         347,        0.25],[         410,        0.29],[         663,        0.46],[         699,        0.49]],
[[         255,        0.19],[         312,        0.22],[         398,        0.28],[         651,        0.46],[         605,        0.42]],
[[         254,        0.19],[         293,        0.21],[         340,        0.24],[         453,        0.32],[         565,         0.4]],
[[         231,        0.17],[         264,        0.19],[         309,        0.22],[         449,        0.31],[         503,        0.35]],
[[         169,        0.12],[         226,        0.16],[         289,         0.2],[         402,        0.28],[         481,        0.34]],
[[         563,        0.41],[         187,        0.13],[         228,        0.16],[         372,        0.26],[         482,        0.34]],
[[           .,           .],[         178,        0.13],[         182,        0.13],[         312,        0.22],[         425,         0.3]],
[[           .,           .],[         163,        0.12],[         154,        0.11],[         251,        0.18],[         384,        0.27]],
[[           .,           .],[         114,        0.08],[         165,        0.12],[         234,        0.16],[         358,        0.25]],
[[           .,           .],[         102,        0.07],[         119,        0.08],[         198,        0.14],[         314,        0.22]],
[[           .,           .],[         246,        0.18],[         331,        0.23],[         811,        0.57],[        1534,        1.07]]],
[[[         752,        0.55],[         760,        0.54],[         713,         0.5],[         702,        0.49],[         680,        0.48]],
[[         792,        0.58],[         765,        0.55],[         750,        0.52],[         720,         0.5],[         692,        0.48]],
[[         775,        0.57],[         751,        0.54],[         759,        0.53],[         729,        0.51],[         695,        0.49]],
[[         720,        0.53],[         789,        0.57],[         787,        0.55],[         735,        0.51],[         697,        0.49]],
[[         752,        0.55],[         735,        0.53],[         756,        0.53],[         744,        0.52],[         702,        0.49]],
[[         853,        0.63],[         699,         0.5],[         750,        0.52],[         747,        0.52],[         703,        0.49]],
[[         810,         0.6],[         693,         0.5],[         794,        0.56],[         755,        0.53],[         711,         0.5]],
[[         843,        0.62],[         697,         0.5],[         766,        0.54],[         752,        0.53],[         711,         0.5]],
[[         847,        0.62],[         699,         0.5],[         809,        0.57],[         753,        0.53],[         715,         0.5]],
[[         857,        0.63],[         771,        0.55],[         748,        0.52],[         754,        0.53],[         720,         0.5]],
[[         898,        0.66],[         800,        0.57],[         797,        0.56],[         756,        0.53],[         727,        0.51]],
[[         882,        0.65],[         865,        0.62],[         785,        0.55],[         761,        0.53],[         737,        0.52]],
[[         916,        0.67],[         812,        0.58],[         778,        0.54],[         761,        0.53],[         745,        0.52]],
[[         899,        0.66],[         804,        0.58],[         807,        0.56],[         763,        0.53],[         754,        0.53]],
[[         877,        0.64],[         834,         0.6],[         739,        0.52],[         772,        0.54],[         765,        0.54]],
[[         864,        0.63],[         902,        0.65],[         724,        0.51],[         760,        0.53],[         771,        0.54]],
[[         871,        0.64],[         887,        0.64],[         728,        0.51],[         789,        0.55],[         781,        0.55]],
[[         887,        0.65],[         884,        0.63],[         744,        0.52],[         775,        0.54],[         774,        0.54]],
[[         721,        0.53],[         895,        0.64],[         755,        0.53],[         786,        0.55],[         761,        0.53]],
[[         535,        0.39],[         732,        0.52],[         952,        0.67],[         617,        0.43],[         632,        0.44]],
[[         518,        0.38],[         760,        0.54],[         669,        0.47],[         633,        0.44],[         609,        0.43]],
[[         568,        0.42],[         787,        0.56],[         655,        0.46],[         649,        0.45],[         635,        0.44]],
[[         660,        0.48],[         828,        0.59],[         645,        0.45],[         695,        0.49],[         681,        0.48]],
[[         734,        0.54],[         838,         0.6],[         754,        0.53],[         714,         0.5],[         699,        0.49]],
[[         805,        0.59],[         834,         0.6],[         803,        0.56],[         684,        0.48],[         701,        0.49]],
[[         827,        0.61],[         819,        0.59],[         797,        0.56],[         673,        0.47],[         715,         0.5]],
[[         824,        0.61],[         839,         0.6],[         915,        0.64],[         669,        0.47],[         740,        0.52]],
[[         898,        0.66],[         811,        0.58],[         859,         0.6],[         694,        0.49],[         739,        0.52]],
[[         888,        0.65],[         835,         0.6],[         836,        0.58],[         708,         0.5],[         747,        0.52]],
[[         912,        0.67],[         746,        0.53],[         821,        0.57],[         753,        0.53],[         737,        0.52]],
[[         894,        0.66],[         712,        0.51],[         910,        0.64],[         772,        0.54],[         770,        0.54]],
[[         936,        0.69],[         753,        0.54],[         914,        0.64],[         818,        0.57],[         752,        0.53]],
[[         966,        0.71],[         814,        0.58],[         955,        0.67],[         797,        0.56],[         756,        0.53]],
[[        1015,        0.75],[         829,        0.59],[         931,        0.65],[         830,        0.58],[         756,        0.53]],
[[        1024,        0.75],[         836,         0.6],[         842,        0.59],[         852,         0.6],[         749,        0.52]],
[[        1023,        0.75],[         860,        0.62],[         886,        0.62],[         874,        0.61],[         727,        0.51]],
[[         985,        0.72],[         922,        0.66],[         906,        0.63],[         900,        0.63],[         720,         0.5]],
[[         992,        0.73],[         973,         0.7],[         909,        0.64],[         899,        0.63],[         740,        0.52]],
[[        1027,        0.75],[         936,        0.67],[         929,        0.65],[         899,        0.63],[         756,        0.53]],
[[        1019,        0.75],[         992,        0.71],[         822,        0.58],[         874,        0.61],[         794,        0.56]],
[[         943,        0.69],[         971,         0.7],[         790,        0.55],[         905,        0.63],[         806,        0.56]],
[[         944,        0.69],[        1034,        0.74],[         798,        0.56],[         891,        0.62],[         847,        0.59]],
[[         904,        0.66],[        1000,        0.72],[         892,        0.62],[         922,        0.64],[         829,        0.58]],
[[         871,        0.64],[        1081,        0.78],[         872,        0.61],[         915,        0.64],[         847,        0.59]],
[[         909,        0.67],[        1124,        0.81],[         821,        0.57],[         870,        0.61],[         866,        0.61]],
[[         876,        0.64],[        1095,        0.79],[         904,        0.63],[         896,        0.63],[         886,        0.62]],
[[         942,        0.69],[        1043,        0.75],[         949,        0.66],[         917,        0.64],[         916,        0.64]],
[[         938,        0.69],[        1068,        0.77],[        1040,        0.73],[         911,        0.64],[         916,        0.64]],
[[         925,        0.68],[        1039,        0.74],[         939,        0.66],[         908,        0.63],[         915,        0.64]],
[[         930,        0.68],[        1042,        0.75],[         997,         0.7],[         832,        0.58],[         887,        0.62]],
[[        1036,        0.76],[         961,        0.69],[        1034,        0.72],[         789,        0.55],[         913,        0.64]],
[[        1066,        0.78],[         972,         0.7],[        1049,        0.73],[         791,        0.55],[         905,        0.63]],
[[         887,        0.65],[         957,        0.69],[        1022,        0.72],[         855,         0.6],[         929,        0.65]],
[[         847,        0.62],[         895,        0.64],[        1086,        0.76],[         851,         0.6],[         924,        0.65]],
[[         901,        0.66],[         950,        0.68],[        1155,        0.81],[         854,         0.6],[         884,        0.62]],
[[         856,        0.63],[         928,        0.67],[        1099,        0.77],[         903,        0.63],[         906,        0.63]],
[[         778,        0.57],[         999,        0.72],[        1034,        0.72],[         947,        0.66],[         921,        0.64]],
[[         750,        0.55],[         932,        0.67],[        1044,        0.73],[        1006,         0.7],[         913,        0.64]],
[[         730,        0.54],[         905,        0.65],[        1043,        0.73],[         931,        0.65],[         906,        0.63]],
[[         773,        0.57],[         967,        0.69],[        1037,        0.73],[         990,        0.69],[         836,        0.59]],
[[         755,        0.55],[        1014,        0.73],[         966,        0.68],[         994,         0.7],[         791,        0.55]],
[[         732,        0.54],[        1070,        0.77],[         959,        0.67],[        1005,         0.7],[         787,        0.55]],
[[         722,        0.53],[         884,        0.63],[         934,        0.65],[         994,         0.7],[         837,        0.59]],
[[         714,        0.52],[         807,        0.58],[         863,         0.6],[        1043,        0.73],[         839,        0.59]],
[[         681,         0.5],[         883,        0.63],[         927,        0.65],[        1096,        0.77],[         835,        0.58]],
[[         705,        0.52],[         806,        0.58],[         877,        0.61],[        1041,        0.73],[         877,        0.61]],
[[         715,        0.53],[         726,        0.52],[         946,        0.66],[         986,        0.69],[         912,        0.64]],
[[         748,        0.55],[         710,        0.51],[         870,        0.61],[         985,        0.69],[         962,        0.67]],
[[         748,        0.55],[         691,         0.5],[         858,         0.6],[         966,        0.68],[         890,        0.62]],
[[         703,        0.52],[         700,         0.5],[         910,        0.64],[         945,        0.66],[         937,        0.66]],
[[         719,        0.53],[         703,         0.5],[         902,        0.63],[         882,        0.62],[         935,        0.65]],
[[         714,        0.52],[         656,        0.47],[         986,        0.69],[         862,         0.6],[         938,        0.66]],
[[         725,        0.53],[         632,        0.45],[         789,        0.55],[         853,         0.6],[         922,        0.65]],
[[         745,        0.55],[         619,        0.44],[         705,        0.49],[         780,        0.55],[         948,        0.66]],
[[         737,        0.54],[         573,        0.41],[         756,        0.53],[         810,        0.57],[         983,        0.69]],
[[         729,        0.54],[         567,        0.41],[         697,        0.49],[         773,        0.54],[         927,        0.65]],
[[         776,        0.57],[         589,        0.42],[         581,        0.41],[         820,        0.57],[         869,        0.61]],
[[         740,        0.54],[         591,        0.42],[         568,         0.4],[         748,        0.52],[         856,         0.6]],
[[         714,        0.52],[         575,        0.41],[         544,        0.38],[         718,         0.5],[         824,        0.58]],
[[         523,        0.38],[         530,        0.38],[         535,        0.37],[         738,        0.52],[         793,        0.56]],
[[         435,        0.32],[         535,        0.38],[         510,        0.36],[         725,        0.51],[         727,        0.51]],
[[         448,        0.33],[         474,        0.34],[         477,        0.33],[         764,        0.53],[         693,        0.49]],
[[         388,        0.29],[         438,        0.31],[         445,        0.31],[         605,        0.42],[         673,        0.47]],
[[         434,        0.32],[         442,        0.32],[         416,        0.29],[         517,        0.36],[         600,        0.42]],
[[         398,        0.29],[         405,        0.29],[         349,        0.24],[         546,        0.38],[         603,        0.42]],
[[        2132,        1.57],[         388,        0.28],[         347,        0.24],[         459,        0.32],[         552,        0.39]],
[[           .,           .],[         381,        0.27],[         321,        0.22],[         383,        0.27],[         560,        0.39]],
[[           .,           .],[         307,        0.22],[         303,        0.21],[         351,        0.25],[         487,        0.34]],
[[           .,           .],[         293,        0.21],[         271,        0.19],[         322,        0.23],[         448,        0.31]],
[[           .,           .],[         198,        0.14],[         230,        0.16],[         292,         0.2],[         434,         0.3]],
[[           .,           .],[         825,        0.59],[         865,        0.61],[        1414,        0.99],[        2311,        1.62]]]]}}
