{
"ons":{
"label":"Population Projections for England and Wales, by local authority",
"source":"Office for National Statistics",
"updated":"2014-10-01",
"area": {
"code":"K04000001",
"label":"England and Wales"
},
"time": {
"label":"1998-2038",
"index":["1998",  "2008",  "2018",  "2028",  "2038"]
},
"concept":{
"label":["population", "% of population"],
"units":["count", "%"],
"max":[        1337,         1.17]
},
"sums":{
"series1":[       41460,        45747,        50557,        53686,        56725],
"series2":[       42033,        46536,        51569,        54255,        57297]
},
"dimension":{
"label":"age",
"index":["0", "1", "2", "3", "4", "5", "6", "7", "8", "9", "10", "11", "12", "13", "14", "15", "16", "17", "18", "19", "20", "21", "22", "23", "24", "25", "26", "27", "28", "29", "30", "31", "32", "33", "34", "35", "36", "37", "38", "39", "40", "41", "42", "43", "44", "45", "46", "47", "48", "49", "50", "51", "52", "53", "54", "55", "56", "57", "58", "59", "60", "61", "62", "63", "64", "65", "66", "67", "68", "69", "70", "71", "72", "73", "74", "75", "76", "77", "78", "79", "80", "81", "82", "83", "84", "85", "86", "87", "88", "89", "90+"]
},
"series":["male", "female"],
"value":[[[[         503,         0.6],[         542,        0.59],[         555,        0.54],[         558,        0.52],[         575,         0.5]],
[[         487,        0.58],[         580,        0.63],[         573,        0.56],[         574,        0.53],[         586,        0.51]],
[[         504,         0.6],[         566,        0.61],[         591,        0.58],[         588,        0.54],[         595,        0.52]],
[[         509,        0.61],[         562,        0.61],[         602,        0.59],[         601,        0.56],[         605,        0.53]],
[[         496,        0.59],[         578,        0.63],[         507,         0.5],[         606,        0.56],[         609,        0.53]],
[[         535,        0.64],[         544,        0.59],[         610,         0.6],[         609,        0.56],[         613,        0.54]],
[[         548,        0.66],[         542,        0.59],[         635,        0.62],[         611,        0.57],[         617,        0.54]],
[[         565,        0.68],[         526,        0.57],[         638,        0.62],[         616,        0.57],[         622,        0.55]],
[[         606,        0.73],[         575,        0.62],[         625,        0.61],[         620,        0.57],[         631,        0.55]],
[[         554,        0.66],[         595,        0.64],[         590,        0.58],[         621,        0.58],[         640,        0.56]],
[[         534,        0.64],[         599,        0.65],[         602,        0.59],[         621,        0.58],[         644,        0.56]],
[[         536,        0.64],[         582,        0.63],[         645,        0.63],[         614,        0.57],[         649,        0.57]],
[[         550,        0.66],[         576,        0.62],[         653,        0.64],[         648,         0.6],[         656,        0.58]],
[[         540,        0.65],[         608,        0.66],[         594,        0.58],[         638,        0.59],[         656,        0.58]],
[[         530,        0.63],[         577,        0.63],[         655,        0.64],[         583,        0.54],[         659,        0.58]],
[[         493,        0.59],[         616,        0.67],[         574,        0.56],[         638,        0.59],[         659,        0.58]],
[[         539,        0.65],[         616,        0.67],[         559,        0.55],[         673,        0.62],[         661,        0.58]],
[[         553,        0.66],[         623,        0.68],[         560,        0.55],[         665,        0.62],[         661,        0.58]],
[[         535,        0.64],[         612,        0.66],[         579,        0.57],[         638,        0.59],[         637,        0.56]],
[[         391,        0.47],[         485,        0.53],[         466,        0.46],[         468,        0.43],[         482,        0.42]],
[[         375,        0.45],[         424,        0.46],[         486,        0.48],[         461,        0.43],[         467,        0.41]],
[[         372,        0.45],[         377,        0.41],[         518,        0.51],[         502,        0.47],[         489,        0.43]],
[[         462,        0.55],[         452,        0.49],[         537,        0.53],[         529,        0.49],[         552,        0.48]],
[[         497,         0.6],[         448,        0.49],[         542,        0.53],[         521,        0.48],[         578,        0.51]],
[[         516,        0.62],[         481,        0.52],[         525,        0.51],[         548,        0.51],[         568,         0.5]],
[[         599,        0.72],[         413,        0.45],[         575,        0.56],[         528,        0.49],[         615,        0.54]],
[[         610,        0.73],[         467,        0.51],[         587,        0.57],[         520,        0.48],[         642,        0.56]],
[[         660,        0.79],[         517,        0.56],[         606,        0.59],[         536,         0.5],[         643,        0.56]],
[[         577,        0.69],[         551,         0.6],[         592,        0.58],[         559,        0.52],[         631,        0.55]],
[[         570,        0.68],[         464,         0.5],[         600,        0.59],[         575,        0.53],[         613,        0.54]],
[[         620,        0.74],[         439,        0.48],[         556,        0.54],[         596,        0.55],[         631,        0.55]],
[[         633,        0.76],[         475,        0.51],[         528,        0.52],[         620,        0.57],[         633,        0.56]],
[[         671,         0.8],[         494,        0.54],[         623,        0.61],[         636,        0.59],[         631,        0.55]],
[[         661,        0.79],[         574,        0.62],[         558,        0.55],[         637,        0.59],[         603,        0.53]],
[[         663,        0.79],[         612,        0.66],[         602,        0.59],[         632,        0.59],[         609,        0.53]],
[[         615,        0.74],[         677,        0.73],[         552,        0.54],[         662,        0.61],[         596,        0.52]],
[[         625,        0.75],[         721,        0.78],[         573,        0.56],[         667,        0.62],[         586,        0.51]],
[[         603,        0.72],[         753,        0.82],[         586,        0.57],[         699,        0.65],[         602,        0.53]],
[[         631,        0.76],[         696,        0.75],[         673,        0.66],[         674,        0.62],[         630,        0.55]],
[[         590,        0.71],[         742,         0.8],[         580,        0.57],[         674,        0.62],[         664,        0.58]],
[[         593,        0.71],[         782,        0.85],[         499,        0.49],[         647,         0.6],[         683,         0.6]],
[[         581,         0.7],[         759,        0.82],[         574,        0.56],[         619,        0.57],[         712,        0.62]],
[[         554,        0.66],[         845,        0.92],[         658,        0.64],[         669,        0.62],[         723,        0.63]],
[[         538,        0.64],[         770,        0.83],[         650,        0.64],[         644,         0.6],[         723,        0.63]],
[[         566,        0.68],[         763,        0.83],[         664,        0.65],[         650,         0.6],[         730,        0.64]],
[[         601,        0.72],[         719,        0.78],[         761,        0.75],[         634,        0.59],[         744,        0.65]],
[[         614,        0.74],[         736,         0.8],[         799,        0.78],[         660,        0.61],[         754,        0.66]],
[[         568,        0.68],[         724,        0.78],[         830,        0.81],[         658,        0.61],[         787,        0.69]],
[[         624,        0.75],[         655,        0.71],[         746,        0.73],[         716,        0.66],[         753,        0.66]],
[[         632,        0.76],[         639,        0.69],[         796,        0.78],[         646,         0.6],[         737,        0.65]],
[[         678,        0.81],[         610,        0.66],[         817,         0.8],[         571,        0.53],[         714,        0.63]],
[[         745,        0.89],[         593,        0.64],[         831,        0.81],[         614,        0.57],[         678,        0.59]],
[[         664,         0.8],[         595,        0.64],[         843,        0.83],[         657,        0.61],[         718,        0.63]],
[[         628,        0.75],[         603,        0.65],[         802,        0.79],[         685,        0.63],[         701,        0.61]],
[[         609,        0.73],[         584,        0.63],[         821,         0.8],[         685,        0.63],[         693,        0.61]],
[[         561,        0.67],[         628,        0.68],[         700,        0.69],[         756,         0.7],[         675,        0.59]],
[[         508,        0.61],[         632,        0.68],[         774,        0.76],[         791,        0.73],[         690,        0.61]],
[[         451,        0.54],[         574,        0.62],[         733,        0.72],[         836,        0.77],[         692,        0.61]],
[[         452,        0.54],[         649,         0.7],[         698,        0.68],[         749,        0.69],[         735,        0.64]],
[[         452,        0.54],[         620,        0.67],[         641,        0.63],[         786,        0.73],[         673,        0.59]],
[[         465,        0.56],[         671,        0.73],[         645,        0.63],[         822,        0.76],[         601,        0.53]],
[[         429,        0.51],[         758,        0.82],[         606,        0.59],[         826,        0.77],[         633,        0.56]],
[[         420,         0.5],[         646,         0.7],[         609,         0.6],[         833,        0.77],[         666,        0.58]],
[[         366,        0.44],[         587,        0.64],[         621,        0.61],[         811,        0.75],[         688,         0.6]],
[[         369,        0.44],[         579,        0.63],[         587,        0.57],[         794,        0.74],[         691,        0.61]],
[[         372,        0.45],[         506,        0.55],[         610,         0.6],[         705,        0.65],[         753,        0.66]],
[[         379,        0.45],[         469,        0.51],[         629,        0.62],[         743,        0.69],[         784,        0.69]],
[[         382,        0.46],[         401,        0.43],[         563,        0.55],[         723,        0.67],[         818,        0.72]],
[[         367,        0.44],[         428,        0.46],[         604,        0.59],[         667,        0.62],[         738,        0.65]],
[[         348,        0.42],[         389,        0.42],[         583,        0.57],[         620,        0.57],[         763,        0.67]],
[[         339,        0.41],[         418,        0.45],[         643,        0.63],[         592,        0.55],[         778,        0.68]],
[[         307,        0.37],[         359,        0.39],[         710,         0.7],[         568,        0.53],[         774,        0.68]],
[[         320,        0.38],[         355,        0.38],[         564,        0.55],[         567,        0.53],[         772,        0.68]],
[[         328,        0.39],[         316,        0.34],[         519,        0.51],[         563,        0.52],[         750,        0.66]],
[[         311,        0.37],[         286,        0.31],[         519,        0.51],[         537,         0.5],[         718,        0.63]],
[[         297,        0.36],[         303,        0.33],[         443,        0.43],[         526,        0.49],[         636,        0.56]],
[[         278,        0.33],[         274,         0.3],[         387,        0.38],[         521,        0.48],[         648,        0.57]],
[[         280,        0.34],[         272,        0.29],[         311,         0.3],[         471,        0.44],[         616,        0.54]],
[[         255,        0.31],[         258,        0.28],[         320,        0.31],[         486,        0.45],[         554,        0.49]],
[[         163,         0.2],[         243,        0.26],[         318,        0.31],[         465,        0.43],[         505,        0.44]],
[[         163,         0.2],[         205,        0.22],[         298,        0.29],[         474,        0.44],[         475,        0.42]],
[[         130,        0.16],[         195,        0.21],[         229,        0.22],[         501,        0.46],[         434,        0.38]],
[[         128,        0.15],[         163,        0.18],[         236,        0.23],[         389,        0.36],[         407,        0.36]],
[[         129,        0.15],[         177,        0.19],[         191,        0.19],[         335,        0.31],[         380,        0.33]],
[[         100,        0.12],[         135,        0.15],[         166,        0.16],[         310,        0.29],[         350,        0.31]],
[[         358,        0.43],[         126,        0.14],[         151,        0.15],[         252,        0.23],[         323,        0.28]],
[[           .,           .],[         101,        0.11],[         138,        0.14],[         192,        0.18],[         291,        0.26]],
[[           .,           .],[          93,         0.1],[         116,        0.11],[         149,        0.14],[         253,        0.22]],
[[           .,           .],[          81,        0.09],[         103,         0.1],[         142,        0.13],[         241,        0.21]],
[[           .,           .],[          50,        0.05],[          75,        0.07],[         120,        0.11],[         206,        0.18]],
[[           .,           .],[         142,        0.15],[         214,        0.21],[         350,        0.32],[         727,        0.64]]],
[[[         461,        0.55],[         511,        0.55],[         502,        0.49],[         528,        0.49],[         544,        0.48]],
[[         469,        0.56],[         499,        0.54],[         491,        0.48],[         542,         0.5],[         553,        0.48]],
[[         441,        0.53],[         494,        0.54],[         597,        0.58],[         550,        0.51],[         557,        0.49]],
[[         447,        0.54],[         526,        0.57],[         554,        0.54],[         556,        0.52],[         560,        0.49]],
[[         464,        0.56],[         579,        0.63],[         580,        0.57],[         560,        0.52],[         563,        0.49]],
[[         478,        0.57],[         537,        0.58],[         575,        0.56],[         564,        0.52],[         568,         0.5]],
[[         521,        0.62],[         502,        0.54],[         542,        0.53],[         565,        0.52],[         571,         0.5]],
[[         554,        0.66],[         502,        0.54],[         604,        0.59],[         570,        0.53],[         576,        0.51]],
[[         536,        0.64],[         541,        0.59],[         600,        0.59],[         575,        0.53],[         585,        0.51]],
[[         499,         0.6],[         548,        0.59],[         592,        0.58],[         572,        0.53],[         589,        0.52]],
[[         510,        0.61],[         548,        0.59],[         623,        0.61],[         570,        0.53],[         591,        0.52]],
[[         487,        0.58],[         558,         0.6],[         551,        0.54],[         564,        0.52],[         596,        0.52]],
[[         527,        0.63],[         523,        0.57],[         543,        0.53],[         598,        0.55],[         603,        0.53]],
[[         478,        0.57],[         514,        0.56],[         560,        0.55],[         569,        0.53],[         606,        0.53]],
[[         532,        0.64],[         555,         0.6],[         621,        0.61],[         599,        0.55],[         608,        0.53]],
[[         513,        0.61],[         545,        0.59],[         567,        0.56],[         605,        0.56],[         609,        0.53]],
[[         540,        0.65],[         591,        0.64],[         517,        0.51],[         606,        0.56],[         611,        0.54]],
[[         505,         0.6],[         643,         0.7],[         530,        0.52],[         632,        0.59],[         613,        0.54]],
[[         528,        0.63],[         601,        0.65],[         541,        0.53],[         606,        0.56],[         595,        0.52]],
[[         381,        0.46],[         402,        0.44],[         433,        0.42],[         416,        0.39],[         411,        0.36]],
[[         294,        0.35],[         389,        0.42],[         463,        0.45],[         461,        0.43],[         445,        0.39]],
[[         277,        0.33],[         351,        0.38],[         526,        0.52],[         495,        0.46],[         508,        0.45]],
[[         367,        0.44],[         471,        0.51],[         562,        0.55],[         535,         0.5],[         578,        0.51]],
[[         457,        0.55],[         419,        0.45],[         565,        0.55],[         544,         0.5],[         584,        0.51]],
[[         540,        0.65],[         505,        0.55],[         574,        0.56],[         541,         0.5],[         591,        0.52]],
[[         490,        0.59],[         481,        0.52],[         548,        0.54],[         526,        0.49],[         610,        0.53]],
[[         612,        0.73],[         499,        0.54],[         644,        0.63],[         509,        0.47],[         627,        0.55]],
[[         587,         0.7],[         520,        0.56],[         650,        0.64],[         528,        0.49],[         630,        0.55]],
[[         600,        0.72],[         507,        0.55],[         656,        0.64],[         552,        0.51],[         628,        0.55]],
[[         601,        0.72],[         539,        0.58],[         613,         0.6],[         575,        0.53],[         625,        0.55]],
[[         568,        0.68],[         469,        0.51],[         595,        0.58],[         593,        0.55],[         651,        0.57]],
[[         600,        0.72],[         532,        0.58],[         610,         0.6],[         636,        0.59],[         642,        0.56]],
[[         612,        0.73],[         568,        0.62],[         606,        0.59],[         645,         0.6],[         643,        0.56]],
[[         627,        0.75],[         559,        0.61],[         573,        0.56],[         648,         0.6],[         627,        0.55]],
[[         643,        0.77],[         609,        0.66],[         650,        0.64],[         673,        0.62],[         628,        0.55]],
[[         631,        0.76],[         675,        0.73],[         706,        0.69],[         678,        0.63],[         608,        0.53]],
[[         677,        0.81],[         699,        0.76],[         636,        0.62],[         717,        0.66],[         599,        0.53]],
[[         649,        0.78],[         792,        0.86],[         685,        0.67],[         729,        0.68],[         621,        0.54]],
[[         599,        0.72],[         713,        0.77],[         634,        0.62],[         714,        0.66],[         644,        0.56]],
[[         594,        0.71],[         740,         0.8],[         635,        0.62],[         681,        0.63],[         667,        0.58]],
[[         619,        0.74],[         807,        0.87],[         591,        0.58],[         694,        0.64],[         679,         0.6]],
[[         572,        0.69],[         758,        0.82],[         564,        0.55],[         703,        0.65],[         714,        0.63]],
[[         565,        0.68],[         759,        0.82],[         609,         0.6],[         682,        0.63],[         711,        0.62]],
[[         551,        0.66],[         756,        0.82],[         641,        0.63],[         645,         0.6],[         715,        0.63]],
[[         576,        0.69],[         745,        0.81],[         682,        0.67],[         690,        0.64],[         746,        0.65]],
[[         583,         0.7],[         739,         0.8],[         788,        0.77],[         737,        0.68],[         753,        0.66]],
[[         567,        0.68],[         728,        0.79],[         778,        0.76],[         688,        0.64],[         783,        0.69]],
[[         572,        0.69],[         718,        0.78],[         869,        0.85],[         702,        0.65],[         790,        0.69]],
[[         635,        0.76],[         630,        0.68],[         744,        0.73],[         683,        0.63],[         770,        0.68]],
[[         619,        0.74],[         628,        0.68],[         829,        0.81],[         670,        0.62],[         740,        0.65]],
[[         723,        0.87],[         637,        0.69],[         863,        0.85],[         612,        0.57],[         746,        0.65]],
[[         736,        0.88],[         595,        0.64],[         757,        0.74],[         602,        0.56],[         734,        0.64]],
[[         622,        0.74],[         593,        0.64],[         814,         0.8],[         629,        0.58],[         719,        0.63]],
[[         604,        0.72],[         551,         0.6],[         756,        0.74],[         668,        0.62],[         690,        0.61]],
[[         586,         0.7],[         583,        0.63],[         754,        0.74],[         689,        0.64],[         718,        0.63]],
[[         543,        0.65],[         597,        0.65],[         769,        0.75],[         769,        0.71],[         753,        0.66]],
[[         462,        0.55],[         582,        0.63],[         764,        0.75],[         762,        0.71],[         715,        0.63]],
[[         448,        0.54],[         585,        0.63],[         749,        0.73],[         845,        0.78],[         727,        0.64]],
[[         455,        0.54],[         629,        0.68],[         649,        0.64],[         741,        0.69],[         709,        0.62]],
[[         439,        0.53],[         640,        0.69],[         637,        0.62],[         824,        0.76],[         683,         0.6]],
[[         413,        0.49],[         697,        0.76],[         654,        0.64],[         826,        0.77],[         623,        0.55]],
[[         417,         0.5],[         734,         0.8],[         596,        0.58],[         752,         0.7],[         614,        0.54]],
[[         405,        0.49],[         626,        0.68],[         604,        0.59],[         789,        0.73],[         635,        0.56]],
[[         383,        0.46],[         604,        0.65],[         544,        0.53],[         765,        0.71],[         666,        0.58]],
[[         377,        0.45],[         585,        0.63],[         583,        0.57],[         751,         0.7],[         683,         0.6]],
[[         394,        0.47],[         524,        0.57],[         597,        0.58],[         739,        0.68],[         753,        0.66]],
[[         409,        0.49],[         439,        0.48],[         560,        0.55],[         743,        0.69],[         748,        0.66]],
[[         391,        0.47],[         393,        0.43],[         595,        0.58],[         724,        0.67],[         816,        0.72]],
[[         373,        0.45],[         422,        0.46],[         613,         0.6],[         644,         0.6],[         731,        0.64]],
[[         392,        0.47],[         387,        0.42],[         634,        0.62],[         622,        0.58],[         801,         0.7]],
[[         405,        0.49],[         397,        0.43],[         659,        0.65],[         620,        0.57],[         794,         0.7]],
[[         362,        0.43],[         379,        0.41],[         693,        0.68],[         569,        0.53],[         729,        0.64]],
[[         374,        0.45],[         368,         0.4],[         577,        0.56],[         569,        0.53],[         750,        0.66]],
[[         367,        0.44],[         350,        0.38],[         569,        0.56],[         511,        0.47],[         726,        0.64]],
[[         359,        0.43],[         313,        0.34],[         538,        0.53],[         539,         0.5],[         708,        0.62]],
[[         367,        0.44],[         343,        0.37],[         462,        0.45],[         539,         0.5],[         680,         0.6]],
[[         391,        0.47],[         347,        0.38],[         386,        0.38],[         506,        0.47],[         669,        0.59]],
[[         367,        0.44],[         319,        0.35],[         321,        0.31],[         507,        0.47],[         638,        0.56]],
[[         347,        0.42],[         301,        0.33],[         355,        0.35],[         511,        0.47],[         562,        0.49]],
[[         261,        0.31],[         304,        0.33],[         319,        0.31],[         535,         0.5],[         536,        0.47]],
[[         230,        0.28],[         289,        0.31],[         314,        0.31],[         522,        0.48],[         518,        0.45]],
[[         252,         0.3],[         277,         0.3],[         283,        0.28],[         534,        0.49],[         463,        0.41]],
[[         234,        0.28],[         285,        0.31],[         268,        0.26],[         426,        0.39],[         451,         0.4]],
[[         241,        0.29],[         248,        0.27],[         240,        0.24],[         404,        0.37],[         391,        0.34]],
[[         207,        0.25],[         232,        0.25],[         233,        0.23],[         371,        0.34],[         393,        0.34]],
[[         942,        1.13],[         233,        0.25],[         204,         0.2],[         306,        0.28],[         375,        0.33]],
[[           .,           .],[         222,        0.24],[         205,         0.2],[         242,        0.22],[         338,         0.3]],
[[           .,           .],[         194,        0.21],[         173,        0.17],[         193,        0.18],[         316,        0.28]],
[[           .,           .],[         128,        0.14],[         142,        0.14],[         194,        0.18],[         301,        0.26]],
[[           .,           .],[         139,        0.15],[         147,        0.14],[         169,        0.16],[         294,        0.26]],
[[           .,           .],[         441,        0.48],[         640,        0.63],[         771,        0.71],[        1337,        1.17]]]]}}
