{
"ons":{
"label":"Population Projections for England and Wales, by local authority",
"source":"Office for National Statistics",
"updated":"2014-10-01",
"area": {
"code":"K04000001",
"label":"England and Wales"
},
"time": {
"label":"1998-2038",
"index":["1998",  "2008",  "2018",  "2028",  "2038"]
},
"concept":{
"label":["population", "% of population"],
"units":["count", "%"],
"max":[        4646,         1.47]
},
"sums":{
"series1":[      149952,       153151,       156270,       155137,       153715],
"series2":[      157289,       160906,       164004,       163369,       162579]
},
"dimension":{
"label":"age",
"index":["0", "1", "2", "3", "4", "5", "6", "7", "8", "9", "10", "11", "12", "13", "14", "15", "16", "17", "18", "19", "20", "21", "22", "23", "24", "25", "26", "27", "28", "29", "30", "31", "32", "33", "34", "35", "36", "37", "38", "39", "40", "41", "42", "43", "44", "45", "46", "47", "48", "49", "50", "51", "52", "53", "54", "55", "56", "57", "58", "59", "60", "61", "62", "63", "64", "65", "66", "67", "68", "69", "70", "71", "72", "73", "74", "75", "76", "77", "78", "79", "80", "81", "82", "83", "84", "85", "86", "87", "88", "89", "90+"]
},
"series":["male", "female"],
"value":[[[[        1602,        0.52],[        1654,        0.53],[        1516,        0.47],[        1295,        0.41],[        1259,         0.4]],
[[        1653,        0.54],[        1574,         0.5],[        1444,        0.45],[        1339,        0.42],[        1288,        0.41]],
[[        1690,        0.55],[        1695,        0.54],[        1580,        0.49],[        1378,        0.43],[        1312,        0.41]],
[[        1740,        0.57],[        1659,        0.53],[        1546,        0.48],[        1414,        0.44],[        1337,        0.42]],
[[        1780,        0.58],[        1692,        0.54],[        1588,         0.5],[        1448,        0.45],[        1362,        0.43]],
[[        1871,        0.61],[        1603,        0.51],[        1662,        0.52],[        1477,        0.46],[        1385,        0.44]],
[[        1956,        0.64],[        1612,        0.51],[        1735,        0.54],[        1503,        0.47],[        1406,        0.44]],
[[        1958,        0.64],[        1646,        0.52],[        1753,        0.55],[        1542,        0.48],[        1437,        0.45]],
[[        1919,        0.62],[        1745,        0.56],[        1790,        0.56],[        1563,        0.49],[        1462,        0.46]],
[[        1995,        0.65],[        1830,        0.58],[        1738,        0.54],[        1581,         0.5],[        1480,        0.47]],
[[        2024,        0.66],[        1823,        0.58],[        1890,        0.59],[        1606,         0.5],[        1503,        0.48]],
[[        1990,        0.65],[        1891,         0.6],[        1735,        0.54],[        1601,         0.5],[        1519,        0.48]],
[[        2036,        0.66],[        1935,        0.62],[        1826,        0.57],[        1680,        0.53],[        1540,        0.49]],
[[        1977,        0.64],[        1956,        0.62],[        1784,        0.56],[        1653,        0.52],[        1553,        0.49]],
[[        1814,        0.59],[        1879,         0.6],[        1780,        0.56],[        1681,        0.53],[        1566,         0.5]],
[[        1928,        0.63],[        1989,        0.63],[        1687,        0.53],[        1741,        0.55],[        1578,         0.5]],
[[        2146,         0.7],[        2082,        0.66],[        1676,        0.52],[        1816,        0.57],[        1597,         0.5]],
[[        2269,        0.74],[        2127,        0.68],[        1701,        0.53],[        1806,        0.57],[        1606,        0.51]],
[[        1991,        0.65],[        1950,        0.62],[        1680,        0.52],[        1786,        0.56],[        1576,         0.5]],
[[        1637,        0.53],[        1695,        0.54],[        1500,        0.47],[        1391,        0.44],[        1287,        0.41]],
[[        1432,        0.47],[        1614,        0.51],[        1358,        0.42],[        1377,        0.43],[        1228,        0.39]],
[[        1311,        0.43],[        1533,        0.49],[        1489,        0.46],[        1304,        0.41],[        1247,        0.39]],
[[        1525,         0.5],[        1613,        0.51],[        1612,         0.5],[        1403,        0.44],[        1368,        0.43]],
[[        1780,        0.58],[        1634,        0.52],[        1587,         0.5],[        1439,        0.45],[        1429,        0.45]],
[[        1733,        0.56],[        1560,         0.5],[        1593,         0.5],[        1438,        0.45],[        1469,        0.46]],
[[        1820,        0.59],[        1561,         0.5],[        1653,        0.52],[        1371,        0.43],[        1513,        0.48]],
[[        1871,        0.61],[        1549,        0.49],[        1747,        0.55],[        1353,        0.42],[        1555,        0.49]],
[[        1951,        0.64],[        1621,        0.52],[        1712,        0.53],[        1366,        0.43],[        1537,        0.49]],
[[        1872,        0.61],[        1642,        0.52],[        1592,         0.5],[        1391,        0.44],[        1521,        0.48]],
[[        2012,        0.65],[        1696,        0.54],[        1603,         0.5],[        1445,        0.45],[        1472,        0.47]],
[[        1992,        0.65],[        1483,        0.47],[        1725,        0.54],[        1464,        0.46],[        1536,        0.49]],
[[        2016,        0.66],[        1458,        0.46],[        1626,        0.51],[        1534,        0.48],[        1465,        0.46]],
[[        2056,        0.67],[        1498,        0.48],[        1646,        0.51],[        1596,         0.5],[        1494,        0.47]],
[[        2145,         0.7],[        1568,         0.5],[        1682,        0.53],[        1577,         0.5],[        1452,        0.46]],
[[        2288,        0.74],[        1668,        0.53],[        1573,        0.49],[        1600,         0.5],[        1438,        0.45]],
[[        2213,        0.72],[        1739,        0.55],[        1561,        0.49],[        1692,        0.53],[        1408,        0.45]],
[[        2283,        0.74],[        1886,         0.6],[        1547,        0.48],[        1779,        0.56],[        1418,        0.45]],
[[        2221,        0.72],[        2064,        0.66],[        1690,        0.53],[        1837,        0.58],[        1473,        0.47]],
[[        2304,        0.75],[        1934,        0.62],[        1782,        0.56],[        1732,        0.54],[        1517,        0.48]],
[[        2313,        0.75],[        2076,        0.66],[        1872,        0.58],[        1702,        0.53],[        1577,         0.5]],
[[        2278,        0.74],[        2151,        0.68],[        1551,        0.48],[        1776,        0.56],[        1606,        0.51]],
[[        2168,        0.71],[        2247,        0.72],[        1587,         0.5],[        1716,        0.54],[        1691,        0.53]],
[[        2225,        0.72],[        2241,        0.71],[        1674,        0.52],[        1786,        0.56],[        1743,        0.55]],
[[        2161,         0.7],[        2392,        0.76],[        1747,        0.55],[        1789,        0.56],[        1730,        0.55]],
[[        2252,        0.73],[        2461,        0.78],[        1796,        0.56],[        1676,        0.53],[        1756,        0.56]],
[[        2162,         0.7],[        2397,        0.76],[        1903,        0.59],[        1692,        0.53],[        1828,        0.58]],
[[        2175,        0.71],[        2412,        0.77],[        1943,        0.61],[        1634,        0.51],[        1898,         0.6]],
[[        2264,        0.74],[        2365,        0.75],[        2182,        0.68],[        1779,        0.56],[        1953,        0.62]],
[[        2235,        0.73],[        2406,        0.77],[        2033,        0.63],[        1857,        0.58],[        1856,        0.59]],
[[        2304,        0.75],[        2401,        0.76],[        2137,        0.67],[        1859,        0.58],[        1828,        0.58]],
[[        2526,        0.82],[        2371,        0.75],[        2205,        0.69],[        1626,        0.51],[        1876,        0.59]],
[[        2718,        0.88],[        2219,        0.71],[        2316,        0.72],[        1656,        0.52],[        1811,        0.57]],
[[        2146,         0.7],[        2245,        0.71],[        2322,        0.73],[        1733,        0.54],[        1894,         0.6]],
[[        2087,        0.68],[        2156,        0.69],[        2508,        0.78],[        1808,        0.57],[        1890,         0.6]],
[[        2097,        0.68],[        2242,        0.71],[        2565,         0.8],[        1842,        0.58],[        1789,        0.57]],
[[        1967,        0.64],[        2197,         0.7],[        2418,        0.75],[        1953,        0.61],[        1816,        0.57]],
[[        1751,        0.57],[        2165,        0.69],[        2436,        0.76],[        2056,        0.65],[        1761,        0.56]],
[[        1634,        0.53],[        2234,        0.71],[        2396,        0.75],[        2251,        0.71],[        1898,         0.6]],
[[        1675,        0.55],[        2234,        0.71],[        2463,        0.77],[        2136,        0.67],[        1974,        0.62]],
[[        1661,        0.54],[        2332,        0.74],[        2481,        0.77],[        2203,        0.69],[        1968,        0.62]],
[[        1755,        0.57],[        2514,         0.8],[        2386,        0.74],[        2267,        0.71],[        1745,        0.55]],
[[        1682,        0.55],[        2711,        0.86],[        2265,        0.71],[        2384,        0.75],[        1756,        0.56]],
[[        1644,        0.54],[        2101,        0.67],[        2277,        0.71],[        2402,        0.75],[        1834,        0.58]],
[[        1637,        0.53],[        2079,        0.66],[        2169,        0.68],[        2538,         0.8],[        1901,         0.6]],
[[        1523,         0.5],[        2105,        0.67],[        2253,         0.7],[        2569,        0.81],[        1935,        0.61]],
[[        1552,        0.51],[        1932,        0.62],[        2139,        0.67],[        2458,        0.77],[        2050,        0.65]],
[[        1525,         0.5],[        1625,        0.52],[        2143,        0.67],[        2462,        0.77],[        2152,        0.68]],
[[        1481,        0.48],[        1576,         0.5],[        2163,        0.68],[        2378,        0.75],[        2311,        0.73]],
[[        1412,        0.46],[        1548,        0.49],[        2122,        0.66],[        2389,        0.75],[        2181,        0.69]],
[[        1364,        0.44],[        1562,         0.5],[        2280,        0.71],[        2363,        0.74],[        2224,         0.7]],
[[        1283,        0.42],[        1563,         0.5],[        2365,        0.74],[        2276,        0.71],[        2253,        0.71]],
[[        1367,        0.44],[        1471,        0.47],[        2517,        0.79],[        2131,        0.67],[        2335,        0.74]],
[[        1357,        0.44],[        1379,        0.44],[        1877,        0.59],[        2110,        0.66],[        2318,        0.73]],
[[        1247,        0.41],[        1382,        0.44],[        1867,        0.58],[        1968,        0.62],[        2399,        0.76]],
[[        1168,        0.38],[        1273,        0.41],[        1806,        0.56],[        2019,        0.63],[        2387,        0.75]],
[[        1016,        0.33],[        1243,         0.4],[        1605,         0.5],[        1907,         0.6],[        2246,        0.71]],
[[        1049,        0.34],[        1144,        0.36],[        1356,        0.42],[        1823,        0.57],[        2200,         0.7]],
[[        1013,        0.33],[        1039,        0.33],[        1290,         0.4],[        1795,        0.56],[        2075,        0.66]],
[[         934,         0.3],[         957,         0.3],[        1192,        0.37],[        1726,        0.54],[        2019,        0.64]],
[[         673,        0.22],[         898,        0.29],[        1145,        0.36],[        1798,        0.56],[        1948,        0.62]],
[[         469,        0.15],[         792,        0.25],[        1116,        0.35],[        1811,        0.57],[        1820,        0.58]],
[[         510,        0.17],[         796,        0.25],[        1014,        0.32],[        1854,        0.58],[        1652,        0.52]],
[[         478,        0.16],[         750,        0.24],[         887,        0.28],[        1327,        0.42],[        1569,         0.5]],
[[         439,        0.14],[         617,         0.2],[         863,        0.27],[        1256,        0.39],[        1417,        0.45]],
[[         389,        0.13],[         560,        0.18],[         710,        0.22],[        1163,        0.37],[        1382,        0.44]],
[[        1385,        0.45],[         397,        0.13],[         670,        0.21],[         981,        0.31],[        1248,        0.39]],
[[           .,           .],[         396,        0.13],[         539,        0.17],[         768,        0.24],[        1124,        0.36]],
[[           .,           .],[         328,         0.1],[         483,        0.15],[         665,        0.21],[        1035,        0.33]],
[[           .,           .],[         300,         0.1],[         404,        0.13],[         581,        0.18],[         938,         0.3]],
[[           .,           .],[         217,        0.07],[         320,         0.1],[         527,        0.17],[         906,        0.29]],
[[           .,           .],[         594,        0.19],[        1123,        0.35],[        1911,         0.6],[        3617,        1.14]]],
[[[        1532,         0.5],[        1540,        0.49],[        1358,        0.42],[        1234,        0.39],[        1200,        0.38]],
[[        1616,        0.53],[        1431,        0.46],[        1500,        0.47],[        1273,         0.4],[        1224,        0.39]],
[[        1598,        0.52],[        1531,        0.49],[        1478,        0.46],[        1316,        0.41],[        1253,         0.4]],
[[        1677,        0.55],[        1477,        0.47],[        1399,        0.44],[        1356,        0.43],[        1283,        0.41]],
[[        1722,        0.56],[        1576,         0.5],[        1501,        0.47],[        1386,        0.44],[        1303,        0.41]],
[[        1747,        0.57],[        1519,        0.48],[        1622,        0.51],[        1417,        0.44],[        1329,        0.42]],
[[        1861,        0.61],[        1587,        0.51],[        1633,        0.51],[        1441,        0.45],[        1348,        0.43]],
[[        1883,        0.61],[        1582,         0.5],[        1689,        0.53],[        1469,        0.46],[        1368,        0.43]],
[[        1922,        0.63],[        1642,        0.52],[        1691,        0.53],[        1484,        0.47],[        1387,        0.44]],
[[        1806,        0.59],[        1707,        0.54],[        1662,        0.52],[        1500,        0.47],[        1404,        0.44]],
[[        1925,        0.63],[        1724,        0.55],[        1718,        0.54],[        1525,        0.48],[        1426,        0.45]],
[[        1962,        0.64],[        1761,        0.56],[        1584,        0.49],[        1532,        0.48],[        1453,        0.46]],
[[        1933,        0.63],[        1770,        0.56],[        1670,        0.52],[        1620,        0.51],[        1477,        0.47]],
[[        2027,        0.66],[        1786,        0.57],[        1566,        0.49],[        1526,        0.48],[        1499,        0.47]],
[[        1876,        0.61],[        1877,         0.6],[        1645,        0.51],[        1620,        0.51],[        1508,        0.48]],
[[        1900,        0.62],[        1875,         0.6],[        1585,        0.49],[        1689,        0.53],[        1522,        0.48]],
[[        1884,        0.61],[        2011,        0.64],[        1680,        0.52],[        1716,        0.54],[        1536,        0.49]],
[[        1936,        0.63],[        2073,        0.66],[        1599,         0.5],[        1715,        0.54],[        1534,        0.48]],
[[        1932,        0.63],[        1931,        0.61],[        1587,         0.5],[        1674,        0.53],[        1479,        0.47]],
[[        1547,         0.5],[        1520,        0.48],[        1227,        0.38],[        1169,        0.37],[        1101,        0.35]],
[[        1174,        0.38],[        1477,        0.47],[        1194,        0.37],[        1113,        0.35],[        1023,        0.32]],
[[        1176,        0.38],[        1442,        0.46],[        1250,        0.39],[        1104,        0.35],[        1095,        0.35]],
[[        1380,        0.45],[        1572,         0.5],[        1436,        0.45],[        1279,         0.4],[        1279,         0.4]],
[[        1645,        0.54],[        1682,        0.54],[        1504,        0.47],[        1263,         0.4],[        1297,        0.41]],
[[        1684,        0.55],[        1538,        0.49],[        1409,        0.44],[        1306,        0.41],[        1381,        0.44]],
[[        1699,        0.55],[        1568,         0.5],[        1561,        0.49],[        1269,         0.4],[        1436,        0.45]],
[[        1956,        0.64],[        1620,        0.52],[        1659,        0.52],[        1294,        0.41],[        1479,        0.47]],
[[        2038,        0.66],[        1561,         0.5],[        1674,        0.52],[        1294,        0.41],[        1479,        0.47]],
[[        1902,        0.62],[        1665,        0.53],[        1661,        0.52],[        1340,        0.42],[        1487,        0.47]],
[[        1978,        0.64],[        1577,         0.5],[        1654,        0.52],[        1411,        0.44],[        1455,        0.46]],
[[        2045,        0.67],[        1452,        0.46],[        1740,        0.54],[        1466,        0.46],[        1523,        0.48]],
[[        2139,         0.7],[        1476,        0.47],[        1694,        0.53],[        1517,        0.48],[        1468,        0.46]],
[[        2139,         0.7],[        1570,         0.5],[        1745,        0.54],[        1575,        0.49],[        1505,        0.48]],
[[        2280,        0.74],[        1597,        0.51],[        1802,        0.56],[        1592,         0.5],[        1448,        0.46]],
[[        2285,        0.74],[        1683,        0.54],[        1770,        0.55],[        1621,        0.51],[        1456,        0.46]],
[[        2281,        0.74],[        1792,        0.57],[        1751,        0.55],[        1726,        0.54],[        1429,        0.45]],
[[        2302,        0.75],[        2075,        0.66],[        1936,         0.6],[        1839,        0.58],[        1454,        0.46]],
[[        2320,        0.76],[        2246,        0.72],[        1789,        0.56],[        1895,        0.59],[        1487,        0.47]],
[[        2297,        0.75],[        2109,        0.67],[        1937,         0.6],[        1817,        0.57],[        1542,        0.49]],
[[        2370,        0.77],[        2227,        0.71],[        1838,        0.57],[        1821,        0.57],[        1616,        0.51]],
[[        2294,        0.75],[        2327,        0.74],[        1685,        0.53],[        1911,         0.6],[        1656,        0.52]],
[[        2235,        0.73],[        2348,        0.75],[        1642,        0.51],[        1868,        0.59],[        1714,        0.54]],
[[        2228,        0.73],[        2413,        0.77],[        1724,        0.54],[        1910,         0.6],[        1762,        0.56]],
[[        2167,        0.71],[        2576,        0.82],[        1802,        0.56],[        1937,        0.61],[        1773,        0.56]],
[[        2221,        0.72],[        2551,        0.81],[        1814,        0.57],[        1865,        0.59],[        1818,        0.57]],
[[        2190,        0.71],[        2538,        0.81],[        1976,        0.62],[        1902,         0.6],[        1894,         0.6]],
[[        2226,        0.72],[        2526,         0.8],[        2184,        0.68],[        1997,        0.63],[        2012,        0.64]],
[[        2288,        0.74],[        2488,        0.79],[        2388,        0.75],[        1911,         0.6],[        2062,        0.65]],
[[        2337,        0.76],[        2489,        0.79],[        2274,        0.71],[        2041,        0.64],[        1967,        0.62]],
[[        2373,        0.77],[        2510,         0.8],[        2357,        0.74],[        1922,         0.6],[        1964,        0.62]],
[[        2651,        0.86],[        2469,        0.79],[        2391,        0.75],[        1787,        0.56],[        2058,        0.65]],
[[        2669,        0.87],[        2370,        0.75],[        2452,        0.77],[        1745,        0.55],[        2006,        0.63]],
[[        2150,         0.7],[        2303,        0.73],[        2476,        0.77],[        1863,        0.58],[        2052,        0.65]],
[[        2055,        0.67],[        2243,        0.71],[        2708,        0.85],[        1913,         0.6],[        2073,        0.66]],
[[        2044,        0.67],[        2259,        0.72],[        2659,        0.83],[        1951,        0.61],[        2011,        0.64]],
[[        1875,        0.61],[        2247,        0.72],[        2708,        0.85],[        2094,        0.66],[        2064,        0.65]],
[[        1772,        0.58],[        2261,        0.72],[        2643,        0.83],[        2296,        0.72],[        2150,        0.68]],
[[        1708,        0.56],[        2337,        0.74],[        2622,        0.82],[        2502,        0.79],[        2080,        0.66]],
[[        1799,        0.59],[        2413,        0.77],[        2646,        0.83],[        2408,        0.76],[        2213,         0.7]],
[[        1737,        0.57],[        2427,        0.77],[        2640,        0.82],[        2499,        0.78],[        2103,        0.66]],
[[        1746,        0.57],[        2717,        0.87],[        2603,        0.81],[        2556,         0.8],[        1946,        0.62]],
[[        1794,        0.58],[        2800,        0.89],[        2478,        0.77],[        2611,        0.82],[        1904,         0.6]],
[[        1667,        0.54],[        2211,         0.7],[        2398,        0.75],[        2631,        0.83],[        2023,        0.64]],
[[        1692,        0.55],[        2134,        0.68],[        2309,        0.72],[        2817,        0.88],[        2070,        0.65]],
[[        1623,        0.53],[        2056,        0.65],[        2298,        0.72],[        2781,        0.87],[        2117,        0.67]],
[[        1630,        0.53],[        1901,        0.61],[        2280,        0.71],[        2788,        0.88],[        2247,        0.71]],
[[        1658,        0.54],[        1754,        0.56],[        2294,        0.72],[        2711,        0.85],[        2432,        0.77]],
[[        1670,        0.54],[        1669,        0.53],[        2359,        0.74],[        2647,        0.83],[        2607,        0.82]],
[[        1607,        0.52],[        1769,        0.56],[        2435,        0.76],[        2630,        0.83],[        2492,        0.79]],
[[        1563,        0.51],[        1704,        0.54],[        2378,        0.74],[        2604,        0.82],[        2554,        0.81]],
[[        1500,        0.49],[        1635,        0.52],[        2595,        0.81],[        2526,        0.79],[        2564,        0.81]],
[[        1541,         0.5],[        1653,        0.53],[        2684,        0.84],[        2390,        0.75],[        2586,        0.82]],
[[        1540,         0.5],[        1548,        0.49],[        2023,        0.63],[        2260,        0.71],[        2565,        0.81]],
[[        1579,        0.51],[        1502,        0.48],[        1954,        0.61],[        2161,        0.68],[        2686,        0.85]],
[[        1501,        0.49],[        1390,        0.44],[        1849,        0.58],[        2110,        0.66],[        2608,        0.82]],
[[        1359,        0.44],[        1398,        0.45],[        1694,        0.53],[        2058,        0.65],[        2570,        0.81]],
[[        1341,        0.44],[        1358,        0.43],[        1501,        0.47],[        2009,        0.63],[        2452,        0.78]],
[[        1412,        0.46],[        1358,        0.43],[        1399,        0.44],[        2019,        0.63],[        2335,        0.74]],
[[        1389,        0.45],[        1265,         0.4],[        1449,        0.45],[        2040,        0.64],[        2264,        0.72]],
[[         980,        0.32],[        1173,        0.37],[        1406,        0.44],[        1925,         0.6],[        2195,        0.69]],
[[         839,        0.27],[        1067,        0.34],[        1246,        0.39],[        2069,        0.65],[        2078,        0.66]],
[[         847,        0.28],[        1075,        0.34],[        1248,        0.39],[        2074,        0.65],[        1922,        0.61]],
[[         802,        0.26],[         984,        0.31],[        1124,        0.35],[        1512,        0.47],[        1773,        0.56]],
[[         869,        0.28],[         978,        0.31],[        1090,        0.34],[        1420,        0.45],[        1634,        0.52]],
[[         763,        0.25],[         927,         0.3],[         922,        0.29],[        1292,        0.41],[        1536,        0.49]],
[[        3982,         1.3],[         784,        0.25],[         814,        0.25],[        1126,        0.35],[        1449,        0.46]],
[[           .,           .],[         731,        0.23],[         814,        0.25],[         936,        0.29],[        1347,        0.43]],
[[           .,           .],[         734,        0.23],[         728,        0.23],[         828,        0.26],[        1281,        0.41]],
[[           .,           .],[         581,        0.18],[         675,        0.21],[         808,        0.25],[        1213,        0.38]],
[[           .,           .],[         452,        0.14],[         544,        0.17],[         722,        0.23],[        1082,        0.34]],
[[           .,           .],[        1654,        0.53],[        2224,        0.69],[        2783,        0.87],[        4646,        1.47]]]]}}
