{
"ons":{
"label":"Population Projections for England and Wales, by local authority",
"source":"Office for National Statistics",
"updated":"2014-10-01",
"area": {
"code":"K04000001",
"label":"England and Wales"
},
"time": {
"label":"1998-2038",
"index":["1998",  "2008",  "2018",  "2028",  "2038"]
},
"concept":{
"label":["population", "% of population"],
"units":["count", "%"],
"max":[       18783,         1.02]
},
"sums":{
"series1":[      818669,       870998,       926200,       964408,       987444],
"series2":[      859100,       908154,       955441,       986928,      1005855]
},
"dimension":{
"label":"age",
"index":["0", "1", "2", "3", "4", "5", "6", "7", "8", "9", "10", "11", "12", "13", "14", "15", "16", "17", "18", "19", "20", "21", "22", "23", "24", "25", "26", "27", "28", "29", "30", "31", "32", "33", "34", "35", "36", "37", "38", "39", "40", "41", "42", "43", "44", "45", "46", "47", "48", "49", "50", "51", "52", "53", "54", "55", "56", "57", "58", "59", "60", "61", "62", "63", "64", "65", "66", "67", "68", "69", "70", "71", "72", "73", "74", "75", "76", "77", "78", "79", "80", "81", "82", "83", "84", "85", "86", "87", "88", "89", "90+"]
},
"series":["male", "female"],
"value":[[[[       12025,        0.72],[       12954,        0.73],[       11858,        0.63],[       11334,        0.58],[       11527,        0.58]],
[[       12445,        0.74],[       12407,         0.7],[       12340,        0.66],[       11457,        0.59],[       11516,        0.58]],
[[       12356,        0.74],[       11852,        0.67],[       12930,        0.69],[       11587,        0.59],[       11510,        0.58]],
[[       12419,        0.74],[       11770,        0.66],[       12701,        0.67],[       11704,         0.6],[       11491,        0.58]],
[[       12448,        0.74],[       11581,        0.65],[       12789,        0.68],[       11811,        0.61],[       11484,        0.58]],
[[       12630,        0.75],[       11210,        0.63],[       12873,        0.68],[       11900,        0.61],[       11478,        0.58]],
[[       13264,        0.79],[       11156,        0.63],[       13386,        0.71],[       11978,        0.61],[       11489,        0.58]],
[[       13405,         0.8],[       11353,        0.64],[       13196,         0.7],[       12071,        0.62],[       11519,        0.58]],
[[       13408,         0.8],[       11924,        0.67],[       13099,         0.7],[       12209,        0.63],[       11564,        0.58]],
[[       13599,        0.81],[       12249,        0.69],[       13347,        0.71],[       12373,        0.63],[       11627,        0.58]],
[[       13790,        0.82],[       12397,         0.7],[       13306,        0.71],[       12527,        0.64],[       11697,        0.59]],
[[       13978,        0.83],[       12570,        0.71],[       12766,        0.68],[       12457,        0.64],[       11778,        0.59]],
[[       13882,        0.83],[       12587,        0.71],[       12140,        0.65],[       13181,        0.68],[       11868,         0.6]],
[[       13828,        0.82],[       12703,        0.71],[       11884,        0.63],[       12940,        0.66],[       11966,         0.6]],
[[       13449,         0.8],[       12691,        0.71],[       11754,        0.62],[       12990,        0.67],[       12061,        0.61]],
[[       13605,        0.81],[       12662,        0.71],[       11396,        0.61],[       13118,        0.67],[       12155,        0.61]],
[[       13081,        0.78],[       13052,        0.73],[       11428,        0.61],[       13628,         0.7],[       12238,        0.61]],
[[       13331,        0.79],[       13277,        0.75],[       11534,        0.61],[       13399,        0.69],[       12314,        0.62]],
[[       12550,        0.75],[       13329,        0.75],[       12160,        0.65],[       13269,        0.68],[       12427,        0.62]],
[[       11477,        0.68],[       13138,        0.74],[       12124,        0.64],[       13297,        0.68],[       12367,        0.62]],
[[       11089,        0.66],[       12778,        0.72],[       12114,        0.64],[       12949,        0.66],[       12205,        0.61]],
[[       11051,        0.66],[       12812,        0.72],[       11978,        0.64],[       12223,        0.63],[       11933,         0.6]],
[[       11521,        0.69],[       12804,        0.72],[       12010,        0.64],[       11527,        0.59],[       12531,        0.63]],
[[       11462,        0.68],[       12793,        0.72],[       12097,        0.64],[       11251,        0.58],[       12244,        0.61]],
[[       11969,        0.71],[       12452,         0.7],[       11942,        0.63],[       11088,        0.57],[       12230,        0.61]],
[[       12436,        0.74],[       12534,         0.7],[       11813,        0.63],[       10677,        0.55],[       12258,        0.61]],
[[       12388,        0.74],[       12073,        0.68],[       12279,        0.65],[       10679,        0.55],[       12701,        0.64]],
[[       12959,        0.77],[       12214,        0.69],[       12379,        0.66],[       10752,        0.55],[       12492,        0.63]],
[[       12711,        0.76],[       12398,         0.7],[       12439,        0.66],[       11316,        0.58],[       12370,        0.62]],
[[       12792,        0.76],[       11566,        0.65],[       12349,        0.66],[       11610,        0.59],[       12590,        0.63]],
[[       12868,        0.77],[       11273,        0.63],[       12501,        0.66],[       11794,         0.6],[       12583,        0.63]],
[[       12867,        0.77],[       11148,        0.63],[       12625,        0.67],[       11722,         0.6],[       12069,        0.61]],
[[       12951,        0.77],[       11402,        0.64],[       12519,        0.67],[       11958,        0.61],[       11463,        0.58]],
[[       13158,        0.78],[       11514,        0.65],[       12440,        0.66],[       11964,        0.61],[       11204,        0.56]],
[[       12898,        0.77],[       11849,        0.67],[       12190,        0.65],[       12076,        0.62],[       11066,        0.56]],
[[       12668,        0.76],[       12320,        0.69],[       11965,        0.64],[       11914,        0.61],[       10693,        0.54]],
[[       12224,        0.73],[       12611,        0.71],[       11935,        0.63],[       12200,        0.63],[       10710,        0.54]],
[[       12196,        0.73],[       12695,        0.71],[       12272,        0.65],[       12286,        0.63],[       10766,        0.54]],
[[       11910,        0.71],[       12781,        0.72],[       12178,        0.65],[       12291,        0.63],[       11313,        0.57]],
[[       11406,        0.68],[       12905,        0.73],[       11493,        0.61],[       12270,        0.63],[       11594,        0.58]],
[[       11341,        0.68],[       13153,        0.74],[       11112,        0.59],[       12303,        0.63],[       11756,        0.59]],
[[       10937,        0.65],[       13032,        0.73],[       11072,        0.59],[       12361,        0.63],[       11651,        0.58]],
[[       10862,        0.65],[       13224,        0.74],[       11103,        0.59],[       12284,        0.63],[       11870,         0.6]],
[[       10476,        0.62],[       13275,        0.75],[       11380,         0.6],[       12235,        0.63],[       11872,         0.6]],
[[       10363,        0.62],[       13222,        0.74],[       11635,        0.62],[       11934,        0.61],[       11970,         0.6]],
[[       10216,        0.61],[       12963,        0.73],[       12166,        0.65],[       11760,         0.6],[       11809,        0.59]],
[[        9741,        0.58],[       12487,         0.7],[       12386,        0.66],[       11765,         0.6],[       12099,        0.61]],
[[        9823,        0.59],[       12414,         0.7],[       12486,        0.66],[       12037,        0.62],[       12179,        0.61]],
[[        9747,        0.58],[       11883,        0.67],[       12547,        0.67],[       11996,        0.61],[       12191,        0.61]],
[[        9688,        0.58],[       11540,        0.65],[       12689,        0.67],[       11299,        0.58],[       12174,        0.61]],
[[        9666,        0.58],[       11485,        0.65],[       13037,        0.69],[       10939,        0.56],[       12200,        0.61]],
[[        9843,        0.59],[       11066,        0.62],[       12866,        0.68],[       10883,        0.56],[       12251,        0.61]],
[[        9245,        0.55],[       10769,        0.61],[       12983,        0.69],[       10909,        0.56],[       12171,        0.61]],
[[        9043,        0.54],[       10324,        0.58],[       13094,         0.7],[       11194,        0.57],[       12101,        0.61]],
[[        9143,        0.54],[       10311,        0.58],[       12955,        0.69],[       11431,        0.59],[       11796,        0.59]],
[[        8957,        0.53],[        9979,        0.56],[       12786,        0.68],[       11914,        0.61],[       11599,        0.58]],
[[        8135,        0.48],[        9541,        0.54],[       12222,        0.65],[       12139,        0.62],[       11576,        0.58]],
[[        7488,        0.45],[        9565,        0.54],[       12073,        0.64],[       12190,        0.62],[       11812,        0.59]],
[[        7343,        0.44],[        9496,        0.53],[       11490,        0.61],[       12171,        0.62],[       11737,        0.59]],
[[        7396,        0.44],[        9453,        0.53],[       11245,         0.6],[       12263,        0.63],[       11017,        0.55]],
[[        7202,        0.43],[        9260,        0.52],[       11000,        0.58],[       12566,        0.64],[       10619,        0.53]],
[[        7197,        0.43],[        9364,        0.53],[       10502,        0.56],[       12374,        0.63],[       10521,        0.53]],
[[        6906,        0.41],[        8719,        0.49],[       10122,        0.54],[       12423,        0.64],[       10507,        0.53]],
[[        6587,        0.39],[        8517,        0.48],[        9722,        0.52],[       12463,        0.64],[       10741,        0.54]],
[[        6325,        0.38],[        8579,        0.48],[        9565,        0.51],[       12233,        0.63],[       10916,        0.55]],
[[        6170,        0.37],[        8271,        0.46],[        9164,        0.49],[       11991,        0.61],[       11299,        0.57]],
[[        6125,        0.37],[        7401,        0.42],[        8794,        0.47],[       11391,        0.58],[       11443,        0.57]],
[[        5966,        0.36],[        6643,        0.37],[        8749,        0.46],[       11155,        0.57],[       11418,        0.57]],
[[        5788,        0.34],[        6489,        0.36],[        8586,        0.46],[       10542,        0.54],[       11318,        0.57]],
[[        5494,        0.33],[        6457,        0.36],[        8445,        0.45],[       10204,        0.52],[       11311,        0.57]],
[[        5187,        0.31],[        6225,        0.35],[        8212,        0.44],[        9922,        0.51],[       11486,        0.58]],
[[        5247,        0.31],[        6006,        0.34],[        8085,        0.43],[        9337,        0.48],[       11207,        0.56]],
[[        5038,         0.3],[        5625,        0.32],[        7459,         0.4],[        8908,        0.46],[       11129,        0.56]],
[[        4760,        0.28],[        5297,         0.3],[        7257,        0.39],[        8425,        0.43],[       11032,        0.55]],
[[        4486,        0.27],[        4958,        0.28],[        7082,        0.38],[        8155,        0.42],[       10686,        0.54]],
[[        4095,        0.24],[        4664,        0.26],[        6641,        0.35],[        7693,        0.39],[       10330,        0.52]],
[[        3961,        0.24],[        4430,        0.25],[        5881,        0.31],[        7255,        0.37],[        9654,        0.48]],
[[        3779,        0.23],[        4170,        0.23],[        5072,        0.27],[        7062,        0.36],[        9271,        0.47]],
[[        3549,        0.21],[        3788,        0.21],[        4766,        0.25],[        6802,        0.35],[        8591,        0.43]],
[[        2892,        0.17],[        3491,         0.2],[        4705,        0.25],[        6482,        0.33],[        8135,        0.41]],
[[        2347,        0.14],[        3121,        0.18],[        4276,        0.23],[        6152,        0.32],[        7708,        0.39]],
[[        2196,        0.13],[        2973,        0.17],[        3969,        0.21],[        5825,         0.3],[        7045,        0.35]],
[[        1887,        0.11],[        2602,        0.15],[        3463,        0.18],[        5159,        0.26],[        6503,        0.33]],
[[        1845,        0.11],[        2343,        0.13],[        3126,        0.17],[        4804,        0.25],[        5922,         0.3]],
[[        1548,        0.09],[        2054,        0.12],[        2744,        0.15],[        4471,        0.23],[        5490,        0.28]],
[[        6145,        0.37],[        1762,         0.1],[        2475,        0.13],[        3970,         0.2],[        4932,        0.25]],
[[           .,           .],[        1479,        0.08],[        2117,        0.11],[        3264,        0.17],[        4393,        0.22]],
[[           .,           .],[        1314,        0.07],[        1832,         0.1],[        2623,        0.13],[        4012,         0.2]],
[[           .,           .],[        1114,        0.06],[        1411,        0.07],[        2263,        0.12],[        3585,        0.18]],
[[           .,           .],[         807,        0.05],[        1265,        0.07],[        2013,         0.1],[        3144,        0.16]],
[[           .,           .],[        2109,        0.12],[        3857,         0.2],[        6697,        0.34],[       12174,        0.61]]],
[[[       11549,        0.69],[       12283,        0.69],[       11298,         0.6],[       10806,        0.55],[       10988,        0.55]],
[[       11987,        0.71],[       11701,        0.66],[       11630,        0.62],[       10926,        0.56],[       10980,        0.55]],
[[       11451,        0.68],[       11324,        0.64],[       11987,        0.64],[       11057,        0.57],[       10980,        0.55]],
[[       11702,         0.7],[       11122,        0.63],[       12079,        0.64],[       11169,        0.57],[       10970,        0.55]],
[[       12060,        0.72],[       10861,        0.61],[       12124,        0.64],[       11269,        0.58],[       10955,        0.55]],
[[       12185,        0.73],[       10668,         0.6],[       12426,        0.66],[       11362,        0.58],[       10951,        0.55]],
[[       12568,        0.75],[       10696,         0.6],[       12764,        0.68],[       11434,        0.59],[       10962,        0.55]],
[[       12797,        0.76],[       10753,         0.6],[       12765,        0.68],[       11522,        0.59],[       10985,        0.55]],
[[       12721,        0.76],[       11056,        0.62],[       12596,        0.67],[       11656,         0.6],[       11034,        0.55]],
[[       12878,        0.77],[       11673,        0.66],[       12663,        0.67],[       11815,        0.61],[       11092,        0.56]],
[[       13140,        0.78],[       11776,        0.66],[       12704,        0.68],[       11953,        0.61],[       11157,        0.56]],
[[       13200,        0.79],[       12078,        0.68],[       12043,        0.64],[       11885,        0.61],[       11237,        0.56]],
[[       13179,        0.79],[       11783,        0.66],[       11502,        0.61],[       12192,        0.62],[       11330,        0.57]],
[[       13149,        0.78],[       11968,        0.67],[       11186,        0.59],[       12352,        0.63],[       11425,        0.57]],
[[       13081,        0.78],[       12334,        0.69],[       11037,        0.59],[       12364,        0.63],[       11519,        0.58]],
[[       13074,        0.78],[       12343,        0.69],[       10941,        0.58],[       12682,        0.65],[       11609,        0.58]],
[[       13082,        0.78],[       12445,         0.7],[       10927,        0.58],[       12962,        0.66],[       11683,        0.59]],
[[       13044,        0.78],[       12686,        0.71],[       10985,        0.58],[       12964,        0.66],[       11771,        0.59]],
[[       11977,        0.71],[       12826,        0.72],[       11197,         0.6],[       12750,        0.65],[       11876,         0.6]],
[[       11266,        0.67],[       12549,        0.71],[       11199,         0.6],[       12442,        0.64],[       11666,        0.59]],
[[       11062,        0.66],[       12458,         0.7],[       10830,        0.58],[       11998,        0.61],[       11326,        0.57]],
[[       10839,        0.65],[       12510,         0.7],[       11083,        0.59],[       11274,        0.58],[       11101,        0.56]],
[[       11170,        0.67],[       12715,        0.71],[       11058,        0.59],[       10787,        0.55],[       11394,        0.57]],
[[       11211,        0.67],[       12747,        0.72],[       11240,         0.6],[       10498,        0.54],[       11611,        0.58]],
[[       11592,        0.69],[       12589,        0.71],[       11639,        0.62],[       10438,        0.53],[       11642,        0.58]],
[[       12055,        0.72],[       12735,        0.72],[       11752,        0.62],[       10311,        0.53],[       11917,         0.6]],
[[       12169,        0.73],[       12498,         0.7],[       12265,        0.65],[       10296,        0.53],[       12154,        0.61]],
[[       12729,        0.76],[       12700,        0.71],[       12476,        0.66],[       10341,        0.53],[       12155,        0.61]],
[[       12671,        0.76],[       12695,        0.71],[       12427,        0.66],[       10532,        0.54],[       11954,         0.6]],
[[       13001,        0.77],[       12363,        0.69],[       12384,        0.66],[       11181,        0.57],[       12020,         0.6]],
[[       13016,        0.78],[       11891,        0.67],[       12721,        0.68],[       11215,        0.57],[       12070,        0.61]],
[[       13091,        0.78],[       11610,        0.65],[       12797,        0.68],[       11181,        0.57],[       11469,        0.58]],
[[       13159,        0.78],[       11730,        0.66],[       12926,        0.69],[       11146,        0.57],[       10929,        0.55]],
[[       13557,        0.81],[       11912,        0.67],[       12704,        0.68],[       11220,        0.57],[       10533,        0.53]],
[[       13307,        0.79],[       12381,         0.7],[       12646,        0.67],[       11700,         0.6],[       10410,        0.52]],
[[       12993,        0.77],[       12801,        0.72],[       12609,        0.67],[       11805,         0.6],[       10276,        0.52]],
[[       12843,        0.77],[       12872,        0.72],[       12592,        0.67],[       12191,        0.62],[       10267,        0.52]],
[[       12610,        0.75],[       13275,        0.75],[       12845,        0.68],[       12335,        0.63],[       10311,        0.52]],
[[       12329,        0.73],[       13228,        0.74],[       12854,        0.68],[       12262,        0.63],[       10503,        0.53]],
[[       11892,        0.71],[       13397,        0.75],[       12593,        0.67],[       12288,        0.63],[       11149,        0.56]],
[[       11807,         0.7],[       13551,        0.76],[       11863,        0.63],[       12554,        0.64],[       11193,        0.56]],
[[       11358,        0.68],[       13561,        0.76],[       11731,        0.62],[       12579,        0.64],[       11164,        0.56]],
[[       10894,        0.65],[       13509,        0.76],[       11770,        0.63],[       12752,        0.65],[       11135,        0.56]],
[[       10206,        0.61],[       13808,        0.78],[       11924,        0.63],[       12564,        0.64],[       11222,        0.56]],
[[       10056,         0.6],[       13572,        0.76],[       12325,        0.66],[       12521,        0.64],[       11707,        0.59]],
[[       10118,         0.6],[       13034,        0.73],[       12754,        0.68],[       12477,        0.64],[       11817,        0.59]],
[[        9683,        0.58],[       12935,        0.73],[       12840,        0.68],[       12537,        0.64],[       12200,        0.61]],
[[        9772,        0.58],[       12680,        0.71],[       13237,         0.7],[       12775,        0.65],[       12329,        0.62]],
[[        9943,        0.59],[       12294,        0.69],[       13226,         0.7],[       12757,        0.65],[       12238,        0.61]],
[[        9912,        0.59],[       11917,        0.67],[       13385,        0.71],[       12465,        0.64],[       12256,        0.61]],
[[       10113,         0.6],[       11754,        0.66],[       13489,        0.72],[       11721,         0.6],[       12504,        0.63]],
[[       10310,        0.61],[       11271,        0.63],[       13493,        0.72],[       11609,        0.59],[       12522,        0.63]],
[[        9349,        0.56],[       10776,        0.61],[       13393,        0.71],[       11625,         0.6],[       12697,        0.64]],
[[        9390,        0.56],[       10117,        0.57],[       13721,        0.73],[       11802,         0.6],[       12502,        0.63]],
[[        9367,        0.56],[        9957,        0.56],[       13386,        0.71],[       12207,        0.63],[       12450,        0.62]],
[[        9369,        0.56],[        9938,        0.56],[       12870,        0.68],[       12572,        0.64],[       12387,        0.62]],
[[        8458,         0.5],[        9571,        0.54],[       12814,        0.68],[       12678,        0.65],[       12419,        0.62]],
[[        7804,        0.47],[        9567,        0.54],[       12516,        0.67],[       13044,        0.67],[       12637,        0.63]],
[[        7749,        0.46],[        9738,        0.55],[       12026,        0.64],[       12958,        0.66],[       12596,        0.63]],
[[        7943,        0.47],[        9660,        0.54],[       11554,        0.61],[       13086,        0.67],[       12281,        0.62]],
[[        7639,        0.46],[        9777,        0.55],[       11390,        0.61],[       13177,        0.68],[       11529,        0.58]],
[[        7758,        0.46],[        9941,        0.56],[       10922,        0.58],[       13170,        0.67],[       11389,        0.57]],
[[        7562,        0.45],[        9167,        0.52],[       10361,        0.55],[       13021,        0.67],[       11363,        0.57]],
[[        7162,        0.43],[        9045,        0.51],[        9726,        0.52],[       13296,        0.68],[       11492,        0.58]],
[[        7089,        0.42],[        9075,        0.51],[        9467,         0.5],[       12924,        0.66],[       11839,        0.59]],
[[        7208,        0.43],[        8886,         0.5],[        9423,         0.5],[       12378,        0.63],[       12138,        0.61]],
[[        7072,        0.42],[        7939,        0.45],[        9035,        0.48],[       12201,        0.63],[       12194,        0.61]],
[[        7234,        0.43],[        7289,        0.41],[        9003,        0.48],[       11868,        0.61],[       12492,        0.63]],
[[        7146,        0.43],[        7199,         0.4],[        9075,        0.48],[       11327,        0.58],[       12347,        0.62]],
[[        6860,        0.41],[        7258,        0.41],[        8972,        0.48],[       10818,        0.55],[       12387,        0.62]],
[[        6707,         0.4],[        7019,        0.39],[        8992,        0.48],[       10587,        0.54],[       12394,        0.62]],
[[        6758,         0.4],[        6965,        0.39],[        8991,        0.48],[       10099,        0.52],[       12311,        0.62]],
[[        6672,         0.4],[        6678,        0.38],[        8297,        0.44],[        9465,        0.49],[       12091,        0.61]],
[[        6241,        0.37],[        6284,        0.35],[        8119,        0.43],[        8841,        0.45],[       12241,        0.61]],
[[        6187,        0.37],[        6053,        0.34],[        7985,        0.42],[        8533,        0.44],[       11780,        0.59]],
[[        5998,        0.36],[        6060,        0.34],[        7669,        0.41],[        8377,        0.43],[       11168,        0.56]],
[[        5932,        0.35],[        5856,        0.33],[        6786,        0.36],[        7909,        0.41],[       10872,        0.55]],
[[        5701,        0.34],[        5744,        0.32],[        6120,        0.33],[        7766,         0.4],[       10429,        0.52]],
[[        5372,        0.32],[        5484,        0.31],[        5854,        0.31],[        7706,        0.39],[        9797,        0.49]],
[[        4504,        0.27],[        5149,        0.29],[        5850,        0.31],[        7441,        0.38],[        9194,        0.46]],
[[        3941,        0.23],[        4905,        0.28],[        5380,        0.29],[        7296,        0.37],[        8818,        0.44]],
[[        3794,        0.23],[        4691,        0.26],[        5207,        0.28],[        7137,        0.37],[        8219,        0.41]],
[[        3636,        0.22],[        4394,        0.25],[        4815,        0.26],[        6332,        0.32],[        7503,        0.38]],
[[        3566,        0.21],[        4024,        0.23],[        4445,        0.24],[        6026,        0.31],[        6803,        0.34]],
[[        3281,         0.2],[        3685,        0.21],[        3983,        0.21],[        5679,        0.29],[        6345,        0.32]],
[[       17093,        1.02],[        3500,         0.2],[        3835,         0.2],[        5221,        0.27],[        5983,         0.3]],
[[           .,           .],[        3121,        0.18],[        3417,        0.18],[        4376,        0.22],[        5395,        0.27]],
[[           .,           .],[        2737,        0.15],[        3070,        0.16],[        3701,        0.19],[        5026,        0.25]],
[[           .,           .],[        2394,        0.13],[        2748,        0.15],[        3321,        0.17],[        4693,        0.24]],
[[           .,           .],[        1800,         0.1],[        2412,        0.13],[        3043,        0.16],[        4223,        0.21]],
[[           .,           .],[        6793,        0.38],[        9281,        0.49],[       12048,        0.62],[       18783,        0.94]]]]}}
