{
"ons":{
"label":"Population Projections for England and Wales, by local authority",
"source":"Office for National Statistics",
"updated":"2014-10-01",
"area": {
"code":"K04000001",
"label":"England and Wales"
},
"time": {
"label":"1998-2038",
"index":["1998",  "2008",  "2018",  "2028",  "2038"]
},
"concept":{
"label":["population", "% of population"],
"units":["count", "%"],
"max":[        2148,         1.36]
},
"sums":{
"series1":[       76682,        77683,        78411,        77933,        77256],
"series2":[       81143,        81025,        81410,        80419,        79525]
},
"dimension":{
"label":"age",
"index":["0", "1", "2", "3", "4", "5", "6", "7", "8", "9", "10", "11", "12", "13", "14", "15", "16", "17", "18", "19", "20", "21", "22", "23", "24", "25", "26", "27", "28", "29", "30", "31", "32", "33", "34", "35", "36", "37", "38", "39", "40", "41", "42", "43", "44", "45", "46", "47", "48", "49", "50", "51", "52", "53", "54", "55", "56", "57", "58", "59", "60", "61", "62", "63", "64", "65", "66", "67", "68", "69", "70", "71", "72", "73", "74", "75", "76", "77", "78", "79", "80", "81", "82", "83", "84", "85", "86", "87", "88", "89", "90+"]
},
"series":["male", "female"],
"value":[[[[         954,         0.6],[        1038,        0.65],[         928,        0.58],[         815,        0.51],[         821,        0.52]],
[[         983,        0.62],[        1054,        0.66],[         951,         0.6],[         827,        0.52],[         823,        0.52]],
[[        1062,        0.67],[        1053,        0.66],[         953,         0.6],[         844,        0.53],[         831,        0.53]],
[[        1063,        0.67],[         951,         0.6],[        1030,        0.64],[         855,        0.54],[         832,        0.53]],
[[        1024,        0.65],[         908,        0.57],[         972,        0.61],[         865,        0.55],[         831,        0.53]],
[[        1103,         0.7],[         876,        0.55],[        1008,        0.63],[         874,        0.55],[         831,        0.53]],
[[        1175,        0.74],[         857,        0.54],[        1013,        0.63],[         880,        0.56],[         830,        0.53]],
[[        1239,        0.79],[         855,        0.54],[        1054,        0.66],[         895,        0.57],[         834,        0.53]],
[[        1177,        0.75],[         949,         0.6],[        1048,        0.66],[         911,        0.58],[         837,        0.53]],
[[        1228,        0.78],[         974,        0.61],[        1002,        0.63],[         922,        0.58],[         841,        0.54]],
[[        1261,         0.8],[         942,        0.59],[        1023,        0.64],[         931,        0.59],[         849,        0.54]],
[[        1188,        0.75],[         994,        0.63],[        1051,        0.66],[         930,        0.59],[         858,        0.55]],
[[        1236,        0.78],[        1084,        0.68],[        1055,        0.66],[         971,        0.61],[         866,        0.55]],
[[        1196,        0.76],[        1033,        0.65],[         973,        0.61],[        1005,        0.63],[         875,        0.56]],
[[        1096,        0.69],[        1029,        0.65],[         880,        0.55],[         985,        0.62],[         886,        0.57]],
[[        1026,        0.65],[        1069,        0.67],[         829,        0.52],[         996,        0.63],[         894,        0.57]],
[[        1058,        0.67],[        1163,        0.73],[         871,        0.54],[        1018,        0.64],[         901,        0.57]],
[[        1026,        0.65],[        1265,         0.8],[         840,        0.53],[        1044,        0.66],[         909,        0.58]],
[[         913,        0.58],[        1127,        0.71],[         908,        0.57],[        1030,        0.65],[         909,        0.58]],
[[         653,        0.41],[        1052,        0.66],[         840,        0.53],[         865,        0.55],[         809,        0.52]],
[[         586,        0.37],[        1124,        0.71],[         747,        0.47],[         826,        0.52],[         772,        0.49]],
[[         599,        0.38],[        1008,        0.64],[         818,        0.51],[         835,        0.53],[         778,         0.5]],
[[         689,        0.44],[        1092,        0.69],[         897,        0.56],[         873,        0.55],[         851,        0.54]],
[[         880,        0.56],[        1008,        0.64],[         885,        0.55],[         839,        0.53],[         903,        0.58]],
[[         994,        0.63],[         938,        0.59],[         932,        0.58],[         818,        0.52],[         920,        0.59]],
[[        1008,        0.64],[         898,        0.57],[         985,        0.62],[         781,        0.49],[         936,         0.6]],
[[        1078,        0.68],[         937,        0.59],[        1083,        0.68],[         802,        0.51],[         967,        0.62]],
[[        1120,        0.71],[         893,        0.56],[        1084,        0.68],[         799,         0.5],[         980,        0.63]],
[[        1094,        0.69],[         884,        0.56],[        1008,        0.63],[         864,        0.55],[         984,        0.63]],
[[        1121,        0.71],[         882,        0.56],[        1093,        0.68],[         907,        0.57],[         956,        0.61]],
[[        1157,        0.73],[         757,        0.48],[        1150,        0.72],[         899,        0.57],[         959,        0.61]],
[[        1177,        0.75],[         761,        0.48],[        1021,        0.64],[         916,        0.58],[         938,         0.6]],
[[        1170,        0.74],[         822,        0.52],[        1064,        0.67],[         954,         0.6],[         929,        0.59]],
[[        1222,        0.77],[         883,        0.56],[         946,        0.59],[         946,         0.6],[         875,        0.56]],
[[        1192,        0.76],[         958,         0.6],[         887,        0.55],[         945,         0.6],[         837,        0.53]],
[[        1186,        0.75],[         980,        0.62],[         866,        0.54],[         960,        0.61],[         802,        0.51]],
[[        1225,        0.78],[        1061,        0.67],[         938,        0.59],[        1039,        0.66],[         810,        0.52]],
[[        1139,        0.72],[        1087,        0.68],[         926,        0.58],[        1064,        0.67],[         805,        0.51]],
[[        1145,        0.73],[        1096,        0.69],[         865,        0.54],[        1006,        0.64],[         852,        0.54]],
[[        1077,        0.68],[        1106,         0.7],[         904,        0.57],[        1028,        0.65],[         885,        0.56]],
[[        1048,        0.66],[        1139,        0.72],[         786,        0.49],[        1073,        0.68],[         889,        0.57]],
[[        1035,        0.66],[        1150,        0.72],[         740,        0.46],[         971,        0.61],[         908,        0.58]],
[[        1050,        0.67],[        1166,        0.73],[         873,        0.55],[        1013,        0.64],[         940,         0.6]],
[[        1021,        0.65],[        1176,        0.74],[         898,        0.56],[         928,        0.59],[         927,        0.59]],
[[         983,        0.62],[        1179,        0.74],[         907,        0.57],[         889,        0.56],[         935,         0.6]],
[[         991,        0.63],[        1193,        0.75],[         990,        0.62],[         873,        0.55],[         954,        0.61]],
[[         985,        0.62],[        1196,        0.75],[        1046,        0.65],[         920,        0.58],[        1011,        0.64]],
[[        1027,        0.65],[        1179,        0.74],[        1112,         0.7],[         915,        0.58],[        1036,        0.66]],
[[        1046,        0.66],[        1139,        0.72],[        1054,        0.66],[         877,        0.55],[         983,        0.63]],
[[        1055,        0.67],[        1056,        0.67],[        1061,        0.66],[         876,        0.55],[         990,        0.63]],
[[        1152,        0.73],[        1064,        0.67],[        1047,        0.66],[         772,        0.49],[        1024,        0.65]],
[[        1278,        0.81],[        1020,        0.64],[        1109,        0.69],[         754,        0.48],[         946,         0.6]],
[[         944,         0.6],[        1015,        0.64],[        1119,         0.7],[         835,        0.53],[         980,        0.63]],
[[         891,        0.56],[         974,        0.61],[        1131,        0.71],[         860,        0.54],[         915,        0.58]],
[[         940,         0.6],[         996,        0.63],[        1181,        0.74],[         903,        0.57],[         882,        0.56]],
[[         885,        0.56],[         987,        0.62],[        1158,        0.72],[         947,         0.6],[         862,        0.55]],
[[         847,        0.54],[         942,        0.59],[        1182,        0.74],[        1033,        0.65],[         899,        0.57]],
[[         793,         0.5],[         960,         0.6],[        1131,        0.71],[        1068,        0.67],[         899,        0.57]],
[[         853,        0.54],[         969,        0.61],[        1082,        0.68],[        1031,        0.65],[         868,        0.55]],
[[         801,        0.51],[         993,        0.63],[         977,        0.61],[        1030,        0.65],[         863,        0.55]],
[[         813,        0.52],[        1053,        0.66],[        1024,        0.64],[        1025,        0.65],[         764,        0.49]],
[[         803,        0.51],[        1226,        0.77],[         958,         0.6],[        1077,        0.68],[         741,        0.47]],
[[         770,        0.49],[         878,        0.55],[         959,         0.6],[        1060,        0.67],[         807,        0.51]],
[[         809,        0.51],[         846,        0.53],[         917,        0.57],[        1084,        0.68],[         831,        0.53]],
[[         729,        0.46],[         849,        0.53],[         918,        0.57],[        1079,        0.68],[         863,        0.55]],
[[         767,        0.49],[         806,        0.51],[         884,        0.55],[        1074,        0.68],[         901,        0.57]],
[[         704,        0.45],[         758,        0.48],[         855,        0.53],[        1061,        0.67],[         969,        0.62]],
[[         748,        0.47],[         696,        0.44],[         860,        0.54],[        1034,        0.65],[         992,        0.63]],
[[         702,        0.44],[         698,        0.44],[         840,        0.53],[         967,        0.61],[         953,        0.61]],
[[         670,        0.42],[         665,        0.42],[         874,        0.55],[         882,        0.56],[         947,         0.6]],
[[         626,         0.4],[         683,        0.43],[         920,        0.58],[         883,        0.56],[         930,        0.59]],
[[         568,        0.36],[         680,        0.43],[        1060,        0.66],[         833,        0.53],[         966,        0.62]],
[[         552,        0.35],[         609,        0.38],[         747,        0.47],[         812,        0.51],[         938,         0.6]],
[[         577,        0.37],[         653,        0.41],[         703,        0.44],[         759,        0.48],[         950,        0.61]],
[[         544,        0.34],[         567,        0.36],[         674,        0.42],[         766,        0.48],[         926,        0.59]],
[[         508,        0.32],[         571,        0.36],[         631,        0.39],[         740,        0.47],[         911,        0.58]],
[[         524,        0.33],[         509,        0.32],[         588,        0.37],[         684,        0.43],[         886,        0.57]],
[[         494,        0.31],[         504,        0.32],[         534,        0.33],[         685,        0.43],[         847,        0.54]],
[[         476,         0.3],[         485,        0.31],[         496,        0.31],[         663,        0.42],[         775,        0.49]],
[[         332,        0.21],[         408,        0.26],[         453,        0.28],[         671,        0.42],[         697,        0.44]],
[[         258,        0.16],[         378,        0.24],[         455,        0.28],[         670,        0.42],[         681,        0.43]],
[[         249,        0.16],[         335,        0.21],[         468,        0.29],[         765,        0.48],[         631,         0.4]],
[[         247,        0.16],[         289,        0.18],[         370,        0.23],[         524,        0.33],[         601,        0.38]],
[[         193,        0.12],[         283,        0.18],[         422,        0.26],[         475,         0.3],[         538,        0.34]],
[[         162,         0.1],[         258,        0.16],[         339,        0.21],[         425,        0.27],[         516,        0.33]],
[[         712,        0.45],[         215,        0.14],[         298,        0.19],[         377,        0.24],[         479,        0.31]],
[[           .,           .],[         203,        0.13],[         243,        0.15],[         327,        0.21],[         417,        0.27]],
[[           .,           .],[         182,        0.11],[         209,        0.13],[         268,        0.17],[         391,        0.25]],
[[           .,           .],[         129,        0.08],[         182,        0.11],[         240,        0.15],[         356,        0.23]],
[[           .,           .],[         100,        0.06],[         152,         0.1],[         193,        0.12],[         321,         0.2]],
[[           .,           .],[         226,        0.14],[         466,        0.29],[         700,        0.44],[        1212,        0.77]]],
[[[         928,        0.59],[         948,         0.6],[         868,        0.54],[         783,        0.49],[         788,         0.5]],
[[        1027,        0.65],[         913,        0.58],[         910,        0.57],[         803,        0.51],[         800,        0.51]],
[[         930,        0.59],[         921,        0.58],[         937,        0.59],[         816,        0.52],[         803,        0.51]],
[[         968,        0.61],[         950,         0.6],[         973,        0.61],[         839,        0.53],[         816,        0.52]],
[[        1054,        0.67],[         874,        0.55],[         994,        0.62],[         849,        0.54],[         815,        0.52]],
[[        1033,        0.65],[         856,        0.54],[         977,        0.61],[         860,        0.54],[         818,        0.52]],
[[        1114,        0.71],[         834,        0.53],[        1086,        0.68],[         869,        0.55],[         819,        0.52]],
[[        1156,        0.73],[         861,        0.54],[         993,        0.62],[         879,        0.56],[         819,        0.52]],
[[        1163,        0.74],[         889,        0.56],[        1062,        0.66],[         896,        0.57],[         824,        0.53]],
[[        1201,        0.76],[         909,        0.57],[        1012,        0.63],[         908,        0.57],[         830,        0.53]],
[[        1238,        0.78],[         935,        0.59],[         930,        0.58],[         915,        0.58],[         836,        0.53]],
[[        1164,        0.74],[        1051,        0.66],[         910,        0.57],[         908,        0.57],[         839,        0.54]],
[[        1088,        0.69],[         955,         0.6],[         924,        0.58],[         944,         0.6],[         846,        0.54]],
[[        1102,         0.7],[         959,         0.6],[         984,        0.62],[         974,        0.62],[         856,        0.55]],
[[        1065,        0.67],[        1064,        0.67],[         841,        0.53],[         987,        0.62],[         867,        0.55]],
[[        1010,        0.64],[        1059,        0.67],[         900,        0.56],[         985,        0.62],[         878,        0.56]],
[[         999,        0.63],[        1136,        0.72],[         866,        0.54],[        1071,        0.68],[         886,        0.57]],
[[        1030,        0.65],[        1181,        0.74],[         855,        0.53],[         980,        0.62],[         898,        0.57]],
[[         963,        0.61],[        1168,        0.74],[         840,        0.53],[        1022,        0.65],[         892,        0.57]],
[[         772,        0.49],[        1043,        0.66],[         715,        0.45],[         799,         0.5],[         731,        0.47]],
[[         611,        0.39],[        1067,        0.67],[         695,        0.43],[         704,        0.44],[         691,        0.44]],
[[         635,         0.4],[         974,        0.61],[         795,         0.5],[         730,        0.46],[         731,        0.47]],
[[         719,        0.46],[         972,        0.61],[         801,         0.5],[         789,         0.5],[         826,        0.53]],
[[         888,        0.56],[         959,         0.6],[         770,        0.48],[         836,        0.53],[         875,        0.56]],
[[         940,         0.6],[        1023,        0.64],[         971,        0.61],[         792,         0.5],[         904,        0.58]],
[[        1058,        0.67],[         974,        0.61],[         951,         0.6],[         808,        0.51],[         926,        0.59]],
[[        1192,        0.76],[         934,        0.59],[        1008,        0.63],[         775,        0.49],[         967,        0.62]],
[[        1149,        0.73],[         969,        0.61],[        1051,        0.66],[         790,         0.5],[         924,        0.59]],
[[        1139,        0.72],[         937,        0.59],[        1049,        0.66],[         806,        0.51],[         943,         0.6]],
[[        1227,        0.78],[         866,        0.55],[        1078,        0.67],[         844,        0.53],[         924,        0.59]],
[[        1134,        0.72],[         817,        0.51],[        1146,        0.72],[         855,        0.54],[         901,        0.57]],
[[        1229,        0.78],[         780,        0.49],[        1040,        0.65],[         914,        0.58],[         878,        0.56]],
[[        1312,        0.83],[         820,        0.52],[        1050,        0.66],[         890,        0.56],[         863,        0.55]],
[[        1277,        0.81],[         852,        0.54],[        1002,        0.63],[         860,        0.54],[         858,        0.55]],
[[        1245,        0.79],[         918,        0.58],[        1039,        0.65],[         967,        0.61],[         810,        0.52]],
[[        1248,        0.79],[         970,        0.61],[         989,        0.62],[         962,        0.61],[         802,        0.51]],
[[        1210,        0.77],[        1115,         0.7],[         959,         0.6],[         984,        0.62],[         777,         0.5]],
[[        1167,        0.74],[        1155,        0.73],[         984,        0.62],[        1040,        0.66],[         790,         0.5]],
[[        1148,        0.73],[        1090,        0.69],[         923,        0.58],[        1019,        0.64],[         799,        0.51]],
[[        1100,         0.7],[        1240,        0.78],[         854,        0.53],[        1037,        0.65],[         830,        0.53]],
[[        1103,         0.7],[        1176,        0.74],[         804,         0.5],[        1086,        0.69],[         846,        0.54]],
[[        1038,        0.66],[        1164,        0.73],[         802,         0.5],[        1008,        0.64],[         899,        0.57]],
[[         989,        0.63],[        1243,        0.78],[         825,        0.52],[        1008,        0.64],[         882,        0.56]],
[[         985,        0.62],[        1256,        0.79],[         868,        0.54],[         975,        0.62],[         860,        0.55]],
[[         972,        0.62],[        1208,        0.76],[         915,        0.57],[        1005,        0.63],[         953,        0.61]],
[[         974,        0.62],[        1240,        0.78],[         961,         0.6],[         961,        0.61],[         953,        0.61]],
[[         993,        0.63],[        1224,        0.77],[        1139,        0.71],[         932,        0.59],[         978,        0.62]],
[[         994,        0.63],[        1181,        0.74],[        1156,        0.72],[         955,         0.6],[        1027,        0.66]],
[[         996,        0.63],[        1087,        0.68],[        1048,        0.66],[         924,        0.58],[        1012,        0.65]],
[[        1043,        0.66],[        1100,        0.69],[        1218,        0.76],[         862,        0.54],[        1026,        0.65]],
[[        1085,        0.69],[        1079,        0.68],[        1171,        0.73],[         798,         0.5],[        1066,        0.68]],
[[        1196,        0.76],[        1007,        0.63],[        1135,        0.71],[         803,        0.51],[         989,        0.63]],
[[        1000,        0.63],[         992,        0.63],[        1223,        0.77],[         824,        0.52],[         989,        0.63]],
[[         930,        0.59],[         957,         0.6],[        1174,        0.73],[         850,        0.54],[         958,        0.61]],
[[         909,        0.58],[         993,        0.63],[        1148,        0.72],[         883,        0.56],[         977,        0.62]],
[[         850,        0.54],[         952,         0.6],[        1244,        0.78],[         932,        0.59],[         938,         0.6]],
[[         780,        0.49],[         941,        0.59],[        1147,        0.72],[        1070,        0.68],[         917,        0.58]],
[[         788,         0.5],[         960,         0.6],[        1135,        0.71],[        1124,        0.71],[         939,         0.6]],
[[         881,        0.56],[         972,        0.61],[        1037,        0.65],[        1033,        0.65],[         913,        0.58]],
[[         870,        0.55],[        1000,        0.63],[        1101,        0.69],[        1173,        0.74],[         853,        0.54]],
[[         832,        0.53],[        1080,        0.68],[        1053,        0.66],[        1111,         0.7],[         788,         0.5]],
[[         875,        0.55],[        1178,        0.74],[         949,        0.59],[        1095,        0.69],[         793,        0.51]],
[[         846,        0.54],[         920,        0.58],[         982,        0.61],[        1162,        0.73],[         813,        0.52]],
[[         812,        0.51],[         878,        0.55],[         918,        0.57],[        1138,        0.72],[         834,        0.53]],
[[         789,         0.5],[         866,        0.55],[         949,        0.59],[        1110,         0.7],[         863,        0.55]],
[[         803,        0.51],[         810,        0.51],[         894,        0.56],[        1146,        0.72],[         907,        0.58]],
[[         771,        0.49],[         716,        0.45],[         905,        0.57],[        1088,        0.69],[        1025,        0.65]],
[[         785,         0.5],[         739,        0.47],[         893,        0.56],[        1067,        0.67],[        1072,        0.68]],
[[         771,        0.49],[         816,        0.51],[         896,        0.56],[         974,        0.62],[         985,        0.63]],
[[         733,        0.46],[         801,         0.5],[         918,        0.57],[        1008,        0.64],[        1100,         0.7]],
[[         747,        0.47],[         760,        0.48],[         983,        0.62],[         967,        0.61],[        1042,        0.66]],
[[         694,        0.44],[         781,        0.49],[        1098,        0.69],[         873,        0.55],[        1020,        0.65]],
[[         719,        0.46],[         729,        0.46],[         847,        0.53],[         874,        0.55],[        1064,        0.68]],
[[         727,        0.46],[         694,        0.44],[         776,        0.49],[         815,        0.51],[        1039,        0.66]],
[[         726,        0.46],[         705,        0.44],[         761,        0.48],[         830,        0.52],[        1002,        0.64]],
[[         667,        0.42],[         651,        0.41],[         699,        0.44],[         777,        0.49],[        1026,        0.65]],
[[         672,        0.43],[         636,         0.4],[         599,        0.37],[         772,        0.49],[         968,        0.62]],
[[         722,        0.46],[         636,         0.4],[         616,        0.39],[         755,        0.48],[         931,        0.59]],
[[         726,        0.46],[         571,        0.36],[         667,        0.42],[         761,        0.48],[         841,        0.54]],
[[         471,         0.3],[         552,        0.35],[         644,         0.4],[         750,        0.47],[         851,        0.54]],
[[         420,        0.27],[         545,        0.34],[         614,        0.38],[         792,         0.5],[         798,        0.51]],
[[         389,        0.25],[         514,        0.32],[         580,        0.36],[         839,        0.53],[         712,        0.45]],
[[         428,        0.27],[         494,        0.31],[         530,        0.33],[         634,         0.4],[         693,        0.44]],
[[         448,        0.28],[         439,        0.28],[         491,        0.31],[         566,        0.36],[         627,         0.4]],
[[         413,        0.26],[         444,        0.28],[         448,        0.28],[         540,        0.34],[         621,         0.4]],
[[        2148,        1.36],[         353,        0.22],[         391,        0.24],[         476,         0.3],[         559,        0.36]],
[[           .,           .],[         361,        0.23],[         368,        0.23],[         391,        0.25],[         525,        0.33]],
[[           .,           .],[         352,        0.22],[         341,        0.21],[         370,        0.23],[         493,        0.31]],
[[           .,           .],[         300,        0.19],[         281,        0.18],[         379,        0.24],[         474,         0.3]],
[[           .,           .],[         193,        0.12],[         281,        0.18],[         340,        0.21],[         438,        0.28]],
[[           .,           .],[         841,        0.53],[        1055,        0.66],[        1323,        0.84],[        1971,        1.26]]]]}}
