{
"ons":{
"label":"Population Projections for England and Wales, by local authority",
"source":"Office for National Statistics",
"updated":"2014-10-01",
"area": {
"code":"K04000001",
"label":"England and Wales"
},
"time": {
"label":"1998-2038",
"index":["1998",  "2008",  "2018",  "2028",  "2038"]
},
"concept":{
"label":["population", "% of population"],
"units":["count", "%"],
"max":[        1063,         1.58]
},
"sums":{
"series1":[       30532,        30628,        31987,        32422,        33295],
"series2":[       31249,        31340,        32863,        33120,        33941]
},
"dimension":{
"label":"age",
"index":["0", "1", "2", "3", "4", "5", "6", "7", "8", "9", "10", "11", "12", "13", "14", "15", "16", "17", "18", "19", "20", "21", "22", "23", "24", "25", "26", "27", "28", "29", "30", "31", "32", "33", "34", "35", "36", "37", "38", "39", "40", "41", "42", "43", "44", "45", "46", "47", "48", "49", "50", "51", "52", "53", "54", "55", "56", "57", "58", "59", "60", "61", "62", "63", "64", "65", "66", "67", "68", "69", "70", "71", "72", "73", "74", "75", "76", "77", "78", "79", "80", "81", "82", "83", "84", "85", "86", "87", "88", "89", "90+"]
},
"series":["male", "female"],
"value":[[[[         372,         0.6],[         306,        0.49],[         302,        0.47],[         319,        0.49],[         323,        0.48]],
[[         394,        0.64],[         296,        0.48],[         337,        0.52],[         323,        0.49],[         324,        0.48]],
[[         400,        0.65],[         299,        0.48],[         382,        0.59],[         328,         0.5],[         325,        0.48]],
[[         406,        0.66],[         329,        0.53],[         336,        0.52],[         332,        0.51],[         327,        0.49]],
[[         394,        0.64],[         324,        0.52],[         368,        0.57],[         335,        0.51],[         329,        0.49]],
[[         381,        0.62],[         337,        0.54],[         379,        0.58],[         340,        0.52],[         333,         0.5]],
[[         422,        0.68],[         325,        0.52],[         363,        0.56],[         343,        0.52],[         336,         0.5]],
[[         449,        0.73],[         342,        0.55],[         353,        0.54],[         348,        0.53],[         340,        0.51]],
[[         434,         0.7],[         372,         0.6],[         375,        0.58],[         348,        0.53],[         343,        0.51]],
[[         409,        0.66],[         347,        0.56],[         359,        0.55],[         353,        0.54],[         348,        0.52]],
[[         400,        0.65],[         386,        0.62],[         352,        0.54],[         357,        0.54],[         351,        0.52]],
[[         405,        0.66],[         406,        0.66],[         364,        0.56],[         357,        0.54],[         357,        0.53]],
[[         434,         0.7],[         404,        0.65],[         353,        0.54],[         393,         0.6],[         365,        0.54]],
[[         376,        0.61],[         417,        0.67],[         364,        0.56],[         369,        0.56],[         370,        0.55]],
[[         393,        0.64],[         414,        0.67],[         351,        0.54],[         379,        0.58],[         372,        0.55]],
[[         369,         0.6],[         385,        0.62],[         394,        0.61],[         391,         0.6],[         376,        0.56]],
[[         358,        0.58],[         407,        0.66],[         365,        0.56],[         396,         0.6],[         376,        0.56]],
[[         336,        0.54],[         453,        0.73],[         350,        0.54],[         372,        0.57],[         371,        0.55]],
[[         363,        0.59],[         429,        0.69],[         366,        0.56],[         373,        0.57],[         350,        0.52]],
[[         279,        0.45],[         333,        0.54],[         294,        0.45],[         280,        0.43],[         283,        0.42]],
[[         222,        0.36],[         341,        0.55],[         285,        0.44],[         267,        0.41],[         273,        0.41]],
[[         239,        0.39],[         316,        0.51],[         349,        0.54],[         269,        0.41],[         276,        0.41]],
[[         247,         0.4],[         340,        0.55],[         315,        0.49],[         283,        0.43],[         311,        0.46]],
[[         346,        0.56],[         319,        0.51],[         358,        0.55],[         300,        0.46],[         323,        0.48]],
[[         374,        0.61],[         330,        0.53],[         353,        0.54],[         300,        0.46],[         335,         0.5]],
[[         403,        0.65],[         301,        0.49],[         339,        0.52],[         314,        0.48],[         349,        0.52]],
[[         466,        0.75],[         322,        0.52],[         411,        0.63],[         303,        0.46],[         358,        0.53]],
[[         504,        0.82],[         280,        0.45],[         418,        0.64],[         307,        0.47],[         350,        0.52]],
[[         486,        0.79],[         320,        0.52],[         348,        0.54],[         322,        0.49],[         356,        0.53]],
[[         499,        0.81],[         319,        0.51],[         362,        0.56],[         325,         0.5],[         350,        0.52]],
[[         487,        0.79],[         292,        0.47],[         393,        0.61],[         343,        0.52],[         361,        0.54]],
[[         511,        0.83],[         294,        0.47],[         356,        0.55],[         382,        0.58],[         359,        0.53]],
[[         530,        0.86],[         285,        0.46],[         410,        0.63],[         378,        0.58],[         361,        0.54]],
[[         483,        0.78],[         344,        0.56],[         393,        0.61],[         380,        0.58],[         346,        0.51]],
[[         490,        0.79],[         368,        0.59],[         355,        0.55],[         383,        0.58],[         345,        0.51]],
[[         497,         0.8],[         399,        0.64],[         337,        0.52],[         377,        0.58],[         345,        0.51]],
[[         473,        0.77],[         470,        0.76],[         338,        0.52],[         395,         0.6],[         338,         0.5]],
[[         484,        0.78],[         478,        0.77],[         313,        0.48],[         424,        0.65],[         349,        0.52]],
[[         464,        0.75],[         456,        0.74],[         298,        0.46],[         394,         0.6],[         362,        0.54]],
[[         431,         0.7],[         478,        0.77],[         345,        0.53],[         386,        0.59],[         371,        0.55]],
[[         473,        0.77],[         475,        0.77],[         330,        0.51],[         402,        0.61],[         385,        0.57]],
[[         421,        0.68],[         505,        0.81],[         358,        0.55],[         375,        0.57],[         408,        0.61]],
[[         429,        0.69],[         509,        0.82],[         339,        0.52],[         392,         0.6],[         407,        0.61]],
[[         422,        0.68],[         491,        0.79],[         380,        0.59],[         398,        0.61],[         414,        0.62]],
[[         435,         0.7],[         481,        0.78],[         422,        0.65],[         374,        0.57],[         416,        0.62]],
[[         437,        0.71],[         504,        0.81],[         411,        0.63],[         378,        0.58],[         416,        0.62]],
[[         440,        0.71],[         501,        0.81],[         482,        0.74],[         374,        0.57],[         433,        0.64]],
[[         445,        0.72],[         460,        0.74],[         519,         0.8],[         375,        0.57],[         459,        0.68]],
[[         463,        0.75],[         465,        0.75],[         427,        0.66],[         369,        0.56],[         438,        0.65]],
[[         468,        0.76],[         481,        0.78],[         515,        0.79],[         377,        0.58],[         429,        0.64]],
[[         524,        0.85],[         467,        0.75],[         484,        0.75],[         362,        0.55],[         436,        0.65]],
[[         514,        0.83],[         433,         0.7],[         501,        0.77],[         360,        0.55],[         411,        0.61]],
[[         472,        0.76],[         432,         0.7],[         541,        0.83],[         362,        0.55],[         427,        0.64]],
[[         441,        0.71],[         408,        0.66],[         504,        0.78],[         395,         0.6],[         436,        0.65]],
[[         446,        0.72],[         439,        0.71],[         474,        0.73],[         423,        0.65],[         413,        0.61]],
[[         433,         0.7],[         420,        0.68],[         550,        0.85],[         446,        0.68],[         417,        0.62]],
[[         359,        0.58],[         410,        0.66],[         502,        0.77],[         480,        0.73],[         407,        0.61]],
[[         323,        0.52],[         453,        0.73],[         464,        0.72],[         505,        0.77],[         409,        0.61]],
[[         333,        0.54],[         426,        0.69],[         478,        0.74],[         452,        0.69],[         400,        0.59]],
[[         372,         0.6],[         441,        0.71],[         469,        0.72],[         501,        0.76],[         400,        0.59]],
[[         365,        0.59],[         505,        0.81],[         454,         0.7],[         479,        0.73],[         379,        0.56]],
[[         336,        0.54],[         496,         0.8],[         433,        0.67],[         507,        0.77],[         376,        0.56]],
[[         314,        0.51],[         401,        0.65],[         408,        0.63],[         525,         0.8],[         376,        0.56]],
[[         294,        0.48],[         406,        0.66],[         372,        0.57],[         487,        0.74],[         393,        0.58]],
[[         289,        0.47],[         425,        0.69],[         416,        0.64],[         463,        0.71],[         416,        0.62]],
[[         262,        0.42],[         408,        0.66],[         395,        0.61],[         500,        0.76],[         434,        0.65]],
[[         260,        0.42],[         362,        0.58],[         343,        0.53],[         456,         0.7],[         461,        0.69]],
[[         280,        0.45],[         289,        0.47],[         415,        0.64],[         425,        0.65],[         476,        0.71]],
[[         265,        0.43],[         289,        0.47],[         385,        0.59],[         428,        0.65],[         433,        0.64]],
[[         224,        0.36],[         305,        0.49],[         402,        0.62],[         420,        0.64],[         468,         0.7]],
[[         265,        0.43],[         305,        0.49],[         431,        0.66],[         406,        0.62],[         449,        0.67]],
[[         252,        0.41],[         274,        0.44],[         436,        0.67],[         396,         0.6],[         464,        0.69]],
[[         224,        0.36],[         262,        0.42],[         350,        0.54],[         365,        0.56],[         477,        0.71]],
[[         191,        0.31],[         224,        0.36],[         365,        0.56],[         336,        0.51],[         442,        0.66]],
[[         209,        0.34],[         223,        0.36],[         354,        0.55],[         358,        0.55],[         419,        0.62]],
[[         172,        0.28],[         200,        0.32],[         323,         0.5],[         350,        0.53],[         438,        0.65]],
[[         174,        0.28],[         191,        0.31],[         301,        0.46],[         300,        0.46],[         392,        0.58]],
[[         199,        0.32],[         197,        0.32],[         214,        0.33],[         338,        0.52],[         363,        0.54]],
[[         159,        0.26],[         177,        0.29],[         221,        0.34],[         307,        0.47],[         355,        0.53]],
[[         106,        0.17],[         141,        0.23],[         215,        0.33],[         305,        0.47],[         336,         0.5]],
[[          79,        0.13],[         152,        0.25],[         199,        0.31],[         325,         0.5],[         317,        0.47]],
[[          82,        0.13],[         144,        0.23],[         189,        0.29],[         320,        0.49],[         299,        0.44]],
[[          79,        0.13],[         124,         0.2],[         157,        0.24],[         236,        0.36],[         266,         0.4]],
[[          67,        0.11],[          93,        0.15],[         155,        0.24],[         237,        0.36],[         238,        0.35]],
[[          73,        0.12],[          85,        0.14],[         132,         0.2],[         216,        0.33],[         237,        0.35]],
[[         252,        0.41],[          86,        0.14],[         101,        0.16],[         192,        0.29],[         222,        0.33]],
[[           .,           .],[          74,        0.12],[          87,        0.13],[         154,        0.23],[         179,        0.27]],
[[           .,           .],[          78,        0.13],[          97,        0.15],[         111,        0.17],[         189,        0.28]],
[[           .,           .],[          40,        0.06],[          78,        0.12],[         108,        0.16],[         167,        0.25]],
[[           .,           .],[          19,        0.03],[          47,        0.07],[          97,        0.15],[         153,        0.23]],
[[           .,           .],[          89,        0.14],[         179,        0.28],[         309,        0.47],[         606,         0.9]]],
[[[         353,        0.57],[         321,        0.52],[         357,        0.55],[         302,        0.46],[         305,        0.45]],
[[         369,         0.6],[         336,        0.54],[         326,         0.5],[         304,        0.46],[         304,        0.45]],
[[         336,        0.54],[         306,        0.49],[         318,        0.49],[         312,        0.48],[         309,        0.46]],
[[         362,        0.59],[         321,        0.52],[         315,        0.49],[         316,        0.48],[         311,        0.46]],
[[         365,        0.59],[         287,        0.46],[         313,        0.48],[         315,        0.48],[         309,        0.46]],
[[         370,         0.6],[         296,        0.48],[         428,        0.66],[         320,        0.49],[         313,        0.47]],
[[         440,        0.71],[         303,        0.49],[         324,         0.5],[         326,         0.5],[         319,        0.47]],
[[         430,         0.7],[         306,        0.49],[         400,        0.62],[         332,        0.51],[         324,        0.48]],
[[         420,        0.68],[         345,        0.56],[         378,        0.58],[         331,        0.51],[         325,        0.48]],
[[         429,        0.69],[         350,        0.56],[         352,        0.54],[         333,        0.51],[         329,        0.49]],
[[         422,        0.68],[         362,        0.58],[         317,        0.49],[         340,        0.52],[         335,         0.5]],
[[         409,        0.66],[         374,         0.6],[         375,        0.58],[         338,        0.52],[         339,         0.5]],
[[         389,        0.63],[         354,        0.57],[         312,        0.48],[         344,        0.52],[         347,        0.52]],
[[         388,        0.63],[         347,        0.56],[         367,        0.57],[         352,        0.54],[         351,        0.52]],
[[         389,        0.63],[         349,        0.56],[         310,        0.48],[         337,        0.51],[         351,        0.52]],
[[         347,        0.56],[         377,        0.61],[         331,        0.51],[         414,        0.63],[         356,        0.53]],
[[         377,        0.61],[         436,         0.7],[         331,        0.51],[         354,        0.54],[         356,        0.53]],
[[         353,        0.57],[         413,        0.67],[         326,         0.5],[         401,        0.61],[         354,        0.53]],
[[         362,        0.59],[         391,        0.63],[         340,        0.52],[         351,        0.54],[         332,        0.49]],
[[         256,        0.41],[         298,        0.48],[         261,         0.4],[         247,        0.38],[         244,        0.36]],
[[         208,        0.34],[         283,        0.46],[         258,         0.4],[         222,        0.34],[         236,        0.35]],
[[         187,         0.3],[         282,        0.46],[         287,        0.44],[         252,        0.38],[         243,        0.36]],
[[         266,        0.43],[         332,        0.54],[         299,        0.46],[         264,         0.4],[         286,        0.43]],
[[         283,        0.46],[         304,        0.49],[         316,        0.49],[         280,        0.43],[         293,        0.44]],
[[         336,        0.54],[         353,        0.57],[         377,        0.58],[         270,        0.41],[         301,        0.45]],
[[         397,        0.64],[         338,        0.55],[         344,        0.53],[         283,        0.43],[         341,        0.51]],
[[         420,        0.68],[         302,        0.49],[         389,         0.6],[         285,        0.43],[         342,        0.51]],
[[         459,        0.74],[         342,        0.55],[         379,        0.58],[         301,        0.46],[         357,        0.53]],
[[         464,        0.75],[         329,        0.53],[         408,        0.63],[         308,        0.47],[         342,        0.51]],
[[         438,        0.71],[         327,        0.53],[         391,         0.6],[         315,        0.48],[         343,        0.51]],
[[         488,        0.79],[         313,        0.51],[         352,        0.54],[         335,        0.51],[         350,        0.52]],
[[         476,        0.77],[         304,        0.49],[         394,        0.61],[         362,        0.55],[         359,        0.53]],
[[         479,        0.78],[         347,        0.56],[         376,        0.58],[         363,        0.55],[         350,        0.52]],
[[         514,        0.83],[         387,        0.62],[         363,        0.56],[         361,        0.55],[         350,        0.52]],
[[         550,        0.89],[         382,        0.62],[         403,        0.62],[         377,        0.58],[         341,        0.51]],
[[         500,        0.81],[         429,        0.69],[         355,        0.55],[         382,        0.58],[         337,         0.5]],
[[         458,        0.74],[         432,         0.7],[         364,        0.56],[         419,        0.64],[         338,         0.5]],
[[         489,        0.79],[         509,        0.82],[         429,        0.66],[         415,        0.63],[         348,        0.52]],
[[         465,        0.75],[         452,        0.73],[         369,        0.57],[         410,        0.63],[         356,        0.53]],
[[         440,        0.71],[         485,        0.78],[         368,        0.57],[         402,        0.61],[         362,        0.54]],
[[         416,        0.67],[         510,        0.82],[         354,        0.55],[         394,         0.6],[         375,        0.56]],
[[         438,        0.71],[         524,        0.85],[         302,        0.47],[         400,        0.61],[         396,        0.59]],
[[         439,        0.71],[         526,        0.85],[         360,        0.56],[         399,        0.61],[         398,        0.59]],
[[         422,        0.68],[         514,        0.83],[         424,        0.65],[         389,        0.59],[         396,        0.59]],
[[         466,        0.75],[         506,        0.82],[         420,        0.65],[         404,        0.62],[         413,        0.61]],
[[         435,         0.7],[         509,        0.82],[         451,         0.7],[         400,        0.61],[         415,        0.62]],
[[         476,        0.77],[         459,        0.74],[         437,        0.67],[         401,        0.61],[         444,        0.66]],
[[         432,         0.7],[         486,        0.78],[         542,        0.84],[         418,        0.64],[         450,        0.67]],
[[         446,        0.72],[         468,        0.76],[         473,        0.73],[         393,         0.6],[         442,        0.66]],
[[         505,        0.82],[         452,        0.73],[         511,        0.79],[         394,         0.6],[         438,        0.65]],
[[         502,        0.81],[         425,        0.69],[         513,        0.79],[         385,        0.59],[         434,        0.65]],
[[         553,         0.9],[         432,         0.7],[         528,        0.81],[         353,        0.54],[         434,        0.65]],
[[         429,        0.69],[         425,        0.69],[         521,         0.8],[         387,        0.59],[         433,        0.64]],
[[         460,        0.74],[         409,        0.66],[         540,        0.83],[         421,        0.64],[         422,        0.63]],
[[         451,        0.73],[         433,         0.7],[         505,        0.78],[         427,        0.65],[         429,        0.64]],
[[         413,        0.67],[         405,        0.65],[         503,        0.78],[         457,         0.7],[         423,        0.63]],
[[         368,         0.6],[         447,        0.72],[         461,        0.71],[         449,        0.69],[         426,        0.63]],
[[         323,        0.52],[         413,        0.67],[         507,        0.78],[         517,        0.79],[         431,        0.64]],
[[         345,        0.56],[         404,        0.65],[         452,         0.7],[         473,        0.72],[         419,        0.62]],
[[         318,        0.51],[         472,        0.76],[         465,        0.72],[         500,        0.76],[         407,        0.61]],
[[         332,        0.54],[         496,         0.8],[         445,        0.69],[         502,        0.77],[         391,        0.58]],
[[         342,        0.55],[         539,        0.87],[         446,        0.69],[         513,        0.78],[         364,        0.54]],
[[         303,        0.49],[         415,        0.67],[         392,         0.6],[         511,        0.78],[         391,        0.58]],
[[         278,        0.45],[         410,        0.66],[         380,        0.59],[         522,         0.8],[         419,        0.62]],
[[         275,        0.45],[         418,        0.67],[         421,        0.65],[         502,        0.77],[         431,        0.64]],
[[         289,        0.47],[         385,        0.62],[         383,        0.59],[         491,        0.75],[         455,        0.68]],
[[         322,        0.52],[         334,        0.54],[         419,        0.65],[         461,         0.7],[         449,        0.67]],
[[         295,        0.48],[         292,        0.47],[         396,        0.61],[         481,        0.73],[         505,        0.75]],
[[         294,        0.48],[         304,        0.49],[         377,        0.58],[         435,        0.66],[         461,        0.69]],
[[         267,        0.43],[         282,        0.46],[         433,        0.67],[         433,        0.66],[         480,        0.71]],
[[         266,        0.43],[         289,        0.47],[         456,         0.7],[         399,        0.61],[         474,         0.7]],
[[         270,        0.44],[         295,        0.48],[         473,        0.73],[         411,        0.63],[         477,        0.71]],
[[         241,        0.39],[         264,        0.43],[         361,        0.56],[         361,        0.55],[         477,        0.71]],
[[         232,        0.38],[         247,         0.4],[         368,        0.57],[         344,        0.52],[         471,         0.7]],
[[         249,         0.4],[         221,        0.36],[         376,        0.58],[         366,        0.56],[         446,        0.66]],
[[         221,        0.36],[         237,        0.38],[         314,        0.48],[         345,        0.53],[         433,        0.64]],
[[         257,        0.42],[         249,         0.4],[         283,        0.44],[         359,        0.55],[         405,         0.6]],
[[         244,        0.39],[         218,        0.35],[         247,        0.38],[         327,         0.5],[         408,        0.61]],
[[         237,        0.38],[         237,        0.38],[         256,        0.39],[         324,        0.49],[         370,        0.55]],
[[         176,        0.28],[         198,        0.32],[         237,        0.37],[         360,        0.55],[         369,        0.55]],
[[         162,        0.26],[         191,        0.31],[         218,        0.34],[         371,        0.57],[         339,         0.5]],
[[         153,        0.25],[         192,        0.31],[         248,        0.38],[         376,        0.57],[         336,         0.5]],
[[         160,        0.26],[         166,        0.27],[         214,        0.33],[         267,        0.41],[         288,        0.43]],
[[         128,        0.21],[         143,        0.23],[         173,        0.27],[         266,        0.41],[         270,         0.4]],
[[         146,        0.24],[         155,        0.25],[         163,        0.25],[         267,        0.41],[         278,        0.41]],
[[         590,        0.95],[         140,        0.23],[         139,        0.21],[         217,        0.33],[         256,        0.38]],
[[           .,           .],[         124,         0.2],[         162,        0.25],[         189,        0.29],[         251,        0.37]],
[[           .,           .],[         117,        0.19],[         126,        0.19],[         160,        0.24],[         226,        0.34]],
[[           .,           .],[         110,        0.18],[         121,        0.19],[         156,        0.24],[         217,        0.32]],
[[           .,           .],[          73,        0.12],[         105,        0.16],[         143,        0.22],[         224,        0.33]],
[[           .,           .],[         276,        0.45],[         460,        0.71],[         626,        0.96],[        1063,        1.58]]]]}}
