{
"ons":{
"label":"Population Projections for England and Wales, by local authority",
"source":"Office for National Statistics",
"updated":"2014-10-01",
"area": {
"code":"K04000001",
"label":"England and Wales"
},
"time": {
"label":"1998-2038",
"index":["1998",  "2008",  "2018",  "2028",  "2038"]
},
"concept":{
"label":["population", "% of population"],
"units":["count", "%"],
"max":[        1357,         0.98]
},
"sums":{
"series1":[       58342,        60736,        63303,        65913,        68517],
"series2":[       59885,        63132,        65599,        68119,        70618]
},
"dimension":{
"label":"age",
"index":["0", "1", "2", "3", "4", "5", "6", "7", "8", "9", "10", "11", "12", "13", "14", "15", "16", "17", "18", "19", "20", "21", "22", "23", "24", "25", "26", "27", "28", "29", "30", "31", "32", "33", "34", "35", "36", "37", "38", "39", "40", "41", "42", "43", "44", "45", "46", "47", "48", "49", "50", "51", "52", "53", "54", "55", "56", "57", "58", "59", "60", "61", "62", "63", "64", "65", "66", "67", "68", "69", "70", "71", "72", "73", "74", "75", "76", "77", "78", "79", "80", "81", "82", "83", "84", "85", "86", "87", "88", "89", "90+"]
},
"series":["male", "female"],
"value":[[[[         735,        0.62],[         842,        0.68],[         799,        0.62],[         763,        0.57],[         793,        0.57]],
[[         714,         0.6],[         778,        0.63],[         821,        0.64],[         769,        0.57],[         789,        0.57]],
[[         807,        0.68],[         745,         0.6],[         907,         0.7],[         778,        0.58],[         789,        0.57]],
[[         804,        0.68],[         700,        0.57],[         827,        0.64],[         797,        0.59],[         802,        0.58]],
[[         808,        0.68],[         684,        0.55],[         799,        0.62],[         804,         0.6],[         804,        0.58]],
[[         788,        0.67],[         681,        0.55],[         875,        0.68],[         801,         0.6],[         798,        0.57]],
[[         835,        0.71],[         640,        0.52],[         785,        0.61],[         803,         0.6],[         799,        0.57]],
[[         889,        0.75],[         691,        0.56],[         892,        0.69],[         806,         0.6],[         798,        0.57]],
[[         846,        0.72],[         711,        0.57],[         879,        0.68],[         804,         0.6],[         800,        0.57]],
[[         833,         0.7],[         771,        0.62],[         808,        0.63],[         798,         0.6],[         796,        0.57]],
[[         860,        0.73],[         764,        0.62],[         804,        0.62],[         805,         0.6],[         803,        0.58]],
[[         815,        0.69],[         756,        0.61],[         780,        0.61],[         791,        0.59],[         804,        0.58]],
[[         788,        0.67],[         878,        0.71],[         808,        0.63],[         865,        0.65],[         804,        0.58]],
[[         877,        0.74],[         845,        0.68],[         671,        0.52],[         819,        0.61],[         808,        0.58]],
[[         731,        0.62],[         872,         0.7],[         707,        0.55],[         794,        0.59],[         813,        0.58]],
[[         797,        0.67],[         802,        0.65],[         676,        0.52],[         853,        0.64],[         812,        0.58]],
[[         720,        0.61],[         850,        0.69],[         672,        0.52],[         820,        0.61],[         818,        0.59]],
[[         773,        0.65],[         929,        0.75],[         692,        0.54],[         883,        0.66],[         824,        0.59]],
[[         722,        0.61],[         832,        0.67],[         694,        0.54],[         848,        0.63],[         807,        0.58]],
[[         584,        0.49],[         748,         0.6],[         686,        0.53],[         683,        0.51],[         696,         0.5]],
[[         501,        0.42],[         686,        0.55],[         596,        0.46],[         659,        0.49],[         661,        0.48]],
[[         461,        0.39],[         657,        0.53],[         619,        0.48],[         646,        0.48],[         662,        0.48]],
[[         614,        0.52],[         722,        0.58],[         778,         0.6],[         671,         0.5],[         744,        0.53]],
[[         698,        0.59],[         779,        0.63],[         728,        0.56],[         639,        0.48],[         747,        0.54]],
[[         730,        0.62],[         696,        0.56],[         787,        0.61],[         668,         0.5],[         758,        0.54]],
[[         798,        0.67],[         739,         0.6],[         741,        0.57],[         661,        0.49],[         819,        0.59]],
[[         903,        0.76],[         712,        0.57],[         812,        0.63],[         663,        0.49],[         823,        0.59]],
[[         940,         0.8],[         771,        0.62],[         761,        0.59],[         700,        0.52],[         855,        0.61]],
[[         942,         0.8],[         787,        0.64],[         792,        0.61],[         708,        0.53],[         835,         0.6]],
[[         964,        0.82],[         767,        0.62],[         815,        0.63],[         768,        0.57],[         812,        0.58]],
[[         885,        0.75],[         697,        0.56],[         794,        0.62],[         778,        0.58],[         841,         0.6]],
[[         931,        0.79],[         704,        0.57],[         794,        0.62],[         802,         0.6],[         832,         0.6]],
[[         953,        0.81],[         771,        0.62],[         825,        0.64],[         889,        0.66],[         837,         0.6]],
[[         941,         0.8],[         721,        0.58],[         852,        0.66],[         881,        0.66],[         799,        0.57]],
[[         944,         0.8],[         769,        0.62],[         800,        0.62],[         898,        0.67],[         803,        0.58]],
[[         915,        0.77],[         876,        0.71],[         829,        0.64],[         875,        0.65],[         784,        0.56]],
[[         920,        0.78],[         894,        0.72],[         805,        0.62],[         909,        0.68],[         771,        0.55]],
[[         879,        0.74],[         946,        0.76],[         847,        0.66],[         928,        0.69],[         794,        0.57]],
[[         887,        0.75],[         946,        0.76],[         812,        0.63],[         897,        0.67],[         818,        0.59]],
[[         909,        0.77],[         935,        0.75],[         777,         0.6],[         867,        0.65],[         851,        0.61]],
[[         828,         0.7],[         917,        0.74],[         773,         0.6],[         859,        0.64],[         856,        0.62]],
[[         829,         0.7],[         958,        0.77],[         708,        0.55],[         809,         0.6],[         867,        0.62]],
[[         828,         0.7],[        1039,        0.84],[         775,         0.6],[         839,        0.63],[         912,        0.66]],
[[         792,        0.67],[         972,        0.78],[         732,        0.57],[         839,        0.63],[         896,        0.64]],
[[         777,        0.66],[         983,        0.79],[         754,        0.58],[         788,        0.59],[         903,        0.65]],
[[         787,        0.67],[         873,         0.7],[         858,        0.67],[         800,         0.6],[         887,        0.64]],
[[         781,        0.66],[         974,        0.79],[         816,        0.63],[         795,        0.59],[         923,        0.66]],
[[         804,        0.68],[         883,        0.71],[         951,        0.74],[         824,        0.61],[         943,        0.68]],
[[         899,        0.76],[         862,         0.7],[         893,        0.69],[         802,         0.6],[         912,        0.66]],
[[         835,        0.71],[         825,        0.67],[         941,        0.73],[         767,        0.57],[         890,        0.64]],
[[         861,        0.73],[         799,        0.65],[         891,        0.69],[         752,        0.56],[         874,        0.63]],
[[        1002,        0.85],[         785,        0.63],[         936,        0.73],[         702,        0.52],[         828,         0.6]],
[[         794,        0.67],[         810,        0.65],[        1004,        0.78],[         759,        0.57],[         853,        0.61]],
[[         865,        0.73],[         769,        0.62],[         924,        0.72],[         745,        0.56],[         850,        0.61]],
[[         842,        0.71],[         756,        0.61],[         985,        0.76],[         770,        0.57],[         806,        0.58]],
[[         734,        0.62],[         802,        0.65],[         829,        0.64],[         834,        0.62],[         809,        0.58]],
[[         662,        0.56],[         747,         0.6],[         954,        0.74],[         845,        0.63],[         793,        0.57]],
[[         641,        0.54],[         760,        0.61],[         863,        0.67],[         919,        0.69],[         816,        0.59]],
[[         610,        0.52],[         873,         0.7],[         816,        0.63],[         850,        0.63],[         795,        0.57]],
[[         589,         0.5],[         786,        0.63],[         768,         0.6],[         898,        0.67],[         752,        0.54]],
[[         607,        0.51],[         771,        0.62],[         758,        0.59],[         847,        0.63],[         727,        0.52]],
[[         583,        0.49],[         916,        0.74],[         744,        0.58],[         876,        0.65],[         682,        0.49]],
[[         554,        0.47],[         699,        0.56],[         721,        0.56],[         930,        0.69],[         732,        0.53]],
[[         546,        0.46],[         810,        0.65],[         713,        0.55],[         866,        0.65],[         721,        0.52]],
[[         542,        0.46],[         739,         0.6],[         689,        0.53],[         901,        0.67],[         742,        0.53]],
[[         542,        0.46],[         656,        0.53],[         754,        0.58],[         776,        0.58],[         791,        0.57]],
[[         538,        0.46],[         564,        0.46],[         663,        0.51],[         888,        0.66],[         801,        0.58]],
[[         494,        0.42],[         550,        0.44],[         635,        0.49],[         798,         0.6],[         861,        0.62]],
[[         500,        0.42],[         486,        0.39],[         760,        0.59],[         753,        0.56],[         795,        0.57]],
[[         465,        0.39],[         511,        0.41],[         700,        0.54],[         704,        0.53],[         835,         0.6]],
[[         447,        0.38],[         509,        0.41],[         671,        0.52],[         699,        0.52],[         786,        0.56]],
[[         488,        0.41],[         468,        0.38],[         791,        0.61],[         658,        0.49],[         798,        0.57]],
[[         410,        0.35],[         414,        0.33],[         576,        0.45],[         646,        0.48],[         823,        0.59]],
[[         400,        0.34],[         438,        0.35],[         677,        0.53],[         610,        0.46],[         760,        0.55]],
[[         351,         0.3],[         418,        0.34],[         588,        0.46],[         591,        0.44],[         774,        0.56]],
[[         367,        0.31],[         382,        0.31],[         560,        0.43],[         623,        0.46],[         672,        0.48]],
[[         350,         0.3],[         399,        0.32],[         434,        0.34],[         547,        0.41],[         741,        0.53]],
[[         339,        0.29],[         335,        0.27],[         415,        0.32],[         534,         0.4],[         659,        0.47]],
[[         297,        0.25],[         330,        0.27],[         354,        0.27],[         605,        0.45],[         609,        0.44]],
[[         204,        0.17],[         282,        0.23],[         366,        0.28],[         537,         0.4],[         560,         0.4]],
[[         172,        0.15],[         288,        0.23],[         378,        0.29],[         503,        0.38],[         533,        0.38]],
[[         164,        0.14],[         267,        0.22],[         315,        0.24],[         555,        0.41],[         487,        0.35]],
[[         154,        0.13],[         187,        0.15],[         251,        0.19],[         389,        0.29],[         458,        0.33]],
[[         122,         0.1],[         176,        0.14],[         240,        0.19],[         427,        0.32],[         418,         0.3]],
[[         120,         0.1],[         154,        0.12],[         229,        0.18],[         357,        0.27],[         387,        0.28]],
[[         385,        0.33],[         152,        0.12],[         198,        0.15],[         314,        0.23],[         381,        0.27]],
[[           .,           .],[         143,        0.12],[         176,        0.14],[         232,        0.17],[         316,        0.23]],
[[           .,           .],[         108,        0.09],[         149,        0.12],[         196,        0.15],[         285,         0.2]],
[[           .,           .],[         109,        0.09],[         131,         0.1],[         154,        0.11],[         288,        0.21]],
[[           .,           .],[          58,        0.05],[          80,        0.06],[         138,         0.1],[         226,        0.16]],
[[           .,           .],[         150,        0.12],[         270,        0.21],[         474,        0.35],[         900,        0.65]]],
[[[         716,        0.61],[         764,        0.62],[         780,        0.61],[         733,        0.55],[         761,        0.55]],
[[         716,        0.61],[         766,        0.62],[         732,        0.57],[         749,        0.56],[         768,        0.55]],
[[         723,        0.61],[         732,        0.59],[         773,         0.6],[         759,        0.57],[         769,        0.55]],
[[         732,        0.62],[         737,        0.59],[         760,        0.59],[         760,        0.57],[         764,        0.55]],
[[         740,        0.63],[         702,        0.57],[         785,        0.61],[         770,        0.57],[         770,        0.55]],
[[         774,        0.65],[         701,        0.57],[         782,        0.61],[         780,        0.58],[         778,        0.56]],
[[         799,        0.68],[         682,        0.55],[         820,        0.64],[         784,        0.58],[         781,        0.56]],
[[         868,        0.73],[         711,        0.57],[         826,        0.64],[         788,        0.59],[         781,        0.56]],
[[         853,        0.72],[         714,        0.58],[         814,        0.63],[         792,        0.59],[         787,        0.57]],
[[         847,        0.72],[         730,        0.59],[         787,        0.61],[         792,        0.59],[         790,        0.57]],
[[         854,        0.72],[         756,        0.61],[         772,         0.6],[         799,         0.6],[         797,        0.57]],
[[         825,         0.7],[         789,        0.64],[         818,        0.63],[         781,        0.58],[         795,        0.57]],
[[         818,        0.69],[         766,        0.62],[         731,        0.57],[         809,         0.6],[         800,        0.57]],
[[         796,        0.67],[         803,        0.65],[         740,        0.57],[         779,        0.58],[         805,        0.58]],
[[         754,        0.64],[         805,        0.65],[         707,        0.55],[         818,        0.61],[         809,        0.58]],
[[         752,        0.64],[         798,        0.64],[         687,        0.53],[         825,        0.62],[         814,        0.59]],
[[         738,        0.62],[         858,        0.69],[         705,        0.55],[         846,        0.63],[         811,        0.58]],
[[         701,        0.59],[         850,        0.69],[         724,        0.56],[         842,        0.63],[         815,        0.59]],
[[         705,         0.6],[         828,        0.67],[         682,        0.53],[         787,        0.59],[         782,        0.56]],
[[         561,        0.47],[         712,        0.57],[         571,        0.44],[         618,        0.46],[         630,        0.45]],
[[         439,        0.37],[         672,        0.54],[         571,        0.44],[         581,        0.43],[         599,        0.43]],
[[         460,        0.39],[         708,        0.57],[         636,        0.49],[         629,        0.47],[         628,        0.45]],
[[         565,        0.48],[         777,        0.63],[         731,        0.57],[         645,        0.48],[         705,        0.51]],
[[         660,        0.56],[         762,        0.62],[         748,        0.58],[         673,         0.5],[         732,        0.53]],
[[         751,        0.64],[         772,        0.62],[         730,        0.57],[         683,        0.51],[         777,        0.56]],
[[         817,        0.69],[         737,        0.59],[         766,        0.59],[         680,        0.51],[         822,        0.59]],
[[         853,        0.72],[         823,        0.66],[         848,        0.66],[         703,        0.52],[         866,        0.62]],
[[         884,        0.75],[         803,        0.65],[         836,        0.65],[         739,        0.55],[         873,        0.63]],
[[         908,        0.77],[         859,        0.69],[         894,        0.69],[         759,        0.57],[         870,        0.63]],
[[         892,        0.75],[         800,        0.65],[         906,         0.7],[         784,        0.58],[         864,        0.62]],
[[         915,        0.77],[         726,        0.59],[         856,        0.66],[         827,        0.62],[         881,        0.63]],
[[         881,        0.75],[         732,        0.59],[         848,        0.66],[         856,        0.64],[         874,        0.63]],
[[         952,        0.81],[         777,        0.63],[         897,         0.7],[         867,        0.65],[         844,        0.61]],
[[         972,        0.82],[         736,        0.59],[         926,        0.72],[         874,        0.65],[         831,         0.6]],
[[         929,        0.79],[         827,        0.67],[         847,        0.66],[         885,        0.66],[         814,        0.59]],
[[         912,        0.77],[         834,        0.67],[         804,        0.62],[         882,        0.66],[         786,        0.56]],
[[         942,         0.8],[         863,         0.7],[         891,        0.69],[         924,        0.69],[         780,        0.56]],
[[         860,        0.73],[         897,        0.72],[         766,        0.59],[         925,        0.69],[         803,        0.58]],
[[         826,         0.7],[         949,        0.77],[         919,        0.71],[         926,        0.69],[         807,        0.58]],
[[         852,        0.72],[         988,         0.8],[         842,        0.65],[         900,        0.67],[         819,        0.59]],
[[         795,        0.67],[         961,        0.78],[         677,        0.53],[         871,        0.65],[         843,        0.61]],
[[         817,        0.69],[         974,        0.79],[         721,        0.56],[         850,        0.63],[         865,        0.62]],
[[         779,        0.66],[         990,         0.8],[         786,        0.61],[         901,        0.67],[         877,        0.63]],
[[         770,        0.65],[         994,         0.8],[         727,        0.56],[         877,        0.65],[         876,        0.63]],
[[         784,        0.66],[         941,        0.76],[         805,        0.62],[         832,        0.62],[         888,        0.64]],
[[         796,        0.67],[         888,        0.72],[         818,        0.63],[         793,        0.59],[         885,        0.64]],
[[         797,        0.67],[         933,        0.75],[         882,        0.68],[         859,        0.64],[         917,        0.66]],
[[         773,        0.65],[         861,         0.7],[         899,         0.7],[         780,        0.58],[         919,        0.66]],
[[         856,        0.72],[         823,        0.66],[         905,         0.7],[         885,        0.66],[         927,        0.67]],
[[         855,        0.72],[         816,        0.66],[         957,        0.74],[         811,        0.61],[         907,        0.65]],
[[         918,        0.78],[         816,        0.66],[         978,        0.76],[         698,        0.52],[         879,        0.63]],
[[         936,        0.79],[         833,        0.67],[         961,        0.75],[         712,        0.53],[         861,        0.62]],
[[         804,        0.68],[         760,        0.61],[         999,        0.78],[         779,        0.58],[         895,        0.64]],
[[         847,        0.72],[         749,         0.6],[         982,        0.76],[         740,        0.55],[         871,        0.63]],
[[         820,        0.69],[         765,        0.62],[         908,         0.7],[         789,        0.59],[         831,         0.6]],
[[         784,        0.66],[         763,        0.62],[         887,        0.69],[         813,        0.61],[         794,        0.57]],
[[         668,        0.57],[         769,        0.62],[         893,        0.69],[         853,        0.64],[         848,        0.61]],
[[         626,        0.53],[         783,        0.63],[         850,        0.66],[         876,        0.65],[         785,        0.56]],
[[         617,        0.52],[         825,        0.67],[         776,         0.6],[         881,        0.66],[         863,        0.62]],
[[         646,        0.55],[         789,        0.64],[         769,         0.6],[         924,        0.69],[         798,        0.57]],
[[         647,        0.55],[         853,        0.69],[         765,        0.59],[         921,        0.69],[         695,         0.5]],
[[         586,         0.5],[         910,        0.73],[         815,        0.63],[         898,        0.67],[         701,         0.5]],
[[         578,        0.49],[         725,        0.59],[         726,        0.56],[         954,        0.71],[         758,        0.54]],
[[         564,        0.48],[         785,        0.63],[         722,        0.56],[         942,         0.7],[         726,        0.52]],
[[         543,        0.46],[         768,        0.62],[         736,        0.57],[         874,        0.65],[         774,        0.56]],
[[         509,        0.43],[         704,        0.57],[         728,        0.56],[         856,        0.64],[         801,        0.58]],
[[         547,        0.46],[         592,        0.48],[         714,        0.55],[         860,        0.64],[         835,         0.6]],
[[         573,        0.48],[         577,        0.47],[         723,        0.56],[         812,        0.61],[         854,        0.61]],
[[         528,        0.45],[         579,        0.47],[         767,         0.6],[         749,        0.56],[         855,        0.61]],
[[         545,        0.46],[         554,        0.45],[         715,        0.55],[         734,        0.55],[         882,        0.63]],
[[         500,        0.42],[         592,        0.48],[         775,         0.6],[         735,        0.55],[         876,        0.63]],
[[         497,        0.42],[         527,        0.43],[         833,        0.65],[         748,        0.56],[         850,        0.61]],
[[         499,        0.42],[         482,        0.39],[         637,        0.49],[         662,        0.49],[         881,        0.63]],
[[         468,         0.4],[         478,        0.39],[         677,        0.53],[         657,        0.49],[         864,        0.62]],
[[         459,        0.39],[         451,        0.36],[         681,        0.53],[         655,        0.49],[         791,        0.57]],
[[         476,         0.4],[         417,        0.34],[         577,        0.45],[         648,        0.48],[         764,        0.55]],
[[         499,        0.42],[         467,        0.38],[         480,        0.37],[         620,        0.46],[         758,        0.54]],
[[         482,        0.41],[         480,        0.39],[         478,        0.37],[         615,        0.46],[         704,        0.51]],
[[         429,        0.36],[         397,        0.32],[         464,        0.36],[         638,        0.48],[         633,        0.45]],
[[         324,        0.27],[         404,        0.33],[         450,        0.35],[         590,        0.44],[         611,        0.44]],
[[         276,        0.23],[         340,        0.27],[         464,        0.36],[         624,        0.47],[         602,        0.43]],
[[         278,        0.24],[         334,        0.27],[         408,        0.32],[         645,        0.48],[         600,        0.43]],
[[         291,        0.25],[         344,        0.28],[         366,        0.28],[         497,        0.37],[         529,        0.38]],
[[         241,         0.2],[         293,        0.24],[         316,        0.25],[         502,        0.37],[         510,        0.37]],
[[         194,        0.16],[         275,        0.22],[         299,        0.23],[         491,        0.37],[         491,        0.35]],
[[        1122,        0.95],[         258,        0.21],[         276,        0.21],[         398,         0.3],[         464,        0.33]],
[[           .,           .],[         241,        0.19],[         271,        0.21],[         315,        0.24],[         427,        0.31]],
[[           .,           .],[         223,        0.18],[         273,        0.21],[         296,        0.22],[         399,        0.29]],
[[           .,           .],[         175,        0.14],[         206,        0.16],[         264,         0.2],[         385,        0.28]],
[[           .,           .],[         133,        0.11],[         175,        0.14],[         227,        0.17],[         326,        0.23]],
[[           .,           .],[         495,         0.4],[         644,         0.5],[         817,        0.61],[        1357,        0.98]]]]}}
