{
"ons":{
"label":"Population Projections for England and Wales, by local authority",
"source":"Office for National Statistics",
"updated":"2014-10-01",
"area": {
"code":"K04000001",
"label":"England and Wales"
},
"time": {
"label":"1998-2038",
"index":["1998",  "2008",  "2018",  "2028",  "2038"]
},
"concept":{
"label":["population", "% of population"],
"units":["count", "%"],
"max":[        2739,         1.25]
},
"sums":{
"series1":[      106374,       108615,       116098,       120889,       124685],
"series2":[      112298,       113292,       119525,       124549,       128219]
},
"dimension":{
"label":"age",
"index":["0", "1", "2", "3", "4", "5", "6", "7", "8", "9", "10", "11", "12", "13", "14", "15", "16", "17", "18", "19", "20", "21", "22", "23", "24", "25", "26", "27", "28", "29", "30", "31", "32", "33", "34", "35", "36", "37", "38", "39", "40", "41", "42", "43", "44", "45", "46", "47", "48", "49", "50", "51", "52", "53", "54", "55", "56", "57", "58", "59", "60", "61", "62", "63", "64", "65", "66", "67", "68", "69", "70", "71", "72", "73", "74", "75", "76", "77", "78", "79", "80", "81", "82", "83", "84", "85", "86", "87", "88", "89", "90+"]
},
"series":["male", "female"],
"value":[[[[        1583,        0.72],[        1757,        0.79],[        1674,        0.71],[        1619,        0.66],[        1677,        0.66]],
[[        1635,        0.75],[        1639,        0.74],[        1732,        0.74],[        1640,        0.67],[        1679,        0.66]],
[[        1612,        0.74],[        1639,        0.74],[        1695,        0.72],[        1657,        0.68],[        1676,        0.66]],
[[        1551,        0.71],[        1620,        0.73],[        1749,        0.74],[        1680,        0.68],[        1682,        0.67]],
[[        1561,        0.71],[        1567,        0.71],[        1717,        0.73],[        1700,        0.69],[        1685,        0.67]],
[[        1620,        0.74],[        1613,        0.73],[        1778,        0.75],[        1714,         0.7],[        1687,        0.67]],
[[        1710,        0.78],[        1589,        0.72],[        1687,        0.72],[        1717,         0.7],[        1683,        0.67]],
[[        1679,        0.77],[        1519,        0.68],[        1669,        0.71],[        1726,         0.7],[        1682,        0.67]],
[[        1652,        0.76],[        1541,        0.69],[        1686,        0.72],[        1737,        0.71],[        1684,        0.67]],
[[        1664,        0.76],[        1620,        0.73],[        1699,        0.72],[        1749,        0.71],[        1694,        0.67]],
[[        1686,        0.77],[        1551,         0.7],[        1798,        0.76],[        1758,        0.72],[        1710,        0.68]],
[[        1626,        0.74],[        1613,        0.73],[        1683,        0.71],[        1738,        0.71],[        1728,        0.68]],
[[        1689,        0.77],[        1569,        0.71],[        1615,        0.69],[        1798,        0.73],[        1739,        0.69]],
[[        1692,        0.77],[        1554,         0.7],[        1670,        0.71],[        1832,        0.75],[        1751,        0.69]],
[[        1560,        0.71],[        1536,        0.69],[        1600,        0.68],[        1816,        0.74],[        1768,         0.7]],
[[        1517,        0.69],[        1627,        0.73],[        1671,        0.71],[        1871,        0.76],[        1779,         0.7]],
[[        1509,        0.69],[        1648,        0.74],[        1647,         0.7],[        1789,        0.73],[        1774,         0.7]],
[[        1478,        0.68],[        1681,        0.76],[        1579,        0.67],[        1754,        0.71],[        1779,         0.7]],
[[        1395,        0.64],[        1577,        0.71],[        1567,        0.67],[        1717,         0.7],[        1746,        0.69]],
[[         944,        0.43],[        1433,        0.65],[        1458,        0.62],[        1476,         0.6],[        1510,         0.6]],
[[         921,        0.42],[        1399,        0.63],[        1382,        0.59],[        1477,         0.6],[        1434,        0.57]],
[[         902,        0.41],[        1327,         0.6],[        1433,        0.61],[        1408,        0.57],[        1424,        0.56]],
[[        1024,        0.47],[        1379,        0.62],[        1442,        0.61],[        1410,        0.57],[        1525,         0.6]],
[[        1257,        0.57],[        1515,        0.68],[        1505,        0.64],[        1432,        0.58],[        1585,        0.63]],
[[        1383,        0.63],[        1437,        0.65],[        1505,        0.64],[        1419,        0.58],[        1592,        0.63]],
[[        1525,         0.7],[        1411,        0.64],[        1538,        0.65],[        1451,        0.59],[        1652,        0.65]],
[[        1600,        0.73],[        1374,        0.62],[        1598,        0.68],[        1425,        0.58],[        1626,        0.64]],
[[        1662,        0.76],[        1384,        0.62],[        1654,         0.7],[        1403,        0.57],[        1597,        0.63]],
[[        1717,        0.79],[        1427,        0.64],[        1614,        0.68],[        1443,        0.59],[        1600,        0.63]],
[[        1729,        0.79],[        1363,        0.61],[        1624,        0.69],[        1492,        0.61],[        1579,        0.62]],
[[        1698,        0.78],[        1256,        0.57],[        1653,         0.7],[        1488,        0.61],[        1633,        0.65]],
[[        1763,        0.81],[        1293,        0.58],[        1521,        0.65],[        1562,        0.64],[        1579,        0.62]],
[[        1698,        0.78],[        1286,        0.58],[        1513,        0.64],[        1539,        0.63],[        1540,        0.61]],
[[        1705,        0.78],[        1368,        0.62],[        1665,        0.71],[        1577,        0.64],[        1502,        0.59]],
[[        1758,         0.8],[        1390,        0.63],[        1532,        0.65],[        1583,        0.64],[        1476,        0.58]],
[[        1673,        0.77],[        1490,        0.67],[        1504,        0.64],[        1606,        0.65],[        1459,        0.58]],
[[        1650,        0.75],[        1560,         0.7],[        1466,        0.62],[        1610,        0.66],[        1423,        0.56]],
[[        1617,        0.74],[        1655,        0.75],[        1506,        0.64],[        1656,        0.67],[        1417,        0.56]],
[[        1464,        0.67],[        1655,        0.75],[        1508,        0.64],[        1651,        0.67],[        1446,        0.57]],
[[        1461,        0.67],[        1729,        0.78],[        1409,         0.6],[        1618,        0.66],[        1494,        0.59]],
[[        1391,        0.64],[        1693,        0.76],[        1270,        0.54],[        1622,        0.66],[        1503,        0.59]],
[[        1404,        0.64],[        1697,        0.76],[        1308,        0.56],[        1541,        0.63],[        1557,        0.62]],
[[        1366,        0.62],[        1633,        0.74],[        1368,        0.58],[        1534,        0.63],[        1540,        0.61]],
[[        1378,        0.63],[        1617,        0.73],[        1396,        0.59],[        1616,        0.66],[        1554,        0.61]],
[[        1435,        0.66],[        1603,        0.72],[        1407,         0.6],[        1502,        0.61],[        1561,        0.62]],
[[        1418,        0.65],[        1501,        0.68],[        1444,        0.61],[        1494,        0.61],[        1586,        0.63]],
[[        1379,        0.63],[        1460,        0.66],[        1568,        0.67],[        1464,         0.6],[        1604,        0.63]],
[[        1390,        0.64],[        1546,         0.7],[        1602,        0.68],[        1460,        0.59],[        1649,        0.65]],
[[        1392,        0.64],[        1418,        0.64],[        1622,        0.69],[        1508,        0.61],[        1635,        0.65]],
[[        1485,        0.68],[        1448,        0.65],[        1663,        0.71],[        1397,        0.57],[        1596,        0.63]],
[[        1652,        0.76],[        1324,         0.6],[        1640,         0.7],[        1260,        0.51],[        1585,        0.63]],
[[        1699,        0.78],[        1311,        0.59],[        1636,        0.69],[        1294,        0.53],[        1504,        0.59]],
[[        1329,        0.61],[        1248,        0.56],[        1528,        0.65],[        1310,        0.53],[        1500,        0.59]],
[[        1256,        0.57],[        1230,        0.55],[        1499,        0.64],[        1359,        0.55],[        1560,        0.62]],
[[        1274,        0.58],[        1319,        0.59],[        1524,        0.65],[        1331,        0.54],[        1452,        0.57]],
[[        1226,        0.56],[        1288,        0.58],[        1394,        0.59],[        1381,        0.56],[        1435,        0.57]],
[[        1144,        0.52],[        1240,        0.56],[        1342,        0.57],[        1487,        0.61],[        1398,        0.55]],
[[        1112,        0.51],[        1199,        0.54],[        1435,        0.61],[        1506,        0.61],[        1389,        0.55]],
[[        1184,        0.54],[        1216,        0.55],[        1323,        0.56],[        1512,        0.62],[        1417,        0.56]],
[[        1174,        0.54],[        1280,        0.58],[        1372,        0.58],[        1532,        0.62],[        1306,        0.52]],
[[        1152,        0.53],[        1440,        0.65],[        1236,        0.52],[        1483,         0.6],[        1177,        0.47]],
[[        1118,        0.51],[        1438,        0.65],[        1192,        0.51],[        1490,        0.61],[        1186,        0.47]],
[[        1031,        0.47],[        1065,        0.48],[        1130,        0.48],[        1377,        0.56],[        1194,        0.47]],
[[         972,        0.44],[        1071,        0.48],[        1098,        0.47],[        1353,        0.55],[        1226,        0.48]],
[[         877,         0.4],[        1079,        0.49],[        1145,        0.49],[        1350,        0.55],[        1201,        0.47]],
[[         850,        0.39],[         995,        0.45],[        1093,        0.46],[        1237,         0.5],[        1241,        0.49]],
[[         881,         0.4],[         899,        0.41],[        1074,        0.46],[        1201,        0.49],[        1318,        0.52]],
[[         797,        0.36],[         886,         0.4],[         967,        0.41],[        1237,         0.5],[        1322,        0.52]],
[[         744,        0.34],[         894,         0.4],[        1014,        0.43],[        1131,        0.46],[        1310,        0.52]],
[[         777,        0.36],[         907,        0.41],[        1044,        0.44],[        1148,        0.47],[        1314,        0.52]],
[[         771,        0.35],[         860,        0.39],[        1169,         0.5],[        1030,        0.42],[        1260,         0.5]],
[[         710,        0.32],[         813,        0.37],[        1189,         0.5],[         994,         0.4],[        1258,         0.5]],
[[         702,        0.32],[         716,        0.32],[         809,        0.34],[         918,        0.37],[        1148,        0.45]],
[[         653,         0.3],[         662,         0.3],[         828,        0.35],[         886,        0.36],[        1116,        0.44]],
[[         655,         0.3],[         620,        0.28],[         844,        0.36],[         919,        0.37],[        1100,        0.43]],
[[         634,        0.29],[         550,        0.25],[         759,        0.32],[         851,        0.35],[         997,        0.39]],
[[         662,         0.3],[         557,        0.25],[         662,        0.28],[         823,        0.34],[         958,        0.38]],
[[         624,        0.29],[         501,        0.23],[         596,        0.25],[         751,        0.31],[         964,        0.38]],
[[         562,        0.26],[         436,         0.2],[         632,        0.27],[         753,        0.31],[         864,        0.34]],
[[         332,        0.15],[         453,         0.2],[         596,        0.25],[         744,         0.3],[         852,        0.34]],
[[         259,        0.12],[         411,        0.19],[         539,        0.23],[         790,        0.32],[         745,        0.29]],
[[         255,        0.12],[         369,        0.17],[         494,        0.21],[         785,        0.32],[         703,        0.28]],
[[         251,        0.11],[         365,        0.16],[         394,        0.17],[         512,        0.21],[         628,        0.25]],
[[         291,        0.13],[         279,        0.13],[         372,        0.16],[         501,         0.2],[         577,        0.23]],
[[         221,         0.1],[         276,        0.12],[         310,        0.13],[         477,        0.19],[         568,        0.22]],
[[         935,        0.43],[         241,        0.11],[         260,        0.11],[         407,        0.17],[         505,         0.2]],
[[           .,           .],[         233,         0.1],[         240,         0.1],[         333,        0.14],[         467,        0.18]],
[[           .,           .],[         192,        0.09],[         235,         0.1],[         285,        0.12],[         399,        0.16]],
[[           .,           .],[         151,        0.07],[         184,        0.08],[         271,        0.11],[         371,        0.15]],
[[           .,           .],[         109,        0.05],[         162,        0.07],[         242,         0.1],[         350,        0.14]],
[[           .,           .],[         285,        0.13],[         544,        0.23],[         759,        0.31],[        1342,        0.53]]],
[[[        1436,        0.66],[        1676,        0.76],[        1571,        0.67],[        1543,        0.63],[        1598,        0.63]],
[[        1547,        0.71],[        1627,        0.73],[        1604,        0.68],[        1564,        0.64],[        1601,        0.63]],
[[        1446,        0.66],[        1600,        0.72],[        1620,        0.69],[        1586,        0.65],[        1605,        0.63]],
[[        1420,        0.65],[        1589,        0.72],[        1695,        0.72],[        1614,        0.66],[        1615,        0.64]],
[[        1497,        0.68],[        1504,        0.68],[        1735,        0.74],[        1624,        0.66],[        1610,        0.64]],
[[        1571,        0.72],[        1431,        0.64],[        1682,        0.71],[        1639,        0.67],[        1613,        0.64]],
[[        1616,        0.74],[        1473,        0.66],[        1722,        0.73],[        1645,        0.67],[        1612,        0.64]],
[[        1583,        0.72],[        1420,        0.64],[        1718,        0.73],[        1664,        0.68],[        1621,        0.64]],
[[        1516,        0.69],[        1462,        0.66],[        1713,        0.73],[        1674,        0.68],[        1622,        0.64]],
[[        1518,        0.69],[        1453,        0.65],[        1659,         0.7],[        1689,        0.69],[        1634,        0.65]],
[[        1583,        0.72],[        1487,        0.67],[        1662,        0.71],[        1685,        0.69],[        1638,        0.65]],
[[        1539,         0.7],[        1581,        0.71],[        1668,        0.71],[        1651,        0.67],[        1641,        0.65]],
[[        1584,        0.72],[        1523,        0.69],[        1617,        0.69],[        1730,         0.7],[        1646,        0.65]],
[[        1551,        0.71],[        1475,        0.66],[        1582,        0.67],[        1724,         0.7],[        1653,        0.65]],
[[        1511,        0.69],[        1520,        0.68],[        1459,        0.62],[        1759,        0.72],[        1667,        0.66]],
[[        1446,        0.66],[        1570,        0.71],[        1404,         0.6],[        1715,         0.7],[        1676,        0.66]],
[[        1413,        0.65],[        1521,        0.69],[        1510,        0.64],[        1786,        0.73],[        1685,        0.67]],
[[        1525,         0.7],[        1569,        0.71],[        1446,        0.61],[        1773,        0.72],[        1690,        0.67]],
[[        1384,        0.63],[        1498,        0.68],[        1434,        0.61],[        1697,        0.69],[        1650,        0.65]],
[[        1119,        0.51],[        1395,        0.63],[        1268,        0.54],[        1335,        0.54],[        1350,        0.53]],
[[         994,        0.45],[        1352,        0.61],[        1157,        0.49],[        1300,        0.53],[        1310,        0.52]],
[[         910,        0.42],[        1429,        0.64],[        1328,        0.56],[        1334,        0.54],[        1331,        0.53]],
[[        1079,        0.49],[        1514,        0.68],[        1403,         0.6],[        1400,        0.57],[        1498,        0.59]],
[[        1387,        0.63],[        1494,        0.67],[        1436,        0.61],[        1406,        0.57],[        1545,        0.61]],
[[        1489,        0.68],[        1514,        0.68],[        1470,        0.62],[        1371,        0.56],[        1591,        0.63]],
[[        1532,         0.7],[        1457,        0.66],[        1529,        0.65],[        1343,        0.55],[        1593,        0.63]],
[[        1633,        0.75],[        1459,        0.66],[        1539,        0.65],[        1376,        0.56],[        1656,        0.65]],
[[        1811,        0.83],[        1466,        0.66],[        1598,        0.68],[        1377,        0.56],[        1642,        0.65]],
[[        1725,        0.79],[        1537,        0.69],[        1585,        0.67],[        1409,        0.57],[        1617,        0.64]],
[[        1685,        0.77],[        1359,        0.61],[        1713,        0.73],[        1458,        0.59],[        1586,        0.63]],
[[        1693,        0.77],[        1323,         0.6],[        1682,        0.71],[        1459,        0.59],[        1589,        0.63]],
[[        1715,        0.78],[        1295,        0.58],[        1655,         0.7],[        1548,        0.63],[        1567,        0.62]],
[[        1681,        0.77],[        1316,        0.59],[        1649,         0.7],[        1544,        0.63],[        1543,        0.61]],
[[        1781,        0.81],[        1386,        0.62],[        1672,        0.71],[        1545,        0.63],[        1489,        0.59]],
[[        1779,        0.81],[        1358,        0.61],[        1572,        0.67],[        1554,        0.63],[        1442,        0.57]],
[[        1658,        0.76],[        1506,        0.68],[        1680,        0.71],[        1591,        0.65],[        1406,        0.56]],
[[        1689,        0.77],[        1560,         0.7],[        1607,        0.68],[        1649,        0.67],[        1420,        0.56]],
[[        1636,        0.75],[        1717,        0.77],[        1490,        0.63],[        1689,        0.69],[        1422,        0.56]],
[[        1613,        0.74],[        1626,        0.73],[        1628,        0.69],[        1653,        0.67],[        1451,        0.57]],
[[        1471,        0.67],[        1618,        0.73],[        1510,        0.64],[        1724,         0.7],[        1490,        0.59]],
[[        1425,        0.65],[        1618,        0.73],[        1388,        0.59],[        1709,         0.7],[        1501,        0.59]],
[[        1500,        0.69],[        1629,        0.73],[        1314,        0.56],[        1651,        0.67],[        1571,        0.62]],
[[        1485,        0.68],[        1621,        0.73],[        1290,        0.55],[        1664,        0.68],[        1557,        0.62]],
[[        1392,        0.64],[        1760,        0.79],[        1381,        0.59],[        1633,        0.67],[        1546,        0.61]],
[[        1380,        0.63],[        1691,        0.76],[        1319,        0.56],[        1563,        0.64],[        1557,        0.62]],
[[        1396,        0.64],[        1576,        0.71],[        1499,        0.64],[        1632,        0.66],[        1582,        0.63]],
[[        1359,        0.62],[        1660,        0.75],[        1531,        0.65],[        1577,        0.64],[        1623,        0.64]],
[[        1417,        0.65],[        1537,        0.69],[        1677,        0.71],[        1523,        0.62],[        1667,        0.66]],
[[        1498,        0.69],[        1536,        0.69],[        1662,        0.71],[        1594,        0.65],[        1627,        0.64]],
[[        1471,        0.67],[        1412,        0.64],[        1544,        0.66],[        1460,        0.59],[        1680,        0.66]],
[[        1604,        0.73],[        1360,        0.61],[        1566,        0.66],[        1348,        0.55],[        1658,        0.66]],
[[        1729,        0.79],[        1325,         0.6],[        1552,        0.66],[        1302,        0.53],[        1599,        0.63]],
[[        1321,         0.6],[        1372,        0.62],[        1588,        0.67],[        1294,        0.53],[        1604,        0.63]],
[[        1328,        0.61],[        1268,        0.57],[        1702,        0.72],[        1329,        0.54],[        1580,        0.62]],
[[        1364,        0.62],[        1260,        0.57],[        1649,         0.7],[        1298,        0.53],[        1515,         0.6]],
[[        1322,         0.6],[        1287,        0.58],[        1497,        0.64],[        1440,        0.59],[        1571,        0.62]],
[[        1210,        0.55],[        1204,        0.54],[        1559,        0.66],[        1463,         0.6],[        1519,         0.6]],
[[        1115,        0.51],[        1260,        0.57],[        1449,        0.61],[        1585,        0.65],[        1465,        0.58]],
[[        1105,        0.51],[        1327,         0.6],[        1473,        0.63],[        1551,        0.63],[        1519,         0.6]],
[[        1163,        0.53],[        1284,        0.58],[        1314,        0.56],[        1501,        0.61],[        1392,        0.55]],
[[        1142,        0.52],[        1477,        0.67],[        1281,        0.54],[        1502,        0.61],[        1290,        0.51]],
[[        1084,         0.5],[        1519,        0.68],[        1214,        0.52],[        1480,         0.6],[        1241,        0.49]],
[[        1044,        0.48],[        1165,        0.52],[        1274,        0.54],[        1504,        0.61],[        1233,        0.49]],
[[         960,        0.44],[        1135,        0.51],[        1150,        0.49],[        1576,        0.64],[        1261,         0.5]],
[[         982,        0.45],[        1193,        0.54],[        1150,        0.49],[        1516,        0.62],[        1221,        0.48]],
[[         963,        0.44],[        1111,         0.5],[        1173,         0.5],[        1377,        0.56],[        1340,        0.53]],
[[         925,        0.42],[         993,        0.45],[        1080,        0.46],[        1432,        0.58],[        1362,        0.54]],
[[         921,        0.42],[         946,        0.43],[        1088,        0.46],[        1331,        0.54],[        1455,        0.58]],
[[         949,        0.43],[         915,        0.41],[        1169,         0.5],[        1330,        0.54],[        1418,        0.56]],
[[         885,         0.4],[         948,        0.43],[        1094,        0.46],[        1186,        0.48],[        1364,        0.54]],
[[         910,        0.42],[         920,        0.41],[        1271,        0.54],[        1149,        0.47],[        1356,        0.54]],
[[         923,        0.42],[         919,        0.41],[        1338,        0.57],[        1103,        0.45],[        1338,        0.53]],
[[         892,        0.41],[         828,        0.37],[        1000,        0.42],[        1129,        0.46],[        1349,        0.53]],
[[         835,        0.38],[         772,        0.35],[         939,         0.4],[        1003,        0.41],[        1397,        0.55]],
[[         854,        0.39],[         784,        0.35],[        1017,        0.43],[        1005,        0.41],[        1338,        0.53]],
[[         891,        0.41],[         700,        0.32],[         931,         0.4],[        1002,        0.41],[        1199,        0.47]],
[[         945,        0.43],[         728,        0.33],[         825,        0.35],[         914,        0.37],[        1228,        0.49]],
[[         968,        0.44],[         712,        0.32],[         732,        0.31],[         922,        0.38],[        1131,        0.45]],
[[         933,        0.43],[         665,         0.3],[         724,        0.31],[         957,        0.39],[        1099,        0.43]],
[[         562,        0.26],[         591,        0.27],[         710,         0.3],[         867,        0.35],[         969,        0.38]],
[[         500,        0.23],[         616,        0.28],[         692,        0.29],[         966,        0.39],[         909,        0.36]],
[[         518,        0.24],[         562,        0.25],[         638,        0.27],[         997,        0.41],[         847,        0.33]],
[[         509,        0.23],[         551,        0.25],[         555,        0.24],[         717,        0.29],[         842,        0.33]],
[[         564,        0.26],[         498,        0.22],[         502,        0.21],[         650,        0.26],[         724,        0.29]],
[[         550,        0.25],[         464,        0.21],[         492,        0.21],[         662,        0.27],[         697,        0.28]],
[[        2739,        1.25],[         459,        0.21],[         446,        0.19],[         581,        0.24],[         666,        0.26]],
[[           .,           .],[         456,        0.21],[         411,        0.17],[         470,        0.19],[         567,        0.22]],
[[           .,           .],[         457,        0.21],[         391,        0.17],[         395,        0.16],[         536,        0.21]],
[[           .,           .],[         392,        0.18],[         288,        0.12],[         355,        0.14],[         514,         0.2]],
[[           .,           .],[         261,        0.12],[         227,         0.1],[         315,        0.13],[         437,        0.17]],
[[           .,           .],[         908,        0.41],[        1097,        0.47],[        1213,        0.49],[        1937,        0.77]]]]}}
