{
"ons":{
"label":"Population Projections for England and Wales, by local authority",
"source":"Office for National Statistics",
"updated":"2014-10-01",
"area": {
"code":"K04000001",
"label":"England and Wales"
},
"time": {
"label":"1998-2038",
"index":["1998",  "2008",  "2018",  "2028",  "2038"]
},
"concept":{
"label":["population", "% of population"],
"units":["count", "%"],
"max":[        3433,         1.39]
},
"sums":{
"series1":[      118661,       123923,       131065,       135560,       138683],
"series2":[      124234,       128565,       132035,       135263,       137269]
},
"dimension":{
"label":"age",
"index":["0", "1", "2", "3", "4", "5", "6", "7", "8", "9", "10", "11", "12", "13", "14", "15", "16", "17", "18", "19", "20", "21", "22", "23", "24", "25", "26", "27", "28", "29", "30", "31", "32", "33", "34", "35", "36", "37", "38", "39", "40", "41", "42", "43", "44", "45", "46", "47", "48", "49", "50", "51", "52", "53", "54", "55", "56", "57", "58", "59", "60", "61", "62", "63", "64", "65", "66", "67", "68", "69", "70", "71", "72", "73", "74", "75", "76", "77", "78", "79", "80", "81", "82", "83", "84", "85", "86", "87", "88", "89", "90+"]
},
"series":["male", "female"],
"value":[[[[        1484,        0.61],[        1592,        0.63],[        1494,        0.57],[        1464,        0.54],[        1530,        0.55]],
[[        1425,        0.59],[        1557,        0.62],[        1508,        0.57],[        1451,        0.54],[        1498,        0.54]],
[[        1390,        0.57],[        1451,        0.57],[        1589,         0.6],[        1451,        0.54],[        1480,        0.54]],
[[        1468,         0.6],[        1357,        0.54],[        1555,        0.59],[        1460,        0.54],[        1473,        0.53]],
[[        1591,        0.66],[        1354,        0.54],[        1614,        0.61],[        1465,        0.54],[        1464,        0.53]],
[[        1534,        0.63],[        1324,        0.52],[        1582,         0.6],[        1463,        0.54],[        1447,        0.52]],
[[        1616,        0.67],[        1274,         0.5],[        1726,        0.66],[        1472,        0.54],[        1442,        0.52]],
[[        1672,        0.69],[        1256,         0.5],[        1629,        0.62],[        1474,        0.54],[        1433,        0.52]],
[[        1702,         0.7],[        1330,        0.53],[        1554,        0.59],[        1477,        0.55],[        1425,        0.52]],
[[        1710,         0.7],[        1350,        0.53],[        1572,         0.6],[        1483,        0.55],[        1424,        0.52]],
[[        1707,         0.7],[        1432,        0.57],[        1554,        0.59],[        1494,        0.55],[        1425,        0.52]],
[[        1621,        0.67],[        1419,        0.56],[        1451,        0.55],[        1476,        0.55],[        1421,        0.51]],
[[        1627,        0.67],[        1490,        0.59],[        1439,        0.55],[        1506,        0.56],[        1430,        0.52]],
[[        1634,        0.67],[        1485,        0.59],[        1327,         0.5],[        1513,        0.56],[        1437,        0.52]],
[[        1551,        0.64],[        1587,        0.63],[        1375,        0.52],[        1560,        0.58],[        1448,        0.52]],
[[        1507,        0.62],[        1540,        0.61],[        1337,        0.51],[        1586,        0.59],[        1468,        0.53]],
[[        1642,        0.68],[        1386,        0.55],[        1319,         0.5],[        1691,        0.62],[        1484,        0.54]],
[[        1591,        0.66],[        1639,        0.65],[        1338,        0.51],[        1651,        0.61],[        1500,        0.54]],
[[        1531,        0.63],[        1683,        0.67],[        1528,        0.58],[        1781,        0.66],[        1717,        0.62]],
[[        1681,        0.69],[        2288,        0.91],[        2393,        0.91],[        2941,        1.09],[        2882,        1.04]],
[[        2216,        0.91],[        2483,        0.98],[        2674,        1.02],[        3433,        1.27],[        3399,        1.23]],
[[        2208,        0.91],[        2573,        1.02],[        2740,        1.04],[        3260,         1.2],[        3314,         1.2]],
[[        1874,        0.77],[        2523,           1],[        2677,        1.02],[        2800,        1.03],[        2990,        1.08]],
[[        1507,        0.62],[        2464,        0.98],[        2109,         0.8],[        2345,        0.87],[        2616,        0.95]],
[[        1413,        0.58],[        2285,         0.9],[        2224,        0.85],[        2108,        0.78],[        2371,        0.86]],
[[        1718,        0.71],[        2142,        0.85],[        2086,        0.79],[        1958,        0.72],[        2290,        0.83]],
[[        1703,         0.7],[        2114,        0.84],[        2031,        0.77],[        1839,        0.68],[        2255,        0.82]],
[[        1809,        0.74],[        1866,        0.74],[        2238,        0.85],[        1757,        0.65],[        2086,        0.76]],
[[        1619,        0.67],[        1805,        0.71],[        2142,        0.81],[        1790,        0.66],[        2010,        0.73]],
[[        1857,        0.76],[        1624,        0.64],[        1955,        0.74],[        1800,        0.66],[        1952,        0.71]],
[[        1753,        0.72],[        1549,        0.61],[        1632,        0.62],[        1787,        0.66],[        1926,         0.7]],
[[        2081,        0.86],[        1399,        0.55],[        1632,        0.62],[        1738,        0.64],[        1851,        0.67]],
[[        1914,        0.79],[        1431,        0.57],[        1697,        0.65],[        1749,        0.65],[        1770,        0.64]],
[[        1972,        0.81],[        1475,        0.58],[        1808,        0.69],[        1681,        0.62],[        1688,        0.61]],
[[        2016,        0.83],[        1469,        0.58],[        1783,        0.68],[        1775,        0.66],[        1672,        0.61]],
[[        1856,        0.76],[        1553,        0.62],[        1742,        0.66],[        1751,        0.65],[        1606,        0.58]],
[[        1860,        0.77],[        1657,        0.66],[        1884,        0.72],[        1739,        0.64],[        1551,        0.56]],
[[        1747,        0.72],[        1669,        0.66],[        1599,        0.61],[        1828,        0.67],[        1542,        0.56]],
[[        1740,        0.72],[        1701,        0.67],[        1505,        0.57],[        1771,        0.65],[        1558,        0.56]],
[[        1660,        0.68],[        1832,        0.73],[        1523,        0.58],[        1663,        0.61],[        1572,        0.57]],
[[        1707,         0.7],[        1830,        0.72],[        1382,        0.53],[        1537,        0.57],[        1559,        0.56]],
[[        1678,        0.69],[        1806,        0.72],[        1371,        0.52],[        1465,        0.54],[        1548,        0.56]],
[[        1636,        0.67],[        1777,         0.7],[        1356,        0.52],[        1499,        0.55],[        1545,        0.56]],
[[        1390,        0.57],[        1818,        0.72],[        1430,        0.54],[        1582,        0.58],[        1507,        0.55]],
[[        1423,        0.59],[        1824,        0.72],[        1411,        0.54],[        1548,        0.57],[        1572,        0.57]],
[[        1414,        0.58],[        1719,        0.68],[        1554,        0.59],[        1524,        0.56],[        1552,        0.56]],
[[        1460,         0.6],[        1679,        0.66],[        1601,        0.61],[        1585,        0.59],[        1558,        0.56]],
[[        1467,         0.6],[        1675,        0.66],[        1651,        0.63],[        1458,        0.54],[        1658,         0.6]],
[[        1455,         0.6],[        1729,        0.68],[        1543,        0.59],[        1412,        0.52],[        1616,        0.59]],
[[        1532,        0.63],[        1629,        0.65],[        1683,        0.64],[        1393,        0.51],[        1546,        0.56]],
[[        1641,        0.68],[        1623,        0.64],[        1673,        0.64],[        1281,        0.47],[        1458,        0.53]],
[[        1809,        0.74],[        1632,        0.65],[        1638,        0.62],[        1268,        0.47],[        1398,        0.51]],
[[        1524,        0.63],[        1502,        0.59],[        1721,        0.65],[        1252,        0.46],[        1428,        0.52]],
[[        1509,        0.62],[        1384,        0.55],[        1751,        0.67],[        1320,        0.49],[        1491,        0.54]],
[[        1420,        0.58],[        1360,        0.54],[        1732,        0.66],[        1315,        0.49],[        1455,        0.53]],
[[        1464,         0.6],[        1347,        0.53],[        1651,        0.63],[        1450,        0.54],[        1445,        0.52]],
[[        1181,        0.49],[        1350,        0.53],[        1603,        0.61],[        1506,        0.56],[        1499,        0.54]],
[[        1107,        0.46],[        1368,        0.54],[        1593,        0.61],[        1547,        0.57],[        1393,         0.5]],
[[        1228,        0.51],[        1418,        0.56],[        1657,        0.63],[        1449,        0.54],[        1348,        0.49]],
[[        1249,        0.51],[        1476,        0.58],[        1578,         0.6],[        1581,        0.58],[        1323,        0.48]],
[[        1126,        0.46],[        1588,        0.63],[        1547,        0.59],[        1524,        0.56],[        1213,        0.44]],
[[        1080,        0.44],[        1703,        0.67],[        1526,        0.58],[        1517,        0.56],[        1196,        0.43]],
[[        1106,        0.46],[        1395,        0.55],[        1403,        0.53],[        1584,        0.58],[        1188,        0.43]],
[[        1081,        0.45],[        1346,        0.53],[        1270,        0.48],[        1595,        0.59],[        1231,        0.45]],
[[        1086,        0.45],[        1329,        0.53],[        1258,        0.48],[        1568,        0.58],[        1226,        0.44]],
[[        1046,        0.43],[        1309,        0.52],[        1236,        0.47],[        1495,        0.55],[        1333,        0.48]],
[[        1070,        0.44],[        1047,        0.41],[        1211,        0.46],[        1447,        0.53],[        1379,         0.5]],
[[        1054,        0.43],[         958,        0.38],[        1193,        0.45],[        1428,        0.53],[        1409,        0.51]],
[[        1002,        0.41],[        1051,        0.42],[        1272,        0.48],[        1443,        0.53],[        1328,        0.48]],
[[         898,        0.37],[        1026,        0.41],[        1300,        0.49],[        1379,        0.51],[        1425,        0.52]],
[[         905,        0.37],[         955,        0.38],[        1373,        0.52],[        1347,         0.5],[        1375,         0.5]],
[[         870,        0.36],[         848,        0.34],[        1490,        0.57],[        1331,        0.49],[        1370,         0.5]],
[[         857,        0.35],[         905,        0.36],[        1171,        0.45],[        1194,        0.44],[        1413,        0.51]],
[[         801,        0.33],[         864,        0.34],[        1122,        0.43],[        1089,         0.4],[        1418,        0.51]],
[[         751,        0.31],[         803,        0.32],[        1102,        0.42],[        1075,         0.4],[        1379,         0.5]],
[[         762,        0.31],[         781,        0.31],[        1047,         0.4],[        1049,        0.39],[        1307,        0.47]],
[[         792,        0.33],[         739,        0.29],[         809,        0.31],[        1001,        0.37],[        1253,        0.45]],
[[         704,        0.29],[         749,         0.3],[         741,        0.28],[         983,        0.36],[        1212,        0.44]],
[[         717,         0.3],[         678,        0.27],[         817,        0.31],[        1022,        0.38],[        1200,        0.43]],
[[         444,        0.18],[         584,        0.23],[         738,        0.28],[        1026,        0.38],[        1120,        0.41]],
[[         395,        0.16],[         528,        0.21],[         688,        0.26],[        1029,        0.38],[        1072,        0.39]],
[[         393,        0.16],[         497,         0.2],[         598,        0.23],[        1108,        0.41],[        1026,        0.37]],
[[         352,        0.14],[         454,        0.18],[         581,        0.22],[         841,        0.31],[         894,        0.32]],
[[         361,        0.15],[         420,        0.17],[         552,        0.21],[         767,        0.28],[         792,        0.29]],
[[         292,        0.12],[         364,        0.14],[         483,        0.18],[         713,        0.26],[         749,        0.27]],
[[        1215,         0.5],[         319,        0.13],[         405,        0.15],[         643,        0.24],[         694,        0.25]],
[[           .,           .],[         289,        0.11],[         361,        0.14],[         470,        0.17],[         626,        0.23]],
[[           .,           .],[         300,        0.12],[         339,        0.13],[         412,        0.15],[         579,        0.21]],
[[           .,           .],[         168,        0.07],[         311,        0.12],[         394,        0.15],[         560,         0.2]],
[[           .,           .],[         157,        0.06],[         211,        0.08],[         334,        0.12],[         525,        0.19]],
[[           .,           .],[         415,        0.16],[         766,        0.29],[        1348,         0.5],[        2448,        0.89]]],
[[[        1307,        0.54],[        1557,        0.62],[        1333,        0.51],[        1400,        0.52],[        1463,        0.53]],
[[        1326,        0.55],[        1449,        0.57],[        1337,        0.51],[        1400,        0.52],[        1445,        0.52]],
[[        1304,        0.54],[        1361,        0.54],[        1531,        0.58],[        1400,        0.52],[        1428,        0.52]],
[[        1355,        0.56],[        1372,        0.54],[        1510,        0.57],[        1404,        0.52],[        1416,        0.51]],
[[        1401,        0.58],[        1276,        0.51],[        1498,        0.57],[        1409,        0.52],[        1407,        0.51]],
[[        1420,        0.58],[        1230,        0.49],[        1558,        0.59],[        1408,        0.52],[        1393,         0.5]],
[[        1546,        0.64],[        1159,        0.46],[        1656,        0.63],[        1409,        0.52],[        1380,         0.5]],
[[        1507,        0.62],[        1157,        0.46],[        1589,         0.6],[        1417,        0.52],[        1376,         0.5]],
[[        1545,        0.64],[        1288,        0.51],[        1551,        0.59],[        1425,        0.53],[        1374,         0.5]],
[[        1516,        0.62],[        1318,        0.52],[        1414,        0.54],[        1430,        0.53],[        1372,         0.5]],
[[        1593,        0.66],[        1329,        0.53],[        1548,        0.59],[        1436,        0.53],[        1368,         0.5]],
[[        1599,        0.66],[        1417,        0.56],[        1400,        0.53],[        1430,        0.53],[        1374,         0.5]],
[[        1524,        0.63],[        1362,        0.54],[        1330,        0.51],[        1475,        0.54],[        1382,         0.5]],
[[        1462,         0.6],[        1364,        0.54],[        1379,        0.52],[        1475,        0.54],[        1395,        0.51]],
[[        1461,         0.6],[        1446,        0.57],[        1249,        0.47],[        1483,        0.55],[        1405,        0.51]],
[[        1491,        0.61],[        1430,        0.57],[        1254,        0.48],[        1512,        0.56],[        1405,        0.51]],
[[        1499,        0.62],[        1353,        0.54],[        1218,        0.46],[        1622,         0.6],[        1421,        0.51]],
[[        1524,        0.63],[        1426,        0.56],[        1234,        0.47],[        1599,        0.59],[        1451,        0.53]],
[[        1477,        0.61],[        1599,        0.63],[        1526,        0.58],[        1740,        0.64],[        1655,         0.6]],
[[        1552,        0.64],[        2169,        0.86],[        2504,        0.95],[        2843,        1.05],[        2868,        1.04]],
[[        1963,        0.81],[        2768,         1.1],[        2824,        1.07],[        3325,        1.23],[        3274,        1.19]],
[[        1888,        0.78],[        2908,        1.15],[        2649,        1.01],[        2927,        1.08],[        2998,        1.09]],
[[        1877,        0.77],[        2574,        1.02],[        2152,        0.82],[        2291,        0.85],[        2469,        0.89]],
[[        1549,        0.64],[        2288,        0.91],[        1908,        0.73],[        1812,        0.67],[        2003,        0.73]],
[[        1367,        0.56],[        2108,        0.83],[        1884,        0.72],[        1644,        0.61],[        1882,        0.68]],
[[        1494,        0.62],[        1990,        0.79],[        1648,        0.63],[        1525,        0.56],[        1819,        0.66]],
[[        1608,        0.66],[        1871,        0.74],[        1779,        0.68],[        1447,        0.53],[        1826,        0.66]],
[[        1849,        0.76],[        1771,         0.7],[        1641,        0.62],[        1474,        0.54],[        1778,        0.64]],
[[        1939,         0.8],[        1651,        0.65],[        1773,        0.67],[        1501,        0.55],[        1711,        0.62]],
[[        1866,        0.77],[        1561,        0.62],[        1568,         0.6],[        1545,        0.57],[        1666,         0.6]],
[[        1872,        0.77],[        1420,        0.56],[        1671,        0.64],[        1534,        0.57],[        1671,        0.61]],
[[        1904,        0.78],[        1419,        0.56],[        1752,        0.67],[        1531,        0.57],[        1605,        0.58]],
[[        1922,        0.79],[        1464,        0.58],[        1653,        0.63],[        1487,        0.55],[        1537,        0.56]],
[[        1966,        0.81],[        1484,        0.59],[        1740,        0.66],[        1485,        0.55],[        1471,        0.53]],
[[        1962,        0.81],[        1537,        0.61],[        1824,        0.69],[        1586,        0.59],[        1439,        0.52]],
[[        1797,        0.74],[        1548,        0.61],[        1722,        0.65],[        1562,        0.58],[        1390,         0.5]],
[[        1816,        0.75],[        1620,        0.64],[        1696,        0.64],[        1608,        0.59],[        1339,        0.49]],
[[        1843,        0.76],[        1786,        0.71],[        1591,         0.6],[        1565,        0.58],[        1357,        0.49]],
[[        1683,        0.69],[        1823,        0.72],[        1590,         0.6],[        1628,         0.6],[        1391,         0.5]],
[[        1709,         0.7],[        1872,        0.74],[        1459,        0.55],[        1522,        0.56],[        1425,        0.52]],
[[        1650,        0.68],[        1796,        0.71],[        1337,        0.51],[        1556,        0.57],[        1430,        0.52]],
[[        1664,        0.69],[        1876,        0.74],[        1301,        0.49],[        1624,         0.6],[        1435,        0.52]],
[[        1554,        0.64],[        1786,        0.71],[        1406,        0.53],[        1503,        0.55],[        1412,        0.51]],
[[        1508,        0.62],[        1830,        0.72],[        1453,        0.55],[        1574,        0.58],[        1415,        0.51]],
[[        1522,        0.63],[        1891,        0.75],[        1546,        0.59],[        1642,        0.61],[        1500,        0.54]],
[[        1494,        0.62],[        1742,        0.69],[        1505,        0.57],[        1600,        0.59],[        1486,        0.54]],
[[        1598,        0.66],[        1771,         0.7],[        1593,        0.61],[        1583,        0.58],[        1543,        0.56]],
[[        1480,        0.61],[        1778,         0.7],[        1780,        0.68],[        1517,        0.56],[        1522,        0.55]],
[[        1519,        0.63],[        1635,        0.65],[        1787,        0.68],[        1569,        0.58],[        1574,        0.57]],
[[        1600,        0.66],[        1679,        0.66],[        1823,        0.69],[        1446,        0.53],[        1490,        0.54]],
[[        1757,        0.72],[        1545,        0.61],[        1738,        0.66],[        1318,        0.49],[        1524,        0.55]],
[[        1891,        0.78],[        1639,        0.65],[        1832,         0.7],[        1289,        0.48],[        1572,        0.57]],
[[        1558,        0.64],[        1489,        0.59],[        1785,        0.68],[        1367,         0.5],[        1480,        0.54]],
[[        1503,        0.62],[        1407,        0.56],[        1768,        0.67],[        1401,        0.52],[        1540,        0.56]],
[[        1413,        0.58],[        1462,        0.58],[        1809,        0.69],[        1492,        0.55],[        1585,        0.57]],
[[        1389,        0.57],[        1443,        0.57],[        1657,        0.63],[        1476,        0.55],[        1556,        0.56]],
[[        1190,        0.49],[        1535,        0.61],[        1700,        0.65],[        1557,        0.57],[        1541,        0.56]],
[[        1183,        0.49],[        1421,        0.56],[        1685,        0.64],[        1717,        0.63],[        1485,        0.54]],
[[        1234,        0.51],[        1476,        0.58],[        1573,         0.6],[        1699,        0.63],[        1522,        0.55]],
[[        1292,        0.53],[        1491,        0.59],[        1594,        0.61],[        1741,        0.64],[        1417,        0.51]],
[[        1290,        0.53],[        1682,        0.67],[        1466,        0.56],[        1692,        0.62],[        1290,        0.47]],
[[        1190,        0.49],[        1788,        0.71],[        1587,         0.6],[        1730,        0.64],[        1263,        0.46]],
[[        1181,        0.49],[        1439,        0.57],[        1382,        0.53],[        1698,        0.63],[        1327,        0.48]],
[[        1152,        0.47],[        1372,        0.54],[        1316,         0.5],[        1661,        0.61],[        1342,        0.49]],
[[        1159,        0.48],[        1324,        0.52],[        1385,        0.53],[        1713,        0.63],[        1422,        0.52]],
[[        1160,        0.48],[        1234,        0.49],[        1284,        0.49],[        1561,        0.58],[        1415,        0.51]],
[[        1139,        0.47],[        1100,        0.44],[        1439,        0.55],[        1583,        0.58],[        1483,        0.54]],
[[        1156,        0.48],[        1059,        0.42],[        1319,         0.5],[        1579,        0.58],[        1617,        0.59]],
[[        1168,        0.48],[        1144,        0.45],[        1342,        0.51],[        1466,        0.54],[        1588,        0.58]],
[[        1110,        0.46],[        1162,        0.46],[        1394,        0.53],[        1482,        0.55],[        1620,        0.59]],
[[        1104,        0.45],[        1098,        0.43],[        1505,        0.57],[        1348,         0.5],[        1570,        0.57]],
[[        1038,        0.43],[        1053,        0.42],[        1632,        0.62],[        1441,        0.53],[        1606,        0.58]],
[[        1042,        0.43],[        1036,        0.41],[        1265,        0.48],[        1280,        0.47],[        1580,        0.57]],
[[        1026,        0.42],[         998,         0.4],[        1211,        0.46],[        1205,        0.44],[        1552,        0.56]],
[[        1066,        0.44],[        1000,         0.4],[        1159,        0.44],[        1255,        0.46],[        1582,        0.57]],
[[        1080,        0.44],[         957,        0.38],[        1087,        0.41],[        1188,        0.44],[        1445,        0.52]],
[[        1101,        0.45],[         930,        0.37],[         952,        0.36],[        1271,        0.47],[        1444,        0.52]],
[[        1129,        0.46],[         900,        0.36],[         873,        0.33],[        1172,        0.43],[        1418,        0.51]],
[[        1122,        0.46],[         864,        0.34],[         939,        0.36],[        1185,        0.44],[        1312,        0.48]],
[[         814,        0.34],[         876,        0.35],[         892,        0.34],[        1177,        0.43],[        1295,        0.47]],
[[         676,        0.28],[         789,        0.31],[         857,        0.33],[        1257,        0.46],[        1167,        0.42]],
[[         700,        0.29],[         687,        0.27],[         768,        0.29],[        1327,        0.49],[        1204,        0.44]],
[[         628,        0.26],[         657,        0.26],[         780,         0.3],[        1010,        0.37],[        1049,        0.38]],
[[         689,        0.28],[         665,        0.26],[         691,        0.26],[         948,        0.35],[         964,        0.35]],
[[         661,        0.27],[         629,        0.25],[         673,        0.26],[         858,        0.32],[         952,        0.34]],
[[        3371,        1.39],[         633,        0.25],[         617,        0.23],[         766,        0.28],[         868,        0.31]],
[[           .,           .],[         569,        0.23],[         569,        0.22],[         636,        0.23],[         879,        0.32]],
[[           .,           .],[         502,         0.2],[         489,        0.19],[         539,         0.2],[         768,        0.28]],
[[           .,           .],[         491,        0.19],[         432,        0.16],[         522,        0.19],[         722,        0.26]],
[[           .,           .],[         369,        0.15],[         396,        0.15],[         483,        0.18],[         673,        0.24]],
[[           .,           .],[        1341,        0.53],[        1519,        0.58],[        1849,        0.68],[        2992,        1.08]]]]}}
