{
"ons":{
"label":"Population Projections for England and Wales, by local authority",
"source":"Office for National Statistics",
"updated":"2014-10-01",
"area": {
"code":"K04000001",
"label":"England and Wales"
},
"time": {
"label":"1998-2038",
"index":["1998",  "2008",  "2018",  "2028",  "2038"]
},
"concept":{
"label":["population", "% of population"],
"units":["count", "%"],
"max":[        3321,          2.7]
},
"sums":{
"series1":[       62250,        65581,        65591,        64034,        60993],
"series2":[       63188,        67284,        66856,        65158,        62196]
},
"dimension":{
"label":"age",
"index":["0", "1", "2", "3", "4", "5", "6", "7", "8", "9", "10", "11", "12", "13", "14", "15", "16", "17", "18", "19", "20", "21", "22", "23", "24", "25", "26", "27", "28", "29", "30", "31", "32", "33", "34", "35", "36", "37", "38", "39", "40", "41", "42", "43", "44", "45", "46", "47", "48", "49", "50", "51", "52", "53", "54", "55", "56", "57", "58", "59", "60", "61", "62", "63", "64", "65", "66", "67", "68", "69", "70", "71", "72", "73", "74", "75", "76", "77", "78", "79", "80", "81", "82", "83", "84", "85", "86", "87", "88", "89", "90+"]
},
"series":["male", "female"],
"value":[[[[         687,        0.55],[         689,        0.52],[         626,        0.47],[         566,        0.44],[         488,         0.4]],
[[         743,        0.59],[         637,        0.48],[         620,        0.47],[         575,        0.45],[         492,         0.4]],
[[         744,        0.59],[         638,        0.48],[         582,        0.44],[         593,        0.46],[         508,        0.41]],
[[         719,        0.57],[         704,        0.53],[         660,         0.5],[         609,        0.47],[         521,        0.42]],
[[         768,        0.61],[         659,         0.5],[         671,        0.51],[         624,        0.48],[         536,        0.44]],
[[         744,        0.59],[         667,         0.5],[         702,        0.53],[         638,        0.49],[         554,        0.45]],
[[         816,        0.65],[         677,        0.51],[         644,        0.49],[         644,         0.5],[         567,        0.46]],
[[         870,        0.69],[         714,        0.54],[         688,        0.52],[         649,         0.5],[         580,        0.47]],
[[         829,        0.66],[         766,        0.58],[         667,         0.5],[         650,         0.5],[         590,        0.48]],
[[         824,        0.66],[         856,        0.64],[         721,        0.54],[         646,         0.5],[         596,        0.48]],
[[         795,        0.63],[         815,        0.61],[         779,        0.59],[         642,         0.5],[         603,        0.49]],
[[         784,        0.63],[         836,        0.63],[         691,        0.52],[         646,         0.5],[         615,         0.5]],
[[         773,        0.62],[         906,        0.68],[         724,        0.55],[         654,        0.51],[         633,        0.51]],
[[         890,        0.71],[         837,        0.63],[         733,        0.55],[         656,        0.51],[         643,        0.52]],
[[         830,        0.66],[         890,        0.67],[         689,        0.52],[         692,        0.54],[         662,        0.54]],
[[         821,        0.65],[         874,        0.66],[         687,        0.52],[         735,        0.57],[         679,        0.55]],
[[         828,        0.66],[         914,        0.69],[         721,        0.54],[         719,        0.56],[         685,        0.56]],
[[         807,        0.64],[         980,        0.74],[         757,        0.57],[         717,        0.55],[         673,        0.55]],
[[         695,        0.55],[         898,        0.68],[         754,        0.57],[         676,        0.52],[         646,        0.52]],
[[         638,        0.51],[         710,        0.53],[         683,        0.52],[         500,        0.39],[         451,        0.37]],
[[         569,        0.45],[         635,        0.48],[         636,        0.48],[         467,        0.36],[         377,        0.31]],
[[         527,        0.42],[         601,        0.45],[         528,         0.4],[         434,        0.34],[         398,        0.32]],
[[         586,        0.47],[         610,        0.46],[         668,         0.5],[         507,        0.39],[         461,        0.37]],
[[         700,        0.56],[         635,        0.48],[         719,        0.54],[         538,        0.42],[         497,         0.4]],
[[         703,        0.56],[         611,        0.46],[         687,        0.52],[         541,        0.42],[         514,        0.42]],
[[         714,        0.57],[         581,        0.44],[         630,        0.48],[         523,         0.4],[         524,        0.43]],
[[         856,        0.68],[         581,        0.44],[         727,        0.55],[         536,        0.41],[         520,        0.42]],
[[         753,         0.6],[         605,        0.46],[         726,        0.55],[         546,        0.42],[         505,        0.41]],
[[         773,        0.62],[         584,        0.44],[         723,        0.55],[         563,        0.44],[         488,         0.4]],
[[         866,        0.69],[         551,        0.41],[         691,        0.52],[         597,        0.46],[         485,        0.39]],
[[         794,        0.63],[         571,        0.43],[         695,        0.52],[         589,        0.46],[         491,         0.4]],
[[         860,        0.69],[         556,        0.42],[         691,        0.52],[         600,        0.46],[         471,        0.38]],
[[         841,        0.67],[         548,        0.41],[         647,        0.49],[         631,        0.49],[         475,        0.39]],
[[         898,        0.72],[         667,         0.5],[         552,        0.42],[         632,        0.49],[         468,        0.38]],
[[         876,         0.7],[         676,        0.51],[         549,        0.41],[         659,        0.51],[         470,        0.38]],
[[         880,         0.7],[         648,        0.49],[         529,         0.4],[         643,         0.5],[         467,        0.38]],
[[         890,        0.71],[         799,         0.6],[         584,        0.44],[         649,         0.5],[         476,        0.39]],
[[         802,        0.64],[         803,         0.6],[         622,        0.47],[         680,        0.53],[         501,        0.41]],
[[         825,        0.66],[         814,        0.61],[         603,        0.46],[         658,        0.51],[         533,        0.43]],
[[         828,        0.66],[         914,        0.69],[         562,        0.42],[         654,        0.51],[         578,        0.47]],
[[         764,        0.61],[         829,        0.62],[         607,        0.46],[         667,        0.52],[         593,        0.48]],
[[         823,        0.66],[         950,        0.72],[         541,        0.41],[         640,         0.5],[         614,         0.5]],
[[         847,        0.68],[         931,         0.7],[         554,        0.42],[         626,        0.48],[         638,        0.52]],
[[         800,        0.64],[        1005,        0.76],[         666,         0.5],[         606,        0.47],[         642,        0.52]],
[[         863,        0.69],[         998,        0.75],[         679,        0.51],[         587,        0.45],[         672,        0.55]],
[[         883,         0.7],[        1040,        0.78],[         708,        0.53],[         589,        0.46],[         671,        0.54]],
[[         861,        0.69],[         965,        0.73],[         827,        0.62],[         600,        0.46],[         685,        0.56]],
[[         875,         0.7],[         903,        0.68],[         847,        0.64],[         609,        0.47],[         707,        0.57]],
[[         945,        0.75],[         911,        0.69],[         851,        0.64],[         615,        0.48],[         691,        0.56]],
[[         938,        0.75],[         902,        0.68],[         975,        0.74],[         612,        0.47],[         683,        0.55]],
[[        1001,         0.8],[         801,         0.6],[         850,        0.64],[         621,        0.48],[         687,        0.56]],
[[         998,         0.8],[         889,        0.67],[        1009,        0.76],[         601,        0.47],[         669,        0.54]],
[[         849,        0.68],[         903,        0.68],[         979,        0.74],[         620,        0.48],[         669,        0.54]],
[[         860,        0.69],[         837,        0.63],[        1069,        0.81],[         695,        0.54],[         662,        0.54]],
[[         899,        0.72],[         920,        0.69],[        1035,        0.78],[         732,        0.57],[         645,        0.52]],
[[         829,        0.66],[         937,        0.71],[        1069,        0.81],[         761,        0.59],[         653,        0.53]],
[[         777,        0.62],[         941,        0.71],[        1056,         0.8],[         876,        0.68],[         668,        0.54]],
[[         684,        0.55],[         918,        0.69],[        1003,        0.76],[         907,         0.7],[         691,        0.56]],
[[         707,        0.56],[        1021,        0.77],[         988,        0.75],[         910,         0.7],[         705,        0.57]],
[[         710,        0.57],[        1045,        0.79],[         970,        0.73],[        1026,        0.79],[         702,        0.57]],
[[         730,        0.58],[        1139,        0.86],[         901,        0.68],[         952,        0.74],[         707,        0.57]],
[[         693,        0.55],[        1192,         0.9],[         969,        0.73],[        1065,        0.82],[         695,        0.56]],
[[         685,        0.55],[         931,         0.7],[        1018,        0.77],[        1028,         0.8],[         718,        0.58]],
[[         683,        0.54],[         933,         0.7],[         915,        0.69],[        1121,        0.87],[         775,        0.63]],
[[         658,        0.52],[        1059,         0.8],[         966,        0.73],[        1082,        0.84],[         807,        0.66]],
[[         657,        0.52],[         978,        0.74],[        1009,        0.76],[        1124,        0.87],[         839,        0.68]],
[[         688,        0.55],[         814,        0.61],[         984,        0.74],[        1069,        0.83],[         931,        0.76]],
[[         668,        0.53],[         744,        0.56],[         943,        0.71],[        1020,        0.79],[         954,        0.77]],
[[         684,        0.55],[         799,         0.6],[        1025,        0.77],[         993,        0.77],[         940,        0.76]],
[[         638,        0.51],[         752,        0.57],[        1000,        0.76],[         958,        0.74],[        1024,        0.83]],
[[         596,        0.48],[         733,        0.55],[        1113,        0.84],[         883,        0.68],[         953,        0.77]],
[[         606,        0.48],[         722,        0.54],[        1140,        0.86],[         910,         0.7],[        1033,        0.84]],
[[         656,        0.52],[         657,        0.49],[         837,        0.63],[         920,        0.71],[         985,         0.8]],
[[         579,        0.46],[         675,        0.51],[         808,        0.61],[         838,        0.65],[        1050,        0.85]],
[[         584,        0.47],[         595,        0.45],[         934,        0.71],[         854,        0.66],[        1002,        0.81]],
[[         572,        0.46],[         566,        0.43],[         805,        0.61],[         864,        0.67],[        1017,        0.83]],
[[         463,        0.37],[         555,        0.42],[         652,        0.49],[         829,        0.64],[         952,        0.77]],
[[         505,         0.4],[         499,        0.38],[         581,        0.44],[         791,        0.61],[         892,        0.72]],
[[         464,        0.37],[         484,        0.36],[         607,        0.46],[         839,        0.65],[         851,        0.69]],
[[         343,        0.27],[         464,        0.35],[         590,        0.45],[         816,        0.63],[         805,        0.65]],
[[         266,        0.21],[         386,        0.29],[         527,         0.4],[         874,        0.68],[         730,        0.59]],
[[         255,         0.2],[         338,        0.25],[         494,        0.37],[         863,        0.67],[         724,        0.59]],
[[         243,        0.19],[         365,        0.27],[         429,        0.32],[         628,        0.49],[         711,        0.58]],
[[         230,        0.18],[         325,        0.24],[         418,        0.32],[         587,        0.45],[         630,        0.51]],
[[         181,        0.14],[         313,        0.24],[         356,        0.27],[         639,        0.49],[         613,         0.5]],
[[         864,        0.69],[         262,         0.2],[         291,        0.22],[         531,        0.41],[         592,        0.48]],
[[           .,           .],[         205,        0.15],[         261,         0.2],[         410,        0.32],[         545,        0.44]],
[[           .,           .],[         174,        0.13],[         244,        0.18],[         350,        0.27],[         499,        0.41]],
[[           .,           .],[         159,        0.12],[         196,        0.15],[         338,        0.26],[         504,        0.41]],
[[           .,           .],[         137,         0.1],[         174,        0.13],[         301,        0.23],[         464,        0.38]],
[[           .,           .],[         323,        0.24],[         553,        0.42],[        1181,        0.91],[        2283,        1.85]]],
[[[         626,         0.5],[         592,        0.45],[         554,        0.42],[         546,        0.42],[         472,        0.38]],
[[         636,        0.51],[         647,        0.49],[         548,        0.41],[         563,        0.44],[         485,        0.39]],
[[         657,        0.52],[         645,        0.49],[         586,        0.44],[         582,        0.45],[         500,        0.41]],
[[         693,        0.55],[         634,        0.48],[         574,        0.43],[         602,        0.47],[         518,        0.42]],
[[         754,         0.6],[         639,        0.48],[         587,        0.44],[         614,        0.48],[         530,        0.43]],
[[         744,        0.59],[         621,        0.47],[         622,        0.47],[         622,        0.48],[         541,        0.44]],
[[         801,        0.64],[         671,        0.51],[         623,        0.47],[         629,        0.49],[         554,        0.45]],
[[         784,        0.63],[         659,         0.5],[         740,        0.56],[         632,        0.49],[         565,        0.46]],
[[         754,         0.6],[         678,        0.51],[         694,        0.52],[         636,        0.49],[         579,        0.47]],
[[         738,        0.59],[         782,        0.59],[         679,        0.51],[         643,         0.5],[         596,        0.48]],
[[         812,        0.65],[         764,        0.58],[         687,        0.52],[         646,         0.5],[         610,         0.5]],
[[         750,         0.6],[         781,        0.59],[         692,        0.52],[         641,         0.5],[         615,         0.5]],
[[         745,        0.59],[         777,        0.58],[         660,         0.5],[         639,        0.49],[         625,        0.51]],
[[         763,        0.61],[         806,        0.61],[         686,        0.52],[         637,        0.49],[         632,        0.51]],
[[         710,        0.57],[         876,        0.66],[         703,        0.53],[         632,        0.49],[         645,        0.52]],
[[         759,        0.61],[         869,        0.65],[         679,        0.51],[         659,        0.51],[         664,        0.54]],
[[         778,        0.62],[         876,        0.66],[         690,        0.52],[         697,        0.54],[         670,        0.54]],
[[         793,        0.63],[         898,        0.68],[         664,         0.5],[         740,        0.57],[         670,        0.54]],
[[         590,        0.47],[         797,         0.6],[         671,        0.51],[         691,        0.53],[         637,        0.52]],
[[         507,         0.4],[         599,        0.45],[         534,         0.4],[         401,        0.31],[         363,        0.29]],
[[         472,        0.38],[         452,        0.34],[         445,        0.34],[         345,        0.27],[         295,        0.24]],
[[         436,        0.35],[         496,        0.37],[         479,        0.36],[         371,        0.29],[         325,        0.26]],
[[         505,         0.4],[         482,        0.36],[         544,        0.41],[         435,        0.34],[         400,        0.32]],
[[         590,        0.47],[         570,        0.43],[         574,        0.43],[         462,        0.36],[         429,        0.35]],
[[         640,        0.51],[         576,        0.43],[         596,        0.45],[         467,        0.36],[         436,        0.35]],
[[         667,        0.53],[         522,        0.39],[         577,        0.44],[         453,        0.35],[         441,        0.36]],
[[         741,        0.59],[         565,        0.43],[         613,        0.46],[         453,        0.35],[         455,        0.37]],
[[         751,         0.6],[         555,        0.42],[         676,        0.51],[         468,        0.36],[         465,        0.38]],
[[         747,         0.6],[         554,        0.42],[         632,        0.48],[         487,        0.38],[         457,        0.37]],
[[         762,        0.61],[         601,        0.45],[         614,        0.46],[         514,         0.4],[         451,        0.37]],
[[         785,        0.63],[         548,        0.41],[         611,        0.46],[         524,        0.41],[         464,        0.38]],
[[         773,        0.62],[         558,        0.42],[         621,        0.47],[         544,        0.42],[         453,        0.37]],
[[         860,        0.69],[         612,        0.46],[         547,        0.41],[         545,        0.42],[         447,        0.36]],
[[         878,         0.7],[         640,        0.48],[         536,         0.4],[         585,        0.45],[         447,        0.36]],
[[         858,        0.68],[         686,        0.52],[         560,        0.42],[         611,        0.47],[         452,        0.37]],
[[         897,        0.72],[         730,        0.55],[         582,        0.44],[         628,        0.49],[         449,        0.36]],
[[         851,        0.68],[         812,        0.61],[         658,         0.5],[         643,         0.5],[         453,        0.37]],
[[         856,        0.68],[         882,        0.66],[         647,        0.49],[         646,         0.5],[         468,        0.38]],
[[         827,        0.66],[         853,        0.64],[         592,        0.45],[         621,        0.48],[         492,         0.4]],
[[         828,        0.66],[         914,        0.69],[         649,        0.49],[         632,        0.49],[         530,        0.43]],
[[         840,        0.67],[         901,        0.68],[         613,        0.46],[         627,        0.49],[         539,        0.44]],
[[         838,        0.67],[         955,        0.72],[         618,        0.47],[         615,        0.48],[         569,        0.46]],
[[         771,        0.61],[         992,        0.75],[         688,        0.52],[         592,        0.46],[         581,        0.47]],
[[         817,        0.65],[        1009,        0.76],[         688,        0.52],[         589,        0.46],[         612,         0.5]],
[[         891,        0.71],[        1005,        0.76],[         728,        0.55],[         594,        0.46],[         634,        0.51]],
[[         838,        0.67],[        1010,        0.76],[         803,        0.61],[         597,        0.46],[         651,        0.53]],
[[         823,        0.66],[         938,        0.71],[         889,        0.67],[         646,         0.5],[         672,        0.55]],
[[         874,         0.7],[         977,        0.74],[         970,        0.73],[         645,         0.5],[         686,        0.56]],
[[         931,        0.74],[         936,         0.7],[         927,         0.7],[         630,        0.49],[         663,        0.54]],
[[         971,        0.77],[         944,        0.71],[         948,        0.72],[         669,        0.52],[         668,        0.54]],
[[         972,        0.77],[         933,         0.7],[         959,        0.72],[         635,        0.49],[         673,        0.55]],
[[        1009,         0.8],[         948,        0.71],[        1013,        0.76],[         656,        0.51],[         663,        0.54]],
[[         852,        0.68],[         844,        0.64],[        1077,        0.81],[         710,        0.55],[         653,        0.53]],
[[         883,         0.7],[         938,        0.71],[        1089,        0.82],[         729,        0.56],[         648,        0.53]],
[[         887,        0.71],[        1009,        0.76],[        1086,        0.82],[         769,         0.6],[         655,        0.53]],
[[         833,        0.66],[         932,         0.7],[        1103,        0.83],[         828,        0.64],[         670,        0.54]],
[[         772,        0.62],[         921,        0.69],[         977,        0.74],[         918,        0.71],[         714,        0.58]],
[[         698,        0.56],[         993,        0.75],[        1051,        0.79],[         995,        0.77],[         720,        0.58]],
[[         707,        0.56],[        1042,        0.78],[        1026,        0.77],[         970,        0.75],[         724,        0.59]],
[[         710,        0.57],[        1110,        0.84],[        1109,        0.84],[         994,        0.77],[         749,        0.61]],
[[         685,        0.55],[        1115,        0.84],[        1056,         0.8],[        1001,        0.77],[         714,        0.58]],
[[         687,        0.55],[        1188,        0.89],[        1013,        0.76],[        1083,        0.84],[         728,        0.59]],
[[         705,        0.56],[         985,        0.74],[         937,        0.71],[        1086,        0.84],[         778,        0.63]],
[[         674,        0.54],[         972,        0.73],[        1000,        0.76],[        1132,        0.88],[         805,        0.65]],
[[         668,        0.53],[        1002,        0.75],[        1058,         0.8],[        1109,        0.86],[         833,        0.68]],
[[         718,        0.57],[         953,        0.72],[        1036,        0.78],[        1093,        0.85],[         881,        0.72]],
[[         711,        0.57],[         862,        0.65],[         945,        0.71],[        1028,         0.8],[         957,        0.78]],
[[         690,        0.55],[         777,        0.58],[        1022,        0.77],[        1030,         0.8],[        1013,        0.82]],
[[         727,        0.58],[         775,        0.58],[         993,        0.75],[        1002,        0.78],[         977,        0.79]],
[[         637,        0.51],[         745,        0.56],[        1059,         0.8],[        1016,        0.79],[         995,        0.81]],
[[         636,        0.51],[         715,        0.54],[        1028,        0.78],[         966,        0.75],[         989,         0.8]],
[[         674,        0.54],[         697,        0.52],[        1081,        0.82],[         947,        0.73],[        1043,        0.85]],
[[         712,        0.57],[         731,        0.55],[         900,        0.68],[         864,        0.67],[        1032,        0.84]],
[[         724,        0.58],[         616,        0.46],[         867,        0.65],[         914,        0.71],[        1063,        0.86]],
[[         651,        0.52],[         662,         0.5],[         885,        0.67],[         953,        0.74],[        1028,        0.83]],
[[         627,         0.5],[         657,        0.49],[         825,        0.62],[         907,         0.7],[        1005,        0.82]],
[[         613,        0.49],[         618,        0.47],[         727,        0.55],[         854,        0.66],[         935,        0.76]],
[[         615,        0.49],[         612,        0.46],[         653,        0.49],[         870,        0.67],[         925,        0.75]],
[[         609,        0.49],[         587,        0.44],[         629,        0.47],[         873,        0.68],[         885,        0.72]],
[[         440,        0.35],[         492,        0.37],[         608,        0.46],[         905,         0.7],[         881,        0.72]],
[[         416,        0.33],[         509,        0.38],[         580,        0.44],[         884,        0.68],[         827,        0.67]],
[[         415,        0.33],[         513,        0.39],[         526,         0.4],[         909,         0.7],[         801,        0.65]],
[[         393,        0.31],[         505,        0.38],[         559,        0.42],[         717,        0.55],[         725,        0.59]],
[[         380,         0.3],[         500,        0.38],[         449,        0.34],[         692,        0.54],[         742,         0.6]],
[[         359,        0.29],[         389,        0.29],[         438,        0.33],[         688,        0.53],[         757,        0.61]],
[[        1987,        1.58],[         396,         0.3],[         442,        0.33],[         619,        0.48],[         695,        0.56]],
[[           .,           .],[         367,        0.28],[         384,        0.29],[         514,         0.4],[         632,        0.51]],
[[           .,           .],[         352,        0.26],[         363,        0.27],[         448,        0.35],[         620,         0.5]],
[[           .,           .],[         301,        0.23],[         330,        0.25],[         410,        0.32],[         596,        0.48]],
[[           .,           .],[         225,        0.17],[         246,        0.19],[         372,        0.29],[         591,        0.48]],
[[           .,           .],[         910,        0.68],[        1229,        0.93],[        1980,        1.53],[        3321,         2.7]]]]}}
