{
"ons":{
"label":"Population Projections for England and Wales, by local authority",
"source":"Office for National Statistics",
"updated":"2014-10-01",
"area": {
"code":"K04000001",
"label":"England and Wales"
},
"time": {
"label":"1998-2038",
"index":["1998",  "2008",  "2018",  "2028",  "2038"]
},
"concept":{
"label":["population", "% of population"],
"units":["count", "%"],
"max":[        2847,         1.68]
},
"sums":{
"series1":[       81793,        89560,        95694,       102385,       105782],
"series2":[       88152,        93367,       101210,       108781,       112411]
},
"dimension":{
"label":"age",
"index":["0", "1", "2", "3", "4", "5", "6", "7", "8", "9", "10", "11", "12", "13", "14", "15", "16", "17", "18", "19", "20", "21", "22", "23", "24", "25", "26", "27", "28", "29", "30", "31", "32", "33", "34", "35", "36", "37", "38", "39", "40", "41", "42", "43", "44", "45", "46", "47", "48", "49", "50", "51", "52", "53", "54", "55", "56", "57", "58", "59", "60", "61", "62", "63", "64", "65", "66", "67", "68", "69", "70", "71", "72", "73", "74", "75", "76", "77", "78", "79", "80", "81", "82", "83", "84", "85", "86", "87", "88", "89", "90+"]
},
"series":["male", "female"],
"value":[[[[        1275,        0.75],[        1448,        0.79],[        1250,        0.63],[        1256,        0.59],[        1241,        0.57]],
[[        1224,        0.72],[        1360,        0.74],[        1273,        0.65],[        1252,        0.59],[        1224,        0.56]],
[[        1159,        0.68],[        1241,        0.68],[        1274,        0.65],[        1257,         0.6],[        1221,        0.56]],
[[        1059,        0.62],[        1226,        0.67],[        1304,        0.66],[        1267,         0.6],[        1225,        0.56]],
[[        1067,        0.63],[        1176,        0.64],[        1352,        0.69],[        1281,        0.61],[        1235,        0.57]],
[[        1012,         0.6],[        1182,        0.65],[        1388,         0.7],[        1283,        0.61],[        1235,        0.57]],
[[         984,        0.58],[        1069,        0.58],[        1488,        0.76],[        1288,        0.61],[        1238,        0.57]],
[[         993,        0.58],[        1060,        0.58],[        1463,        0.74],[        1290,        0.61],[        1240,        0.57]],
[[         933,        0.55],[        1050,        0.57],[        1484,        0.75],[        1298,        0.61],[        1246,        0.57]],
[[         942,        0.55],[        1089,         0.6],[        1500,        0.76],[        1307,        0.62],[        1254,        0.57]],
[[         954,        0.56],[        1062,        0.58],[        1362,        0.69],[        1309,        0.62],[        1252,        0.57]],
[[         944,        0.56],[         989,        0.54],[        1320,        0.67],[        1308,        0.62],[        1258,        0.58]],
[[         861,        0.51],[        1045,        0.57],[        1260,        0.64],[        1290,        0.61],[        1250,        0.57]],
[[         865,        0.51],[         955,        0.52],[        1202,        0.61],[        1315,        0.62],[        1251,        0.57]],
[[         837,        0.49],[         918,         0.5],[        1112,        0.56],[        1321,        0.63],[        1232,        0.56]],
[[         885,        0.52],[         925,        0.51],[        1089,        0.55],[        1322,        0.63],[        1236,        0.57]],
[[         877,        0.52],[         921,         0.5],[        1049,        0.53],[        1399,        0.66],[        1240,        0.57]],
[[         973,        0.57],[         952,        0.52],[        1032,        0.52],[        1397,        0.66],[        1240,        0.57]],
[[         844,         0.5],[         832,        0.45],[         959,        0.49],[        1357,        0.64],[        1211,        0.56]],
[[         624,        0.37],[         783,        0.43],[         703,        0.36],[         963,        0.46],[         887,        0.41]],
[[        1040,        0.61],[         741,        0.41],[         665,        0.34],[         783,        0.37],[         773,        0.35]],
[[        1024,         0.6],[         805,        0.44],[         717,        0.36],[         781,        0.37],[         787,        0.36]],
[[         981,        0.58],[         869,        0.48],[         874,        0.44],[         799,        0.38],[         859,        0.39]],
[[         995,        0.59],[        1031,        0.56],[         919,        0.47],[         833,        0.39],[         946,        0.43]],
[[        1001,        0.59],[        1117,        0.61],[         921,        0.47],[         855,         0.4],[        1003,        0.46]],
[[        1106,        0.65],[        1179,        0.64],[         857,        0.44],[         844,         0.4],[        1040,        0.48]],
[[        1123,        0.66],[        1272,         0.7],[         832,        0.42],[         832,        0.39],[        1095,         0.5]],
[[        1276,        0.75],[        1259,        0.69],[         929,        0.47],[         877,        0.42],[        1108,        0.51]],
[[        1309,        0.77],[        1368,        0.75],[         897,        0.46],[         914,        0.43],[        1105,        0.51]],
[[        1375,        0.81],[        1449,        0.79],[         984,         0.5],[         968,        0.46],[        1108,        0.51]],
[[        1436,        0.84],[        1527,        0.83],[        1247,        0.63],[        1043,        0.49],[        1173,        0.54]],
[[        1652,        0.97],[        1564,        0.85],[         987,         0.5],[        1132,        0.54],[        1208,        0.55]],
[[        1703,           1],[        1531,        0.84],[        1203,        0.61],[        1211,        0.57],[        1224,        0.56]],
[[        1720,        1.01],[        1790,        0.98],[        1297,        0.66],[        1224,        0.58],[        1205,        0.55]],
[[        1703,           1],[        1721,        0.94],[        1302,        0.66],[        1320,        0.63],[        1217,        0.56]],
[[        1583,        0.93],[        1803,        0.99],[        1528,        0.78],[        1353,        0.64],[        1230,        0.56]],
[[        1523,         0.9],[        1778,        0.97],[        1549,        0.79],[        1403,        0.66],[        1237,        0.57]],
[[        1423,        0.84],[        1746,        0.95],[        1478,        0.75],[        1501,        0.71],[        1302,         0.6]],
[[        1403,        0.83],[        1687,        0.92],[        1572,         0.8],[        1501,        0.71],[        1361,        0.62]],
[[        1372,        0.81],[        1721,        0.94],[        1657,        0.84],[        1561,        0.74],[        1434,        0.66]],
[[        1331,        0.78],[        1692,        0.92],[        1655,        0.84],[        1642,        0.78],[        1459,        0.67]],
[[        1278,        0.75],[        1673,        0.91],[        1751,        0.89],[        1570,        0.74],[        1490,        0.68]],
[[        1256,        0.74],[        1685,        0.92],[        1641,        0.83],[        1624,        0.77],[        1508,        0.69]],
[[        1188,         0.7],[        1643,         0.9],[        1720,        0.87],[        1649,        0.78],[        1495,        0.69]],
[[        1194,         0.7],[        1558,        0.85],[        1732,        0.88],[        1632,        0.77],[        1551,        0.71]],
[[        1206,        0.71],[        1460,         0.8],[        1684,        0.86],[        1686,         0.8],[        1529,         0.7]],
[[        1187,         0.7],[        1445,        0.79],[        1752,        0.89],[        1669,        0.79],[        1530,         0.7]],
[[        1206,        0.71],[        1291,        0.71],[        1639,        0.83],[        1626,        0.77],[        1575,        0.72]],
[[        1219,        0.72],[        1284,         0.7],[        1412,        0.72],[        1644,        0.78],[        1555,        0.71]],
[[        1262,        0.74],[        1216,        0.66],[        1501,        0.76],[        1643,        0.78],[        1556,        0.71]],
[[        1308,        0.77],[        1240,        0.68],[        1545,        0.78],[        1600,        0.76],[        1589,        0.73]],
[[        1416,        0.83],[        1177,        0.64],[        1438,        0.73],[        1600,        0.76],[        1520,         0.7]],
[[        1187,         0.7],[        1125,        0.61],[        1476,        0.75],[        1516,        0.72],[        1561,        0.72]],
[[        1133,        0.67],[        1046,        0.57],[        1406,        0.71],[        1576,        0.75],[        1566,        0.72]],
[[        1087,        0.64],[        1022,        0.56],[        1417,        0.72],[        1532,        0.73],[        1535,         0.7]],
[[         985,        0.58],[         988,        0.54],[        1338,        0.68],[        1519,        0.72],[        1565,        0.72]],
[[         832,        0.49],[        1060,        0.58],[        1308,        0.66],[        1538,        0.73],[        1547,        0.71]],
[[         777,        0.46],[         991,        0.54],[        1221,        0.62],[        1479,         0.7],[        1514,        0.69]],
[[         775,        0.46],[        1002,        0.55],[        1125,        0.57],[        1320,        0.63],[        1496,        0.69]],
[[         777,        0.46],[         995,        0.54],[        1072,        0.54],[        1353,        0.64],[        1466,        0.67]],
[[         749,        0.44],[        1075,        0.59],[        1060,        0.54],[        1344,        0.64],[        1401,        0.64]],
[[         688,         0.4],[        1132,        0.62],[        1044,        0.53],[        1256,        0.59],[        1377,        0.63]],
[[         668,        0.39],[         933,        0.51],[         978,         0.5],[        1279,        0.61],[        1303,         0.6]],
[[         611,        0.36],[         815,        0.45],[         893,        0.45],[        1221,        0.58],[        1335,        0.61]],
[[         614,        0.36],[         845,        0.46],[         874,        0.44],[        1195,        0.57],[        1283,        0.59]],
[[         621,        0.37],[         704,        0.38],[         834,        0.42],[        1108,        0.52],[        1278,        0.59]],
[[         590,        0.35],[         626,        0.34],[         837,        0.43],[        1099,        0.52],[        1282,        0.59]],
[[         639,        0.38],[         574,        0.31],[         883,        0.45],[        1007,        0.48],[        1227,        0.56]],
[[         600,        0.35],[         568,        0.31],[         880,        0.45],[         941,        0.45],[        1112,        0.51]],
[[         560,        0.33],[         561,        0.31],[         829,        0.42],[         898,        0.43],[        1131,        0.52]],
[[         520,        0.31],[         536,        0.29],[         866,        0.44],[         872,        0.41],[        1129,        0.52]],
[[         510,         0.3],[         483,        0.26],[         925,        0.47],[         845,         0.4],[        1067,        0.49]],
[[         471,        0.28],[         492,        0.27],[         754,        0.38],[         810,        0.38],[        1075,        0.49]],
[[         479,        0.28],[         446,        0.24],[         681,        0.35],[         761,        0.36],[        1028,        0.47]],
[[         480,        0.28],[         432,        0.24],[         702,        0.36],[         723,        0.34],[        1004,        0.46]],
[[         462,        0.27],[         403,        0.22],[         555,        0.28],[         677,        0.32],[         921,        0.42]],
[[         449,        0.26],[         410,        0.22],[         471,        0.24],[         669,        0.32],[         900,        0.41]],
[[         438,        0.26],[         424,        0.23],[         469,        0.24],[         682,        0.32],[         821,        0.38]],
[[         445,        0.26],[         370,         0.2],[         436,        0.22],[         671,        0.32],[         757,        0.35]],
[[         264,        0.16],[         339,        0.19],[         448,        0.23],[         629,         0.3],[         708,        0.32]],
[[         240,        0.14],[         326,        0.18],[         394,         0.2],[         647,        0.31],[         666,        0.31]],
[[         253,        0.15],[         299,        0.16],[         336,        0.17],[         666,        0.32],[         631,        0.29]],
[[         289,        0.17],[         285,        0.16],[         339,        0.17],[         521,        0.25],[         591,        0.27]],
[[         259,        0.15],[         249,        0.14],[         303,        0.15],[         457,        0.22],[         542,        0.25]],
[[         231,        0.14],[         233,        0.13],[         262,        0.13],[         453,        0.21],[         496,        0.23]],
[[         999,        0.59],[         221,        0.12],[         247,        0.13],[         343,        0.16],[         440,         0.2]],
[[           .,           .],[         209,        0.11],[         222,        0.11],[         279,        0.13],[         413,        0.19]],
[[           .,           .],[         172,        0.09],[         217,        0.11],[         246,        0.12],[         388,        0.18]],
[[           .,           .],[         119,        0.07],[         183,        0.09],[         220,         0.1],[         362,        0.17]],
[[           .,           .],[          92,        0.05],[         134,        0.07],[         200,        0.09],[         315,        0.14]],
[[           .,           .],[         353,        0.19],[         526,        0.27],[         752,        0.36],[        1363,        0.62]]],
[[[        1159,        0.68],[        1413,        0.77],[        1146,        0.58],[        1194,        0.57],[        1180,        0.54]],
[[        1095,        0.64],[        1250,        0.68],[        1193,        0.61],[        1185,        0.56],[        1159,        0.53]],
[[        1014,         0.6],[        1244,        0.68],[        1295,        0.66],[        1196,        0.57],[        1162,        0.53]],
[[        1031,        0.61],[        1182,        0.65],[        1282,        0.65],[        1212,        0.57],[        1173,        0.54]],
[[         970,        0.57],[        1142,        0.62],[        1255,        0.64],[        1231,        0.58],[        1188,        0.54]],
[[        1017,         0.6],[        1157,        0.63],[        1402,        0.71],[        1241,        0.59],[        1195,        0.55]],
[[         997,        0.59],[         973,        0.53],[        1407,        0.71],[        1243,        0.59],[        1195,        0.55]],
[[         969,        0.57],[        1025,        0.56],[        1389,        0.71],[        1248,        0.59],[        1199,        0.55]],
[[         944,        0.56],[        1104,         0.6],[        1458,        0.74],[        1249,        0.59],[        1200,        0.55]],
[[         966,        0.57],[        1039,        0.57],[        1318,        0.67],[        1252,        0.59],[        1201,        0.55]],
[[         944,        0.56],[         972,        0.53],[        1405,        0.71],[        1264,         0.6],[        1209,        0.55]],
[[         849,         0.5],[         929,        0.51],[        1228,        0.62],[        1258,         0.6],[        1209,        0.55]],
[[         824,        0.48],[         939,        0.51],[        1204,        0.61],[        1307,        0.62],[        1204,        0.55]],
[[         822,        0.48],[         904,        0.49],[        1146,        0.58],[        1279,        0.61],[        1208,        0.55]],
[[         737,        0.43],[         889,        0.49],[        1051,        0.53],[        1296,        0.61],[        1214,        0.56]],
[[         858,         0.5],[         970,        0.53],[        1151,        0.58],[        1350,        0.64],[        1209,        0.55]],
[[         879,        0.52],[        1031,        0.56],[         951,        0.48],[        1398,        0.66],[        1211,        0.56]],
[[         906,        0.53],[         947,        0.52],[        1042,        0.53],[        1323,        0.63],[        1197,        0.55]],
[[         915,        0.54],[         888,        0.49],[         999,        0.51],[        1308,        0.62],[        1165,        0.53]],
[[         782,        0.46],[         831,        0.45],[         720,        0.37],[         985,        0.47],[         953,        0.44]],
[[        1103,        0.65],[         812,        0.44],[         703,        0.36],[         864,        0.41],[         836,        0.38]],
[[        1042,        0.61],[         865,        0.47],[         682,        0.35],[         828,        0.39],[         856,        0.39]],
[[        1036,        0.61],[         930,        0.51],[         880,        0.45],[         891,        0.42],[         969,        0.44]],
[[        1009,        0.59],[        1023,        0.56],[         847,        0.43],[         945,        0.45],[        1066,        0.49]],
[[        1036,        0.61],[        1136,        0.62],[         856,        0.43],[         954,        0.45],[        1107,        0.51]],
[[        1152,        0.68],[        1258,        0.69],[        1088,        0.55],[         959,        0.45],[        1164,        0.53]],
[[        1246,        0.73],[        1239,        0.68],[        1057,        0.54],[         946,        0.45],[        1231,        0.56]],
[[        1275,        0.75],[        1379,        0.75],[         984,         0.5],[         986,        0.47],[        1206,        0.55]],
[[        1369,        0.81],[        1402,        0.77],[        1128,        0.57],[        1014,        0.48],[        1194,        0.55]],
[[        1438,        0.85],[        1558,        0.85],[        1050,        0.53],[        1070,        0.51],[        1202,        0.55]],
[[        1478,        0.87],[        1655,         0.9],[        1274,        0.65],[        1184,        0.56],[        1315,         0.6]],
[[        1709,        1.01],[        1566,        0.86],[        1316,        0.67],[        1263,         0.6],[        1336,        0.61]],
[[        1797,        1.06],[        1556,        0.85],[        1229,        0.62],[        1307,        0.62],[        1353,        0.62]],
[[        1784,        1.05],[        1664,        0.91],[        1374,         0.7],[        1350,        0.64],[        1334,        0.61]],
[[        1705,           1],[        1779,        0.97],[        1440,        0.73],[        1431,        0.68],[        1344,        0.62]],
[[        1679,        0.99],[        1829,           1],[        1669,        0.85],[        1464,        0.69],[        1325,        0.61]],
[[        1579,        0.93],[        1763,        0.96],[        1743,        0.89],[        1512,        0.72],[        1312,         0.6]],
[[        1524,         0.9],[        1746,        0.95],[        1693,        0.86],[        1573,        0.74],[        1368,        0.63]],
[[        1425,        0.84],[        1625,        0.89],[        1878,        0.95],[        1576,        0.75],[        1403,        0.64]],
[[        1332,        0.78],[        1654,         0.9],[        1821,        0.92],[        1601,        0.76],[        1453,        0.67]],
[[        1324,        0.78],[        1596,        0.87],[        1671,        0.85],[        1661,        0.79],[        1472,        0.67]],
[[        1326,        0.78],[        1683,        0.92],[        1697,        0.86],[        1632,        0.77],[        1485,        0.68]],
[[        1236,        0.73],[        1569,        0.86],[        1636,        0.83],[        1622,        0.77],[        1481,        0.68]],
[[        1237,        0.73],[        1571,        0.86],[        1715,        0.87],[        1658,        0.79],[        1490,        0.68]],
[[        1216,        0.72],[        1551,        0.85],[        1791,        0.91],[        1645,        0.78],[        1534,         0.7]],
[[        1227,        0.72],[        1490,        0.81],[        1773,         0.9],[        1715,        0.81],[        1535,         0.7]],
[[        1260,        0.74],[        1429,        0.78],[        1683,        0.85],[        1757,        0.83],[        1550,        0.71]],
[[        1257,        0.74],[        1367,        0.75],[        1664,        0.85],[        1734,        0.82],[        1579,        0.72]],
[[        1242,        0.73],[        1251,        0.68],[        1541,        0.78],[        1779,        0.84],[        1552,        0.71]],
[[        1311,        0.77],[        1192,        0.65],[        1509,        0.77],[        1733,        0.82],[        1555,        0.71]],
[[        1424,        0.84],[        1191,        0.65],[        1502,        0.76],[        1617,        0.77],[        1593,        0.73]],
[[        1490,        0.88],[        1198,        0.65],[        1595,        0.81],[        1562,        0.74],[        1562,        0.72]],
[[        1149,        0.68],[        1049,        0.57],[        1435,        0.73],[        1536,        0.73],[        1543,        0.71]],
[[        1062,        0.62],[        1102,         0.6],[        1475,        0.75],[        1604,        0.76],[        1558,        0.71]],
[[        1070,        0.63],[        1079,        0.59],[        1457,        0.74],[        1607,        0.76],[        1528,         0.7]],
[[         969,        0.57],[        1030,        0.56],[        1372,         0.7],[        1577,        0.75],[        1573,        0.72]],
[[         844,         0.5],[        1016,        0.56],[        1308,        0.66],[        1545,        0.73],[        1605,        0.74]],
[[         773,        0.45],[        1053,        0.58],[        1267,        0.64],[        1512,        0.72],[        1586,        0.73]],
[[         822,        0.48],[        1009,        0.55],[        1147,        0.58],[        1424,        0.67],[        1608,        0.74]],
[[         832,        0.49],[        1093,         0.6],[        1140,        0.58],[        1367,        0.65],[        1557,        0.71]],
[[         753,        0.44],[        1171,        0.64],[        1079,        0.55],[        1354,        0.64],[        1446,        0.66]],
[[         650,        0.38],[        1195,        0.65],[        1094,        0.56],[        1418,        0.67],[        1392,        0.64]],
[[         721,        0.42],[         886,        0.48],[         954,        0.48],[        1304,        0.62],[        1369,        0.63]],
[[         686,         0.4],[         838,        0.46],[         985,         0.5],[        1314,        0.62],[        1413,        0.65]],
[[         632,        0.37],[         880,        0.48],[         950,        0.48],[        1289,        0.61],[        1415,        0.65]],
[[         640,        0.38],[         778,        0.43],[         930,        0.47],[        1234,        0.58],[        1398,        0.64]],
[[         677,         0.4],[         675,        0.37],[         907,        0.46],[        1171,        0.55],[        1377,        0.63]],
[[         656,        0.39],[         630,        0.34],[         928,        0.47],[        1141,        0.54],[        1343,        0.62]],
[[         636,        0.37],[         651,        0.36],[         883,        0.45],[        1041,        0.49],[        1286,        0.59]],
[[         581,        0.34],[         668,        0.37],[         961,        0.49],[        1018,        0.48],[        1240,        0.57]],
[[         661,        0.39],[         597,        0.33],[        1029,        0.52],[         986,        0.47],[        1233,        0.57]],
[[         653,        0.38],[         522,        0.29],[        1071,        0.54],[         976,        0.46],[        1279,        0.59]],
[[         637,        0.37],[         581,        0.32],[         782,         0.4],[         883,        0.42],[        1192,        0.55]],
[[         679,         0.4],[         545,         0.3],[         734,        0.37],[         878,        0.42],[        1191,        0.55]],
[[         697,        0.41],[         509,        0.28],[         791,         0.4],[         854,         0.4],[        1159,        0.53]],
[[         681,         0.4],[         514,        0.28],[         691,        0.35],[         833,        0.39],[        1108,        0.51]],
[[         726,        0.43],[         546,         0.3],[         588,         0.3],[         828,        0.39],[        1046,        0.48]],
[[         742,        0.44],[         523,        0.29],[         523,        0.27],[         815,        0.39],[        1015,        0.47]],
[[         783,        0.46],[         541,         0.3],[         568,        0.29],[         773,        0.37],[         918,        0.42]],
[[         536,        0.32],[         419,        0.23],[         572,        0.29],[         814,        0.39],[         882,         0.4]],
[[         448,        0.26],[         496,        0.27],[         491,        0.25],[         837,         0.4],[         842,        0.39]],
[[         518,         0.3],[         477,        0.26],[         424,        0.22],[         855,         0.4],[         805,        0.37]],
[[         502,         0.3],[         437,        0.24],[         477,        0.24],[         622,        0.29],[         710,        0.33]],
[[         469,        0.28],[         448,        0.24],[         429,        0.22],[         561,        0.27],[         685,        0.31]],
[[         474,        0.28],[         447,        0.24],[         361,        0.18],[         579,        0.27],[         649,         0.3]],
[[        2847,        1.68],[         386,        0.21],[         315,        0.16],[         485,        0.23],[         608,        0.28]],
[[           .,           .],[         374,         0.2],[         366,        0.19],[         406,        0.19],[         575,        0.26]],
[[           .,           .],[         382,        0.21],[         301,        0.15],[         346,        0.16],[         546,        0.25]],
[[           .,           .],[         304,        0.17],[         331,        0.17],[         354,        0.17],[         498,        0.23]],
[[           .,           .],[         245,        0.13],[         255,        0.13],[         332,        0.16],[         492,        0.23]],
[[           .,           .],[         915,         0.5],[        1308,        0.66],[        1455,        0.69],[        2346,        1.08]]]]}}
