{
"ons":{
"label":"Population Projections for England and Wales, by local authority",
"source":"Office for National Statistics",
"updated":"2014-10-01",
"area": {
"code":"K04000001",
"label":"England and Wales"
},
"time": {
"label":"1998-2038",
"index":["1998",  "2008",  "2018",  "2028",  "2038"]
},
"concept":{
"label":["population", "% of population"],
"units":["count", "%"],
"max":[        1678,         1.41]
},
"sums":{
"series1":[       42485,        48045,        53362,        56686,        59356],
"series2":[       43300,        48389,        53832,        56994,        59421]
},
"dimension":{
"label":"age",
"index":["0", "1", "2", "3", "4", "5", "6", "7", "8", "9", "10", "11", "12", "13", "14", "15", "16", "17", "18", "19", "20", "21", "22", "23", "24", "25", "26", "27", "28", "29", "30", "31", "32", "33", "34", "35", "36", "37", "38", "39", "40", "41", "42", "43", "44", "45", "46", "47", "48", "49", "50", "51", "52", "53", "54", "55", "56", "57", "58", "59", "60", "61", "62", "63", "64", "65", "66", "67", "68", "69", "70", "71", "72", "73", "74", "75", "76", "77", "78", "79", "80", "81", "82", "83", "84", "85", "86", "87", "88", "89", "90+"]
},
"series":["male", "female"],
"value":[[[[         509,        0.59],[         579,         0.6],[         585,        0.55],[         612,        0.54],[         628,        0.53]],
[[         554,        0.65],[         587,        0.61],[         637,        0.59],[         630,        0.55],[         638,        0.54]],
[[         547,        0.64],[         609,        0.63],[         675,        0.63],[         641,        0.56],[         643,        0.54]],
[[         552,        0.64],[         543,        0.56],[         675,        0.63],[         648,        0.57],[         645,        0.54]],
[[         515,         0.6],[         604,        0.63],[         701,        0.65],[         655,        0.58],[         648,        0.55]],
[[         591,        0.69],[         584,        0.61],[         700,        0.65],[         669,        0.59],[         660,        0.56]],
[[         598,         0.7],[         551,        0.57],[         761,        0.71],[         676,        0.59],[         667,        0.56]],
[[         616,        0.72],[         572,        0.59],[         736,        0.69],[         686,         0.6],[         675,        0.57]],
[[         581,        0.68],[         566,        0.59],[         650,        0.61],[         698,        0.61],[         688,        0.58]],
[[         564,        0.66],[         596,        0.62],[         710,        0.66],[         708,        0.62],[         697,        0.59]],
[[         527,        0.61],[         582,         0.6],[         697,        0.65],[         722,        0.64],[         713,         0.6]],
[[         515,         0.6],[         590,        0.61],[         711,        0.66],[         732,        0.64],[         731,        0.62]],
[[         519,        0.61],[         624,        0.65],[         703,        0.66],[         763,        0.67],[         748,        0.63]],
[[         602,         0.7],[         625,        0.65],[         636,        0.59],[         765,        0.67],[         759,        0.64]],
[[         553,        0.64],[         673,         0.7],[         733,        0.68],[         799,         0.7],[         784,        0.66]],
[[         599,         0.7],[         658,        0.68],[         692,        0.65],[         818,        0.72],[         785,        0.66]],
[[         612,        0.71],[         733,        0.76],[         623,        0.58],[         855,        0.75],[         789,        0.66]],
[[         615,        0.72],[         701,        0.73],[         670,        0.63],[         831,        0.73],[         793,        0.67]],
[[         470,        0.55],[         708,        0.73],[         626,        0.58],[         730,        0.64],[         751,        0.63]],
[[         521,        0.61],[         496,        0.51],[         478,        0.45],[         520,        0.46],[         518,        0.44]],
[[         369,        0.43],[         441,        0.46],[         433,         0.4],[         479,        0.42],[         484,        0.41]],
[[         307,        0.36],[         489,        0.51],[         493,        0.46],[         484,        0.43],[         494,        0.42]],
[[         297,        0.35],[         569,        0.59],[         605,        0.56],[         509,        0.45],[         550,        0.46]],
[[         480,        0.56],[         589,        0.61],[         603,        0.56],[         524,        0.46],[         599,         0.5]],
[[         477,        0.56],[         567,        0.59],[         591,        0.55],[         546,        0.48],[         620,        0.52]],
[[         614,        0.72],[         584,        0.61],[         581,        0.54],[         546,        0.48],[         651,        0.55]],
[[         571,        0.67],[         623,        0.65],[         634,        0.59],[         539,        0.47],[         680,        0.57]],
[[         601,         0.7],[         574,         0.6],[         582,        0.54],[         574,         0.5],[         681,        0.57]],
[[         609,        0.71],[         588,        0.61],[         666,        0.62],[         571,         0.5],[         654,        0.55]],
[[         657,        0.77],[         563,        0.58],[         634,        0.59],[         612,        0.54],[         674,        0.57]],
[[         729,        0.85],[         553,        0.57],[         648,         0.6],[         635,        0.56],[         692,        0.58]],
[[         656,        0.76],[         556,        0.58],[         671,        0.63],[         673,        0.59],[         677,        0.57]],
[[         680,        0.79],[         564,        0.58],[         666,        0.62],[         709,        0.62],[         675,        0.57]],
[[         692,        0.81],[         610,        0.63],[         699,        0.65],[         721,        0.63],[         666,        0.56]],
[[         703,        0.82],[         636,        0.66],[         637,        0.59],[         734,        0.65],[         676,        0.57]],
[[         613,        0.71],[         714,        0.74],[         700,        0.65],[         731,        0.64],[         672,        0.57]],
[[         659,        0.77],[         712,        0.74],[         751,         0.7],[         776,        0.68],[         666,        0.56]],
[[         634,        0.74],[         749,        0.78],[         715,        0.67],[         775,        0.68],[         703,        0.59]],
[[         685,         0.8],[         777,        0.81],[         731,        0.68],[         796,         0.7],[         710,         0.6]],
[[         623,        0.73],[         709,        0.74],[         721,        0.67],[         762,        0.67],[         747,        0.63]],
[[         585,        0.68],[         772,         0.8],[         679,        0.63],[         772,        0.68],[         756,        0.64]],
[[         587,        0.68],[         770,         0.8],[         710,        0.66],[         775,        0.68],[         805,        0.68]],
[[         557,        0.65],[         781,        0.81],[         668,        0.62],[         775,        0.68],[         820,        0.69]],
[[         531,        0.62],[         756,        0.78],[         725,        0.68],[         775,        0.68],[         816,        0.69]],
[[         545,        0.64],[         762,        0.79],[         687,        0.64],[         741,        0.65],[         822,        0.69]],
[[         555,        0.65],[         792,        0.82],[         783,        0.73],[         750,        0.66],[         803,        0.68]],
[[         541,        0.63],[         761,        0.79],[         779,        0.73],[         748,        0.66],[         833,         0.7]],
[[         558,        0.65],[         740,        0.77],[         800,        0.75],[         742,        0.65],[         830,         0.7]],
[[         549,        0.64],[         684,        0.71],[         817,        0.76],[         760,        0.67],[         838,        0.71]],
[[         597,         0.7],[         678,         0.7],[         801,        0.75],[         710,        0.62],[         794,        0.67]],
[[         694,        0.81],[         690,        0.72],[         764,        0.71],[         677,         0.6],[         793,        0.67]],
[[         700,        0.82],[         612,        0.63],[         757,        0.71],[         673,        0.59],[         770,        0.65]],
[[         598,         0.7],[         588,        0.61],[         811,        0.76],[         663,        0.58],[         771,        0.65]],
[[         613,        0.71],[         546,        0.57],[         760,        0.71],[         703,        0.62],[         762,        0.64]],
[[         674,        0.79],[         579,         0.6],[         771,        0.72],[         683,         0.6],[         728,        0.61]],
[[         586,        0.68],[         548,        0.57],[         817,        0.76],[         744,        0.65],[         731,        0.62]],
[[         548,        0.64],[         575,         0.6],[         741,        0.69],[         740,        0.65],[         721,        0.61]],
[[         529,        0.62],[         590,        0.61],[         742,        0.69],[         763,        0.67],[         717,         0.6]],
[[         484,        0.56],[         565,        0.59],[         675,        0.63],[         762,        0.67],[         726,        0.61]],
[[         474,        0.55],[         590,        0.61],[         633,        0.59],[         738,        0.65],[         677,        0.57]],
[[         480,        0.56],[         628,        0.65],[         639,         0.6],[         728,        0.64],[         634,        0.53]],
[[         452,        0.53],[         684,        0.71],[         572,        0.53],[         709,        0.62],[         625,        0.53]],
[[         445,        0.52],[         567,        0.59],[         536,         0.5],[         733,        0.64],[         619,        0.52]],
[[         406,        0.47],[         569,        0.59],[         523,        0.49],[         713,        0.63],[         649,        0.55]],
[[         363,        0.42],[         598,        0.62],[         537,         0.5],[         692,        0.61],[         630,        0.53]],
[[         397,        0.46],[         545,        0.57],[         523,        0.49],[         729,        0.64],[         677,        0.57]],
[[         405,        0.47],[         503,        0.52],[         514,        0.48],[         662,        0.58],[         679,        0.57]],
[[         374,        0.44],[         468,        0.49],[         503,        0.47],[         657,        0.58],[         691,        0.58]],
[[         339,         0.4],[         421,        0.44],[         506,        0.47],[         602,        0.53],[         684,        0.58]],
[[         377,        0.44],[         409,        0.42],[         558,        0.52],[         578,        0.51],[         667,        0.56]],
[[         369,        0.43],[         408,        0.42],[         537,         0.5],[         590,        0.52],[         664,        0.56]],
[[         354,        0.41],[         370,        0.38],[         603,        0.56],[         515,        0.45],[         641,        0.54]],
[[         321,        0.37],[         394,        0.41],[         528,        0.49],[         489,        0.43],[         654,        0.55]],
[[         277,        0.32],[         332,        0.34],[         496,        0.46],[         466,        0.41],[         634,        0.53]],
[[         283,        0.33],[         273,        0.28],[         505,        0.47],[         474,        0.42],[         617,        0.52]],
[[         290,        0.34],[         304,        0.32],[         460,        0.43],[         461,        0.41],[         638,        0.54]],
[[         308,        0.36],[         314,        0.33],[         390,        0.36],[         450,         0.4],[         579,        0.49]],
[[         293,        0.34],[         302,        0.31],[         381,        0.36],[         433,        0.38],[         567,        0.48]],
[[         256,         0.3],[         243,        0.25],[         330,        0.31],[         427,        0.38],[         514,        0.43]],
[[         189,        0.22],[         278,        0.29],[         334,        0.31],[         448,        0.39],[         481,         0.4]],
[[         144,        0.17],[         258,        0.27],[         299,        0.28],[         441,        0.39],[         476,         0.4]],
[[         167,        0.19],[         245,        0.25],[         287,        0.27],[         447,        0.39],[         407,        0.34]],
[[         154,        0.18],[         178,        0.18],[         270,        0.25],[         371,        0.33],[         379,        0.32]],
[[         161,        0.19],[         165,        0.17],[         227,        0.21],[         347,        0.31],[         348,        0.29]],
[[         127,        0.15],[         150,        0.16],[         171,        0.16],[         330,        0.29],[         337,        0.28]],
[[         433,         0.5],[         118,        0.12],[         152,        0.14],[         284,        0.25],[         312,        0.26]],
[[           .,           .],[         133,        0.14],[         154,        0.14],[         242,        0.21],[         292,        0.25]],
[[           .,           .],[         119,        0.12],[         156,        0.15],[         216,        0.19],[         270,        0.23]],
[[           .,           .],[          73,        0.08],[          93,        0.09],[         181,        0.16],[         253,        0.21]],
[[           .,           .],[          76,        0.08],[         101,        0.09],[         161,        0.14],[         244,        0.21]],
[[           .,           .],[         193,         0.2],[         397,        0.37],[         564,         0.5],[        1053,        0.89]]],
[[[         495,        0.58],[         593,        0.61],[         644,         0.6],[         585,        0.51],[         599,         0.5]],
[[         528,        0.62],[         604,        0.63],[         636,        0.59],[         601,        0.53],[         609,        0.51]],
[[         531,        0.62],[         513,        0.53],[         674,        0.63],[         612,        0.54],[         614,        0.52]],
[[         527,        0.61],[         528,        0.55],[         660,        0.62],[         628,        0.55],[         625,        0.53]],
[[         545,        0.64],[         508,        0.53],[         674,        0.63],[         639,        0.56],[         633,        0.53]],
[[         560,        0.65],[         485,         0.5],[         674,        0.63],[         652,        0.57],[         644,        0.54]],
[[         527,        0.61],[         496,        0.51],[         673,        0.63],[         661,        0.58],[         652,        0.55]],
[[         509,        0.59],[         547,        0.57],[         743,        0.69],[         667,        0.59],[         656,        0.55]],
[[         528,        0.62],[         540,        0.56],[         635,        0.59],[         674,        0.59],[         664,        0.56]],
[[         507,        0.59],[         573,        0.59],[         729,        0.68],[         687,         0.6],[         675,        0.57]],
[[         529,        0.62],[         562,        0.58],[         677,        0.63],[         697,        0.61],[         687,        0.58]],
[[         544,        0.63],[         599,        0.62],[         690,        0.64],[         708,        0.62],[         707,         0.6]],
[[         540,        0.63],[         578,         0.6],[         625,        0.58],[         748,        0.66],[         718,         0.6]],
[[         524,        0.61],[         591,        0.61],[         629,        0.59],[         741,        0.65],[         733,        0.62]],
[[         553,        0.64],[         631,        0.65],[         611,        0.57],[         780,        0.69],[         749,        0.63]],
[[         566,        0.66],[         616,        0.64],[         602,        0.56],[         780,        0.69],[         752,        0.63]],
[[         542,        0.63],[         676,         0.7],[         588,        0.55],[         789,        0.69],[         754,        0.63]],
[[         564,        0.66],[         644,        0.67],[         634,        0.59],[         834,        0.73],[         775,        0.65]],
[[         530,        0.62],[         598,        0.62],[         605,        0.56],[         690,        0.61],[         714,         0.6]],
[[         408,        0.48],[         465,        0.48],[         401,        0.37],[         422,        0.37],[         407,        0.34]],
[[         331,        0.39],[         440,        0.46],[         392,        0.37],[         365,        0.32],[         367,        0.31]],
[[         323,        0.38],[         455,        0.47],[         452,        0.42],[         396,        0.35],[         402,        0.34]],
[[         367,        0.43],[         509,        0.53],[         493,        0.46],[         421,        0.37],[         469,        0.39]],
[[         411,        0.48],[         573,        0.59],[         499,        0.47],[         454,         0.4],[         512,        0.43]],
[[         517,         0.6],[         605,        0.63],[         486,        0.45],[         467,        0.41],[         549,        0.46]],
[[         571,        0.67],[         607,        0.63],[         605,        0.56],[         475,        0.42],[         585,        0.49]],
[[         555,        0.65],[         526,        0.55],[         595,        0.56],[         486,        0.43],[         614,        0.52]],
[[         617,        0.72],[         596,        0.62],[         589,        0.55],[         531,        0.47],[         639,        0.54]],
[[         606,        0.71],[         639,        0.66],[         638,         0.6],[         553,        0.49],[         633,        0.53]],
[[         669,        0.78],[         576,         0.6],[         618,        0.58],[         591,        0.52],[         658,        0.55]],
[[         661,        0.77],[         556,        0.58],[         702,        0.65],[         622,        0.55],[         680,        0.57]],
[[         638,        0.74],[         545,        0.57],[         726,        0.68],[         680,         0.6],[         678,        0.57]],
[[         663,        0.77],[         596,        0.62],[         801,        0.75],[         686,         0.6],[         671,        0.56]],
[[         708,        0.83],[         604,        0.63],[         789,        0.74],[         693,        0.61],[         660,        0.56]],
[[         715,        0.83],[         671,         0.7],[         712,        0.66],[         720,        0.63],[         658,        0.55]],
[[         642,        0.75],[         711,        0.74],[         787,        0.73],[         736,        0.65],[         648,        0.55]],
[[         661,        0.77],[         697,        0.72],[         712,        0.66],[         762,        0.67],[         643,        0.54]],
[[         613,        0.71],[         728,        0.75],[         710,        0.66],[         778,        0.68],[         675,        0.57]],
[[         609,        0.71],[         715,        0.74],[         819,        0.76],[         765,        0.67],[         685,        0.58]],
[[         589,        0.69],[         783,        0.81],[         710,        0.66],[         751,        0.66],[         706,        0.59]],
[[         603,         0.7],[         716,        0.74],[         690,        0.64],[         799,         0.7],[         727,        0.61]],
[[         572,        0.67],[         739,        0.77],[         616,        0.57],[         792,         0.7],[         763,        0.64]],
[[         533,        0.62],[         775,         0.8],[         660,        0.62],[         813,        0.72],[         762,        0.64]],
[[         566,        0.66],[         818,        0.85],[         669,        0.62],[         809,        0.71],[         767,        0.65]],
[[         519,        0.61],[         812,        0.84],[         716,        0.67],[         776,        0.68],[         791,        0.67]],
[[         541,        0.63],[         762,        0.79],[         773,        0.72],[         789,        0.69],[         787,        0.66]],
[[         538,        0.63],[         719,        0.75],[         749,         0.7],[         742,        0.65],[         798,        0.67]],
[[         568,        0.66],[         684,        0.71],[         758,        0.71],[         747,        0.66],[         807,        0.68]],
[[         555,        0.65],[         661,        0.69],[         772,        0.72],[         806,        0.71],[         788,        0.66]],
[[         616,        0.72],[         629,        0.65],[         825,        0.77],[         723,        0.64],[         771,        0.65]],
[[         668,        0.78],[         606,        0.63],[         695,        0.65],[         676,        0.59],[         795,        0.67]],
[[         728,        0.85],[         604,        0.63],[         780,        0.73],[         631,        0.56],[         790,        0.67]],
[[         601,         0.7],[         569,        0.59],[         774,        0.72],[         663,        0.58],[         799,        0.67]],
[[         624,        0.73],[         565,        0.59],[         833,        0.78],[         677,         0.6],[         781,        0.66]],
[[         646,        0.75],[         588,        0.61],[         777,        0.72],[         690,        0.61],[         745,        0.63]],
[[         601,         0.7],[         552,        0.57],[         765,        0.71],[         740,        0.65],[         755,        0.64]],
[[         493,        0.57],[         551,        0.57],[         715,        0.67],[         718,        0.63],[         722,        0.61]],
[[         458,        0.53],[         546,        0.57],[         720,        0.67],[         733,        0.64],[         713,         0.6]],
[[         443,        0.52],[         551,        0.57],[         645,         0.6],[         726,        0.64],[         760,        0.64]],
[[         467,        0.54],[         600,        0.62],[         602,        0.56],[         767,        0.67],[         688,        0.58]],
[[         458,        0.53],[         653,        0.68],[         567,        0.53],[         682,         0.6],[         640,        0.54]],
[[         466,        0.54],[         703,        0.73],[         578,        0.54],[         718,        0.63],[         594,         0.5]],
[[         427,         0.5],[         549,        0.57],[         528,        0.49],[         726,        0.64],[         621,        0.52]],
[[         399,        0.47],[         605,        0.63],[         545,        0.51],[         758,        0.67],[         635,        0.53]],
[[         382,        0.45],[         627,        0.65],[         555,        0.52],[         723,        0.64],[         647,        0.54]],
[[         383,        0.45],[         564,        0.58],[         507,        0.47],[         725,        0.64],[         691,        0.58]],
[[         382,        0.45],[         469,        0.49],[         548,        0.51],[         666,        0.59],[         672,        0.57]],
[[         418,        0.49],[         438,        0.45],[         529,        0.49],[         657,        0.58],[         696,        0.59]],
[[         400,        0.47],[         390,         0.4],[         515,        0.48],[         600,        0.53],[         687,        0.58]],
[[         374,        0.44],[         433,        0.45],[         569,        0.53],[         578,        0.51],[         722,        0.61]],
[[         366,        0.43],[         416,        0.43],[         615,        0.57],[         539,        0.47],[         654,        0.55]],
[[         357,        0.42],[         432,        0.45],[         658,        0.61],[         550,        0.48],[         683,        0.58]],
[[         329,        0.38],[         394,        0.41],[         491,        0.46],[         505,        0.44],[         688,        0.58]],
[[         350,        0.41],[         358,        0.37],[         563,        0.53],[         514,        0.45],[         712,         0.6]],
[[         367,        0.43],[         338,        0.35],[         572,        0.53],[         531,        0.47],[         680,        0.57]],
[[         387,        0.45],[         324,        0.34],[         539,         0.5],[         497,        0.44],[         676,        0.57]],
[[         388,        0.45],[         335,        0.35],[         397,        0.37],[         506,        0.45],[         625,        0.53]],
[[         392,        0.46],[         369,        0.38],[         365,        0.34],[         484,        0.43],[         605,        0.51]],
[[         361,        0.42],[         328,        0.34],[         335,        0.31],[         468,        0.41],[         545,        0.46]],
[[         277,        0.32],[         301,        0.31],[         386,        0.36],[         503,        0.44],[         518,        0.44]],
[[         240,        0.28],[         273,        0.28],[         349,        0.33],[         526,        0.46],[         476,         0.4]],
[[         265,        0.31],[         294,         0.3],[         350,        0.33],[         555,        0.49],[         479,         0.4]],
[[         236,        0.28],[         264,        0.27],[         336,        0.31],[         411,        0.36],[         432,        0.36]],
[[         243,        0.28],[         234,        0.24],[         270,        0.25],[         441,        0.39],[         422,        0.36]],
[[         200,        0.23],[         257,        0.27],[         261,        0.24],[         433,        0.38],[         422,        0.36]],
[[        1090,        1.27],[         233,        0.24],[         200,        0.19],[         383,        0.34],[         382,        0.32]],
[[           .,           .],[         249,        0.26],[         220,        0.21],[         277,        0.24],[         366,        0.31]],
[[           .,           .],[         217,        0.23],[         227,        0.21],[         245,        0.22],[         336,        0.28]],
[[           .,           .],[         176,        0.18],[         162,        0.15],[         222,         0.2],[         315,        0.27]],
[[           .,           .],[         157,        0.16],[         151,        0.14],[         221,        0.19],[         317,        0.27]],
[[           .,           .],[         483,         0.5],[         771,        0.72],[        1004,        0.88],[        1678,        1.41]]]]}}
