{
"ons":{
"label":"Population Projections for England and Wales, by local authority",
"source":"Office for National Statistics",
"updated":"2014-10-01",
"area": {
"code":"K04000001",
"label":"England and Wales"
},
"time": {
"label":"1998-2038",
"index":["1998",  "2008",  "2018",  "2028",  "2038"]
},
"concept":{
"label":["population", "% of population"],
"units":["count", "%"],
"max":[        3130,         1.41]
},
"sums":{
"series1":[      108931,       112909,       128381,       138699,       146834],
"series2":[      112709,       113873,       126027,       134296,       141388]
},
"dimension":{
"label":"age",
"index":["0", "1", "2", "3", "4", "5", "6", "7", "8", "9", "10", "11", "12", "13", "14", "15", "16", "17", "18", "19", "20", "21", "22", "23", "24", "25", "26", "27", "28", "29", "30", "31", "32", "33", "34", "35", "36", "37", "38", "39", "40", "41", "42", "43", "44", "45", "46", "47", "48", "49", "50", "51", "52", "53", "54", "55", "56", "57", "58", "59", "60", "61", "62", "63", "64", "65", "66", "67", "68", "69", "70", "71", "72", "73", "74", "75", "76", "77", "78", "79", "80", "81", "82", "83", "84", "85", "86", "87", "88", "89", "90+"]
},
"series":["male", "female"],
"value":[[[[        1427,        0.64],[        1732,        0.76],[        1830,        0.72],[        1820,        0.67],[        1886,        0.65]],
[[        1540,        0.69],[        1611,        0.71],[        1818,        0.71],[        1809,        0.66],[        1853,        0.64]],
[[        1363,        0.61],[        1495,        0.66],[        1828,        0.72],[        1797,        0.66],[        1821,        0.63]],
[[        1494,        0.67],[        1400,        0.62],[        1730,        0.68],[        1789,        0.66],[        1799,        0.62]],
[[        1530,        0.69],[        1310,        0.58],[        1734,        0.68],[        1779,        0.65],[        1777,        0.62]],
[[        1571,        0.71],[        1273,        0.56],[        1777,         0.7],[        1771,        0.65],[        1760,        0.61]],
[[        1643,        0.74],[        1239,        0.55],[        1748,        0.69],[        1758,        0.64],[        1743,         0.6]],
[[        1617,        0.73],[        1220,        0.54],[        1773,         0.7],[        1761,        0.65],[        1739,         0.6]],
[[        1603,        0.72],[        1215,        0.54],[        1685,        0.66],[        1748,        0.64],[        1728,         0.6]],
[[        1533,        0.69],[        1249,        0.55],[        1643,        0.65],[        1734,        0.64],[        1716,         0.6]],
[[        1544,         0.7],[        1314,        0.58],[        1672,        0.66],[        1723,        0.63],[        1712,        0.59]],
[[        1494,        0.67],[        1436,        0.63],[        1564,        0.61],[        1693,        0.62],[        1718,         0.6]],
[[        1605,        0.72],[        1360,         0.6],[        1510,        0.59],[        1755,        0.64],[        1719,         0.6]],
[[        1551,         0.7],[        1384,        0.61],[        1440,        0.57],[        1707,        0.63],[        1717,         0.6]],
[[        1340,         0.6],[        1345,        0.59],[        1350,        0.53],[        1714,        0.63],[        1719,         0.6]],
[[        1430,        0.65],[        1401,        0.62],[        1292,        0.51],[        1746,        0.64],[        1720,         0.6]],
[[        1333,         0.6],[        1483,        0.65],[        1256,        0.49],[        1725,        0.63],[        1709,        0.59]],
[[        1330,         0.6],[        1469,        0.65],[        1325,        0.52],[        1761,        0.65],[        1712,        0.59]],
[[        1276,        0.58],[        1415,        0.62],[        1359,        0.53],[        1683,        0.62],[        1725,         0.6]],
[[        1470,        0.66],[        1646,        0.73],[        1755,        0.69],[        1801,        0.66],[        1857,        0.64]],
[[        1712,        0.77],[        1843,        0.81],[        1839,        0.72],[        1929,        0.71],[        1939,        0.67]],
[[        1771,         0.8],[        2016,        0.89],[        1792,         0.7],[        1884,        0.69],[        1964,        0.68]],
[[        1656,        0.75],[        2152,        0.95],[        1873,        0.74],[        1916,         0.7],[        2094,        0.73]],
[[        1423,        0.64],[        2249,        0.99],[        1933,        0.76],[        1895,        0.69],[        2148,        0.75]],
[[        1346,        0.61],[        2127,        0.94],[        2124,        0.83],[        1892,        0.69],[        2226,        0.77]],
[[        1507,        0.68],[        2113,        0.93],[        2223,        0.87],[        1903,         0.7],[        2342,        0.81]],
[[        1615,        0.73],[        1996,        0.88],[        2416,        0.95],[        1914,         0.7],[        2424,        0.84]],
[[        1733,        0.78],[        1905,        0.84],[        2518,        0.99],[        2017,        0.74],[        2450,        0.85]],
[[        1698,        0.77],[        1852,        0.82],[        2353,        0.92],[        2085,        0.76],[        2424,        0.84]],
[[        1678,        0.76],[        1787,        0.79],[        2476,        0.97],[        2203,        0.81],[        2431,        0.84]],
[[        1744,        0.79],[        1598,         0.7],[        2379,        0.94],[        2243,        0.82],[        2452,        0.85]],
[[        1814,        0.82],[        1494,        0.66],[        2391,        0.94],[        2290,        0.84],[        2346,        0.81]],
[[        1848,        0.83],[        1553,        0.68],[        2405,        0.95],[        2280,        0.84],[        2285,        0.79]],
[[        1848,        0.83],[        1536,        0.68],[        2279,         0.9],[        2274,        0.83],[        2176,        0.75]],
[[        1803,        0.81],[        1494,        0.66],[        2190,        0.86],[        2305,        0.84],[        2103,        0.73]],
[[        1796,        0.81],[        1554,        0.69],[        2138,        0.84],[        2303,        0.84],[        2001,        0.69]],
[[        1709,        0.77],[        1625,        0.72],[        2126,        0.84],[        2314,        0.85],[        1932,        0.67]],
[[        1642,        0.74],[        1674,        0.74],[        1989,        0.78],[        2385,        0.87],[        1941,        0.67]],
[[        1523,        0.69],[        1650,        0.73],[        1875,        0.74],[        2240,        0.82],[        1955,        0.68]],
[[        1555,         0.7],[        1605,        0.71],[        1752,        0.69],[        2169,        0.79],[        1991,        0.69]],
[[        1537,        0.69],[        1629,        0.72],[        1589,        0.62],[        2077,        0.76],[        1984,        0.69]],
[[        1498,        0.68],[        1686,        0.74],[        1375,        0.54],[        1997,        0.73],[        1988,        0.69]],
[[        1311,        0.59],[        1714,        0.76],[        1499,        0.59],[        2010,        0.74],[        1963,        0.68]],
[[        1253,        0.57],[        1726,        0.76],[        1479,        0.58],[        1950,        0.71],[        1940,        0.67]],
[[        1284,        0.58],[        1665,        0.73],[        1377,        0.54],[        1887,        0.69],[        1958,        0.68]],
[[        1329,         0.6],[        1646,        0.73],[        1436,        0.56],[        1814,        0.66],[        1963,        0.68]],
[[        1213,        0.55],[        1624,        0.72],[        1599,        0.63],[        1792,        0.66],[        1993,        0.69]],
[[        1324,         0.6],[        1540,        0.68],[        1561,        0.61],[        1748,        0.64],[        2072,        0.72]],
[[        1384,        0.62],[        1468,        0.65],[        1483,        0.58],[        1714,        0.63],[        1970,        0.68]],
[[        1407,        0.63],[        1522,        0.67],[        1565,        0.62],[        1638,         0.6],[        1923,        0.67]],
[[        1532,        0.69],[        1452,        0.64],[        1618,        0.64],[        1493,        0.55],[        1873,        0.65]],
[[        1581,        0.71],[        1412,        0.62],[        1616,        0.64],[        1342,        0.49],[        1817,        0.63]],
[[        1275,        0.58],[        1236,        0.55],[        1661,        0.65],[        1425,        0.52],[        1840,        0.64]],
[[        1209,        0.55],[        1202,        0.53],[        1663,        0.65],[        1423,        0.52],[        1808,        0.63]],
[[        1194,        0.54],[        1228,        0.54],[        1591,        0.63],[        1372,         0.5],[        1762,        0.61]],
[[        1256,        0.57],[        1277,        0.56],[        1530,         0.6],[        1429,        0.52],[        1711,        0.59]],
[[        1092,        0.49],[        1173,        0.52],[        1586,        0.62],[        1557,        0.57],[        1682,        0.58]],
[[         996,        0.45],[        1168,        0.52],[        1474,        0.58],[        1537,        0.56],[        1646,        0.57]],
[[        1128,        0.51],[        1308,        0.58],[        1382,        0.54],[        1479,        0.54],[        1619,        0.56]],
[[        1167,        0.53],[        1290,        0.57],[        1376,        0.54],[        1528,        0.56],[        1531,        0.53]],
[[        1131,        0.51],[        1334,        0.59],[        1348,        0.53],[        1529,        0.56],[        1397,        0.48]],
[[        1084,        0.49],[        1406,        0.62],[        1307,        0.51],[        1501,        0.55],[        1265,        0.44]],
[[        1135,        0.51],[        1101,        0.49],[        1081,        0.42],[        1512,        0.55],[        1314,        0.46]],
[[        1084,        0.49],[        1019,        0.45],[        1116,        0.44],[        1496,        0.55],[        1306,        0.45]],
[[        1068,        0.48],[         999,        0.44],[        1073,        0.42],[        1450,        0.53],[        1258,        0.44]],
[[        1049,        0.47],[        1004,        0.44],[        1134,        0.45],[        1388,        0.51],[        1290,        0.45]],
[[        1046,        0.47],[         910,         0.4],[         985,        0.39],[        1391,        0.51],[        1382,        0.48]],
[[         955,        0.43],[         833,        0.37],[         994,        0.39],[        1296,        0.47],[        1351,        0.47]],
[[         871,        0.39],[         831,        0.37],[        1086,        0.43],[        1180,        0.43],[        1281,        0.44]],
[[         841,        0.38],[         879,        0.39],[        1058,        0.42],[        1176,        0.43],[        1307,        0.45]],
[[         844,        0.38],[         856,        0.38],[        1066,        0.42],[        1121,        0.41],[        1291,        0.45]],
[[         773,        0.35],[         778,        0.34],[        1157,        0.45],[        1051,        0.38],[        1253,        0.43]],
[[         771,        0.35],[         810,        0.36],[         884,        0.35],[         907,        0.33],[        1243,        0.43]],
[[         783,        0.35],[         745,        0.33],[         787,        0.31],[         883,        0.32],[        1213,        0.42]],
[[         792,        0.36],[         677,         0.3],[         730,        0.29],[         853,        0.31],[        1158,         0.4]],
[[         718,        0.32],[         626,        0.28],[         741,        0.29],[         881,        0.32],[        1098,        0.38]],
[[         713,        0.32],[         631,        0.28],[         633,        0.25],[         758,        0.28],[        1076,        0.37]],
[[         687,        0.31],[         573,        0.25],[         574,        0.23],[         749,        0.27],[         995,        0.35]],
[[         674,         0.3],[         544,        0.24],[         554,        0.22],[         789,        0.29],[         897,        0.31]],
[[         416,        0.19],[         450,         0.2],[         585,        0.23],[         738,        0.27],[         865,         0.3]],
[[         352,        0.16],[         438,        0.19],[         559,        0.22],[         727,        0.27],[         802,        0.28]],
[[         321,        0.14],[         410,        0.18],[         480,        0.19],[         769,        0.28],[         738,        0.26]],
[[         301,        0.14],[         349,        0.15],[         466,        0.18],[         558,         0.2],[         618,        0.21]],
[[         286,        0.13],[         339,        0.15],[         376,        0.15],[         482,        0.18],[         572,         0.2]],
[[         243,        0.11],[         320,        0.14],[         331,        0.13],[         427,        0.16],[         527,        0.18]],
[[         908,        0.41],[         240,        0.11],[         254,         0.1],[         393,        0.14],[         518,        0.18]],
[[           .,           .],[         239,        0.11],[         263,         0.1],[         332,        0.12],[         429,        0.15]],
[[           .,           .],[         214,        0.09],[         209,        0.08],[         279,         0.1],[         396,        0.14]],
[[           .,           .],[         168,        0.07],[         208,        0.08],[         250,        0.09],[         393,        0.14]],
[[           .,           .],[         113,        0.05],[         125,        0.05],[         240,        0.09],[         349,        0.12]],
[[           .,           .],[         287,        0.13],[         597,        0.23],[         866,        0.32],[        1453,         0.5]]],
[[[        1327,         0.6],[        1551,        0.68],[        1696,        0.67],[        1729,        0.63],[        1792,        0.62]],
[[        1309,        0.59],[        1464,        0.65],[        1738,        0.68],[        1718,        0.63],[        1759,        0.61]],
[[        1327,         0.6],[        1437,        0.63],[        1803,        0.71],[        1705,        0.62],[        1728,         0.6]],
[[        1352,        0.61],[        1364,         0.6],[        1682,        0.66],[        1696,        0.62],[        1705,        0.59]],
[[        1440,        0.65],[        1266,        0.56],[        1755,        0.69],[        1688,        0.62],[        1686,        0.58]],
[[        1495,        0.67],[        1211,        0.53],[        1738,        0.68],[        1670,        0.61],[        1660,        0.58]],
[[        1568,        0.71],[        1222,        0.54],[        1649,        0.65],[        1659,        0.61],[        1644,        0.57]],
[[        1523,        0.69],[        1181,        0.52],[        1690,        0.66],[        1657,        0.61],[        1636,        0.57]],
[[        1469,        0.66],[        1247,        0.55],[        1537,         0.6],[        1653,        0.61],[        1633,        0.57]],
[[        1490,        0.67],[        1275,        0.56],[        1505,        0.59],[        1647,         0.6],[        1629,        0.57]],
[[        1438,        0.65],[        1258,        0.55],[        1500,        0.59],[        1631,         0.6],[        1621,        0.56]],
[[        1338,         0.6],[        1264,        0.56],[        1482,        0.58],[        1603,        0.59],[        1626,        0.56]],
[[        1454,        0.66],[        1335,        0.59],[        1437,        0.56],[        1717,        0.63],[        1634,        0.57]],
[[        1373,        0.62],[        1315,        0.58],[        1374,        0.54],[        1647,         0.6],[        1638,        0.57]],
[[        1385,        0.62],[        1324,        0.58],[        1313,        0.52],[        1694,        0.62],[        1643,        0.57]],
[[        1393,        0.63],[        1390,        0.61],[        1202,        0.47],[        1722,        0.63],[        1653,        0.57]],
[[        1326,         0.6],[        1449,        0.64],[        1235,        0.49],[        1658,        0.61],[        1647,        0.57]],
[[        1348,        0.61],[        1374,        0.61],[        1255,        0.49],[        1701,        0.62],[        1656,        0.57]],
[[        1293,        0.58],[        1414,        0.62],[        1391,        0.55],[        1587,        0.58],[        1661,        0.58]],
[[        1405,        0.63],[        1576,        0.69],[        1756,        0.69],[        1695,        0.62],[        1771,        0.61]],
[[        1613,        0.73],[        1709,        0.75],[        1805,        0.71],[        1787,        0.65],[        1855,        0.64]],
[[        1592,        0.72],[        1994,        0.88],[        1605,        0.63],[        1812,        0.66],[        1881,        0.65]],
[[        1582,        0.71],[        2081,        0.92],[        1920,        0.75],[        1882,        0.69],[        2072,        0.72]],
[[        1357,        0.61],[        2088,        0.92],[        2019,        0.79],[        1914,         0.7],[        2146,        0.74]],
[[        1332,         0.6],[        2102,        0.93],[        2030,         0.8],[        1909,         0.7],[        2237,        0.78]],
[[        1498,        0.68],[        2053,        0.91],[        2163,        0.85],[        1864,        0.68],[        2275,        0.79]],
[[        1603,        0.72],[        1961,        0.86],[        2302,         0.9],[        1842,        0.67],[        2292,         0.8]],
[[        1691,        0.76],[        1905,        0.84],[        2343,        0.92],[        1891,        0.69],[        2280,        0.79]],
[[        1622,        0.73],[        1782,        0.79],[        2113,        0.83],[        1944,        0.71],[        2215,        0.77]],
[[        1772,         0.8],[        1770,        0.78],[        2233,        0.88],[        2006,        0.73],[        2191,        0.76]],
[[        1679,        0.76],[        1632,        0.72],[        2174,        0.85],[        2005,        0.73],[        2169,        0.75]],
[[        1733,        0.78],[        1455,        0.64],[        2193,        0.86],[        2036,        0.75],[        2095,        0.73]],
[[        1675,        0.76],[        1498,        0.66],[        2115,        0.83],[        2044,        0.75],[        2048,        0.71]],
[[        1774,         0.8],[        1444,        0.64],[        2046,         0.8],[        1988,        0.73],[        1938,        0.67]],
[[        1733,        0.78],[        1473,        0.65],[        2171,        0.85],[        2013,        0.74],[        1869,        0.65]],
[[        1634,        0.74],[        1527,        0.67],[        2045,         0.8],[        2027,        0.74],[        1769,        0.61]],
[[        1668,        0.75],[        1656,        0.73],[        1873,        0.74],[        2043,        0.75],[        1704,        0.59]],
[[        1556,         0.7],[        1597,         0.7],[        1811,        0.71],[        2083,        0.76],[        1717,         0.6]],
[[        1536,        0.69],[        1523,        0.67],[        1691,        0.66],[        1938,        0.71],[        1710,        0.59]],
[[        1475,        0.67],[        1651,        0.73],[        1657,        0.65],[        1933,        0.71],[        1746,        0.61]],
[[        1400,        0.63],[        1614,        0.71],[        1414,        0.56],[        1881,        0.69],[        1743,         0.6]],
[[        1387,        0.63],[        1575,        0.69],[        1326,        0.52],[        1858,        0.68],[        1771,        0.61]],
[[        1260,        0.57],[        1561,        0.69],[        1486,        0.58],[        1851,        0.68],[        1762,        0.61]],
[[        1239,        0.56],[        1586,         0.7],[        1391,        0.55],[        1811,        0.66],[        1736,         0.6]],
[[        1257,        0.57],[        1562,        0.69],[        1385,        0.54],[        1834,        0.67],[        1763,        0.61]],
[[        1236,        0.56],[        1534,        0.68],[        1426,        0.56],[        1812,        0.66],[        1801,        0.62]],
[[        1241,        0.56],[        1532,        0.68],[        1576,        0.62],[        1711,        0.63],[        1852,        0.64]],
[[        1273,        0.57],[        1432,        0.63],[        1592,        0.63],[        1672,        0.61],[        1896,        0.66]],
[[        1288,        0.58],[        1394,        0.61],[        1519,         0.6],[        1610,        0.59],[        1807,        0.63]],
[[        1293,        0.58],[        1417,        0.62],[        1674,        0.66],[        1575,        0.58],[        1804,        0.63]],
[[        1500,        0.68],[        1292,        0.57],[        1629,        0.64],[        1388,        0.51],[        1773,        0.62]],
[[        1625,        0.73],[        1360,         0.6],[        1538,         0.6],[        1305,        0.48],[        1754,        0.61]],
[[        1191,        0.54],[        1196,        0.53],[        1568,        0.62],[        1430,        0.52],[        1756,        0.61]],
[[        1202,        0.54],[        1113,        0.49],[        1569,        0.62],[        1383,        0.51],[        1723,         0.6]],
[[        1226,        0.55],[        1178,        0.52],[        1521,         0.6],[        1394,        0.51],[        1736,         0.6]],
[[        1200,        0.54],[        1123,         0.5],[        1507,        0.59],[        1420,        0.52],[        1720,         0.6]],
[[        1145,        0.52],[        1129,         0.5],[        1503,        0.59],[        1544,        0.57],[        1629,        0.57]],
[[        1073,        0.48],[        1170,        0.52],[        1371,        0.54],[        1552,        0.57],[        1592,        0.55]],
[[        1166,        0.53],[        1185,        0.52],[        1331,        0.52],[        1454,        0.53],[        1542,        0.54]],
[[        1161,        0.52],[        1186,        0.52],[        1340,        0.53],[        1581,        0.58],[        1498,        0.52]],
[[        1125,        0.51],[        1311,        0.58],[        1265,         0.5],[        1539,        0.56],[        1323,        0.46]],
[[        1136,        0.51],[        1475,        0.65],[        1296,        0.51],[        1464,        0.54],[        1241,        0.43]],
[[        1118,         0.5],[        1028,        0.45],[        1116,        0.44],[        1474,        0.54],[        1331,        0.46]],
[[        1094,        0.49],[        1061,        0.47],[         970,        0.38],[        1463,        0.54],[        1293,        0.45]],
[[        1064,        0.48],[        1044,        0.46],[        1083,        0.43],[        1422,        0.52],[        1291,        0.45]],
[[        1074,        0.48],[        1008,        0.44],[         977,        0.38],[        1397,        0.51],[        1306,        0.45]],
[[        1120,        0.51],[         973,        0.43],[        1012,         0.4],[        1362,         0.5],[        1405,        0.49]],
[[        1109,         0.5],[         900,         0.4],[        1039,        0.41],[        1247,        0.46],[        1399,        0.49]],
[[        1039,        0.47],[         962,        0.42],[        1057,        0.42],[        1194,        0.44],[        1313,        0.46]],
[[        1000,        0.45],[         916,         0.4],[        1001,        0.39],[        1191,        0.44],[        1403,        0.49]],
[[         964,        0.43],[         922,        0.41],[        1090,        0.43],[        1109,        0.41],[        1365,        0.47]],
[[        1014,        0.46],[         878,        0.39],[        1302,        0.51],[        1122,        0.41],[        1292,        0.45]],
[[        1056,        0.48],[         902,         0.4],[         878,        0.35],[         981,        0.36],[        1293,        0.45]],
[[        1026,        0.46],[         820,        0.36],[         871,        0.34],[         864,        0.32],[        1267,        0.44]],
[[        1011,        0.46],[         815,        0.36],[         871,        0.34],[         916,        0.34],[        1226,        0.43]],
[[         973,        0.44],[         759,        0.33],[         824,        0.32],[         850,        0.31],[        1194,        0.41]],
[[        1014,        0.46],[         794,        0.35],[         789,        0.31],[         844,        0.31],[        1149,         0.4]],
[[        1084,        0.49],[         769,        0.34],[         715,        0.28],[         848,        0.31],[        1038,        0.36]],
[[        1132,        0.51],[         729,        0.32],[         709,        0.28],[         835,        0.31],[         969,        0.34]],
[[         693,        0.31],[         686,         0.3],[         659,        0.26],[         779,        0.29],[         940,        0.33]],
[[         650,        0.29],[         612,        0.27],[         673,        0.26],[         831,         0.3],[         858,         0.3]],
[[         698,        0.31],[         640,        0.28],[         566,        0.22],[         933,        0.34],[         842,        0.29]],
[[         621,        0.28],[         622,        0.27],[         613,        0.24],[         613,        0.22],[         719,        0.25]],
[[         662,         0.3],[         582,        0.26],[         502,         0.2],[         601,        0.22],[         621,        0.22]],
[[         561,        0.25],[         555,        0.24],[         474,        0.19],[         560,        0.21],[         629,        0.22]],
[[        3130,        1.41],[         477,        0.21],[         413,        0.16],[         507,        0.19],[         560,        0.19]],
[[           .,           .],[         464,         0.2],[         408,        0.16],[         458,        0.17],[         528,        0.18]],
[[           .,           .],[         492,        0.22],[         360,        0.14],[         397,        0.15],[         505,        0.18]],
[[           .,           .],[         429,        0.19],[         308,        0.12],[         355,        0.13],[         467,        0.16]],
[[           .,           .],[         305,        0.13],[         268,        0.11],[         318,        0.12],[         414,        0.14]],
[[           .,           .],[         986,        0.43],[        1205,        0.47],[        1317,        0.48],[        1917,        0.67]]]]}}
