{
"ons":{
"label":"Population Projections for England and Wales, by local authority",
"source":"Office for National Statistics",
"updated":"2014-10-01",
"area": {
"code":"K04000001",
"label":"England and Wales"
},
"time": {
"label":"1998-2038",
"index":["1998",  "2008",  "2018",  "2028",  "2038"]
},
"concept":{
"label":["population", "% of population"],
"units":["count", "%"],
"max":[        3617,         1.26]
},
"sums":{
"series1":[      139621,       146286,       162341,       173673,       183176],
"series2":[      147512,       152072,       165037,       175494,       184575]
},
"dimension":{
"label":"age",
"index":["0", "1", "2", "3", "4", "5", "6", "7", "8", "9", "10", "11", "12", "13", "14", "15", "16", "17", "18", "19", "20", "21", "22", "23", "24", "25", "26", "27", "28", "29", "30", "31", "32", "33", "34", "35", "36", "37", "38", "39", "40", "41", "42", "43", "44", "45", "46", "47", "48", "49", "50", "51", "52", "53", "54", "55", "56", "57", "58", "59", "60", "61", "62", "63", "64", "65", "66", "67", "68", "69", "70", "71", "72", "73", "74", "75", "76", "77", "78", "79", "80", "81", "82", "83", "84", "85", "86", "87", "88", "89", "90+"]
},
"series":["male", "female"],
"value":[[[[        1991,        0.69],[        2393,         0.8],[        2368,        0.72],[        2327,        0.67],[        2460,        0.67]],
[[        1990,        0.69],[        2159,        0.72],[        2453,        0.75],[        2332,        0.67],[        2442,        0.66]],
[[        1922,        0.67],[        2212,        0.74],[        2562,        0.78],[        2351,        0.67],[        2437,        0.66]],
[[        1888,        0.66],[        2106,        0.71],[        2438,        0.74],[        2360,        0.68],[        2425,        0.66]],
[[        1930,        0.67],[        2012,        0.67],[        2378,        0.73],[        2371,        0.68],[        2417,        0.66]],
[[        2129,        0.74],[        1951,        0.65],[        2738,        0.84],[        2383,        0.68],[        2411,        0.66]],
[[        2198,        0.77],[        1948,        0.65],[        2641,        0.81],[        2396,        0.69],[        2410,        0.66]],
[[        2087,        0.73],[        1849,        0.62],[        2329,        0.71],[        2411,        0.69],[        2408,        0.65]],
[[        2053,        0.71],[        1931,        0.65],[        2390,        0.73],[        2423,        0.69],[        2412,        0.66]],
[[        1993,        0.69],[        1917,        0.64],[        2398,        0.73],[        2429,         0.7],[        2415,        0.66]],
[[        2040,        0.71],[        2009,        0.67],[        2420,        0.74],[        2441,         0.7],[        2412,        0.66]],
[[        2012,         0.7],[        2006,        0.67],[        2270,        0.69],[        2414,        0.69],[        2417,        0.66]],
[[        1989,        0.69],[        1928,        0.65],[        2287,         0.7],[        2537,        0.73],[        2423,        0.66]],
[[        2007,         0.7],[        1955,        0.66],[        2171,        0.66],[        2480,        0.71],[        2426,        0.66]],
[[        1875,        0.65],[        1939,        0.65],[        2068,        0.63],[        2487,        0.71],[        2440,        0.66]],
[[        1902,        0.66],[        2125,        0.71],[        1993,        0.61],[        2713,        0.78],[        2459,        0.67]],
[[        1860,        0.65],[        2144,        0.72],[        2098,        0.64],[        2674,        0.77],[        2466,        0.67]],
[[        1793,        0.62],[        2110,        0.71],[        2048,        0.63],[        2435,         0.7],[        2476,        0.67]],
[[        1769,        0.62],[        2112,        0.71],[        2073,        0.63],[        2406,        0.69],[        2451,        0.67]],
[[        1226,        0.43],[        1951,        0.65],[        1890,        0.58],[        2267,        0.65],[        2264,        0.62]],
[[        1101,        0.38],[        1930,        0.65],[        1919,        0.59],[        2230,        0.64],[        2228,        0.61]],
[[        1107,        0.39],[        1926,        0.65],[        1993,        0.61],[        2110,         0.6],[        2220,         0.6]],
[[        1458,        0.51],[        1981,        0.66],[        2004,        0.61],[        2172,        0.62],[        2351,        0.64]],
[[        1834,        0.64],[        2096,         0.7],[        2112,        0.65],[        2141,        0.61],[        2389,        0.65]],
[[        2063,        0.72],[        2018,        0.68],[        2178,        0.67],[        2099,         0.6],[        2432,        0.66]],
[[        2249,        0.78],[        2097,         0.7],[        2303,         0.7],[        2070,        0.59],[        2612,        0.71]],
[[        2352,        0.82],[        1987,        0.67],[        2281,         0.7],[        2120,        0.61],[        2643,        0.72]],
[[        2388,        0.83],[        2009,        0.67],[        2356,        0.72],[        2135,        0.61],[        2511,        0.68]],
[[        2419,        0.84],[        2134,        0.72],[        2320,        0.71],[        2197,        0.63],[        2503,        0.68]],
[[        2453,        0.85],[        2026,        0.68],[        2322,        0.71],[        2235,        0.64],[        2503,        0.68]],
[[        2500,        0.87],[        1914,        0.64],[        2323,        0.71],[        2317,        0.66],[        2534,        0.69]],
[[        2434,        0.85],[        1811,        0.61],[        2307,         0.7],[        2403,        0.69],[        2444,        0.66]],
[[        2345,        0.82],[        1986,        0.67],[        2458,        0.75],[        2361,        0.68],[        2454,        0.67]],
[[        2323,        0.81],[        2037,        0.68],[        2461,        0.75],[        2389,        0.68],[        2367,        0.64]],
[[        2240,        0.78],[        2072,        0.69],[        2391,        0.73],[        2455,         0.7],[        2307,        0.63]],
[[        2187,        0.76],[        2176,        0.73],[        2306,         0.7],[        2465,        0.71],[        2217,         0.6]],
[[        2064,        0.72],[        2270,        0.76],[        2304,         0.7],[        2458,         0.7],[        2198,         0.6]],
[[        2082,        0.73],[        2216,        0.74],[        2334,        0.71],[        2503,        0.72],[        2199,         0.6]],
[[        1930,        0.67],[        2211,        0.74],[        2317,        0.71],[        2420,        0.69],[        2242,        0.61]],
[[        1919,        0.67],[        2241,        0.75],[        2180,        0.67],[        2352,        0.67],[        2286,        0.62]],
[[        1860,        0.65],[        2359,        0.79],[        1983,        0.61],[        2340,        0.67],[        2333,        0.63]],
[[        1804,        0.63],[        2224,        0.75],[        1965,         0.6],[        2300,        0.66],[        2394,        0.65]],
[[        1612,        0.56],[        2148,        0.72],[        1988,        0.61],[        2375,        0.68],[        2360,        0.64]],
[[        1756,        0.61],[        2120,        0.71],[        2073,        0.63],[        2365,        0.68],[        2364,        0.64]],
[[        1743,        0.61],[        2191,        0.73],[        2243,        0.69],[        2248,        0.64],[        2411,        0.66]],
[[        1619,        0.56],[        2039,        0.68],[        2222,        0.68],[        2260,        0.65],[        2416,        0.66]],
[[        1638,        0.57],[        2051,        0.69],[        2178,        0.67],[        2237,        0.64],[        2435,        0.66]],
[[        1613,        0.56],[        2033,        0.68],[        2045,        0.62],[        2241,        0.64],[        2482,        0.67]],
[[        1675,        0.58],[        1790,         0.6],[        2134,        0.65],[        2263,        0.65],[        2397,        0.65]],
[[        1779,        0.62],[        1901,        0.64],[        2228,        0.68],[        2124,        0.61],[        2344,        0.64]],
[[        1843,        0.64],[        1808,        0.61],[        2282,         0.7],[        1973,        0.57],[        2309,        0.63]],
[[        1893,        0.66],[        1817,        0.61],[        2195,        0.67],[        1941,        0.56],[        2253,        0.61]],
[[        1581,        0.55],[        1645,        0.55],[        2108,        0.64],[        1983,        0.57],[        2300,        0.63]],
[[        1601,        0.56],[        1689,        0.57],[        1986,        0.61],[        2038,        0.58],[        2292,        0.62]],
[[        1686,        0.59],[        1646,        0.55],[        2169,        0.66],[        2126,        0.61],[        2184,        0.59]],
[[        1681,        0.59],[        1537,        0.52],[        1939,        0.59],[        2124,        0.61],[        2187,        0.59]],
[[        1470,        0.51],[        1528,        0.51],[        1977,         0.6],[        2107,         0.6],[        2138,        0.58]],
[[        1456,        0.51],[        1492,         0.5],[        1987,        0.61],[        2028,        0.58],[        2135,        0.58]],
[[        1541,        0.54],[        1511,        0.51],[        1733,        0.53],[        2080,         0.6],[        2145,        0.58]],
[[        1500,        0.52],[        1623,        0.54],[        1780,        0.54],[        2114,        0.61],[        1997,        0.54]],
[[        1508,        0.53],[        1609,        0.54],[        1658,        0.51],[        2125,        0.61],[        1844,         0.5]],
[[        1493,        0.52],[        1642,        0.55],[        1653,         0.5],[        2034,        0.58],[        1795,        0.49]],
[[        1381,        0.48],[        1353,        0.45],[        1535,        0.47],[        1946,        0.56],[        1819,        0.49]],
[[        1321,        0.46],[        1343,        0.45],[        1529,        0.47],[        1865,        0.53],[        1843,         0.5]],
[[        1253,        0.44],[        1430,        0.48],[        1425,        0.44],[        1956,        0.56],[        1901,        0.52]],
[[        1251,        0.44],[        1425,        0.48],[        1364,        0.42],[        1732,         0.5],[        1891,        0.51]],
[[        1341,        0.47],[        1224,        0.41],[        1316,         0.4],[        1744,         0.5],[        1870,        0.51]],
[[        1294,        0.45],[        1153,        0.39],[        1254,        0.38],[        1711,        0.49],[        1795,        0.49]],
[[        1237,        0.43],[        1223,        0.41],[        1287,        0.39],[        1470,        0.42],[        1806,        0.49]],
[[        1179,        0.41],[        1182,         0.4],[        1364,        0.42],[        1508,        0.43],[        1806,        0.49]],
[[        1141,         0.4],[        1173,        0.39],[        1300,         0.4],[        1397,         0.4],[        1798,        0.49]],
[[        1135,         0.4],[        1107,        0.37],[        1334,        0.41],[        1346,        0.39],[        1701,        0.46]],
[[        1060,        0.37],[        1052,        0.35],[        1069,        0.33],[        1249,        0.36],[        1614,        0.44]],
[[        1058,        0.37],[         973,        0.33],[        1042,        0.32],[        1240,        0.36],[        1537,        0.42]],
[[         986,        0.34],[         918,        0.31],[        1083,        0.33],[        1146,        0.33],[        1575,        0.43]],
[[         948,        0.33],[         893,         0.3],[        1078,        0.33],[        1072,        0.31],[        1382,        0.38]],
[[         920,        0.32],[         849,        0.28],[         912,        0.28],[        1025,        0.29],[        1369,        0.37]],
[[         886,        0.31],[         861,        0.29],[         813,        0.25],[         955,        0.27],[        1310,        0.36]],
[[         895,        0.31],[         745,        0.25],[         807,        0.25],[         941,        0.27],[        1113,         0.3]],
[[         637,        0.22],[         695,        0.23],[         767,        0.23],[         948,        0.27],[        1105,         0.3]],
[[         475,        0.17],[         633,        0.21],[         795,        0.24],[         900,        0.26],[         995,        0.27]],
[[         479,        0.17],[         591,         0.2],[         659,         0.2],[         881,        0.25],[         937,        0.25]],
[[         393,        0.14],[         535,        0.18],[         599,        0.18],[         676,        0.19],[         838,        0.23]],
[[         383,        0.13],[         463,        0.16],[         552,        0.17],[         634,        0.18],[         794,        0.22]],
[[         333,        0.12],[         398,        0.13],[         470,        0.14],[         624,        0.18],[         705,        0.19]],
[[        1181,        0.41],[         369,        0.12],[         441,        0.13],[         575,        0.16],[         630,        0.17]],
[[           .,           .],[         316,        0.11],[         361,        0.11],[         453,        0.13],[         565,        0.15]],
[[           .,           .],[         270,        0.09],[         336,         0.1],[         369,        0.11],[         486,        0.13]],
[[           .,           .],[         240,        0.08],[         272,        0.08],[         337,         0.1],[         442,        0.12]],
[[           .,           .],[         167,        0.06],[         230,        0.07],[         285,        0.08],[         412,        0.11]],
[[           .,           .],[         407,        0.14],[         639,         0.2],[         989,        0.28],[        1507,        0.41]]],
[[[        1838,        0.64],[        2291,        0.77],[        2211,        0.68],[        2222,        0.64],[        2350,        0.64]],
[[        1934,        0.67],[        2144,        0.72],[        2329,        0.71],[        2235,        0.64],[        2340,        0.64]],
[[        1927,        0.67],[        2061,        0.69],[        2313,        0.71],[        2250,        0.64],[        2333,        0.63]],
[[        1927,        0.67],[        1982,        0.66],[        2372,        0.72],[        2246,        0.64],[        2308,        0.63]],
[[        1946,        0.68],[        1884,        0.63],[        2348,        0.72],[        2241,        0.64],[        2285,        0.62]],
[[        1948,        0.68],[        1881,        0.63],[        2461,        0.75],[        2267,        0.65],[        2294,        0.62]],
[[        2045,        0.71],[        1790,         0.6],[        2438,        0.74],[        2280,        0.65],[        2293,        0.62]],
[[        2033,        0.71],[        1823,        0.61],[        2274,        0.69],[        2294,        0.66],[        2292,        0.62]],
[[        1966,        0.68],[        1751,        0.59],[        2323,        0.71],[        2313,        0.66],[        2302,        0.63]],
[[        1930,        0.67],[        1830,        0.61],[        2375,        0.73],[        2318,        0.66],[        2304,        0.63]],
[[        1957,        0.68],[        1781,         0.6],[        2248,        0.69],[        2324,        0.67],[        2297,        0.62]],
[[        1997,         0.7],[        1882,        0.63],[        2242,        0.68],[        2296,        0.66],[        2299,        0.63]],
[[        1943,        0.68],[        1968,        0.66],[        2195,        0.67],[        2370,        0.68],[        2305,        0.63]],
[[        1925,        0.67],[        1941,        0.65],[        2057,        0.63],[        2361,        0.68],[        2306,        0.63]],
[[        1819,        0.63],[        1973,        0.66],[        1960,         0.6],[        2390,        0.68],[        2317,        0.63]],
[[        1841,        0.64],[        1857,        0.62],[        1979,         0.6],[        2479,        0.71],[        2326,        0.63]],
[[        1822,        0.63],[        2042,        0.68],[        1808,        0.55],[        2486,        0.71],[        2331,        0.63]],
[[        1822,        0.63],[        2087,         0.7],[        1937,        0.59],[        2335,        0.67],[        2334,        0.63]],
[[        1675,        0.58],[        1987,        0.67],[        1730,        0.53],[        2277,        0.65],[        2294,        0.62]],
[[        1396,        0.49],[        1881,        0.63],[        1649,         0.5],[        2064,        0.59],[        2017,        0.55]],
[[        1111,        0.39],[        1828,        0.61],[        1581,        0.48],[        1942,        0.56],[        1975,        0.54]],
[[        1193,        0.42],[        2020,        0.68],[        1793,        0.55],[        1937,        0.55],[        2008,        0.55]],
[[        1481,        0.52],[        2025,        0.68],[        1945,        0.59],[        2007,        0.57],[        2158,        0.59]],
[[        1825,        0.64],[        2146,        0.72],[        2005,        0.61],[        2000,        0.57],[        2233,        0.61]],
[[        1998,         0.7],[        2135,        0.72],[        2058,        0.63],[        1976,        0.57],[        2307,        0.63]],
[[        2105,        0.73],[        2209,        0.74],[        2056,        0.63],[        2017,        0.58],[        2421,        0.66]],
[[        2309,         0.8],[        2266,        0.76],[        2343,        0.72],[        1979,        0.57],[        2494,        0.68]],
[[        2449,        0.85],[        2287,        0.77],[        2372,        0.72],[        2081,         0.6],[        2440,        0.66]],
[[        2421,        0.84],[        2269,        0.76],[        2288,         0.7],[        2066,        0.59],[        2413,        0.66]],
[[        2443,        0.85],[        2089,         0.7],[        2407,        0.74],[        2174,        0.62],[        2458,        0.67]],
[[        2358,        0.82],[        1960,        0.66],[        2317,        0.71],[        2258,        0.65],[        2473,        0.67]],
[[        2410,        0.84],[        1962,        0.66],[        2645,        0.81],[        2307,        0.66],[        2427,        0.66]],
[[        2356,        0.82],[        1993,        0.67],[        2513,        0.77],[        2361,        0.68],[        2406,        0.65]],
[[        2405,        0.84],[        2029,        0.68],[        2514,        0.77],[        2346,        0.67],[        2323,        0.63]],
[[        2375,        0.83],[        1985,        0.67],[        2560,        0.78],[        2428,         0.7],[        2260,        0.61]],
[[        2220,        0.77],[        2097,         0.7],[        2549,        0.78],[        2388,        0.68],[        2205,         0.6]],
[[        2234,        0.78],[        2144,        0.72],[        2478,        0.76],[        2490,        0.71],[        2133,        0.58]],
[[        2064,        0.72],[        2282,        0.76],[        2487,        0.76],[        2487,        0.71],[        2177,        0.59]],
[[        1937,        0.67],[        2341,        0.78],[        2295,         0.7],[        2375,        0.68],[        2170,        0.59]],
[[        1876,        0.65],[        2246,        0.75],[        2110,        0.64],[        2416,        0.69],[        2239,        0.61]],
[[        1838,        0.64],[        2231,        0.75],[        2002,        0.61],[        2349,        0.67],[        2279,        0.62]],
[[        1753,        0.61],[        2286,        0.77],[        1900,        0.58],[        2517,        0.72],[        2298,        0.62]],
[[        1690,        0.59],[        2289,        0.77],[        2034,        0.62],[        2418,        0.69],[        2322,        0.63]],
[[        1681,        0.59],[        2308,        0.77],[        2014,        0.62],[        2386,        0.68],[        2283,        0.62]],
[[        1637,        0.57],[        2273,        0.76],[        1969,         0.6],[        2393,        0.69],[        2352,        0.64]],
[[        1660,        0.58],[        2077,         0.7],[        2086,        0.64],[        2381,        0.68],[        2324,        0.63]],
[[        1618,        0.56],[        2115,        0.71],[        2118,        0.65],[        2364,        0.68],[        2422,        0.66]],
[[        1662,        0.58],[        1987,        0.67],[        2234,        0.68],[        2393,        0.69],[        2446,        0.67]],
[[        1658,        0.58],[        1812,        0.61],[        2332,        0.71],[        2274,        0.65],[        2356,        0.64]],
[[        1763,        0.61],[        1783,         0.6],[        2269,        0.69],[        2151,        0.62],[        2379,        0.65]],
[[        1717,         0.6],[        1712,        0.57],[        2238,        0.68],[        1990,        0.57],[        2320,        0.63]],
[[        1824,        0.64],[        1696,        0.57],[        2252,        0.69],[        1923,        0.55],[        2445,        0.66]],
[[        1538,        0.54],[        1625,        0.54],[        2259,        0.69],[        1996,        0.57],[        2355,        0.64]],
[[        1631,        0.57],[        1649,        0.55],[        2314,        0.71],[        1960,        0.56],[        2335,        0.63]],
[[        1681,        0.59],[        1526,        0.51],[        2251,        0.69],[        1994,        0.57],[        2328,        0.63]],
[[        1654,        0.58],[        1610,        0.54],[        2026,        0.62],[        2051,        0.59],[        2312,        0.63]],
[[        1511,        0.53],[        1541,        0.52],[        2033,        0.62],[        2062,        0.59],[        2281,        0.62]],
[[        1439,         0.5],[        1481,         0.5],[        1875,        0.57],[        2221,        0.64],[        2287,        0.62]],
[[        1482,        0.52],[        1589,        0.53],[        1746,        0.53],[        2249,        0.64],[        2190,         0.6]],
[[        1448,         0.5],[        1601,        0.54],[        1718,        0.52],[        2199,        0.63],[        2061,        0.56]],
[[        1447,         0.5],[        1547,        0.52],[        1619,        0.49],[        2130,        0.61],[        1894,        0.52]],
[[        1477,        0.51],[        1618,        0.54],[        1619,        0.49],[        2131,        0.61],[        1830,         0.5]],
[[        1510,        0.53],[        1349,        0.45],[        1488,        0.45],[        2114,        0.61],[        1888,        0.51]],
[[        1517,        0.53],[        1448,        0.49],[        1533,        0.47],[        2145,        0.61],[        1836,         0.5]],
[[        1402,        0.49],[        1517,        0.51],[        1429,        0.44],[        2061,        0.59],[        1850,         0.5]],
[[        1399,        0.49],[        1446,        0.48],[        1476,        0.45],[        1887,        0.54],[        1896,        0.52]],
[[        1436,         0.5],[        1374,        0.46],[        1369,        0.42],[        1863,        0.53],[        1901,        0.52]],
[[        1479,        0.52],[        1239,        0.42],[        1309,         0.4],[        1717,        0.49],[        2026,        0.55]],
[[        1500,        0.52],[        1265,        0.42],[        1401,        0.43],[        1603,        0.46],[        2025,        0.55]],
[[        1408,        0.49],[        1289,        0.43],[        1376,        0.42],[        1557,        0.45],[        1963,        0.53]],
[[        1371,        0.48],[        1262,        0.42],[        1370,        0.42],[        1463,        0.42],[        1895,        0.52]],
[[        1385,        0.48],[        1237,        0.41],[        1394,        0.43],[        1419,        0.41],[        1876,        0.51]],
[[        1336,        0.47],[        1244,        0.42],[        1170,        0.36],[        1314,        0.38],[        1846,         0.5]],
[[        1421,        0.49],[        1229,        0.41],[        1221,        0.37],[        1326,        0.38],[        1869,        0.51]],
[[        1281,        0.45],[        1072,        0.36],[        1278,        0.39],[        1224,        0.35],[        1782,        0.48]],
[[        1270,        0.44],[        1075,        0.36],[        1226,        0.37],[        1249,        0.36],[        1620,        0.44]],
[[        1336,        0.47],[        1097,        0.37],[        1141,        0.35],[        1163,        0.33],[        1592,        0.43]],
[[        1453,        0.51],[        1094,        0.37],[         968,         0.3],[        1100,        0.32],[        1446,        0.39]],
[[        1405,        0.49],[        1060,        0.36],[        1021,        0.31],[        1141,        0.33],[        1331,        0.36]],
[[         976,        0.34],[         982,        0.33],[         979,         0.3],[        1106,        0.32],[        1269,        0.35]],
[[         818,        0.28],[         919,        0.31],[         948,        0.29],[        1062,         0.3],[        1170,        0.32]],
[[         881,        0.31],[         881,         0.3],[         898,        0.27],[        1063,         0.3],[        1102,         0.3]],
[[         733,        0.26],[         821,        0.28],[         849,        0.26],[         850,        0.24],[        1000,        0.27]],
[[         805,        0.28],[         820,        0.27],[         796,        0.24],[         871,        0.25],[         963,        0.26]],
[[         703,        0.24],[         705,        0.24],[         612,        0.19],[         851,        0.24],[         860,        0.23]],
[[        3617,        1.26],[         604,         0.2],[         604,        0.18],[         763,        0.22],[         833,        0.23]],
[[           .,           .],[         666,        0.22],[         622,        0.19],[         675,        0.19],[         733,         0.2]],
[[           .,           .],[         635,        0.21],[         579,        0.18],[         530,        0.15],[         650,        0.18]],
[[           .,           .],[         590,         0.2],[         470,        0.14],[         512,        0.15],[         627,        0.17]],
[[           .,           .],[         420,        0.14],[         387,        0.12],[         451,        0.13],[         554,        0.15]],
[[           .,           .],[        1227,        0.41],[        1650,         0.5],[        1795,        0.51],[        2432,        0.66]]]]}}
