{
"ons":{
"label":"Population Projections for England and Wales, by local authority",
"source":"Office for National Statistics",
"updated":"2014-10-01",
"area": {
"code":"K04000001",
"label":"England and Wales"
},
"time": {
"label":"1998-2038",
"index":["1998",  "2008",  "2018",  "2028",  "2038"]
},
"concept":{
"label":["population", "% of population"],
"units":["count", "%"],
"max":[        1494,         1.93]
},
"sums":{
"series1":[       30062,        31827,        33846,        36051,        37483],
"series2":[       31441,        33616,        36197,        38568,        39964]
},
"dimension":{
"label":"age",
"index":["0", "1", "2", "3", "4", "5", "6", "7", "8", "9", "10", "11", "12", "13", "14", "15", "16", "17", "18", "19", "20", "21", "22", "23", "24", "25", "26", "27", "28", "29", "30", "31", "32", "33", "34", "35", "36", "37", "38", "39", "40", "41", "42", "43", "44", "45", "46", "47", "48", "49", "50", "51", "52", "53", "54", "55", "56", "57", "58", "59", "60", "61", "62", "63", "64", "65", "66", "67", "68", "69", "70", "71", "72", "73", "74", "75", "76", "77", "78", "79", "80", "81", "82", "83", "84", "85", "86", "87", "88", "89", "90+"]
},
"series":["male", "female"],
"value":[[[[         335,        0.54],[         385,        0.59],[         362,        0.52],[         382,        0.51],[         384,         0.5]],
[[         346,        0.56],[         369,        0.56],[         331,        0.47],[         401,        0.54],[         397,        0.51]],
[[         387,        0.63],[         351,        0.54],[         437,        0.62],[         416,        0.56],[         407,        0.53]],
[[         385,        0.63],[         404,        0.62],[         381,        0.54],[         432,        0.58],[         419,        0.54]],
[[         399,        0.65],[         392,         0.6],[         395,        0.56],[         448,         0.6],[         433,        0.56]],
[[         404,        0.66],[         368,        0.56],[         458,        0.65],[         457,        0.61],[         440,        0.57]],
[[         419,        0.68],[         412,        0.63],[         489,         0.7],[         461,        0.62],[         442,        0.57]],
[[         387,        0.63],[         392,         0.6],[         464,        0.66],[         471,        0.63],[         449,        0.58]],
[[         418,        0.68],[         414,        0.63],[         508,        0.73],[         475,        0.64],[         454,        0.59]],
[[         468,        0.76],[         421,        0.64],[         463,        0.66],[         477,        0.64],[         457,        0.59]],
[[         429,         0.7],[         432,        0.66],[         511,        0.73],[         487,        0.65],[         465,         0.6]],
[[         499,        0.81],[         404,        0.62],[         446,        0.64],[         486,        0.65],[         471,        0.61]],
[[         481,        0.78],[         467,        0.71],[         429,        0.61],[         517,        0.69],[         476,        0.61]],
[[         450,        0.73],[         394,         0.6],[         429,        0.61],[         473,        0.63],[         475,        0.61]],
[[         389,        0.63],[         421,        0.64],[         343,        0.49],[         454,        0.61],[         445,        0.57]],
[[         315,        0.51],[         411,        0.63],[         400,        0.57],[         480,        0.64],[         454,        0.59]],
[[         333,        0.54],[         456,         0.7],[         401,        0.57],[         496,        0.66],[         459,        0.59]],
[[         346,        0.56],[         430,        0.66],[         389,        0.56],[         476,        0.64],[         459,        0.59]],
[[         296,        0.48],[         436,        0.67],[         366,        0.52],[         465,        0.62],[         446,        0.58]],
[[         247,         0.4],[         328,         0.5],[         282,         0.4],[         261,        0.35],[         260,        0.34]],
[[         189,        0.31],[         276,        0.42],[         265,        0.38],[         228,        0.31],[         224,        0.29]],
[[         144,        0.23],[         249,        0.38],[         251,        0.36],[         225,         0.3],[         239,        0.31]],
[[         230,        0.37],[         271,        0.41],[         351,         0.5],[         260,        0.35],[         293,        0.38]],
[[         230,        0.37],[         338,        0.52],[         346,        0.49],[         290,        0.39],[         327,        0.42]],
[[         210,        0.34],[         325,         0.5],[         357,        0.51],[         288,        0.39],[         347,        0.45]],
[[         260,        0.42],[         292,        0.45],[         316,        0.45],[         292,        0.39],[         357,        0.46]],
[[         302,        0.49],[         347,        0.53],[         398,        0.57],[         286,        0.38],[         369,        0.48]],
[[         356,        0.58],[         351,        0.54],[         279,         0.4],[         281,        0.38],[         351,        0.45]],
[[         381,        0.62],[         356,        0.54],[         334,        0.48],[         296,         0.4],[         352,        0.45]],
[[         402,        0.65],[         349,        0.53],[         322,        0.46],[         304,        0.41],[         343,        0.44]],
[[         387,        0.63],[         308,        0.47],[         342,        0.49],[         314,        0.42],[         348,        0.45]],
[[         394,        0.64],[         316,        0.48],[         320,        0.46],[         324,        0.43],[         335,        0.43]],
[[         478,        0.78],[         336,        0.51],[         354,        0.51],[         342,        0.46],[         328,        0.42]],
[[         426,        0.69],[         321,        0.49],[         388,        0.55],[         325,        0.44],[         316,        0.41]],
[[         419,        0.68],[         320,        0.49],[         383,        0.55],[         350,        0.47],[         312,         0.4]],
[[         446,        0.73],[         342,        0.52],[         347,         0.5],[         350,        0.47],[         321,        0.41]],
[[         461,        0.75],[         409,        0.62],[         382,        0.55],[         388,        0.52],[         323,        0.42]],
[[         446,        0.73],[         448,        0.68],[         396,        0.57],[         381,        0.51],[         340,        0.44]],
[[         445,        0.72],[         463,        0.71],[         420,         0.6],[         413,        0.55],[         358,        0.46]],
[[         527,        0.86],[         477,        0.73],[         488,         0.7],[         418,        0.56],[         374,        0.48]],
[[         482,        0.78],[         501,        0.77],[         371,        0.53],[         428,        0.57],[         388,         0.5]],
[[         484,        0.79],[         523,         0.8],[         451,        0.64],[         425,        0.57],[         407,        0.53]],
[[         454,        0.74],[         524,         0.8],[         386,        0.55],[         448,         0.6],[         425,        0.55]],
[[         459,        0.75],[         536,        0.82],[         389,        0.56],[         479,        0.64],[         431,        0.56]],
[[         441,        0.72],[         519,        0.79],[         379,        0.54],[         476,        0.64],[         463,         0.6]],
[[         453,        0.74],[         521,         0.8],[         483,        0.69],[         482,        0.65],[         463,         0.6]],
[[         430,         0.7],[         502,        0.77],[         504,        0.72],[         506,        0.68],[         490,        0.63]],
[[         409,        0.67],[         500,        0.76],[         537,        0.77],[         514,        0.69],[         496,        0.64]],
[[         428,         0.7],[         512,        0.78],[         540,        0.77],[         532,        0.71],[         517,        0.67]],
[[         490,         0.8],[         519,        0.79],[         529,        0.76],[         544,        0.73],[         522,        0.67]],
[[         496,        0.81],[         508,        0.78],[         543,        0.78],[         501,        0.67],[         529,        0.68]],
[[         547,        0.89],[         514,        0.79],[         561,         0.8],[         519,         0.7],[         522,        0.67]],
[[         465,        0.76],[         454,        0.69],[         544,        0.78],[         492,        0.66],[         537,        0.69]],
[[         476,        0.77],[         464,        0.71],[         576,        0.82],[         481,        0.64],[         545,         0.7]],
[[         477,        0.78],[         432,        0.66],[         494,        0.71],[         480,        0.64],[         532,        0.69]],
[[         439,        0.71],[         437,        0.67],[         522,        0.75],[         530,        0.71],[         536,        0.69]],
[[         374,        0.61],[         397,        0.61],[         523,        0.75],[         533,        0.71],[         544,         0.7]],
[[         362,        0.59],[         407,        0.62],[         501,        0.72],[         545,        0.73],[         551,        0.71]],
[[         401,        0.65],[         399,        0.61],[         488,         0.7],[         546,        0.73],[         558,        0.72]],
[[         393,        0.64],[         411,        0.63],[         487,         0.7],[         538,        0.72],[         556,        0.72]],
[[         390,        0.63],[         460,         0.7],[         474,        0.68],[         539,        0.72],[         513,        0.66]],
[[         376,        0.61],[         454,        0.69],[         489,         0.7],[         539,        0.72],[         514,        0.66]],
[[         400,        0.65],[         378,        0.58],[         427,        0.61],[         519,         0.7],[         493,        0.64]],
[[         346,        0.56],[         359,        0.55],[         449,        0.64],[         536,        0.72],[         474,        0.61]],
[[         313,        0.51],[         384,        0.59],[         405,        0.58],[         482,        0.65],[         469,        0.61]],
[[         342,        0.56],[         325,         0.5],[         383,        0.55],[         477,        0.64],[         493,        0.64]],
[[         296,        0.48],[         287,        0.44],[         341,        0.49],[         468,        0.63],[         487,        0.63]],
[[         301,        0.49],[         301,        0.46],[         344,        0.49],[         443,        0.59],[         488,        0.63]],
[[         319,        0.52],[         317,        0.48],[         337,        0.48],[         426,        0.57],[         479,        0.62]],
[[         274,        0.45],[         299,        0.46],[         348,         0.5],[         411,        0.55],[         461,         0.6]],
[[         256,        0.42],[         296,        0.45],[         397,        0.57],[         397,        0.53],[         460,        0.59]],
[[         252,        0.41],[         254,        0.39],[         386,        0.55],[         393,        0.53],[         454,        0.59]],
[[         254,        0.41],[         297,        0.45],[         300,        0.43],[         351,        0.47],[         435,        0.56]],
[[         213,        0.35],[         255,        0.39],[         291,        0.42],[         367,        0.49],[         451,        0.58]],
[[         219,        0.36],[         233,        0.36],[         293,        0.42],[         326,        0.44],[         408,        0.53]],
[[         179,        0.29],[         236,        0.36],[         256,        0.37],[         323,        0.43],[         405,        0.52]],
[[         197,        0.32],[         209,        0.32],[         233,        0.33],[         283,        0.38],[         397,        0.51]],
[[         194,        0.32],[         214,        0.33],[         233,        0.33],[         288,        0.39],[         374,        0.48]],
[[         187,         0.3],[         221,        0.34],[         256,        0.37],[         278,        0.37],[         351,        0.45]],
[[         111,        0.18],[         180,        0.28],[         235,        0.34],[         288,        0.39],[         339,        0.44]],
[[         106,        0.17],[         195,         0.3],[         226,        0.32],[         310,        0.42],[         325,        0.42]],
[[          86,        0.14],[         157,        0.24],[         198,        0.28],[         304,        0.41],[         319,        0.41]],
[[         127,        0.21],[         141,        0.22],[         226,        0.32],[         236,        0.32],[         284,        0.37]],
[[         129,        0.21],[         138,        0.21],[         166,        0.24],[         229,        0.31],[         288,        0.37]],
[[         113,        0.18],[         112,        0.17],[         161,        0.23],[         218,        0.29],[         254,        0.33]],
[[         256,        0.42],[         113,        0.17],[         151,        0.22],[         187,        0.25],[         237,        0.31]],
[[           .,           .],[         100,        0.15],[         133,        0.19],[         160,        0.21],[         210,        0.27]],
[[           .,           .],[          85,        0.13],[         117,        0.17],[         149,         0.2],[         202,        0.26]],
[[           .,           .],[          60,        0.09],[         103,        0.15],[         150,         0.2],[         190,        0.25]],
[[           .,           .],[          53,        0.08],[          69,         0.1],[         123,        0.16],[         180,        0.23]],
[[           .,           .],[         153,        0.23],[         288,        0.41],[         483,        0.65],[         791,        1.02]]],
[[[         310,         0.5],[         352,        0.54],[         358,        0.51],[         363,        0.49],[         364,        0.47]],
[[         370,         0.6],[         379,        0.58],[         372,        0.53],[         378,        0.51],[         375,        0.48]],
[[         325,        0.53],[         356,        0.54],[         383,        0.55],[         391,        0.52],[         383,        0.49]],
[[         361,        0.59],[         356,        0.54],[         422,         0.6],[         404,        0.54],[         393,        0.51]],
[[         412,        0.67],[         398,        0.61],[         403,        0.58],[         413,        0.55],[         399,        0.52]],
[[         373,        0.61],[         358,        0.55],[         428,        0.61],[         426,        0.57],[         410,        0.53]],
[[         418,        0.68],[         387,        0.59],[         425,        0.61],[         439,        0.59],[         421,        0.54]],
[[         429,         0.7],[         351,        0.54],[         450,        0.64],[         448,         0.6],[         427,        0.55]],
[[         369,         0.6],[         396,        0.61],[         461,        0.66],[         458,        0.61],[         438,        0.57]],
[[         400,        0.65],[         388,        0.59],[         434,        0.62],[         462,        0.62],[         442,        0.57]],
[[         364,        0.59],[         385,        0.59],[         437,        0.62],[         471,        0.63],[         450,        0.58]],
[[         377,        0.61],[         429,        0.66],[         493,         0.7],[         467,        0.63],[         452,        0.58]],
[[         382,        0.62],[         398,        0.61],[         435,        0.62],[         476,        0.64],[         454,        0.59]],
[[         359,        0.58],[         403,        0.62],[         421,         0.6],[         498,        0.67],[         461,         0.6]],
[[         350,        0.57],[         452,        0.69],[         421,         0.6],[         477,        0.64],[         462,         0.6]],
[[         323,        0.53],[         443,        0.68],[         340,        0.49],[         497,        0.67],[         465,         0.6]],
[[         336,        0.55],[         464,        0.71],[         421,         0.6],[         500,        0.67],[         476,        0.61]],
[[         346,        0.56],[         470,        0.72],[         391,        0.56],[         511,        0.68],[         489,        0.63]],
[[         300,        0.49],[         402,        0.61],[         411,        0.59],[         469,        0.63],[         462,         0.6]],
[[         191,        0.31],[         278,        0.42],[         217,        0.31],[         191,        0.26],[         195,        0.25]],
[[         177,        0.29],[         217,        0.33],[         221,        0.32],[         178,        0.24],[         181,        0.23]],
[[         145,        0.24],[         236,        0.36],[         238,        0.34],[         234,        0.31],[         237,        0.31]],
[[         166,        0.27],[         286,        0.44],[         338,        0.48],[         296,         0.4],[         322,        0.42]],
[[         260,        0.42],[         325,         0.5],[         329,        0.47],[         332,        0.44],[         377,        0.49]],
[[         248,         0.4],[         317,        0.48],[         363,        0.52],[         324,        0.43],[         373,        0.48]],
[[         307,         0.5],[         319,        0.49],[         376,        0.54],[         317,        0.42],[         395,        0.51]],
[[         379,        0.62],[         338,        0.52],[         338,        0.48],[         313,        0.42],[         398,        0.51]],
[[         333,        0.54],[         297,        0.45],[         332,        0.47],[         314,        0.42],[         384,         0.5]],
[[         413,        0.67],[         303,        0.46],[         347,         0.5],[         319,        0.43],[         375,        0.48]],
[[         405,        0.66],[         307,        0.47],[         352,         0.5],[         328,        0.44],[         373,        0.48]],
[[         404,        0.66],[         346,        0.53],[         351,         0.5],[         339,        0.45],[         379,        0.49]],
[[         449,        0.73],[         332,        0.51],[         376,        0.54],[         368,        0.49],[         380,        0.49]],
[[         455,        0.74],[         368,        0.56],[         393,        0.56],[         372,         0.5],[         372,        0.48]],
[[         456,        0.74],[         374,        0.57],[         416,        0.59],[         372,         0.5],[         363,        0.47]],
[[         472,        0.77],[         372,        0.57],[         452,        0.65],[         396,        0.53],[         361,        0.47]],
[[         457,        0.74],[         427,        0.65],[         444,        0.63],[         418,        0.56],[         365,        0.47]],
[[         496,        0.81],[         468,        0.72],[         445,        0.64],[         419,        0.56],[         365,        0.47]],
[[         499,        0.81],[         478,        0.73],[         464,        0.66],[         439,        0.59],[         378,        0.49]],
[[         523,        0.85],[         536,        0.82],[         506,        0.72],[         444,         0.6],[         395,        0.51]],
[[         469,        0.76],[         518,        0.79],[         452,        0.65],[         454,        0.61],[         405,        0.52]],
[[         468,        0.76],[         505,        0.77],[         432,        0.62],[         463,        0.62],[         413,        0.53]],
[[         461,        0.75],[         583,        0.89],[         438,        0.63],[         490,        0.66],[         437,        0.56]],
[[         442,        0.72],[         519,        0.79],[         426,        0.61],[         501,        0.67],[         443,        0.57]],
[[         443,        0.72],[         561,        0.86],[         440,        0.63],[         504,        0.68],[         451,        0.58]],
[[         441,        0.72],[         544,        0.83],[         466,        0.67],[         508,        0.68],[         478,        0.62]],
[[         423,        0.69],[         561,        0.86],[         480,        0.69],[         551,        0.74],[         489,        0.63]],
[[         431,         0.7],[         562,        0.86],[         505,        0.72],[         535,        0.72],[         495,        0.64]],
[[         423,        0.69],[         555,        0.85],[         543,        0.78],[         556,        0.75],[         517,        0.67]],
[[         434,        0.71],[         536,        0.82],[         541,        0.77],[         566,        0.76],[         512,        0.66]],
[[         484,        0.79],[         485,        0.74],[         592,        0.85],[         532,        0.71],[         515,        0.66]],
[[         562,        0.91],[         472,        0.72],[         542,        0.77],[         515,        0.69],[         528,        0.68]],
[[         586,        0.95],[         451,        0.69],[         601,        0.86],[         505,        0.68],[         537,        0.69]],
[[         489,         0.8],[         430,        0.66],[         507,        0.72],[         493,        0.66],[         546,         0.7]],
[[         473,        0.77],[         424,        0.65],[         550,        0.79],[         494,        0.66],[         546,         0.7]],
[[         507,        0.82],[         428,        0.65],[         554,        0.79],[         498,        0.67],[         545,         0.7]],
[[         461,        0.75],[         410,        0.63],[         562,         0.8],[         515,        0.69],[         569,        0.73]],
[[         384,        0.62],[         388,        0.59],[         550,        0.79],[         528,        0.71],[         550,        0.71]],
[[         375,        0.61],[         400,        0.61],[         566,        0.81],[         536,        0.72],[         560,        0.72]],
[[         394,        0.64],[         418,        0.64],[         497,        0.71],[         528,        0.71],[         557,        0.72]],
[[         394,        0.64],[         415,        0.63],[         473,        0.68],[         544,        0.73],[         531,        0.69]],
[[         399,        0.65],[         478,        0.73],[         406,        0.58],[         528,        0.71],[         508,        0.66]],
[[         369,         0.6],[         512,        0.78],[         393,        0.56],[         552,        0.74],[         490,        0.63]],
[[         339,        0.55],[         424,        0.65],[         422,         0.6],[         499,        0.67],[         475,        0.61]],
[[         353,        0.57],[         384,        0.59],[         409,        0.58],[         506,        0.68],[         466,         0.6]],
[[         332,        0.54],[         387,        0.59],[         358,        0.51],[         495,        0.66],[         459,        0.59]],
[[         325,        0.53],[         387,        0.59],[         393,        0.56],[         508,        0.68],[         476,        0.61]],
[[         321,        0.52],[         308,        0.47],[         333,        0.48],[         479,        0.64],[         485,        0.63]],
[[         326,        0.53],[         318,        0.49],[         382,        0.55],[         488,        0.65],[         491,        0.63]],
[[         333,        0.54],[         348,        0.53],[         401,        0.57],[         445,         0.6],[         485,        0.63]],
[[         310,         0.5],[         335,        0.51],[         384,        0.55],[         432,        0.58],[         495,        0.64]],
[[         296,        0.48],[         339,        0.52],[         402,        0.57],[         399,        0.53],[         488,        0.63]],
[[         250,        0.41],[         322,        0.49],[         466,        0.67],[         376,         0.5],[         504,        0.65]],
[[         262,        0.43],[         277,        0.42],[         381,        0.54],[         375,         0.5],[         471,        0.61]],
[[         228,        0.37],[         311,        0.48],[         332,        0.47],[         373,         0.5],[         478,        0.62]],
[[         286,        0.47],[         289,        0.44],[         344,        0.49],[         351,        0.47],[         469,        0.61]],
[[         264,        0.43],[         273,        0.42],[         349,         0.5],[         369,        0.49],[         476,        0.61]],
[[         270,        0.44],[         280,        0.43],[         270,        0.39],[         328,        0.44],[         451,        0.58]],
[[         273,        0.44],[         269,        0.41],[         283,         0.4],[         356,        0.48],[         457,        0.59]],
[[         264,        0.43],[         281,        0.43],[         315,        0.45],[         362,        0.49],[         417,        0.54]],
[[         178,        0.29],[         273,        0.42],[         320,        0.46],[         342,        0.46],[         404,        0.52]],
[[         159,        0.26],[         247,        0.38],[         314,        0.45],[         376,         0.5],[         377,        0.49]],
[[         181,        0.29],[         216,        0.33],[         276,        0.39],[         417,        0.56],[         355,        0.46]],
[[         215,        0.35],[         200,        0.31],[         241,        0.34],[         341,        0.46],[         350,        0.45]],
[[         156,        0.25],[         154,        0.24],[         239,        0.34],[         310,        0.42],[         344,        0.44]],
[[         196,        0.32],[         191,        0.29],[         243,        0.35],[         298,         0.4],[         320,        0.41]],
[[         873,        1.42],[         193,        0.29],[         213,         0.3],[         300,         0.4],[         323,        0.42]],
[[           .,           .],[         166,        0.25],[         185,        0.26],[         234,        0.31],[         291,        0.38]],
[[           .,           .],[         161,        0.25],[         196,        0.28],[         220,        0.29],[         292,        0.38]],
[[           .,           .],[         120,        0.18],[         198,        0.28],[         227,         0.3],[         290,        0.37]],
[[           .,           .],[         105,        0.16],[         159,        0.23],[         214,        0.29],[         270,        0.35]],
[[           .,           .],[         412,        0.63],[         669,        0.96],[         991,        1.33],[        1494,        1.93]]]]}}
