{
"ons":{
"label":"Population Projections for England and Wales, by local authority",
"source":"Office for National Statistics",
"updated":"2014-10-01",
"area": {
"code":"K04000001",
"label":"England and Wales"
},
"time": {
"label":"1998-2038",
"index":["1998",  "2008",  "2018",  "2028",  "2038"]
},
"concept":{
"label":["population", "% of population"],
"units":["count", "%"],
"max":[        2253,         1.31]
},
"sums":{
"series1":[       63485,        71321,        77894,        83394,        86289],
"series2":[       64904,        72270,        79625,        84227,        86162]
},
"dimension":{
"label":"age",
"index":["0", "1", "2", "3", "4", "5", "6", "7", "8", "9", "10", "11", "12", "13", "14", "15", "16", "17", "18", "19", "20", "21", "22", "23", "24", "25", "26", "27", "28", "29", "30", "31", "32", "33", "34", "35", "36", "37", "38", "39", "40", "41", "42", "43", "44", "45", "46", "47", "48", "49", "50", "51", "52", "53", "54", "55", "56", "57", "58", "59", "60", "61", "62", "63", "64", "65", "66", "67", "68", "69", "70", "71", "72", "73", "74", "75", "76", "77", "78", "79", "80", "81", "82", "83", "84", "85", "86", "87", "88", "89", "90+"]
},
"series":["male", "female"],
"value":[[[[         721,        0.56],[         987,        0.69],[         864,        0.55],[         872,        0.52],[         870,         0.5]],
[[         732,        0.57],[         933,        0.65],[         899,        0.57],[         893,        0.53],[         880,        0.51]],
[[         793,        0.62],[         877,        0.61],[         964,        0.61],[         914,        0.55],[         891,        0.52]],
[[         782,        0.61],[         902,        0.63],[         971,        0.62],[         934,        0.56],[         903,        0.52]],
[[         840,        0.65],[         859,         0.6],[         986,        0.63],[         948,        0.57],[         912,        0.53]],
[[         861,        0.67],[         910,        0.63],[        1015,        0.64],[         974,        0.58],[         934,        0.54]],
[[         857,        0.67],[         919,        0.64],[        1043,        0.66],[        1000,         0.6],[         958,        0.56]],
[[         872,        0.68],[         853,        0.59],[        1094,        0.69],[        1019,        0.61],[         971,        0.56]],
[[         890,        0.69],[         826,        0.58],[        1092,        0.69],[        1039,        0.62],[         991,        0.57]],
[[         870,        0.68],[         914,        0.64],[        1119,        0.71],[        1063,        0.63],[        1014,        0.59]],
[[         862,        0.67],[         921,        0.64],[        1134,        0.72],[        1076,        0.64],[        1027,         0.6]],
[[         839,        0.65],[         936,        0.65],[        1050,        0.67],[        1070,        0.64],[        1037,         0.6]],
[[         852,        0.66],[         917,        0.64],[        1046,        0.66],[        1096,        0.65],[        1039,         0.6]],
[[         881,        0.69],[         925,        0.64],[        1029,        0.65],[        1075,        0.64],[        1050,        0.61]],
[[         782,        0.61],[         900,        0.63],[         980,        0.62],[        1087,        0.65],[        1055,        0.61]],
[[         835,        0.65],[         917,        0.64],[         967,        0.61],[        1134,        0.68],[        1067,        0.62]],
[[         819,        0.64],[         943,        0.66],[         975,        0.62],[        1158,        0.69],[        1080,        0.63]],
[[        1011,        0.79],[        1100,        0.77],[         947,         0.6],[        1159,        0.69],[        1076,        0.62]],
[[         785,        0.61],[        1007,         0.7],[         865,        0.55],[        1104,        0.66],[        1045,        0.61]],
[[         796,        0.62],[         871,        0.61],[         654,        0.42],[         770,        0.46],[         750,        0.43]],
[[         558,        0.43],[         713,         0.5],[         559,        0.35],[         603,        0.36],[         586,        0.34]],
[[         512,         0.4],[         646,        0.45],[         651,        0.41],[         589,        0.35],[         605,        0.35]],
[[         448,        0.35],[         693,        0.48],[         654,        0.42],[         644,        0.38],[         698,         0.4]],
[[         806,        0.63],[         725,         0.5],[         681,        0.43],[         697,        0.42],[         772,        0.45]],
[[         795,        0.62],[         685,        0.48],[         754,        0.48],[         704,        0.42],[         806,        0.47]],
[[         856,        0.67],[         741,        0.52],[         697,        0.44],[         719,        0.43],[         865,         0.5]],
[[         930,        0.72],[         746,        0.52],[         630,         0.4],[         734,        0.44],[         912,        0.53]],
[[         843,        0.66],[         841,        0.59],[         802,        0.51],[         745,        0.44],[         910,        0.53]],
[[         931,        0.73],[         840,        0.58],[         762,        0.48],[         772,        0.46],[         911,        0.53]],
[[         917,        0.71],[         840,        0.58],[         841,        0.53],[         793,        0.47],[         885,        0.51]],
[[        1021,         0.8],[         830,        0.58],[         850,        0.54],[         833,         0.5],[         923,        0.54]],
[[         911,        0.71],[         875,        0.61],[         920,        0.58],[         893,        0.53],[         927,        0.54]],
[[         842,        0.66],[         884,        0.62],[         901,        0.57],[         924,        0.55],[         932,        0.54]],
[[         988,        0.77],[         977,        0.68],[         878,        0.56],[         941,        0.56],[         913,        0.53]],
[[        1013,        0.79],[         968,        0.67],[         904,        0.57],[        1015,        0.61],[         920,        0.53]],
[[        1012,        0.79],[        1002,         0.7],[         960,        0.61],[        1027,        0.61],[         929,        0.54]],
[[         984,        0.77],[        1112,        0.77],[        1004,        0.64],[        1053,        0.63],[         931,        0.54]],
[[        1025,         0.8],[        1108,        0.77],[        1080,        0.69],[        1123,        0.67],[         966,        0.56]],
[[         921,        0.72],[        1092,        0.76],[        1059,        0.67],[        1125,        0.67],[        1016,        0.59]],
[[        1020,        0.79],[        1101,        0.77],[        1098,         0.7],[        1135,        0.68],[        1057,        0.61]],
[[        1006,        0.78],[        1173,        0.82],[        1134,        0.72],[        1179,         0.7],[        1087,        0.63]],
[[         975,        0.76],[        1145,         0.8],[        1080,        0.69],[        1139,        0.68],[        1126,        0.65]],
[[         991,        0.77],[        1135,        0.79],[        1141,        0.72],[        1157,        0.69],[        1138,        0.66]],
[[         910,        0.71],[        1200,        0.84],[        1196,        0.76],[        1136,        0.68],[        1147,        0.67]],
[[         934,        0.73],[        1219,        0.85],[        1122,        0.71],[        1130,        0.67],[        1205,         0.7]],
[[         935,        0.73],[        1102,        0.77],[        1209,        0.77],[        1126,        0.67],[        1170,        0.68]],
[[        1001,        0.78],[        1120,        0.78],[        1304,        0.83],[        1159,        0.69],[        1178,        0.68]],
[[         913,        0.71],[        1122,        0.78],[        1198,        0.76],[        1208,        0.72],[        1222,        0.71]],
[[         978,        0.76],[        1049,        0.73],[        1103,         0.7],[        1191,        0.71],[        1198,        0.69]],
[[        1035,        0.81],[        1023,        0.71],[        1122,        0.71],[        1172,         0.7],[        1191,        0.69]],
[[        1116,        0.87],[        1047,        0.73],[        1210,        0.77],[        1108,        0.66],[        1205,         0.7]],
[[        1175,        0.92],[         980,        0.68],[        1257,         0.8],[        1101,        0.66],[        1161,        0.67]],
[[         938,        0.73],[         957,        0.67],[        1171,        0.74],[        1086,        0.65],[        1158,        0.67]],
[[         931,        0.73],[         867,         0.6],[        1180,        0.75],[        1126,        0.67],[        1132,        0.66]],
[[         925,        0.72],[         865,         0.6],[        1218,        0.77],[        1094,        0.65],[        1100,        0.64]],
[[         840,        0.65],[         875,        0.61],[        1112,        0.71],[        1148,        0.68],[        1108,        0.64]],
[[         706,        0.55],[         888,        0.62],[        1073,        0.68],[        1188,        0.71],[        1132,        0.66]],
[[         634,        0.49],[         934,        0.65],[        1073,        0.68],[        1175,         0.7],[        1161,        0.67]],
[[         696,        0.54],[         926,        0.64],[         999,        0.63],[        1094,        0.65],[        1141,        0.66]],
[[         654,        0.51],[         936,        0.65],[         959,        0.61],[        1091,        0.65],[        1105,        0.64]],
[[         679,        0.53],[         998,         0.7],[        1008,        0.64],[        1123,        0.67],[        1038,         0.6]],
[[         639,         0.5],[        1085,        0.76],[         930,        0.59],[        1138,        0.68],[        1025,        0.59]],
[[         619,        0.48],[         861,         0.6],[         889,        0.56],[        1114,        0.66],[        1015,        0.59]],
[[         613,        0.48],[         887,        0.62],[         811,        0.51],[        1114,        0.66],[        1043,         0.6]],
[[         541,        0.42],[         787,        0.55],[         791,         0.5],[        1135,        0.68],[        1029,         0.6]],
[[         522,        0.41],[         753,        0.52],[         788,         0.5],[        1027,        0.61],[        1059,        0.61]],
[[         543,        0.42],[         669,        0.47],[         800,        0.51],[         996,        0.59],[        1081,        0.63]],
[[         535,        0.42],[         531,        0.37],[         818,        0.52],[         985,        0.59],[        1077,        0.62]],
[[         494,        0.38],[         594,        0.41],[         827,        0.53],[         916,        0.55],[        1001,        0.58]],
[[         489,        0.38],[         568,         0.4],[         830,        0.53],[         869,        0.52],[        1000,        0.58]],
[[         493,        0.38],[         580,         0.4],[         881,        0.56],[         887,        0.53],[        1017,        0.59]],
[[         420,        0.33],[         554,        0.39],[         974,        0.62],[         839,         0.5],[        1017,        0.59]],
[[         408,        0.32],[         527,        0.37],[         783,         0.5],[         798,        0.48],[         997,        0.58]],
[[         423,        0.33],[         560,        0.39],[         802,        0.51],[         716,        0.43],[         981,        0.57]],
[[         392,        0.31],[         433,         0.3],[         664,        0.42],[         692,        0.41],[         979,        0.57]],
[[         366,        0.29],[         422,        0.29],[         627,         0.4],[         681,        0.41],[         885,        0.51]],
[[         336,        0.26],[         450,        0.31],[         578,        0.37],[         675,         0.4],[         853,        0.49]],
[[         380,         0.3],[         416,        0.29],[         419,        0.27],[         684,        0.41],[         832,        0.48]],
[[         329,        0.26],[         362,        0.25],[         473,         0.3],[         668,         0.4],[         772,        0.45]],
[[         267,        0.21],[         381,        0.27],[         448,        0.28],[         673,         0.4],[         721,        0.42]],
[[         201,        0.16],[         342,        0.24],[         457,        0.29],[         688,        0.41],[         712,        0.41]],
[[         188,        0.15],[         303,        0.21],[         417,        0.26],[         739,        0.44],[         665,        0.39]],
[[         215,        0.17],[         285,         0.2],[         370,        0.23],[         566,        0.34],[         617,        0.36]],
[[         206,        0.16],[         259,        0.18],[         384,        0.24],[         548,        0.33],[         545,        0.32]],
[[         169,        0.13],[         243,        0.17],[         279,        0.18],[         467,        0.28],[         513,         0.3]],
[[         712,        0.55],[         201,        0.14],[         275,        0.17],[         413,        0.25],[         480,        0.28]],
[[           .,           .],[         178,        0.12],[         258,        0.16],[         347,        0.21],[         446,        0.26]],
[[           .,           .],[         161,        0.11],[         224,        0.14],[         257,        0.15],[         436,        0.25]],
[[           .,           .],[         136,        0.09],[         162,         0.1],[         260,        0.16],[         402,        0.23]],
[[           .,           .],[         100,        0.07],[         169,        0.11],[         240,        0.14],[         388,        0.22]],
[[           .,           .],[         296,        0.21],[         518,        0.33],[         876,        0.52],[        1585,        0.92]]],
[[[         737,        0.57],[         837,        0.58],[         778,        0.49],[         834,         0.5],[         832,        0.48]],
[[         750,        0.58],[         856,         0.6],[         850,        0.54],[         861,        0.51],[         848,        0.49]],
[[         792,        0.62],[         863,         0.6],[         996,        0.63],[         884,        0.53],[         862,         0.5]],
[[         815,        0.63],[         857,         0.6],[         935,        0.59],[         900,        0.54],[         871,        0.51]],
[[         815,        0.63],[         836,        0.58],[        1006,        0.64],[         921,        0.55],[         886,        0.51]],
[[         812,        0.63],[         823,        0.57],[        1001,        0.64],[         939,        0.56],[         901,        0.52]],
[[         802,        0.62],[         815,        0.57],[        1004,        0.64],[         958,        0.57],[         918,        0.53]],
[[         874,        0.68],[         867,         0.6],[        1035,        0.66],[         986,        0.59],[         941,        0.55]],
[[         834,        0.65],[         815,        0.57],[        1000,        0.63],[        1006,         0.6],[         960,        0.56]],
[[         860,        0.67],[         868,         0.6],[        1048,        0.67],[        1028,        0.61],[         981,        0.57]],
[[         825,        0.64],[         907,        0.63],[        1039,        0.66],[        1037,        0.62],[         991,        0.57]],
[[         785,        0.61],[         877,        0.61],[        1009,        0.64],[        1028,        0.61],[         997,        0.58]],
[[         769,         0.6],[         906,        0.63],[         990,        0.63],[        1098,        0.66],[        1004,        0.58]],
[[         798,        0.62],[         968,        0.67],[         958,        0.61],[        1054,        0.63],[        1013,        0.59]],
[[         808,        0.63],[         876,        0.61],[         920,        0.58],[        1072,        0.64],[        1017,        0.59]],
[[         820,        0.64],[         859,         0.6],[         939,         0.6],[        1105,        0.66],[        1030,         0.6]],
[[         839,        0.65],[         896,        0.62],[         905,        0.57],[        1122,        0.67],[        1043,         0.6]],
[[         814,        0.63],[         936,        0.65],[         910,        0.58],[        1086,        0.65],[        1045,        0.61]],
[[         757,        0.59],[         856,         0.6],[         827,        0.53],[        1003,         0.6],[         983,        0.57]],
[[         568,        0.44],[         660,        0.46],[         636,         0.4],[         595,        0.35],[         584,        0.34]],
[[         428,        0.33],[         611,        0.43],[         462,        0.29],[         473,        0.28],[         474,        0.27]],
[[         401,        0.31],[         611,        0.43],[         546,        0.35],[         529,        0.32],[         550,        0.32]],
[[         531,        0.41],[         613,        0.43],[         650,        0.41],[         634,        0.38],[         694,         0.4]],
[[         581,        0.45],[         672,        0.47],[         704,        0.45],[         679,        0.41],[         760,        0.44]],
[[         766,         0.6],[         651,        0.45],[         628,         0.4],[         677,         0.4],[         775,        0.45]],
[[         832,        0.65],[         677,        0.47],[         616,        0.39],[         682,        0.41],[         819,        0.47]],
[[         881,        0.69],[         706,        0.49],[         667,        0.42],[         690,        0.41],[         868,         0.5]],
[[         890,        0.69],[         756,        0.53],[         801,        0.51],[         701,        0.42],[         841,        0.49]],
[[         831,        0.65],[         811,        0.56],[         763,        0.48],[         710,        0.42],[         825,        0.48]],
[[         921,        0.72],[         855,         0.6],[         845,        0.54],[         728,        0.43],[         811,        0.47]],
[[         974,        0.76],[         831,        0.58],[         897,        0.57],[         784,        0.47],[         857,         0.5]],
[[         982,        0.76],[         862,         0.6],[         923,        0.59],[         830,         0.5],[         852,        0.49]],
[[         990,        0.77],[         887,        0.62],[         935,        0.59],[         861,        0.51],[         860,         0.5]],
[[         968,        0.75],[         927,        0.65],[         951,         0.6],[         888,        0.53],[         849,        0.49]],
[[        1119,        0.87],[        1020,        0.71],[         981,        0.62],[         936,        0.56],[         854,         0.5]],
[[        1087,        0.85],[        1015,        0.71],[        1057,        0.67],[         965,        0.58],[         845,        0.49]],
[[        1015,        0.79],[        1139,        0.79],[        1068,        0.68],[        1011,         0.6],[         849,        0.49]],
[[        1012,        0.79],[        1198,        0.83],[        1117,        0.71],[        1063,        0.63],[         898,        0.52]],
[[         989,        0.77],[        1132,        0.79],[        1218,        0.77],[        1049,        0.63],[         932,        0.54]],
[[        1002,        0.78],[        1162,        0.81],[        1208,        0.77],[        1075,        0.64],[         971,        0.56]],
[[         965,        0.75],[        1168,        0.81],[        1103,         0.7],[        1138,        0.68],[         997,        0.58]],
[[         950,        0.74],[        1229,        0.86],[        1129,        0.72],[        1150,        0.69],[        1033,         0.6]],
[[        1000,        0.78],[        1208,        0.84],[        1118,        0.71],[        1120,        0.67],[        1035,         0.6]],
[[         955,        0.74],[        1215,        0.85],[        1135,        0.72],[        1143,        0.68],[        1046,        0.61]],
[[         997,        0.78],[        1232,        0.86],[        1164,        0.74],[        1141,        0.68],[        1085,        0.63]],
[[         957,        0.75],[        1167,        0.81],[        1157,        0.73],[        1186,        0.71],[        1094,        0.63]],
[[         976,        0.76],[        1130,        0.79],[        1218,        0.77],[        1209,        0.72],[        1124,        0.65]],
[[         961,        0.75],[        1104,        0.77],[        1314,        0.83],[        1184,        0.71],[        1143,        0.66]],
[[         961,        0.75],[        1069,        0.74],[        1191,        0.76],[        1262,        0.75],[        1118,        0.65]],
[[        1019,        0.79],[        1027,        0.72],[        1223,        0.78],[        1245,        0.74],[        1130,        0.66]],
[[        1123,        0.87],[        1000,         0.7],[        1216,        0.77],[        1103,        0.66],[        1166,        0.68]],
[[        1219,        0.95],[         935,        0.65],[        1274,        0.81],[        1116,        0.67],[        1157,        0.67]],
[[         944,        0.74],[         982,        0.68],[        1160,        0.74],[        1103,        0.66],[        1129,        0.65]],
[[         906,        0.71],[         881,        0.61],[        1157,        0.73],[        1102,        0.66],[        1134,        0.66]],
[[         871,        0.68],[         962,        0.67],[        1242,        0.79],[        1139,        0.68],[        1119,        0.65]],
[[         862,        0.67],[         873,        0.61],[        1156,        0.73],[        1122,        0.67],[        1145,        0.66]],
[[         723,        0.56],[         937,        0.65],[        1068,        0.68],[        1158,        0.69],[        1154,        0.67]],
[[         615,        0.48],[         906,        0.63],[        1051,        0.67],[        1229,        0.73],[        1134,        0.66]],
[[         696,        0.54],[         934,        0.65],[         975,        0.62],[        1136,        0.68],[        1187,        0.69]],
[[         672,        0.52],[         953,        0.66],[         991,        0.63],[        1154,        0.69],[        1155,        0.67]],
[[         636,         0.5],[        1026,        0.71],[         940,         0.6],[        1135,        0.68],[        1031,         0.6]],
[[         630,        0.49],[        1185,        0.83],[         868,        0.55],[        1170,         0.7],[        1033,         0.6]],
[[         592,        0.46],[         886,        0.62],[         885,        0.56],[        1104,        0.66],[        1027,         0.6]],
[[         555,        0.43],[         815,        0.57],[         826,        0.52],[        1107,        0.66],[        1022,        0.59]],
[[         558,        0.43],[         800,        0.56],[         883,        0.56],[        1141,        0.68],[        1056,        0.61]],
[[         537,        0.42],[         799,        0.56],[         846,        0.54],[        1081,        0.64],[        1047,        0.61]],
[[         544,        0.42],[         656,        0.46],[         862,        0.55],[        1005,         0.6],[        1079,        0.63]],
[[         552,        0.43],[         545,        0.38],[         817,        0.52],[         980,        0.58],[        1136,        0.66]],
[[         550,        0.43],[         639,        0.45],[         851,        0.54],[         930,        0.55],[        1054,        0.61]],
[[         523,        0.41],[         646,        0.45],[         892,        0.57],[         925,        0.55],[        1066,        0.62]],
[[         500,        0.39],[         582,        0.41],[         939,         0.6],[         886,        0.53],[        1066,        0.62]],
[[         496,        0.39],[         569,         0.4],[        1090,        0.69],[         840,         0.5],[        1095,        0.63]],
[[         442,        0.34],[         550,        0.38],[         783,         0.5],[         840,         0.5],[        1034,         0.6]],
[[         480,        0.37],[         507,        0.35],[         744,        0.47],[         787,        0.47],[        1037,         0.6]],
[[         446,        0.35],[         512,        0.36],[         720,        0.46],[         837,         0.5],[        1057,        0.61]],
[[         493,        0.38],[         497,        0.35],[         757,        0.48],[         790,        0.47],[        1005,        0.58]],
[[         481,        0.37],[         483,        0.34],[         590,        0.37],[         794,        0.47],[         941,        0.55]],
[[         509,         0.4],[         497,        0.35],[         502,        0.32],[         762,        0.45],[         913,        0.53]],
[[         487,        0.38],[         491,        0.34],[         564,        0.36],[         782,        0.47],[         858,         0.5]],
[[         332,        0.26],[         438,        0.31],[         571,        0.36],[         787,        0.47],[         841,        0.49]],
[[         291,        0.23],[         389,        0.27],[         500,        0.32],[         819,        0.49],[         792,        0.46]],
[[         307,        0.24],[         402,        0.28],[         488,        0.31],[         928,        0.55],[         737,        0.43]],
[[         327,        0.25],[         367,        0.26],[         430,        0.27],[         650,        0.39],[         719,        0.42]],
[[         321,        0.25],[         395,        0.28],[         403,        0.26],[         595,        0.35],[         659,        0.38]],
[[         293,        0.23],[         323,        0.22],[         381,        0.24],[         574,        0.34],[         672,        0.39]],
[[        1576,        1.23],[         327,        0.23],[         353,        0.22],[         546,        0.33],[         611,        0.35]],
[[           .,           .],[         289,         0.2],[         349,        0.22],[         428,        0.26],[         584,        0.34]],
[[           .,           .],[         303,        0.21],[         317,         0.2],[         351,        0.21],[         540,        0.31]],
[[           .,           .],[         251,        0.17],[         295,        0.19],[         361,        0.22],[         521,         0.3]],
[[           .,           .],[         185,        0.13],[         248,        0.16],[         340,         0.2],[         501,        0.29]],
[[           .,           .],[         690,        0.48],[        1066,        0.68],[        1332,        0.79],[        2253,        1.31]]]]}}
