{
"ons":{
"label":"Population Projections for England and Wales, by local authority",
"source":"Office for National Statistics",
"updated":"2014-10-01",
"area": {
"code":"K04000001",
"label":"England and Wales"
},
"time": {
"label":"1998-2038",
"index":["1998",  "2008",  "2018",  "2028",  "2038"]
},
"concept":{
"label":["population", "% of population"],
"units":["count", "%"],
"max":[        2476,         1.56]
},
"sums":{
"series1":[       52150,        57961,        67329,        72892,        77312],
"series2":[       54936,        60813,        70688,        76560,        80998]
},
"dimension":{
"label":"age",
"index":["0", "1", "2", "3", "4", "5", "6", "7", "8", "9", "10", "11", "12", "13", "14", "15", "16", "17", "18", "19", "20", "21", "22", "23", "24", "25", "26", "27", "28", "29", "30", "31", "32", "33", "34", "35", "36", "37", "38", "39", "40", "41", "42", "43", "44", "45", "46", "47", "48", "49", "50", "51", "52", "53", "54", "55", "56", "57", "58", "59", "60", "61", "62", "63", "64", "65", "66", "67", "68", "69", "70", "71", "72", "73", "74", "75", "76", "77", "78", "79", "80", "81", "82", "83", "84", "85", "86", "87", "88", "89", "90+"]
},
"series":["male", "female"],
"value":[[[[         574,        0.54],[         599,         0.5],[         665,        0.48],[         714,        0.48],[         732,        0.46]],
[[         620,        0.58],[         615,        0.52],[         762,        0.55],[         736,        0.49],[         745,        0.47]],
[[         563,        0.53],[         614,        0.52],[         768,        0.56],[         759,        0.51],[         762,        0.48]],
[[         601,        0.56],[         611,        0.51],[         755,        0.55],[         781,        0.52],[         779,        0.49]],
[[         640,         0.6],[         640,        0.54],[         714,        0.52],[         799,        0.53],[         794,         0.5]],
[[         573,        0.54],[         602,        0.51],[         779,        0.56],[         811,        0.54],[         806,        0.51]],
[[         612,        0.57],[         614,        0.52],[         798,        0.58],[         822,        0.55],[         818,        0.52]],
[[         599,        0.56],[         640,        0.54],[         865,        0.63],[         834,        0.56],[         832,        0.53]],
[[         615,        0.57],[         674,        0.57],[         868,        0.63],[         839,        0.56],[         839,        0.53]],
[[         582,        0.54],[         685,        0.58],[         875,        0.63],[         851,        0.57],[         857,        0.54]],
[[         604,        0.56],[         710,         0.6],[         815,        0.59],[         871,        0.58],[         881,        0.56]],
[[         616,        0.58],[         808,        0.68],[         824,         0.6],[         879,        0.59],[         906,        0.57]],
[[         632,        0.59],[         741,        0.62],[         869,        0.63],[         917,        0.61],[         932,        0.59]],
[[         680,        0.64],[         750,        0.63],[         806,        0.58],[         905,        0.61],[         950,         0.6]],
[[         674,        0.63],[         836,         0.7],[         849,        0.62],[         926,        0.62],[         971,        0.61]],
[[         617,        0.58],[         764,        0.64],[         757,        0.55],[         971,        0.65],[         979,        0.62]],
[[         661,        0.62],[         795,        0.67],[         758,        0.55],[         955,        0.64],[         981,        0.62]],
[[         671,        0.63],[         768,        0.65],[         788,        0.57],[        1009,        0.68],[         978,        0.62]],
[[         587,        0.55],[         707,         0.6],[         815,        0.59],[         930,        0.62],[         924,        0.58]],
[[         516,        0.48],[         565,        0.48],[         576,        0.42],[         670,        0.45],[         658,        0.42]],
[[         354,        0.33],[         498,        0.42],[         539,        0.39],[         564,        0.38],[         584,        0.37]],
[[         335,        0.31],[         474,         0.4],[         611,        0.44],[         547,        0.37],[         572,        0.36]],
[[         411,        0.38],[         487,        0.41],[         588,        0.43],[         558,        0.37],[         605,        0.38]],
[[         481,        0.45],[         532,        0.45],[         636,        0.46],[         539,        0.36],[         617,        0.39]],
[[         636,        0.59],[         501,        0.42],[         681,        0.49],[         567,        0.38],[         638,         0.4]],
[[         623,        0.58],[         476,         0.4],[         624,        0.45],[         550,        0.37],[         673,        0.43]],
[[         646,         0.6],[         528,        0.44],[         653,        0.47],[         542,        0.36],[         687,        0.43]],
[[         659,        0.62],[         550,        0.46],[         611,        0.44],[         576,        0.39],[         710,        0.45]],
[[         629,        0.59],[         531,        0.45],[         629,        0.46],[         617,        0.41],[         709,        0.45]],
[[         645,         0.6],[         531,        0.45],[         665,        0.48],[         628,        0.42],[         704,        0.44]],
[[         669,        0.62],[         515,        0.43],[         652,        0.47],[         668,        0.45],[         725,        0.46]],
[[         666,        0.62],[         486,        0.41],[         642,        0.47],[         724,        0.48],[         723,        0.46]],
[[         712,        0.66],[         559,        0.47],[         673,        0.49],[         711,        0.48],[         721,        0.46]],
[[         694,        0.65],[         560,        0.47],[         728,        0.53],[         755,        0.51],[         714,        0.45]],
[[         726,        0.68],[         617,        0.52],[         772,        0.56],[         830,        0.56],[         731,        0.46]],
[[         677,        0.63],[         713,         0.6],[         735,        0.53],[         820,        0.55],[         729,        0.46]],
[[         716,        0.67],[         742,        0.62],[         780,        0.57],[         831,        0.56],[         729,        0.46]],
[[         778,        0.73],[         836,         0.7],[         791,        0.57],[         863,        0.58],[         770,        0.49]],
[[         704,        0.66],[         840,        0.71],[         779,        0.56],[         859,        0.57],[         813,        0.51]],
[[         691,        0.65],[         799,        0.67],[         848,        0.61],[         873,        0.58],[         840,        0.53]],
[[         780,        0.73],[         856,        0.72],[         766,        0.56],[         890,         0.6],[         865,        0.55]],
[[         756,        0.71],[         852,        0.72],[         737,        0.53],[         851,        0.57],[         903,        0.57]],
[[         715,        0.67],[         876,        0.74],[         816,        0.59],[         867,        0.58],[         897,        0.57]],
[[         716,        0.67],[         872,        0.73],[         760,        0.55],[         894,         0.6],[         923,        0.58]],
[[         766,        0.72],[         920,        0.77],[         844,        0.61],[         895,         0.6],[         980,        0.62]],
[[         679,        0.63],[         825,        0.69],[         927,        0.67],[         864,        0.58],[         966,        0.61]],
[[         708,        0.66],[         818,        0.69],[         944,        0.68],[         892,         0.6],[         974,        0.62]],
[[         762,        0.71],[         894,        0.75],[         990,        0.72],[         905,        0.61],[         998,        0.63]],
[[         803,        0.75],[         840,        0.71],[        1023,        0.74],[         890,         0.6],[         989,        0.62]],
[[         850,        0.79],[         792,        0.67],[         960,         0.7],[         918,        0.61],[         993,        0.63]],
[[         957,        0.89],[         790,        0.67],[         996,        0.72],[         834,        0.56],[        1004,        0.63]],
[[        1021,        0.95],[         827,         0.7],[         941,        0.68],[         783,        0.52],[         957,         0.6]],
[[         860,         0.8],[         747,        0.63],[        1029,        0.75],[         854,        0.57],[         970,        0.61]],
[[         820,        0.77],[         715,         0.6],[         957,        0.69],[         830,        0.56],[         985,        0.62]],
[[         764,        0.71],[         838,        0.71],[        1020,        0.74],[         885,        0.59],[         968,        0.61]],
[[         780,        0.73],[         766,        0.64],[         971,         0.7],[         963,        0.64],[         944,         0.6]],
[[         679,        0.63],[         751,        0.63],[         911,        0.66],[        1023,        0.68],[         966,        0.61]],
[[         604,        0.56],[         816,        0.69],[         942,        0.68],[        1033,        0.69],[         974,        0.62]],
[[         673,        0.63],[         847,        0.71],[         912,        0.66],[        1037,        0.69],[         959,        0.61]],
[[         670,        0.63],[         863,        0.73],[         884,        0.64],[        1021,        0.68],[         964,        0.61]],
[[         645,         0.6],[         983,        0.83],[         857,        0.62],[        1056,        0.71],[         885,        0.56]],
[[         669,        0.62],[        1078,        0.91],[         851,        0.62],[        1016,        0.68],[         844,        0.53]],
[[         632,        0.59],[         905,        0.76],[         824,         0.6],[        1074,        0.72],[         903,        0.57]],
[[         621,        0.58],[         797,        0.67],[         774,        0.56],[        1032,        0.69],[         891,        0.56]],
[[         589,        0.55],[         832,         0.7],[         872,        0.63],[        1051,         0.7],[         940,        0.59]],
[[         562,        0.52],[         797,        0.67],[         841,        0.61],[        1014,        0.68],[        1017,        0.64]],
[[         542,        0.51],[         751,        0.63],[         759,        0.55],[         991,        0.66],[        1069,        0.68]],
[[         536,         0.5],[         604,        0.51],[         847,        0.61],[        1004,        0.67],[        1084,        0.68]],
[[         528,        0.49],[         668,        0.56],[         862,        0.62],[         966,        0.65],[        1085,        0.69]],
[[         540,         0.5],[         688,        0.58],[         892,        0.65],[         917,        0.61],[        1081,        0.68]],
[[         479,        0.45],[         628,        0.53],[         965,         0.7],[         893,         0.6],[        1096,        0.69]],
[[         494,        0.46],[         621,        0.52],[        1082,        0.78],[         860,        0.58],[        1061,        0.67]],
[[         483,        0.45],[         598,         0.5],[         832,         0.6],[         817,        0.55],[        1090,        0.69]],
[[         475,        0.44],[         565,        0.48],[         796,        0.58],[         772,        0.52],[        1047,        0.66]],
[[         437,        0.41],[         518,        0.44],[         789,        0.57],[         818,        0.55],[        1036,        0.65]],
[[         433,         0.4],[         459,        0.39],[         726,        0.53],[         779,        0.52],[         981,        0.62]],
[[         479,        0.45],[         493,        0.42],[         624,        0.45],[         727,        0.49],[         944,         0.6]],
[[         464,        0.43],[         459,        0.39],[         527,        0.38],[         780,        0.52],[         933,        0.59]],
[[         426,         0.4],[         423,        0.36],[         556,         0.4],[         765,        0.51],[         875,        0.55]],
[[         262,        0.24],[         422,        0.36],[         586,        0.42],[         767,        0.51],[         809,        0.51]],
[[         221,        0.21],[         349,        0.29],[         494,        0.36],[         808,        0.54],[         769,        0.49]],
[[         209,         0.2],[         312,        0.26],[         489,        0.35],[         866,        0.58],[         715,        0.45]],
[[         218,         0.2],[         328,        0.28],[         431,        0.31],[         643,        0.43],[         660,        0.42]],
[[         224,        0.21],[         297,        0.25],[         372,        0.27],[         585,        0.39],[         598,        0.38]],
[[         214,         0.2],[         236,         0.2],[         323,        0.23],[         550,        0.37],[         608,        0.38]],
[[         716,        0.67],[         212,        0.18],[         268,        0.19],[         476,        0.32],[         554,        0.35]],
[[           .,           .],[         221,        0.19],[         295,        0.21],[         403,        0.27],[         492,        0.31]],
[[           .,           .],[         185,        0.16],[         221,        0.16],[         309,        0.21],[         493,        0.31]],
[[           .,           .],[         133,        0.11],[         205,        0.15],[         306,         0.2],[         453,        0.29]],
[[           .,           .],[         113,         0.1],[         173,        0.13],[         280,        0.19],[         416,        0.26]],
[[           .,           .],[         268,        0.23],[         523,        0.38],[         836,        0.56],[        1584,           1]]],
[[[         492,        0.46],[         585,        0.49],[         632,        0.46],[         681,        0.46],[         698,        0.44]],
[[         568,        0.53],[         529,        0.45],[         655,        0.47],[         704,        0.47],[         713,        0.45]],
[[         529,        0.49],[         547,        0.46],[         730,        0.53],[         725,        0.49],[         728,        0.46]],
[[         586,        0.55],[         561,        0.47],[         736,        0.53],[         746,         0.5],[         744,        0.47]],
[[         601,        0.56],[         560,        0.47],[         761,        0.55],[         765,        0.51],[         760,        0.48]],
[[         622,        0.58],[         591,         0.5],[         851,        0.62],[         785,        0.53],[         780,        0.49]],
[[         617,        0.58],[         589,         0.5],[         777,        0.56],[         793,        0.53],[         790,         0.5]],
[[         632,        0.59],[         656,        0.55],[         792,        0.57],[         805,        0.54],[         803,        0.51]],
[[         611,        0.57],[         658,        0.55],[         839,        0.61],[         818,        0.55],[         818,        0.52]],
[[         593,        0.55],[         667,        0.56],[         820,        0.59],[         827,        0.55],[         834,        0.53]],
[[         625,        0.58],[         634,        0.53],[         825,         0.6],[         840,        0.56],[         851,        0.54]],
[[         603,        0.56],[         711,         0.6],[         760,        0.55],[         842,        0.56],[         869,        0.55]],
[[         597,        0.56],[         737,        0.62],[         765,        0.55],[         891,         0.6],[         894,        0.56]],
[[         669,        0.62],[         751,        0.63],[         718,        0.52],[         894,         0.6],[         905,        0.57]],
[[         633,        0.59],[         763,        0.64],[         751,        0.54],[         900,         0.6],[         923,        0.58]],
[[         645,         0.6],[         748,        0.63],[         736,        0.53],[         987,        0.66],[         931,        0.59]],
[[         641,         0.6],[         772,        0.65],[         695,         0.5],[         952,        0.64],[         930,        0.59]],
[[         646,         0.6],[         821,        0.69],[         812,        0.59],[         922,        0.62],[         921,        0.58]],
[[         632,        0.59],[         698,        0.59],[         732,        0.53],[         862,        0.58],[         859,        0.54]],
[[         527,        0.49],[         571,        0.48],[         497,        0.36],[         497,        0.33],[         503,        0.32]],
[[         378,        0.35],[         448,        0.38],[         398,        0.29],[         427,        0.29],[         434,        0.27]],
[[         308,        0.29],[         437,        0.37],[         498,        0.36],[         439,        0.29],[         467,        0.29]],
[[         456,        0.43],[         483,        0.41],[         578,        0.42],[         508,        0.34],[         564,        0.36]],
[[         481,        0.45],[         528,        0.44],[         640,        0.46],[         528,        0.35],[         610,        0.39]],
[[         522,        0.49],[         484,        0.41],[         645,        0.47],[         566,        0.38],[         652,        0.41]],
[[         520,        0.49],[         500,        0.42],[         638,        0.46],[         576,        0.39],[         703,        0.44]],
[[         649,        0.61],[         501,        0.42],[         678,        0.49],[         572,        0.38],[         726,        0.46]],
[[         635,        0.59],[         570,        0.48],[         707,        0.51],[         619,        0.41],[         729,        0.46]],
[[         649,        0.61],[         547,        0.46],[         701,        0.51],[         640,        0.43],[         738,        0.47]],
[[         694,        0.65],[         500,        0.42],[         768,        0.56],[         668,        0.45],[         735,        0.46]],
[[         692,        0.65],[         526,        0.44],[         738,        0.53],[         694,        0.46],[         757,        0.48]],
[[         690,        0.64],[         552,        0.46],[         778,        0.56],[         769,        0.51],[         758,        0.48]],
[[         719,        0.67],[         577,        0.49],[         809,        0.59],[         781,        0.52],[         764,        0.48]],
[[         785,        0.73],[         658,        0.55],[         756,        0.55],[         800,        0.54],[         754,        0.48]],
[[         772,        0.72],[         710,         0.6],[         790,        0.57],[         867,        0.58],[         770,        0.49]],
[[         753,         0.7],[         691,        0.58],[         827,         0.6],[         861,        0.58],[         770,        0.49]],
[[         819,        0.76],[         867,        0.73],[         838,        0.61],[         904,         0.6],[         769,        0.49]],
[[         777,        0.73],[         869,        0.73],[         880,        0.64],[         924,        0.62],[         818,        0.52]],
[[         786,        0.73],[         888,        0.75],[         905,        0.66],[         928,        0.62],[         844,        0.53]],
[[         771,        0.72],[         860,        0.72],[         783,        0.57],[         969,        0.65],[         882,        0.56]],
[[         740,        0.69],[         913,        0.77],[         760,        0.55],[         973,        0.65],[         911,        0.58]],
[[         755,        0.71],[         920,        0.77],[         792,        0.57],[         996,        0.67],[         977,        0.62]],
[[         748,         0.7],[         939,        0.79],[         859,        0.62],[         988,        0.66],[         974,        0.62]],
[[         762,        0.71],[         994,        0.84],[         877,        0.64],[         951,        0.64],[         981,        0.62]],
[[         713,        0.67],[         934,        0.79],[         971,         0.7],[         947,        0.63],[        1029,        0.65]],
[[         816,        0.76],[         904,        0.76],[         892,        0.65],[         972,        0.65],[        1010,        0.64]],
[[         758,        0.71],[         928,        0.78],[        1033,        0.75],[         968,        0.65],[        1050,        0.66]],
[[         739,        0.69],[         941,        0.79],[        1020,        0.74],[         998,        0.67],[        1047,        0.66]],
[[         834,        0.78],[         861,        0.72],[        1034,        0.75],[         990,        0.66],[        1037,        0.66]],
[[         828,        0.77],[         868,        0.73],[         996,        0.72],[         889,        0.59],[        1067,        0.67]],
[[         954,        0.89],[         816,        0.69],[        1008,        0.73],[         870,        0.58],[        1063,        0.67]],
[[        1069,           1],[         831,         0.7],[        1002,        0.73],[         866,        0.58],[        1074,        0.68]],
[[         851,        0.79],[         753,        0.63],[        1058,        0.77],[         901,         0.6],[        1059,        0.67]],
[[         790,        0.74],[         809,        0.68],[        1081,        0.78],[         915,        0.61],[        1024,        0.65]],
[[         812,        0.76],[         773,        0.65],[        1067,        0.77],[         993,        0.66],[        1015,        0.64]],
[[         767,        0.72],[         854,        0.72],[         992,        0.72],[         979,        0.66],[        1031,        0.65]],
[[         708,        0.66],[         836,         0.7],[        1014,        0.73],[        1106,        0.74],[        1038,        0.66]],
[[         624,        0.58],[         786,        0.66],[        1014,        0.73],[        1082,        0.72],[        1066,        0.67]],
[[         617,        0.58],[         850,        0.72],[         939,        0.68],[        1087,        0.73],[        1054,        0.67]],
[[         630,        0.59],[         897,        0.76],[         955,        0.69],[        1080,        0.72],[         980,        0.62]],
[[         633,        0.59],[        1046,        0.88],[         914,        0.66],[        1118,        0.75],[         941,        0.59]],
[[         633,        0.59],[        1175,        0.99],[         952,        0.69],[        1088,        0.73],[         926,        0.58]],
[[         634,        0.59],[         863,        0.73],[         835,         0.6],[        1121,        0.75],[         958,        0.61]],
[[         595,        0.56],[         868,        0.73],[         930,        0.67],[        1135,        0.76],[         973,        0.61]],
[[         563,        0.53],[         880,        0.74],[         827,         0.6],[        1098,        0.73],[        1034,        0.65]],
[[         574,        0.54],[         799,        0.67],[         890,        0.64],[        1070,        0.72],[        1037,        0.66]],
[[         594,        0.55],[         729,        0.61],[         892,        0.65],[        1069,        0.72],[        1134,        0.72]],
[[         582,        0.54],[         656,        0.55],[         852,        0.62],[        1047,         0.7],[        1128,        0.71]],
[[         564,        0.53],[         641,        0.54],[         897,        0.65],[         967,        0.65],[        1124,        0.71]],
[[         590,        0.55],[         604,        0.51],[         904,        0.65],[        1000,        0.67],[        1124,        0.71]],
[[         579,        0.54],[         649,        0.55],[        1031,        0.75],[         923,        0.62],[        1144,        0.72]],
[[         559,        0.52],[         614,        0.52],[        1194,        0.87],[         918,        0.61],[        1115,         0.7]],
[[         528,        0.49],[         626,        0.53],[         858,        0.62],[         844,        0.56],[        1132,        0.72]],
[[         527,        0.49],[         578,        0.49],[         856,        0.62],[         881,        0.59],[        1131,        0.71]],
[[         537,         0.5],[         580,        0.49],[         876,        0.63],[         801,        0.54],[        1083,        0.68]],
[[         548,        0.51],[         530,        0.45],[         736,        0.53],[         827,        0.55],[        1030,        0.65]],
[[         564,        0.53],[         553,        0.47],[         650,        0.47],[         829,        0.55],[        1018,        0.64]],
[[         553,        0.52],[         525,        0.44],[         585,        0.42],[         777,        0.52],[         982,        0.62]],
[[         524,        0.49],[         506,        0.43],[         568,        0.41],[         816,        0.55],[         893,        0.56]],
[[         369,        0.34],[         496,        0.42],[         553,         0.4],[         821,        0.55],[         900,        0.57]],
[[         308,        0.29],[         477,         0.4],[         567,        0.41],[         911,        0.61],[         828,        0.52]],
[[         339,        0.32],[         408,        0.34],[         529,        0.38],[        1009,        0.68],[         804,        0.51]],
[[         336,        0.31],[         423,        0.36],[         505,        0.37],[         703,        0.47],[         730,        0.46]],
[[         323,         0.3],[         362,         0.3],[         451,        0.33],[         675,        0.45],[         733,        0.46]],
[[         316,         0.3],[         370,        0.31],[         451,        0.33],[         658,        0.44],[         665,        0.42]],
[[        1624,        1.52],[         322,        0.27],[         402,        0.29],[         560,        0.37],[         660,        0.42]],
[[           .,           .],[         340,        0.29],[         393,        0.28],[         486,        0.33],[         639,         0.4]],
[[           .,           .],[         286,        0.24],[         312,        0.23],[         413,        0.28],[         576,        0.36]],
[[           .,           .],[         237,         0.2],[         335,        0.24],[         379,        0.25],[         565,        0.36]],
[[           .,           .],[         170,        0.14],[         264,        0.19],[         334,        0.22],[         527,        0.33]],
[[           .,           .],[         748,        0.63],[        1076,        0.78],[        1457,        0.97],[        2476,        1.56]]]]}}
