{
"ons":{
"label":"Population Projections for England and Wales, by local authority",
"source":"Office for National Statistics",
"updated":"2014-10-01",
"area": {
"code":"K04000001",
"label":"England and Wales"
},
"time": {
"label":"1998-2038",
"index":["1998",  "2008",  "2018",  "2028",  "2038"]
},
"concept":{
"label":["population", "% of population"],
"units":["count", "%"],
"max":[        1485,         1.37]
},
"sums":{
"series1":[       53859,        53509,        53712,        53165,        51746],
"series2":[       59461,        59101,        58838,        57899,        56317]
},
"dimension":{
"label":"age",
"index":["0", "1", "2", "3", "4", "5", "6", "7", "8", "9", "10", "11", "12", "13", "14", "15", "16", "17", "18", "19", "20", "21", "22", "23", "24", "25", "26", "27", "28", "29", "30", "31", "32", "33", "34", "35", "36", "37", "38", "39", "40", "41", "42", "43", "44", "45", "46", "47", "48", "49", "50", "51", "52", "53", "54", "55", "56", "57", "58", "59", "60", "61", "62", "63", "64", "65", "66", "67", "68", "69", "70", "71", "72", "73", "74", "75", "76", "77", "78", "79", "80", "81", "82", "83", "84", "85", "86", "87", "88", "89", "90+"]
},
"series":["male", "female"],
"value":[[[[         598,        0.53],[         559,         0.5],[         471,        0.42],[         481,        0.43],[         454,        0.42]],
[[         576,        0.51],[         553,        0.49],[         481,        0.43],[         493,        0.44],[         464,        0.43]],
[[         584,        0.52],[         531,        0.47],[         540,        0.48],[         502,        0.45],[         470,        0.43]],
[[         587,        0.52],[         555,        0.49],[         550,        0.49],[         512,        0.46],[         480,        0.44]],
[[         622,        0.55],[         547,        0.49],[         554,        0.49],[         518,        0.47],[         483,        0.45]],
[[         669,        0.59],[         528,        0.47],[         578,        0.51],[         526,        0.47],[         497,        0.46]],
[[         676,         0.6],[         564,         0.5],[         523,        0.46],[         533,        0.48],[         499,        0.46]],
[[         678,         0.6],[         570,        0.51],[         638,        0.57],[         541,        0.49],[         515,        0.48]],
[[         717,        0.63],[         622,        0.55],[         612,        0.54],[         547,        0.49],[         521,        0.48]],
[[         707,        0.62],[         611,        0.54],[         588,        0.52],[         549,        0.49],[         522,        0.48]],
[[         721,        0.64],[         639,        0.57],[         591,        0.53],[         554,         0.5],[         529,        0.49]],
[[         715,        0.63],[         648,        0.58],[         589,        0.52],[         535,        0.48],[         534,        0.49]],
[[         727,        0.64],[         623,        0.55],[         546,        0.49],[         575,        0.52],[         537,         0.5]],
[[         699,        0.62],[         663,        0.59],[         578,        0.51],[         576,        0.52],[         540,         0.5]],
[[         717,        0.63],[         675,         0.6],[         560,         0.5],[         574,        0.52],[         548,        0.51]],
[[         637,        0.56],[         671,         0.6],[         555,        0.49],[         608,        0.55],[         551,        0.51]],
[[         682,         0.6],[         680,         0.6],[         566,         0.5],[         553,         0.5],[         552,        0.51]],
[[         709,        0.63],[         643,        0.57],[         598,        0.53],[         641,        0.58],[         547,        0.51]],
[[         659,        0.58],[         666,        0.59],[         639,        0.57],[         595,        0.54],[         532,        0.49]],
[[         696,        0.61],[         631,        0.56],[         590,        0.52],[         540,        0.49],[         515,        0.48]],
[[         569,         0.5],[         650,        0.58],[         616,        0.55],[         567,        0.51],[         517,        0.48]],
[[         567,         0.5],[         647,        0.57],[         608,        0.54],[         568,        0.51],[         503,        0.47]],
[[         619,        0.55],[         615,        0.55],[         562,         0.5],[         519,        0.47],[         543,         0.5]],
[[         618,        0.55],[         575,        0.51],[         604,        0.54],[         529,        0.48],[         532,        0.49]],
[[         648,        0.57],[         555,        0.49],[         618,        0.55],[         502,        0.45],[         516,        0.48]],
[[         625,        0.55],[         524,        0.47],[         563,         0.5],[         486,        0.44],[         533,        0.49]],
[[         647,        0.57],[         545,        0.48],[         558,         0.5],[         483,        0.43],[         478,        0.44]],
[[         678,         0.6],[         561,         0.5],[         541,        0.48],[         497,        0.45],[         536,         0.5]],
[[         666,        0.59],[         554,        0.49],[         556,        0.49],[         509,        0.46],[         501,        0.46]],
[[         618,        0.55],[         581,        0.52],[         545,        0.48],[         514,        0.46],[         482,        0.45]],
[[         707,        0.62],[         438,        0.39],[         524,        0.47],[         548,        0.49],[         490,        0.45]],
[[         737,        0.65],[         428,        0.38],[         573,        0.51],[         539,        0.49],[         484,        0.45]],
[[         738,        0.65],[         491,        0.44],[         498,        0.44],[         525,        0.47],[         452,        0.42]],
[[         843,        0.74],[         527,        0.47],[         511,        0.45],[         537,        0.48],[         467,        0.43]],
[[         797,         0.7],[         579,        0.51],[         514,        0.46],[         549,        0.49],[         450,        0.42]],
[[         723,        0.64],[         625,        0.56],[         467,        0.41],[         559,         0.5],[         452,        0.42]],
[[         828,        0.73],[         654,        0.58],[         541,        0.48],[         574,        0.52],[         465,        0.43]],
[[         833,        0.74],[         705,        0.63],[         563,         0.5],[         563,        0.51],[         490,        0.45]],
[[         796,         0.7],[         688,        0.61],[         563,         0.5],[         581,        0.52],[         515,        0.48]],
[[         822,        0.73],[         686,        0.61],[         579,        0.51],[         576,        0.52],[         518,        0.48]],
[[         804,        0.71],[         790,         0.7],[         465,        0.41],[         572,        0.52],[         579,        0.54]],
[[         765,        0.68],[         774,        0.69],[         520,        0.46],[         599,        0.54],[         582,        0.54]],
[[         771,        0.68],[         750,        0.67],[         541,        0.48],[         561,        0.51],[         563,        0.52]],
[[         771,        0.68],[         845,        0.75],[         563,         0.5],[         536,        0.48],[         588,        0.54]],
[[         750,        0.66],[         847,        0.75],[         629,        0.56],[         545,        0.49],[         603,        0.56]],
[[         758,        0.67],[         789,         0.7],[         677,         0.6],[         523,        0.47],[         601,        0.56]],
[[         752,        0.66],[         861,        0.76],[         687,        0.61],[         579,        0.52],[         612,        0.57]],
[[         774,        0.68],[         871,        0.77],[         737,        0.65],[         576,        0.52],[         594,        0.55]],
[[         751,        0.66],[         813,        0.72],[         733,        0.65],[         582,        0.52],[         602,        0.56]],
[[         837,        0.74],[         809,        0.72],[         718,        0.64],[         584,        0.53],[         604,        0.56]],
[[         817,        0.72],[         808,        0.72],[         809,        0.72],[         483,        0.43],[         593,        0.55]],
[[         944,        0.83],[         777,        0.69],[         810,        0.72],[         517,        0.47],[         606,        0.56]],
[[         725,        0.64],[         760,        0.67],[         784,         0.7],[         542,        0.49],[         573,        0.53]],
[[         735,        0.65],[         774,        0.69],[         875,        0.78],[         566,        0.51],[         550,        0.51]],
[[         722,        0.64],[         747,        0.66],[         909,        0.81],[         613,        0.55],[         555,        0.51]],
[[         737,        0.65],[         770,        0.68],[         816,        0.73],[         649,        0.58],[         536,         0.5]],
[[         664,        0.59],[         760,        0.67],[         867,        0.77],[         677,        0.61],[         593,        0.55]],
[[         589,        0.52],[         749,        0.67],[         876,        0.78],[         727,        0.65],[         591,        0.55]],
[[         650,        0.57],[         752,        0.67],[         793,         0.7],[         735,        0.66],[         596,        0.55]],
[[         601,        0.53],[         832,        0.74],[         832,        0.74],[         742,        0.67],[         603,        0.56]],
[[         646,        0.57],[         818,        0.73],[         820,        0.73],[         819,        0.74],[         510,        0.47]],
[[         634,        0.56],[         940,        0.83],[         794,        0.71],[         818,        0.74],[         538,         0.5]],
[[         626,        0.55],[         715,        0.63],[         785,         0.7],[         796,        0.72],[         572,        0.53]],
[[         636,        0.56],[         715,        0.63],[         746,        0.66],[         878,        0.79],[         596,        0.55]],
[[         574,        0.51],[         716,        0.64],[         788,         0.7],[         901,        0.81],[         635,        0.59]],
[[         594,        0.52],[         711,        0.63],[         777,        0.69],[         816,        0.73],[         679,        0.63]],
[[         591,        0.52],[         640,        0.57],[         733,        0.65],[         858,        0.77],[         714,        0.66]],
[[         560,        0.49],[         573,        0.51],[         733,        0.65],[         887,         0.8],[         757,         0.7]],
[[         522,        0.46],[         619,        0.55],[         756,        0.67],[         805,        0.72],[         758,         0.7]],
[[         501,        0.44],[         564,         0.5],[         806,        0.72],[         830,        0.75],[         759,         0.7]],
[[         472,        0.42],[         574,        0.51],[         783,         0.7],[         805,        0.72],[         818,        0.76]],
[[         467,        0.41],[         578,        0.51],[         867,        0.77],[         751,        0.68],[         808,        0.75]],
[[         494,        0.44],[         541,        0.48],[         643,        0.57],[         733,        0.66],[         775,        0.72]],
[[         428,        0.38],[         533,        0.47],[         601,        0.53],[         691,        0.62],[         829,        0.77]],
[[         460,        0.41],[         447,         0.4],[         628,        0.56],[         702,        0.63],[         840,        0.78]],
[[         415,        0.37],[         469,        0.42],[         622,        0.55],[         677,        0.61],[         747,        0.69]],
[[         417,        0.37],[         441,        0.39],[         491,        0.44],[         636,        0.57],[         756,         0.7]],
[[         385,        0.34],[         404,        0.36],[         447,         0.4],[         616,        0.55],[         761,         0.7]],
[[         351,        0.31],[         353,        0.31],[         437,        0.39],[         601,        0.54],[         672,        0.62]],
[[         205,        0.18],[         325,        0.29],[         413,        0.37],[         630,        0.57],[         672,        0.62]],
[[         197,        0.17],[         286,        0.25],[         405,        0.36],[         588,        0.53],[         627,        0.58]],
[[         209,        0.18],[         266,        0.24],[         377,        0.33],[         599,        0.54],[         565,        0.52]],
[[         203,        0.18],[         290,        0.26],[         326,        0.29],[         436,        0.39],[         530,        0.49]],
[[         186,        0.16],[         212,        0.19],[         331,        0.29],[         400,        0.36],[         480,        0.44]],
[[         149,        0.13],[         217,        0.19],[         246,        0.22],[         394,        0.35],[         464,        0.43]],
[[         117,         0.1],[         180,        0.16],[         236,        0.21],[         353,        0.32],[         426,        0.39]],
[[         100,        0.09],[         184,        0.16],[         205,        0.18],[         270,        0.24],[         380,        0.35]],
[[          80,        0.07],[         145,        0.13],[         198,        0.18],[         231,        0.21],[         344,        0.32]],
[[          64,        0.06],[         114,         0.1],[         134,        0.12],[         211,        0.19],[         312,        0.29]],
[[          54,        0.05],[          64,        0.06],[         112,         0.1],[         178,        0.16],[         305,        0.28]],
[[         150,        0.13],[         190,        0.17],[         380,        0.34],[         669,         0.6],[        1179,        1.09]]],
[[[         574,        0.51],[         532,        0.47],[         467,        0.41],[         462,        0.42],[         435,         0.4]],
[[         563,         0.5],[         524,        0.47],[         471,        0.42],[         465,        0.42],[         440,        0.41]],
[[         582,        0.51],[         517,        0.46],[         521,        0.46],[         477,        0.43],[         446,        0.41]],
[[         581,        0.51],[         575,        0.51],[         557,        0.49],[         479,        0.43],[         453,        0.42]],
[[         651,        0.57],[         533,        0.47],[         485,        0.43],[         484,        0.44],[         454,        0.42]],
[[         648,        0.57],[         501,        0.44],[         496,        0.44],[         490,        0.44],[         459,        0.42]],
[[         681,         0.6],[         515,        0.46],[         564,         0.5],[         500,        0.45],[         470,        0.43]],
[[         648,        0.57],[         540,        0.48],[         568,         0.5],[         503,        0.45],[         473,        0.44]],
[[         718,        0.63],[         529,        0.47],[         547,        0.49],[         509,        0.46],[         482,        0.45]],
[[         659,        0.58],[         588,        0.52],[         584,        0.52],[         510,        0.46],[         490,        0.45]],
[[         686,        0.61],[         650,        0.58],[         591,        0.53],[         518,        0.47],[         500,        0.46]],
[[         708,        0.62],[         663,        0.59],[         565,         0.5],[         512,        0.46],[         500,        0.46]],
[[         693,        0.61],[         649,        0.58],[         562,         0.5],[         544,        0.49],[         510,        0.47]],
[[         715,        0.63],[         645,        0.57],[         607,        0.54],[         573,        0.52],[         512,        0.47]],
[[         703,        0.62],[         716,        0.64],[         561,         0.5],[         525,        0.47],[         522,        0.48]],
[[         616,        0.54],[         672,         0.6],[         538,        0.48],[         526,        0.47],[         523,        0.48]],
[[         665,        0.59],[         676,         0.6],[         528,        0.47],[         594,        0.53],[         525,        0.49]],
[[         713,        0.63],[         634,        0.56],[         551,        0.49],[         603,        0.54],[         526,        0.49]],
[[         589,        0.52],[         645,        0.57],[         533,        0.47],[         538,        0.48],[         498,        0.46]],
[[         579,        0.51],[         569,        0.51],[         535,        0.48],[         527,        0.47],[         468,        0.43]],
[[         609,        0.54],[         621,        0.55],[         580,        0.52],[         547,        0.49],[         485,        0.45]],
[[         569,         0.5],[         647,        0.57],[         612,        0.54],[         523,        0.47],[         483,        0.45]],
[[         557,        0.49],[         616,        0.55],[         589,        0.52],[         519,        0.47],[         513,        0.47]],
[[         598,        0.53],[         587,        0.52],[         560,         0.5],[         526,        0.47],[         511,        0.47]],
[[         565,         0.5],[         602,        0.53],[         623,        0.55],[         493,        0.44],[         468,        0.43]],
[[         600,        0.53],[         526,        0.47],[         556,        0.49],[         456,        0.41],[         456,        0.42]],
[[         676,         0.6],[         572,        0.51],[         560,         0.5],[         435,        0.39],[         486,        0.45]],
[[         682,         0.6],[         587,        0.52],[         570,        0.51],[         461,        0.42],[         504,        0.47]],
[[         750,        0.66],[         543,        0.48],[         520,        0.46],[         465,        0.42],[         477,        0.44]],
[[         715,        0.63],[         548,        0.49],[         562,         0.5],[         495,        0.45],[         491,        0.45]],
[[         749,        0.66],[         554,        0.49],[         595,        0.53],[         519,        0.47],[         493,        0.46]],
[[         797,         0.7],[         531,        0.47],[         621,        0.55],[         557,         0.5],[         477,        0.44]],
[[         817,        0.72],[         537,        0.48],[         571,        0.51],[         551,         0.5],[         472,        0.44]],
[[         868,        0.77],[         619,        0.55],[         585,        0.52],[         550,         0.5],[         490,        0.45]],
[[         875,        0.77],[         573,        0.51],[         570,        0.51],[         595,        0.54],[         487,        0.45]],
[[         873,        0.77],[         667,        0.59],[         549,        0.49],[         577,        0.52],[         470,        0.43]],
[[         860,        0.76],[         772,        0.69],[         653,        0.58],[         612,        0.55],[         475,        0.44]],
[[         865,        0.76],[         766,        0.68],[         651,        0.58],[         614,        0.55],[         495,        0.46]],
[[         842,        0.74],[         822,        0.73],[         637,        0.57],[         616,        0.55],[         517,        0.48]],
[[         863,        0.76],[         800,        0.71],[         578,        0.51],[         608,        0.55],[         551,        0.51]],
[[         902,         0.8],[         859,        0.76],[         587,        0.52],[         643,        0.58],[         579,        0.54]],
[[         821,        0.72],[         830,        0.74],[         578,        0.51],[         681,        0.61],[         617,        0.57]],
[[         800,        0.71],[         856,        0.76],[         631,        0.56],[         656,        0.59],[         610,        0.56]],
[[         773,        0.68],[         901,         0.8],[         676,         0.6],[         644,        0.58],[         611,        0.57]],
[[         818,        0.72],[         922,        0.82],[         644,        0.57],[         619,        0.56],[         638,        0.59]],
[[         788,         0.7],[         943,        0.84],[         710,        0.63],[         598,        0.54],[         626,        0.58]],
[[         772,        0.68],[         910,        0.81],[         809,        0.72],[         670,         0.6],[         651,         0.6]],
[[         800,        0.71],[         904,         0.8],[         826,        0.73],[         686,        0.62],[         654,        0.61]],
[[         790,         0.7],[         858,        0.76],[         855,        0.76],[         653,        0.59],[         651,         0.6]],
[[         831,        0.73],[         887,        0.79],[         837,        0.74],[         616,        0.55],[         638,        0.59]],
[[         853,        0.75],[         909,        0.81],[         904,         0.8],[         611,        0.55],[         677,        0.63]],
[[         962,        0.85],[         857,        0.76],[         878,        0.78],[         588,        0.53],[         709,        0.66]],
[[         763,        0.67],[         826,        0.73],[         907,        0.81],[         651,        0.59],[         692,        0.64]],
[[         783,        0.69],[         829,        0.74],[         947,        0.84],[         704,        0.63],[         677,        0.63]],
[[         752,        0.66],[         828,        0.74],[         935,        0.83],[         664,         0.6],[         657,        0.61]],
[[         775,        0.68],[         816,        0.72],[         997,        0.89],[         731,        0.66],[         637,        0.59]],
[[         732,        0.65],[         811,        0.72],[         916,        0.81],[         834,        0.75],[         714,        0.66]],
[[         626,        0.55],[         808,        0.72],[         953,        0.85],[         854,        0.77],[         729,        0.67]],
[[         681,         0.6],[         811,        0.72],[         899,         0.8],[         886,         0.8],[         693,        0.64]],
[[         669,        0.59],[         835,        0.74],[         909,        0.81],[         883,         0.8],[         659,        0.61]],
[[         700,        0.62],[         857,        0.76],[         937,        0.83],[         935,        0.84],[         653,         0.6]],
[[         690,        0.61],[        1000,        0.89],[         906,         0.8],[         923,        0.83],[         629,        0.58]],
[[         714,        0.63],[         793,         0.7],[         827,        0.73],[         933,        0.84],[         693,        0.64]],
[[         681,         0.6],[         781,        0.69],[         841,        0.75],[         984,        0.89],[         752,         0.7]],
[[         642,        0.57],[         773,        0.69],[         857,        0.76],[         979,        0.88],[         720,        0.67]],
[[         680,         0.6],[         757,        0.67],[         838,        0.74],[        1019,        0.92],[         777,        0.72]],
[[         673,        0.59],[         724,        0.64],[         832,        0.74],[         954,        0.86],[         875,        0.81]],
[[         681,         0.6],[         633,        0.56],[         818,        0.73],[         975,        0.88],[         890,        0.82]],
[[         675,         0.6],[         681,         0.6],[         807,        0.72],[         911,        0.82],[         923,        0.85]],
[[         601,        0.53],[         645,        0.57],[         826,        0.73],[         934,        0.84],[         922,        0.85]],
[[         612,        0.54],[         674,         0.6],[         841,        0.75],[         928,        0.84],[         955,        0.88]],
[[         617,        0.54],[         642,        0.57],[         975,        0.87],[         889,         0.8],[         932,        0.86]],
[[         638,        0.56],[         636,        0.56],[         754,        0.67],[         809,        0.73],[         931,        0.86]],
[[         644,        0.57],[         603,        0.54],[         717,        0.64],[         815,        0.73],[         957,        0.89]],
[[         562,         0.5],[         584,        0.52],[         699,        0.62],[         793,        0.71],[         933,        0.86]],
[[         536,        0.47],[         574,        0.51],[         649,        0.58],[         765,        0.69],[         954,        0.88]],
[[         600,        0.53],[         564,         0.5],[         626,        0.56],[         736,        0.66],[         880,        0.81]],
[[         557,        0.49],[         547,        0.49],[         552,        0.49],[         714,        0.64],[         877,        0.81]],
[[         596,        0.53],[         519,        0.46],[         555,        0.49],[         683,        0.61],[         792,        0.73]],
[[         377,        0.33],[         480,        0.43],[         500,        0.44],[         685,        0.62],[         786,        0.73]],
[[         335,         0.3],[         444,        0.39],[         539,        0.48],[         658,        0.59],[         759,         0.7]],
[[         405,        0.36],[         424,        0.38],[         481,        0.43],[         739,        0.67],[         708,        0.66]],
[[         393,        0.35],[         442,        0.39],[         458,        0.41],[         557,         0.5],[         622,        0.58]],
[[         353,        0.31],[         411,        0.36],[         405,        0.36],[         507,        0.46],[         599,        0.55]],
[[         337,         0.3],[         348,        0.31],[         363,        0.32],[         470,        0.42],[         560,        0.52]],
[[         290,        0.26],[         304,        0.27],[         368,        0.33],[         423,        0.38],[         514,        0.48]],
[[         268,        0.24],[         296,        0.26],[         302,        0.27],[         378,        0.34],[         468,        0.43]],
[[         226,         0.2],[         297,        0.26],[         278,        0.25],[         302,        0.27],[         426,        0.39]],
[[         228,         0.2],[         284,        0.25],[         249,        0.22],[         299,        0.27],[         380,        0.35]],
[[         166,        0.15],[         173,        0.15],[         199,        0.18],[         245,        0.22],[         359,        0.33]],
[[         591,        0.52],[         648,        0.58],[         868,        0.77],[        1027,        0.92],[        1485,        1.37]]]]}}
