{
"ons":{
"label":"Population Projections for England and Wales, by local authority",
"source":"Office for National Statistics",
"updated":"2014-10-01",
"area": {
"code":"K04000001",
"label":"England and Wales"
},
"time": {
"label":"1998-2038",
"index":["1998",  "2008",  "2018",  "2028",  "2038"]
},
"concept":{
"label":["population", "% of population"],
"units":["count", "%"],
"max":[        1928,         1.25]
},
"sums":{
"series1":[       74908,        71831,        72897,        73310,        73465],
"series2":[       79494,        76795,        77368,        77934,        78362]
},
"dimension":{
"label":"age",
"index":["0", "1", "2", "3", "4", "5", "6", "7", "8", "9", "10", "11", "12", "13", "14", "15", "16", "17", "18", "19", "20", "21", "22", "23", "24", "25", "26", "27", "28", "29", "30", "31", "32", "33", "34", "35", "36", "37", "38", "39", "40", "41", "42", "43", "44", "45", "46", "47", "48", "49", "50", "51", "52", "53", "54", "55", "56", "57", "58", "59", "60", "61", "62", "63", "64", "65", "66", "67", "68", "69", "70", "71", "72", "73", "74", "75", "76", "77", "78", "79", "80", "81", "82", "83", "84", "85", "86", "87", "88", "89", "90+"]
},
"series":["male", "female"],
"value":[[[[         886,        0.57],[         842,        0.57],[         815,        0.54],[         757,         0.5],[         756,         0.5]],
[[         928,         0.6],[         810,        0.54],[         859,        0.57],[         773,        0.51],[         762,         0.5]],
[[         942,        0.61],[         806,        0.54],[         938,        0.62],[         785,        0.52],[         763,         0.5]],
[[         936,        0.61],[         772,        0.52],[         851,        0.57],[         797,        0.53],[         767,        0.51]],
[[        1011,        0.65],[         788,        0.53],[         890,        0.59],[         808,        0.53],[         772,        0.51]],
[[        1064,        0.69],[         778,        0.52],[         880,        0.59],[         818,        0.54],[         777,        0.51]],
[[        1095,        0.71],[         745,         0.5],[         907,         0.6],[         828,        0.55],[         783,        0.52]],
[[        1118,        0.72],[         722,        0.49],[         890,        0.59],[         845,        0.56],[         789,        0.52]],
[[        1081,         0.7],[         827,        0.56],[         894,        0.59],[         850,        0.56],[         796,        0.52]],
[[        1076,         0.7],[         816,        0.55],[         915,        0.61],[         856,        0.57],[         802,        0.53]],
[[        1086,         0.7],[         894,         0.6],[         860,        0.57],[         861,        0.57],[         811,        0.53]],
[[        1147,        0.74],[         939,        0.63],[         841,        0.56],[         855,        0.57],[         821,        0.54]],
[[        1149,        0.74],[         997,        0.67],[         824,        0.55],[         939,        0.62],[         830,        0.55]],
[[        1045,        0.68],[         946,        0.64],[         826,        0.55],[         885,        0.59],[         841,        0.55]],
[[         951,        0.62],[         971,        0.65],[         805,        0.54],[         911,         0.6],[         849,        0.56]],
[[         986,        0.64],[        1025,        0.69],[         814,        0.54],[         898,        0.59],[         855,        0.56]],
[[         998,        0.65],[        1058,        0.71],[         775,        0.52],[         946,        0.63],[         861,        0.57]],
[[        1071,        0.69],[        1081,        0.73],[         753,         0.5],[         912,         0.6],[         870,        0.57]],
[[         907,        0.59],[        1027,        0.69],[         816,        0.54],[         908,         0.6],[         862,        0.57]],
[[         739,        0.48],[         989,        0.67],[         729,        0.49],[         843,        0.56],[         806,        0.53]],
[[         640,        0.41],[         935,        0.63],[         768,        0.51],[         797,        0.53],[         789,        0.52]],
[[         559,        0.36],[         995,        0.67],[         855,        0.57],[         762,         0.5],[         776,        0.51]],
[[         681,        0.44],[         926,        0.62],[         929,        0.62],[         773,        0.51],[         856,        0.56]],
[[         809,        0.52],[         912,        0.61],[         860,        0.57],[         763,         0.5],[         831,        0.55]],
[[         943,        0.61],[         819,        0.55],[         890,        0.59],[         751,         0.5],[         850,        0.56]],
[[        1054,        0.68],[         827,        0.56],[         981,        0.65],[         755,         0.5],[         852,        0.56]],
[[         993,        0.64],[         815,        0.55],[         957,        0.64],[         719,        0.48],[         892,        0.59]],
[[        1055,        0.68],[         885,         0.6],[         993,        0.66],[         707,        0.47],[         869,        0.57]],
[[        1034,        0.67],[         912,        0.61],[         954,        0.63],[         767,        0.51],[         862,        0.57]],
[[        1068,        0.69],[         854,        0.57],[         973,        0.65],[         780,        0.52],[         861,        0.57]],
[[        1093,        0.71],[         763,        0.51],[         970,        0.65],[         807,        0.53],[         847,        0.56]],
[[        1115,        0.72],[         716,        0.48],[         994,        0.66],[         856,        0.57],[         822,        0.54]],
[[        1177,        0.76],[         740,         0.5],[         964,        0.64],[         915,         0.6],[         816,        0.54]],
[[        1210,        0.78],[         750,         0.5],[         960,        0.64],[         871,        0.58],[         789,        0.52]],
[[        1190,        0.77],[         817,        0.55],[         843,        0.56],[         879,        0.58],[         775,        0.51]],
[[        1190,        0.77],[         909,        0.61],[         771,        0.51],[         929,        0.61],[         767,        0.51]],
[[        1146,        0.74],[         898,         0.6],[         814,        0.54],[         942,        0.62],[         736,        0.48]],
[[        1122,        0.73],[         937,        0.63],[         914,        0.61],[         962,        0.64],[         735,        0.48]],
[[        1157,        0.75],[        1002,        0.67],[         926,        0.62],[         921,        0.61],[         778,        0.51]],
[[        1144,        0.74],[         995,        0.67],[         870,        0.58],[         911,         0.6],[         794,        0.52]],
[[        1112,        0.72],[        1032,        0.69],[         766,        0.51],[         907,         0.6],[         815,        0.54]],
[[        1079,         0.7],[        1081,        0.73],[         691,        0.46],[         914,         0.6],[         856,        0.56]],
[[        1071,        0.69],[        1136,        0.76],[         743,        0.49],[         922,        0.61],[         908,         0.6]],
[[        1106,        0.72],[        1179,        0.79],[         757,         0.5],[         920,        0.61],[         877,        0.58]],
[[        1010,        0.65],[        1113,        0.75],[         807,        0.54],[         837,        0.55],[         893,        0.59]],
[[        1005,        0.65],[        1133,        0.76],[         892,        0.59],[         822,        0.54],[         937,        0.62]],
[[         945,        0.61],[        1094,        0.74],[         907,         0.6],[         830,        0.55],[         956,        0.63]],
[[        1015,        0.66],[        1094,        0.74],[         960,        0.64],[         905,         0.6],[         978,        0.64]],
[[        1048,        0.68],[        1133,        0.76],[         988,        0.66],[         911,         0.6],[         941,        0.62]],
[[        1018,        0.66],[        1145,        0.77],[         995,        0.66],[         863,        0.57],[         930,        0.61]],
[[        1039,        0.67],[        1105,        0.74],[        1024,        0.68],[         772,        0.51],[         929,        0.61]],
[[        1136,        0.74],[        1050,        0.71],[        1075,        0.72],[         721,        0.48],[         928,        0.61]],
[[         902,        0.58],[        1023,        0.69],[        1129,        0.75],[         767,        0.51],[         935,        0.62]],
[[         870,        0.56],[        1023,        0.69],[        1123,        0.75],[         780,        0.52],[         930,        0.61]],
[[         839,        0.54],[         945,        0.64],[        1178,        0.78],[         810,        0.54],[         854,        0.56]],
[[         773,         0.5],[         948,        0.64],[        1141,        0.76],[         886,        0.59],[         837,        0.55]],
[[         738,        0.48],[         891,         0.6],[        1098,        0.73],[         919,        0.61],[         844,        0.56]],
[[         763,        0.49],[         918,        0.62],[        1037,        0.69],[         984,        0.65],[         912,         0.6]],
[[         792,        0.51],[         958,        0.64],[        1108,        0.74],[         986,        0.65],[         917,         0.6]],
[[         832,        0.54],[         970,        0.65],[        1124,        0.75],[         995,        0.66],[         869,        0.57]],
[[         854,        0.55],[         971,        0.65],[        1062,        0.71],[        1001,        0.66],[         775,        0.51]],
[[         859,        0.56],[        1080,        0.73],[        1011,        0.67],[        1059,         0.7],[         724,        0.48]],
[[         795,        0.51],[         829,        0.56],[         967,        0.64],[        1094,        0.72],[         760,         0.5]],
[[         770,         0.5],[         750,         0.5],[         942,        0.63],[        1078,        0.71],[         770,        0.51]],
[[         797,        0.52],[         737,         0.5],[         883,        0.59],[        1081,        0.71],[         790,        0.52]],
[[         761,        0.49],[         650,        0.44],[         875,        0.58],[        1085,        0.72],[         862,        0.57]],
[[         769,         0.5],[         667,        0.45],[         809,        0.54],[        1028,        0.68],[         888,        0.58]],
[[         761,        0.49],[         622,        0.42],[         835,        0.56],[         980,        0.65],[         937,        0.62]],
[[         711,        0.46],[         674,        0.45],[         816,        0.54],[        1012,        0.67],[         926,        0.61]],
[[         717,        0.46],[         662,        0.45],[         880,        0.59],[        1012,        0.67],[         930,        0.61]],
[[         678,        0.44],[         644,        0.43],[         876,        0.58],[         948,        0.63],[         924,        0.61]],
[[         658,        0.43],[         664,        0.45],[         952,        0.63],[         900,         0.6],[         960,        0.63]],
[[         649,        0.42],[         599,         0.4],[         703,        0.47],[         847,        0.56],[         981,        0.65]],
[[         633,        0.41],[         581,        0.39],[         603,         0.4],[         800,        0.53],[         949,        0.63]],
[[         617,         0.4],[         555,        0.37],[         609,        0.41],[         747,        0.49],[         936,        0.62]],
[[         572,        0.37],[         506,        0.34],[         516,        0.34],[         716,        0.47],[         915,         0.6]],
[[         584,        0.38],[         522,        0.35],[         516,        0.34],[         661,        0.44],[         852,        0.56]],
[[         559,        0.36],[         493,        0.33],[         442,        0.29],[         674,        0.45],[         799,        0.53]],
[[         536,        0.35],[         439,         0.3],[         461,        0.31],[         638,        0.42],[         803,        0.53]],
[[         330,        0.21],[         423,        0.28],[         451,         0.3],[         660,        0.44],[         781,        0.51]],
[[         258,        0.17],[         394,        0.27],[         433,        0.29],[         629,        0.42],[         711,        0.47]],
[[         205,        0.13],[         311,        0.21],[         429,        0.29],[         652,        0.43],[         653,        0.43]],
[[         198,        0.13],[         290,         0.2],[         337,        0.22],[         467,        0.31],[         592,        0.39]],
[[         184,        0.12],[         276,        0.19],[         329,        0.22],[         382,        0.25],[         537,        0.35]],
[[         155,         0.1],[         250,        0.17],[         273,        0.18],[         360,        0.24],[         479,        0.32]],
[[         609,        0.39],[         208,        0.14],[         238,        0.16],[         294,        0.19],[         438,        0.29]],
[[           .,           .],[         195,        0.13],[         208,        0.14],[         267,        0.18],[         376,        0.25]],
[[           .,           .],[         158,        0.11],[         204,        0.14],[         212,        0.14],[         354,        0.23]],
[[           .,           .],[         139,        0.09],[         136,        0.09],[         204,        0.13],[         310,         0.2]],
[[           .,           .],[         113,        0.08],[         135,        0.09],[         173,        0.11],[         292,        0.19]],
[[           .,           .],[         218,        0.15],[         355,        0.24],[         557,        0.37],[         949,        0.63]]],
[[[         789,        0.51],[         839,        0.56],[         794,        0.53],[         721,        0.48],[         721,        0.47]],
[[         862,        0.56],[         804,        0.54],[         735,        0.49],[         731,        0.48],[         721,        0.47]],
[[         897,        0.58],[         770,        0.52],[         887,        0.59],[         745,        0.49],[         725,        0.48]],
[[         898,        0.58],[         769,        0.52],[         780,        0.52],[         753,         0.5],[         725,        0.48]],
[[         939,        0.61],[         762,        0.51],[         810,        0.54],[         765,        0.51],[         730,        0.48]],
[[         972,        0.63],[         690,        0.46],[         836,        0.56],[         776,        0.51],[         737,        0.49]],
[[         930,         0.6],[         729,        0.49],[         906,         0.6],[         786,        0.52],[         744,        0.49]],
[[        1035,        0.67],[         742,         0.5],[         842,        0.56],[         805,        0.53],[         752,         0.5]],
[[        1010,        0.65],[         774,        0.52],[         829,        0.55],[         810,        0.54],[         759,         0.5]],
[[        1014,        0.66],[         816,        0.55],[         804,        0.54],[         816,        0.54],[         765,         0.5]],
[[        1073,        0.69],[         827,        0.56],[         882,        0.59],[         821,        0.54],[         774,        0.51]],
[[        1125,        0.73],[         887,         0.6],[         797,        0.53],[         814,        0.54],[         782,        0.52]],
[[        1136,        0.74],[         909,        0.61],[         849,        0.57],[         891,        0.59],[         792,        0.52]],
[[        1089,        0.71],[         892,         0.6],[         804,        0.54],[         822,        0.54],[         802,        0.53]],
[[         992,        0.64],[         942,        0.63],[         784,        0.52],[         853,        0.56],[         810,        0.53]],
[[         945,        0.61],[         948,        0.64],[         727,        0.48],[         889,        0.59],[         819,        0.54]],
[[         977,        0.63],[         918,        0.62],[         747,         0.5],[         927,        0.61],[         825,        0.54]],
[[         928,         0.6],[        1011,        0.68],[         770,        0.51],[         889,        0.59],[         845,        0.56]],
[[         950,        0.62],[         974,        0.66],[         793,        0.53],[         853,        0.56],[         833,        0.55]],
[[         783,        0.51],[         886,         0.6],[         730,        0.49],[         743,        0.49],[         748,        0.49]],
[[         555,        0.36],[         882,        0.59],[         713,        0.47],[         759,         0.5],[         719,        0.47]],
[[         517,        0.33],[         908,        0.61],[         751,         0.5],[         727,        0.48],[         727,        0.48]],
[[         639,        0.41],[         997,        0.67],[         806,        0.54],[         765,        0.51],[         808,        0.53]],
[[         843,        0.55],[         933,        0.63],[         884,        0.59],[         753,         0.5],[         789,        0.52]],
[[         867,        0.56],[         890,         0.6],[         932,        0.62],[         753,         0.5],[         827,        0.54]],
[[         936,        0.61],[         894,         0.6],[         896,         0.6],[         713,        0.47],[         861,        0.57]],
[[        1043,        0.68],[         902,        0.61],[         906,         0.6],[         723,        0.48],[         896,        0.59]],
[[        1053,        0.68],[         893,         0.6],[         988,        0.66],[         752,         0.5],[         874,        0.58]],
[[        1011,        0.65],[         920,        0.62],[         982,        0.65],[         777,        0.51],[         862,        0.57]],
[[        1130,        0.73],[         905,        0.61],[         948,        0.63],[         824,        0.54],[         846,        0.56]],
[[        1131,        0.73],[         738,         0.5],[         969,        0.64],[         840,        0.56],[         886,        0.58]],
[[        1196,        0.77],[         766,        0.52],[        1038,        0.69],[         872,        0.58],[         857,        0.56]],
[[        1269,        0.82],[         821,        0.55],[        1040,        0.69],[         876,        0.58],[         867,        0.57]],
[[        1306,        0.85],[         838,        0.56],[        1023,        0.68],[         906,         0.6],[         832,        0.55]],
[[        1285,        0.83],[         871,        0.59],[         951,        0.63],[         962,        0.64],[         822,        0.54]],
[[        1244,        0.81],[         902,        0.61],[         937,        0.62],[         940,        0.62],[         784,        0.52]],
[[        1267,        0.82],[        1002,        0.67],[         948,        0.63],[         992,        0.66],[         787,        0.52]],
[[        1255,        0.81],[        1009,        0.68],[         972,        0.65],[        1011,        0.67],[         810,        0.53]],
[[        1200,        0.78],[        1005,        0.68],[         965,        0.64],[         990,        0.65],[         833,        0.55]],
[[        1167,        0.76],[        1114,        0.75],[         938,        0.62],[         977,        0.65],[         878,        0.58]],
[[        1153,        0.75],[        1084,        0.73],[         774,        0.52],[        1019,        0.67],[         894,        0.59]],
[[        1107,        0.72],[        1148,        0.77],[         784,        0.52],[        1038,        0.69],[         922,        0.61]],
[[        1051,        0.68],[        1224,        0.82],[         846,        0.56],[        1038,        0.69],[         923,        0.61]],
[[        1005,        0.65],[        1255,        0.84],[         859,        0.57],[        1025,        0.68],[         943,        0.62]],
[[        1035,        0.67],[        1213,        0.82],[         930,        0.62],[         979,        0.65],[         994,        0.65]],
[[         995,        0.64],[        1224,        0.82],[         894,        0.59],[         969,        0.64],[         977,        0.64]],
[[         933,         0.6],[        1198,        0.81],[        1040,        0.69],[         959,        0.63],[        1031,        0.68]],
[[         946,        0.61],[        1225,        0.82],[        1057,         0.7],[         992,        0.66],[        1046,        0.69]],
[[        1010,        0.65],[        1143,        0.77],[        1030,        0.69],[         988,        0.65],[        1020,        0.67]],
[[         990,        0.64],[        1135,        0.76],[        1163,        0.77],[         961,        0.64],[        1002,        0.66]],
[[        1055,        0.68],[        1137,        0.77],[        1100,        0.73],[         809,        0.53],[        1038,        0.68]],
[[        1066,        0.69],[        1058,        0.71],[        1114,        0.74],[         814,        0.54],[        1044,        0.69]],
[[         885,        0.57],[        1013,        0.68],[        1211,        0.81],[         864,        0.57],[        1044,        0.69]],
[[         871,        0.56],[         943,        0.63],[        1248,        0.83],[         872,        0.58],[        1027,        0.68]],
[[         853,        0.55],[        1019,        0.69],[        1163,        0.77],[         920,        0.61],[         979,        0.64]],
[[         798,        0.52],[         978,        0.66],[        1211,        0.81],[         905,         0.6],[         969,        0.64]],
[[         735,        0.48],[         905,        0.61],[        1156,        0.77],[        1024,        0.68],[         958,        0.63]],
[[         736,        0.48],[         926,        0.62],[        1208,         0.8],[        1062,         0.7],[         984,        0.65]],
[[         810,        0.52],[         967,        0.65],[        1116,        0.74],[        1017,        0.67],[         981,        0.65]],
[[         865,        0.56],[         973,        0.65],[        1103,        0.73],[        1125,        0.74],[         953,        0.63]],
[[         834,        0.54],[        1029,        0.69],[        1128,        0.75],[        1073,        0.71],[         809,        0.53]],
[[         846,        0.55],[        1024,        0.69],[        1030,        0.69],[        1116,        0.74],[         809,        0.53]],
[[         776,         0.5],[         850,        0.57],[         977,        0.65],[        1178,        0.78],[         858,        0.57]],
[[         817,        0.53],[         801,        0.54],[         911,        0.61],[        1206,         0.8],[         865,        0.57]],
[[         878,        0.57],[         777,        0.52],[        1008,        0.67],[        1127,        0.75],[         909,         0.6]],
[[         837,        0.54],[         772,        0.52],[         946,        0.63],[        1174,        0.78],[         897,        0.59]],
[[         884,        0.57],[         690,        0.46],[         852,        0.57],[        1124,        0.74],[        1007,        0.66]],
[[         921,         0.6],[         663,        0.45],[         893,        0.59],[        1142,        0.76],[        1039,        0.68]],
[[         868,        0.56],[         730,        0.49],[         923,        0.61],[        1067,        0.71],[         990,        0.65]],
[[         899,        0.58],[         766,        0.52],[         905,         0.6],[        1031,        0.68],[        1075,        0.71]],
[[         792,        0.51],[         748,         0.5],[         965,        0.64],[        1047,        0.69],[        1025,        0.68]],
[[         871,        0.56],[         740,         0.5],[         952,        0.63],[         964,        0.64],[        1057,         0.7]],
[[         836,        0.54],[         661,        0.44],[         778,        0.52],[         903,         0.6],[        1097,        0.72]],
[[         835,        0.54],[         707,        0.48],[         703,        0.47],[         837,        0.55],[        1108,        0.73]],
[[         806,        0.52],[         715,        0.48],[         682,        0.45],[         890,        0.59],[        1023,        0.67]],
[[         815,        0.53],[         661,        0.44],[         686,        0.46],[         839,        0.55],[        1053,        0.69]],
[[         786,        0.51],[         706,        0.48],[         568,        0.38],[         754,         0.5],[         991,        0.65]],
[[         798,        0.52],[         692,        0.47],[         539,        0.36],[         762,         0.5],[         989,        0.65]],
[[         769,         0.5],[         623,        0.42],[         579,        0.39],[         770,        0.51],[         902,        0.59]],
[[         506,        0.33],[         632,        0.43],[         599,         0.4],[         730,        0.48],[         855,        0.56]],
[[         440,        0.28],[         553,        0.37],[         582,        0.39],[         756,         0.5],[         840,        0.55]],
[[         440,        0.28],[         572,        0.38],[         553,        0.37],[         725,        0.48],[         752,         0.5]],
[[         375,        0.24],[         507,        0.34],[         441,        0.29],[         558,        0.37],[         683,        0.45]],
[[         424,        0.27],[         494,        0.33],[         444,         0.3],[         494,        0.33],[         611,         0.4]],
[[         356,        0.23],[         455,        0.31],[         439,        0.29],[         455,         0.3],[         627,        0.41]],
[[        1928,        1.25],[         426,        0.29],[         388,        0.26],[         427,        0.28],[         558,        0.37]],
[[           .,           .],[         399,        0.27],[         369,        0.25],[         340,        0.22],[         477,        0.31]],
[[           .,           .],[         347,        0.23],[         313,        0.21],[         298,         0.2],[         448,         0.3]],
[[           .,           .],[         287,        0.19],[         282,        0.19],[         296,         0.2],[         426,        0.28]],
[[           .,           .],[         216,        0.15],[         250,        0.17],[         269,        0.18],[         369,        0.24]],
[[           .,           .],[         705,        0.47],[         983,        0.65],[        1079,        0.71],[        1512,           1]]]]}}
