{
"ons":{
"label":"Population Projections for England and Wales, by local authority",
"source":"Office for National Statistics",
"updated":"2014-10-01",
"area": {
"code":"K04000001",
"label":"England and Wales"
},
"time": {
"label":"1998-2038",
"index":["1998",  "2008",  "2018",  "2028",  "2038"]
},
"concept":{
"label":["population", "% of population"],
"units":["count", "%"],
"max":[        1871,         1.26]
},
"sums":{
"series1":[       62421,        66829,        72267,        76943,        79763],
"series2":[       64601,        69259,        75106,        80491,        83405]
},
"dimension":{
"label":"age",
"index":["0", "1", "2", "3", "4", "5", "6", "7", "8", "9", "10", "11", "12", "13", "14", "15", "16", "17", "18", "19", "20", "21", "22", "23", "24", "25", "26", "27", "28", "29", "30", "31", "32", "33", "34", "35", "36", "37", "38", "39", "40", "41", "42", "43", "44", "45", "46", "47", "48", "49", "50", "51", "52", "53", "54", "55", "56", "57", "58", "59", "60", "61", "62", "63", "64", "65", "66", "67", "68", "69", "70", "71", "72", "73", "74", "75", "76", "77", "78", "79", "80", "81", "82", "83", "84", "85", "86", "87", "88", "89", "90+"]
},
"series":["male", "female"],
"value":[[[[         851,        0.67],[        1035,        0.76],[         896,        0.61],[         966,        0.61],[         945,        0.58]],
[[         894,         0.7],[         958,         0.7],[         951,        0.65],[        1006,        0.64],[         975,         0.6]],
[[         826,        0.65],[         989,        0.73],[         983,        0.67],[        1033,        0.66],[         995,        0.61]],
[[         815,        0.64],[         974,        0.72],[        1047,        0.71],[        1058,        0.67],[        1018,        0.62]],
[[         828,        0.65],[         920,        0.68],[        1009,        0.68],[        1080,        0.69],[        1039,        0.64]],
[[         852,        0.67],[         901,        0.66],[        1091,        0.74],[        1089,        0.69],[        1051,        0.64]],
[[         829,        0.65],[         868,        0.64],[        1155,        0.78],[        1099,         0.7],[        1065,        0.65]],
[[         841,        0.66],[         885,        0.65],[        1204,        0.82],[        1108,         0.7],[        1082,        0.66]],
[[         815,        0.64],[         849,        0.62],[        1185,         0.8],[        1118,        0.71],[        1098,        0.67]],
[[         760,         0.6],[         866,        0.64],[        1155,        0.78],[        1127,        0.72],[        1113,        0.68]],
[[         808,        0.64],[         893,        0.66],[        1142,        0.77],[        1130,        0.72],[        1125,        0.69]],
[[         785,        0.62],[         920,        0.68],[        1166,        0.79],[        1119,        0.71],[        1128,        0.69]],
[[         746,        0.59],[         869,        0.64],[        1098,        0.75],[        1128,        0.72],[        1141,         0.7]],
[[         757,         0.6],[         917,        0.67],[        1048,        0.71],[        1140,        0.72],[        1142,         0.7]],
[[         811,        0.64],[         873,        0.64],[         974,        0.66],[        1118,        0.71],[        1139,         0.7]],
[[         722,        0.57],[         916,        0.67],[         954,        0.65],[        1149,        0.73],[        1141,         0.7]],
[[         748,        0.59],[         875,        0.64],[         911,        0.62],[        1209,        0.77],[        1143,         0.7]],
[[         779,        0.61],[         901,        0.66],[         940,        0.64],[        1227,        0.78],[        1134,        0.69]],
[[         793,        0.62],[         866,        0.64],[         827,        0.56],[        1102,         0.7],[        1061,        0.65]],
[[         789,        0.62],[         533,        0.39],[         446,         0.3],[         435,        0.28],[         433,        0.27]],
[[         762,         0.6],[         441,        0.32],[         360,        0.24],[         334,        0.21],[         334,         0.2]],
[[         753,        0.59],[         459,        0.34],[         477,        0.32],[         392,        0.25],[         400,        0.25]],
[[         757,         0.6],[         569,        0.42],[         584,         0.4],[         515,        0.33],[         555,        0.34]],
[[         640,         0.5],[         647,        0.48],[         697,        0.47],[         609,        0.39],[         683,        0.42]],
[[         687,        0.54],[         689,        0.51],[         721,        0.49],[         630,         0.4],[         731,        0.45]],
[[         747,        0.59],[         709,        0.52],[         691,        0.47],[         634,         0.4],[         773,        0.47]],
[[         752,        0.59],[         790,        0.58],[         732,         0.5],[         646,        0.41],[         829,        0.51]],
[[         860,        0.68],[         805,        0.59],[         754,        0.51],[         664,        0.42],[         822,         0.5]],
[[         952,        0.75],[         868,        0.64],[         707,        0.48],[         679,        0.43],[         805,        0.49]],
[[        1014,         0.8],[         870,        0.64],[         839,        0.57],[         704,        0.45],[         798,        0.49]],
[[        1004,        0.79],[         817,         0.6],[         832,        0.56],[         748,        0.48],[         832,        0.51]],
[[        1059,        0.83],[         957,         0.7],[         786,        0.53],[         822,        0.52],[         835,        0.51]],
[[        1133,        0.89],[         940,        0.69],[         831,        0.56],[         863,        0.55],[         839,        0.51]],
[[        1114,        0.88],[         974,        0.72],[         728,        0.49],[         903,        0.57],[         838,        0.51]],
[[        1079,        0.85],[        1075,        0.79],[         817,        0.55],[         935,        0.59],[         847,        0.52]],
[[        1028,        0.81],[        1073,        0.79],[         903,        0.61],[         963,        0.61],[         863,        0.53]],
[[         967,        0.76],[        1143,        0.84],[        1033,         0.7],[        1027,        0.65],[         882,        0.54]],
[[        1106,        0.87],[        1181,        0.87],[         927,        0.63],[        1085,        0.69],[         932,        0.57]],
[[         959,        0.75],[        1126,        0.83],[        1123,        0.76],[        1101,         0.7],[         988,        0.61]],
[[         922,        0.73],[        1094,         0.8],[        1111,        0.75],[        1164,        0.74],[        1047,        0.64]],
[[         927,        0.73],[        1197,        0.88],[        1085,        0.74],[        1175,        0.75],[        1072,        0.66]],
[[         941,        0.74],[        1173,        0.86],[        1171,        0.79],[        1147,        0.73],[        1121,        0.69]],
[[         931,        0.73],[        1250,        0.92],[        1148,        0.78],[        1176,        0.75],[        1148,         0.7]],
[[         858,        0.68],[        1134,        0.83],[        1137,        0.77],[        1158,        0.74],[        1165,        0.71]],
[[         904,        0.71],[        1149,        0.84],[        1165,        0.79],[        1149,        0.73],[        1183,        0.73]],
[[         869,        0.68],[        1042,        0.77],[        1183,         0.8],[        1168,        0.74],[        1171,        0.72]],
[[         845,        0.67],[         994,        0.73],[        1273,        0.86],[        1194,        0.76],[        1189,        0.73]],
[[         905,        0.71],[        1047,        0.77],[        1164,        0.79],[        1130,        0.72],[        1222,        0.75]],
[[         923,        0.73],[         955,         0.7],[        1058,        0.72],[        1226,        0.78],[        1202,        0.74]],
[[         893,         0.7],[         939,        0.69],[        1070,        0.73],[        1183,        0.75],[        1207,        0.74]],
[[         975,        0.77],[         919,        0.68],[        1122,        0.76],[        1103,         0.7],[        1199,        0.73]],
[[        1097,        0.86],[         918,        0.67],[        1127,        0.76],[        1108,         0.7],[        1147,         0.7]],
[[         912,        0.72],[         873,        0.64],[        1146,        0.78],[        1077,        0.68],[        1153,        0.71]],
[[         837,        0.66],[         795,        0.58],[        1095,        0.74],[        1053,        0.67],[        1119,        0.69]],
[[         848,        0.67],[         816,         0.6],[        1075,        0.73],[        1067,        0.68],[        1085,        0.66]],
[[         797,        0.63],[         803,        0.59],[        1009,        0.68],[        1065,        0.68],[        1087,        0.67]],
[[         649,        0.51],[         749,        0.55],[         889,         0.6],[        1102,         0.7],[        1088,        0.67]],
[[         624,        0.49],[         768,        0.56],[         940,        0.64],[        1042,        0.66],[        1023,        0.63]],
[[         652,        0.51],[         794,        0.58],[         867,        0.59],[         958,        0.61],[        1070,        0.66]],
[[         658,        0.52],[         746,        0.55],[         811,        0.55],[         933,        0.59],[        1014,        0.62]],
[[         630,         0.5],[         810,         0.6],[         763,        0.52],[         954,        0.61],[         933,        0.57]],
[[         629,         0.5],[         886,        0.65],[         745,        0.51],[         944,         0.6],[         930,        0.57]],
[[         599,        0.47],[         695,        0.51],[         725,        0.49],[         953,        0.61],[         900,        0.55]],
[[         587,        0.46],[         642,        0.47],[         653,        0.44],[         880,        0.56],[         870,        0.53]],
[[         574,        0.45],[         691,        0.51],[         674,        0.46],[         862,        0.55],[         872,        0.53]],
[[         530,        0.42],[         611,        0.45],[         731,         0.5],[         813,        0.52],[         860,        0.53]],
[[         575,        0.45],[         486,        0.36],[         579,        0.39],[         725,        0.46],[         878,        0.54]],
[[         510,         0.4],[         483,        0.35],[         588,         0.4],[         734,        0.47],[         830,        0.51]],
[[         515,        0.41],[         507,        0.37],[         660,        0.45],[         699,        0.44],[         773,        0.47]],
[[         493,        0.39],[         508,        0.37],[         581,        0.39],[         645,        0.41],[         760,        0.47]],
[[         460,        0.36],[         491,        0.36],[         648,        0.44],[         629,         0.4],[         779,        0.48]],
[[         470,        0.37],[         494,        0.36],[         705,        0.48],[         612,        0.39],[         767,        0.47]],
[[         461,        0.36],[         440,        0.32],[         590,         0.4],[         588,        0.37],[         765,        0.47]],
[[         439,        0.35],[         435,        0.32],[         537,        0.36],[         528,        0.34],[         708,        0.43]],
[[         394,        0.31],[         444,        0.33],[         579,        0.39],[         528,        0.34],[         698,        0.43]],
[[         341,        0.27],[         412,         0.3],[         475,        0.32],[         579,        0.37],[         669,        0.41]],
[[         393,        0.31],[         413,         0.3],[         352,        0.24],[         481,        0.31],[         607,        0.37]],
[[         343,        0.27],[         387,        0.28],[         348,        0.24],[         484,        0.31],[         612,        0.38]],
[[         351,        0.28],[         377,        0.28],[         419,        0.28],[         516,        0.33],[         574,        0.35]],
[[         209,        0.16],[         302,        0.22],[         417,        0.28],[         461,        0.29],[         526,        0.32]],
[[         182,        0.14],[         312,        0.23],[         366,        0.25],[         506,        0.32],[         506,        0.31]],
[[         189,        0.15],[         299,        0.22],[         356,        0.24],[         538,        0.34],[         486,         0.3]],
[[         175,        0.14],[         284,        0.21],[         317,        0.22],[         423,        0.27],[         456,        0.28]],
[[         174,        0.14],[         228,        0.17],[         281,        0.19],[         378,        0.24],[         409,        0.25]],
[[         135,        0.11],[         230,        0.17],[         296,         0.2],[         395,        0.25],[         396,        0.24]],
[[         674,        0.53],[         161,        0.12],[         274,        0.19],[         323,        0.21],[         410,        0.25]],
[[           .,           .],[         158,        0.12],[         232,        0.16],[         237,        0.15],[         333,         0.2]],
[[           .,           .],[         154,        0.11],[         204,        0.14],[         213,        0.14],[         311,        0.19]],
[[           .,           .],[         126,        0.09],[         160,        0.11],[         226,        0.14],[         310,        0.19]],
[[           .,           .],[          65,        0.05],[         137,        0.09],[         210,        0.13],[         267,        0.16]],
[[           .,           .],[         202,        0.15],[         505,        0.34],[         805,        0.51],[        1309,         0.8]]],
[[[         816,        0.64],[        1008,        0.74],[         815,        0.55],[         914,        0.58],[         895,        0.55]],
[[         871,        0.69],[         898,        0.66],[         859,        0.58],[         943,         0.6],[         913,        0.56]],
[[         846,        0.67],[         926,        0.68],[         995,        0.68],[         974,        0.62],[         938,        0.57]],
[[         825,        0.65],[         895,        0.66],[         948,        0.64],[         997,        0.63],[         959,        0.59]],
[[         865,        0.68],[         917,        0.67],[        1004,        0.68],[        1016,        0.65],[         978,         0.6]],
[[         784,        0.62],[         837,        0.62],[        1009,        0.68],[        1029,        0.65],[         993,        0.61]],
[[         804,        0.63],[         850,        0.62],[        1112,        0.75],[        1038,        0.66],[        1007,        0.62]],
[[         815,        0.64],[         853,        0.63],[        1080,        0.73],[        1046,        0.66],[        1021,        0.63]],
[[         785,        0.62],[         860,        0.63],[        1102,        0.75],[        1055,        0.67],[        1036,        0.63]],
[[         781,        0.61],[         907,        0.67],[        1078,        0.73],[        1065,        0.68],[        1051,        0.64]],
[[         726,        0.57],[         865,        0.64],[        1179,         0.8],[        1071,        0.68],[        1066,        0.65]],
[[         719,        0.57],[         896,        0.66],[        1020,        0.69],[        1065,        0.68],[        1073,        0.66]],
[[         743,        0.58],[         871,        0.64],[        1047,        0.71],[        1119,        0.71],[        1085,        0.66]],
[[         770,        0.61],[         885,        0.65],[         931,        0.63],[        1077,        0.68],[        1088,        0.67]],
[[         690,        0.54],[         881,        0.65],[         991,        0.67],[        1119,        0.71],[        1094,        0.67]],
[[         714,        0.56],[         834,        0.61],[         877,         0.6],[        1114,        0.71],[        1097,        0.67]],
[[         759,         0.6],[         856,        0.63],[         868,        0.59],[        1175,        0.75],[        1092,        0.67]],
[[         761,         0.6],[         913,        0.67],[         919,        0.62],[        1132,        0.72],[        1079,        0.66]],
[[         785,        0.62],[         834,        0.61],[         829,        0.56],[        1027,        0.65],[         995,        0.61]],
[[         757,         0.6],[         535,        0.39],[         392,        0.27],[         284,        0.18],[         280,        0.17]],
[[         619,        0.49],[         393,        0.29],[         327,        0.22],[         267,        0.17],[         256,        0.16]],
[[         584,        0.46],[         461,        0.34],[         408,        0.28],[         376,        0.24],[         392,        0.24]],
[[         612,        0.48],[         606,        0.45],[         620,        0.42],[         561,        0.36],[         607,        0.37]],
[[         680,        0.54],[         746,        0.55],[         742,         0.5],[         641,        0.41],[         724,        0.44]],
[[         680,        0.54],[         701,        0.52],[         785,        0.53],[         667,        0.42],[         765,        0.47]],
[[         710,        0.56],[         757,        0.56],[         706,        0.48],[         664,        0.42],[         803,        0.49]],
[[         830,        0.65],[         782,        0.57],[         673,        0.46],[         677,        0.43],[         863,        0.53]],
[[         849,        0.67],[         831,        0.61],[         752,        0.51],[         715,        0.45],[         863,        0.53]],
[[         939,        0.74],[         855,        0.63],[         775,        0.53],[         729,        0.46],[         851,        0.52]],
[[         984,        0.77],[         924,        0.68],[         815,        0.55],[         750,        0.48],[         837,        0.51]],
[[        1002,        0.79],[         855,        0.63],[         876,        0.59],[         806,        0.51],[         892,        0.55]],
[[        1091,        0.86],[         878,        0.65],[         895,        0.61],[         895,        0.57],[         903,        0.55]],
[[        1066,        0.84],[         990,        0.73],[         882,         0.6],[         935,        0.59],[         925,        0.57]],
[[        1058,        0.83],[        1024,        0.75],[         934,        0.63],[         974,        0.62],[         920,        0.56]],
[[        1120,        0.88],[        1040,        0.76],[         973,        0.66],[        1027,        0.65],[         938,        0.57]],
[[        1072,        0.84],[        1082,         0.8],[        1019,        0.69],[        1063,        0.68],[         942,        0.58]],
[[        1036,        0.82],[        1148,        0.84],[        1056,        0.72],[        1114,        0.71],[         959,        0.59]],
[[        1053,        0.83],[        1130,        0.83],[        1195,        0.81],[        1181,        0.75],[        1017,        0.62]],
[[        1010,         0.8],[        1115,        0.82],[        1160,        0.79],[        1190,        0.76],[        1060,        0.65]],
[[         920,        0.72],[        1090,         0.8],[        1237,        0.84],[        1221,        0.78],[        1097,        0.67]],
[[         938,        0.74],[        1112,        0.82],[        1116,        0.76],[        1256,         0.8],[        1113,        0.68]],
[[         909,        0.72],[        1211,        0.89],[        1141,        0.77],[        1254,         0.8],[        1158,        0.71]],
[[         900,        0.71],[        1169,        0.86],[        1275,        0.87],[        1233,        0.78],[        1162,        0.71]],
[[         869,        0.68],[        1154,        0.85],[        1205,        0.82],[        1228,        0.78],[        1168,        0.72]],
[[         872,        0.69],[        1162,        0.85],[        1230,        0.83],[        1235,        0.78],[        1200,        0.74]],
[[         884,         0.7],[        1064,        0.78],[        1150,        0.78],[        1238,        0.79],[        1196,        0.73]],
[[         855,        0.67],[        1085,         0.8],[        1214,        0.82],[        1234,        0.78],[        1203,        0.74]],
[[         920,        0.72],[        1059,        0.78],[        1160,        0.79],[        1277,        0.81],[        1220,        0.75]],
[[         923,        0.73],[         996,        0.73],[        1069,        0.73],[        1230,        0.78],[        1191,        0.73]],
[[         961,        0.76],[         917,        0.67],[        1062,        0.72],[        1211,        0.77],[        1198,        0.73]],
[[        1036,        0.82],[         927,        0.68],[        1092,        0.74],[        1086,        0.69],[        1221,        0.75]],
[[        1128,        0.89],[         817,         0.6],[        1211,        0.82],[        1088,        0.69],[        1201,        0.74]],
[[         891,         0.7],[         870,        0.64],[        1131,        0.77],[        1151,        0.73],[        1168,        0.72]],
[[         859,        0.68],[         807,        0.59],[        1071,        0.73],[        1087,        0.69],[        1145,         0.7]],
[[         871,        0.69],[         834,        0.61],[        1041,        0.71],[        1107,         0.7],[        1126,        0.69]],
[[         778,        0.61],[         803,        0.59],[        1002,        0.68],[        1027,        0.65],[        1117,        0.68]],
[[         655,        0.52],[         803,        0.59],[         961,        0.65],[        1063,        0.68],[        1104,        0.68]],
[[         595,        0.47],[         759,        0.56],[         934,        0.63],[        1015,        0.64],[        1122,        0.69]],
[[         641,         0.5],[         812,         0.6],[         891,         0.6],[         965,        0.61],[        1087,        0.67]],
[[         693,        0.55],[         805,        0.59],[         812,        0.55],[         935,        0.59],[        1060,        0.65]],
[[         637,         0.5],[         827,        0.61],[         843,        0.57],[         946,         0.6],[         947,        0.58]],
[[         645,        0.51],[         946,         0.7],[         731,         0.5],[        1015,        0.64],[         931,        0.57]],
[[         619,        0.49],[         717,        0.53],[         781,        0.53],[         960,        0.61],[         972,         0.6]],
[[         578,        0.46],[         691,        0.51],[         684,        0.46],[         923,        0.59],[         927,        0.57]],
[[         551,        0.43],[         671,        0.49],[         725,        0.49],[         894,        0.57],[         940,        0.58]],
[[         554,        0.44],[         653,        0.48],[         669,        0.45],[         856,        0.54],[         887,        0.54]],
[[         561,        0.44],[         536,        0.39],[         678,        0.46],[         845,        0.54],[         921,        0.56]],
[[         556,        0.44],[         467,        0.34],[         660,        0.45],[         812,        0.52],[         893,        0.55]],
[[         540,        0.43],[         519,        0.38],[         715,        0.49],[         769,        0.49],[         847,        0.52]],
[[         545,        0.43],[         571,        0.42],[         702,        0.48],[         718,        0.46],[         827,        0.51]],
[[         543,        0.43],[         533,        0.39],[         740,         0.5],[         745,        0.47],[         845,        0.52]],
[[         549,        0.43],[         554,        0.41],[         852,        0.58],[         665,        0.42],[         902,        0.55]],
[[         530,        0.42],[         539,         0.4],[         671,        0.46],[         701,        0.45],[         871,        0.53]],
[[         515,        0.41],[         496,        0.36],[         585,         0.4],[         632,         0.4],[         843,        0.52]],
[[         490,        0.39],[         468,        0.34],[         597,        0.41],[         656,        0.42],[         818,         0.5]],
[[         481,        0.38],[         496,        0.36],[         573,        0.39],[         624,         0.4],[         789,        0.48]],
[[         495,        0.39],[         466,        0.34],[         490,        0.33],[         610,        0.39],[         773,        0.47]],
[[         523,        0.41],[         452,        0.33],[         428,        0.29],[         614,        0.39],[         741,        0.45]],
[[         532,        0.42],[         460,        0.34],[         448,         0.3],[         629,         0.4],[         699,        0.43]],
[[         321,        0.25],[         449,        0.33],[         469,        0.32],[         620,        0.39],[         652,         0.4]],
[[         295,        0.23],[         424,        0.31],[         470,        0.32],[         642,        0.41],[         652,         0.4]],
[[         296,        0.23],[         382,        0.28],[         441,         0.3],[         711,        0.45],[         579,        0.35]],
[[         325,        0.26],[         372,        0.27],[         411,        0.28],[         533,        0.34],[         583,        0.36]],
[[         320,        0.25],[         395,        0.29],[         334,        0.23],[         464,        0.29],[         517,        0.32]],
[[         293,        0.23],[         349,        0.26],[         353,        0.24],[         450,        0.29],[         516,        0.32]],
[[        1598,        1.26],[         305,        0.22],[         338,        0.23],[         428,        0.27],[         480,        0.29]],
[[           .,           .],[         277,         0.2],[         286,        0.19],[         346,        0.22],[         447,        0.27]],
[[           .,           .],[         288,        0.21],[         289,         0.2],[         287,        0.18],[         427,        0.26]],
[[           .,           .],[         256,        0.19],[         266,        0.18],[         283,        0.18],[         413,        0.25]],
[[           .,           .],[         170,        0.12],[         243,        0.16],[         269,        0.17],[         381,        0.23]],
[[           .,           .],[         635,        0.47],[         981,        0.67],[        1208,        0.77],[        1871,        1.15]]]]}}
