{
"ons":{
"label":"Population Projections for England and Wales, by local authority",
"source":"Office for National Statistics",
"updated":"2014-10-01",
"area": {
"code":"K04000001",
"label":"England and Wales"
},
"time": {
"label":"1998-2038",
"index":["1998",  "2008",  "2018",  "2028",  "2038"]
},
"concept":{
"label":["population", "% of population"],
"units":["count", "%"],
"max":[         944,         0.99]
},
"sums":{
"series1":[       38166,        40352,        43256,        45975,        48046],
"series2":[       39666,        41263,        44498,        47584,        49902]
},
"dimension":{
"label":"age",
"index":["0", "1", "2", "3", "4", "5", "6", "7", "8", "9", "10", "11", "12", "13", "14", "15", "16", "17", "18", "19", "20", "21", "22", "23", "24", "25", "26", "27", "28", "29", "30", "31", "32", "33", "34", "35", "36", "37", "38", "39", "40", "41", "42", "43", "44", "45", "46", "47", "48", "49", "50", "51", "52", "53", "54", "55", "56", "57", "58", "59", "60", "61", "62", "63", "64", "65", "66", "67", "68", "69", "70", "71", "72", "73", "74", "75", "76", "77", "78", "79", "80", "81", "82", "83", "84", "85", "86", "87", "88", "89", "90+"]
},
"series":["male", "female"],
"value":[[[[         548,         0.7],[         606,        0.74],[         626,        0.71],[         578,        0.62],[         595,        0.61]],
[[         570,        0.73],[         621,        0.76],[         619,        0.71],[         582,        0.62],[         590,         0.6]],
[[         558,        0.72],[         527,        0.65],[         588,        0.67],[         583,        0.62],[         583,         0.6]],
[[         556,        0.71],[         524,        0.64],[         575,        0.66],[         593,        0.63],[         587,         0.6]],
[[         653,        0.84],[         516,        0.63],[         623,        0.71],[         597,        0.64],[         585,         0.6]],
[[         624,         0.8],[         535,        0.66],[         626,        0.71],[         599,        0.64],[         583,         0.6]],
[[         599,        0.77],[         530,        0.65],[         607,        0.69],[         598,        0.64],[         580,        0.59]],
[[         616,        0.79],[         506,        0.62],[         667,        0.76],[         595,        0.64],[         575,        0.59]],
[[         640,        0.82],[         562,        0.69],[         607,        0.69],[         596,        0.64],[         578,        0.59]],
[[         645,        0.83],[         477,        0.58],[         550,        0.63],[         596,        0.64],[         578,        0.59]],
[[         647,        0.83],[         525,        0.64],[         633,        0.72],[         593,        0.63],[         577,        0.59]],
[[         601,        0.77],[         550,        0.67],[         605,        0.69],[         583,        0.62],[         577,        0.59]],
[[         596,        0.77],[         553,        0.68],[         502,        0.57],[         596,        0.64],[         579,        0.59]],
[[         563,        0.72],[         542,        0.66],[         516,        0.59],[         568,        0.61],[         578,        0.59]],
[[         565,        0.73],[         614,        0.75],[         527,         0.6],[         600,        0.64],[         581,        0.59]],
[[         505,        0.65],[         622,        0.76],[         521,        0.59],[         612,        0.65],[         588,         0.6]],
[[         519,        0.67],[         563,        0.69],[         503,        0.57],[         614,        0.66],[         592,         0.6]],
[[         492,        0.63],[         615,        0.75],[         498,        0.57],[         654,         0.7],[         598,        0.61]],
[[         437,        0.56],[         657,         0.8],[         564,        0.64],[         589,        0.63],[         578,        0.59]],
[[         325,        0.42],[         519,        0.64],[         389,        0.44],[         468,         0.5],[         495,        0.51]],
[[         311,         0.4],[         504,        0.62],[         406,        0.46],[         468,         0.5],[         446,        0.46]],
[[         297,        0.38],[         501,        0.61],[         473,        0.54],[         469,         0.5],[         460,        0.47]],
[[         403,        0.52],[         545,        0.67],[         512,        0.58],[         435,        0.46],[         496,        0.51]],
[[         476,        0.61],[         550,        0.67],[         541,        0.62],[         471,         0.5],[         530,        0.54]],
[[         522,        0.67],[         530,        0.65],[         615,         0.7],[         496,        0.53],[         577,        0.59]],
[[         538,        0.69],[         540,        0.66],[         598,        0.68],[         509,        0.54],[         604,        0.62]],
[[         620,         0.8],[         538,        0.66],[         533,        0.61],[         506,        0.54],[         629,        0.64]],
[[         617,        0.79],[         585,        0.72],[         614,         0.7],[         529,        0.57],[         650,        0.66]],
[[         588,        0.76],[         541,        0.66],[         637,        0.73],[         570,        0.61],[         635,        0.65]],
[[         676,        0.87],[         541,        0.66],[         654,        0.75],[         557,         0.6],[         625,        0.64]],
[[         657,        0.84],[         519,        0.64],[         606,        0.69],[         588,        0.63],[         660,        0.67]],
[[         641,        0.82],[         509,        0.62],[         641,        0.73],[         629,        0.67],[         654,        0.67]],
[[         675,        0.87],[         562,        0.69],[         711,        0.81],[         663,        0.71],[         626,        0.64]],
[[         720,        0.93],[         528,        0.65],[         723,        0.82],[         662,        0.71],[         616,        0.63]],
[[         729,        0.94],[         572,         0.7],[         597,        0.68],[         708,        0.76],[         613,        0.63]],
[[         729,        0.94],[         572,         0.7],[         648,        0.74],[         693,        0.74],[         598,        0.61]],
[[         728,        0.94],[         588,        0.72],[         604,        0.69],[         670,        0.72],[         585,         0.6]],
[[         698,         0.9],[         610,        0.75],[         670,        0.76],[         682,        0.73],[         588,         0.6]],
[[         623,         0.8],[         611,        0.75],[         649,        0.74],[         697,        0.74],[         613,        0.63]],
[[         638,        0.82],[         631,        0.77],[         567,        0.65],[         666,        0.71],[         603,        0.62]],
[[         618,        0.79],[         645,        0.79],[         534,        0.61],[         665,        0.71],[         614,        0.63]],
[[         570,        0.73],[         677,        0.83],[         558,        0.64],[         648,        0.69],[         633,        0.65]],
[[         526,        0.68],[         674,        0.83],[         539,        0.61],[         667,        0.71],[         641,        0.65]],
[[         525,        0.67],[         663,        0.81],[         484,        0.55],[         676,        0.72],[         638,        0.65]],
[[         487,        0.63],[         705,        0.86],[         519,        0.59],[         594,        0.63],[         665,        0.68]],
[[         501,        0.64],[         680,        0.83],[         566,        0.64],[         624,        0.67],[         655,        0.67]],
[[         462,        0.59],[         678,        0.83],[         540,        0.62],[         592,        0.63],[         638,        0.65]],
[[         387,         0.5],[         618,        0.76],[         564,        0.64],[         621,        0.66],[         655,        0.67]],
[[         447,        0.57],[         587,        0.72],[         555,        0.63],[         616,        0.66],[         658,        0.67]],
[[         451,        0.58],[         620,        0.76],[         632,        0.72],[         562,         0.6],[         641,        0.65]],
[[         483,        0.62],[         593,        0.73],[         588,        0.67],[         532,        0.57],[         642,        0.66]],
[[         521,        0.67],[         570,         0.7],[         634,        0.72],[         541,        0.58],[         626,        0.64]],
[[         407,        0.52],[         521,        0.64],[         675,        0.77],[         540,        0.58],[         643,        0.66]],
[[         366,        0.47],[         506,        0.62],[         671,        0.76],[         500,        0.53],[         641,        0.65]],
[[         379,        0.49],[         461,        0.56],[         669,        0.76],[         520,        0.56],[         579,        0.59]],
[[         398,        0.51],[         440,        0.54],[         609,        0.69],[         549,        0.59],[         599,        0.61]],
[[         367,        0.47],[         441,        0.54],[         646,        0.74],[         537,        0.57],[         579,        0.59]],
[[         311,         0.4],[         381,        0.47],[         564,        0.64],[         560,         0.6],[         599,        0.61]],
[[         355,        0.46],[         420,        0.51],[         504,        0.57],[         544,        0.58],[         594,        0.61]],
[[         343,        0.44],[         422,        0.52],[         556,        0.63],[         583,        0.62],[         543,        0.55]],
[[         335,        0.43],[         432,        0.53],[         525,         0.6],[         543,        0.58],[         505,        0.52]],
[[         320,        0.41],[         483,        0.59],[         518,        0.59],[         562,         0.6],[         503,        0.51]],
[[         338,        0.43],[         345,        0.42],[         480,        0.55],[         599,        0.64],[         495,        0.51]],
[[         337,        0.43],[         326,         0.4],[         448,        0.51],[         578,        0.62],[         462,        0.47]],
[[         322,        0.41],[         326,         0.4],[         407,        0.46],[         570,        0.61],[         477,        0.49]],
[[         292,        0.38],[         325,         0.4],[         390,        0.44],[         540,        0.58],[         488,         0.5]],
[[         321,        0.41],[         288,        0.35],[         365,        0.42],[         546,        0.58],[         475,        0.48]],
[[         338,        0.43],[         268,        0.33],[         316,        0.36],[         489,        0.52],[         488,         0.5]],
[[         300,        0.39],[         264,        0.32],[         361,        0.41],[         442,        0.47],[         469,        0.48]],
[[         305,        0.39],[         275,        0.34],[         346,        0.39],[         463,        0.49],[         494,         0.5]],
[[         290,        0.37],[         264,        0.32],[         372,        0.42],[         433,        0.46],[         464,        0.47]],
[[         273,        0.35],[         243,         0.3],[         411,        0.47],[         426,        0.46],[         473,        0.48]],
[[         278,        0.36],[         274,        0.34],[         265,         0.3],[         387,        0.41],[         500,        0.51]],
[[         239,        0.31],[         244,         0.3],[         265,         0.3],[         358,        0.38],[         482,        0.49]],
[[         231,         0.3],[         248,         0.3],[         247,        0.28],[         329,        0.35],[         468,        0.48]],
[[         250,        0.32],[         198,        0.24],[         290,        0.33],[         319,        0.34],[         448,        0.46]],
[[         203,        0.26],[         223,        0.27],[         215,        0.25],[         306,        0.33],[         446,        0.46]],
[[         189,        0.24],[         230,        0.28],[         200,        0.23],[         268,        0.29],[         400,        0.41]],
[[         188,        0.24],[         187,        0.23],[         196,        0.22],[         291,        0.31],[         362,        0.37]],
[[         110,        0.14],[         190,        0.23],[         198,        0.23],[         275,        0.29],[         368,        0.38]],
[[          82,        0.11],[         159,        0.19],[         176,         0.2],[         294,        0.31],[         343,        0.35]],
[[         100,        0.13],[         170,        0.21],[         174,         0.2],[         313,        0.33],[         332,        0.34]],
[[         103,        0.13],[         138,        0.17],[         176,         0.2],[         208,        0.22],[         297,         0.3]],
[[          69,        0.09],[         144,        0.18],[         149,        0.17],[         201,        0.21],[         267,        0.27]],
[[          63,        0.08],[         108,        0.13],[         145,        0.17],[         178,        0.19],[         239,        0.24]],
[[         241,        0.31],[         111,        0.14],[          94,        0.11],[         183,         0.2],[         222,        0.23]],
[[           .,           .],[          92,        0.11],[         105,        0.12],[         133,        0.14],[         196,         0.2]],
[[           .,           .],[          86,        0.11],[         121,        0.14],[         112,        0.12],[         163,        0.17]],
[[           .,           .],[          46,        0.06],[          84,         0.1],[          98,         0.1],[         158,        0.16]],
[[           .,           .],[          35,        0.04],[          61,        0.07],[          88,        0.09],[         137,        0.14]],
[[           .,           .],[          87,        0.11],[         204,        0.23],[         312,        0.33],[         557,        0.57]]],
[[[         505,        0.65],[         539,        0.66],[         563,        0.64],[         553,        0.59],[         570,        0.58]],
[[         497,        0.64],[         532,        0.65],[         531,        0.61],[         564,         0.6],[         571,        0.58]],
[[         534,        0.69],[         537,        0.66],[         602,        0.69],[         570,        0.61],[         569,        0.58]],
[[         545,         0.7],[         456,        0.56],[         583,        0.66],[         572,        0.61],[         565,        0.58]],
[[         581,        0.75],[         514,        0.63],[         581,        0.66],[         575,        0.61],[         563,        0.57]],
[[         583,        0.75],[         481,        0.59],[         590,        0.67],[         573,        0.61],[         558,        0.57]],
[[         612,        0.79],[         446,        0.55],[         651,        0.74],[         570,        0.61],[         553,        0.56]],
[[         608,        0.78],[         439,        0.54],[         616,         0.7],[         572,        0.61],[         553,        0.56]],
[[         580,        0.75],[         479,        0.59],[         613,         0.7],[         569,        0.61],[         551,        0.56]],
[[         621,         0.8],[         479,        0.59],[         559,        0.64],[         571,        0.61],[         554,        0.57]],
[[         545,         0.7],[         477,        0.58],[         529,         0.6],[         572,        0.61],[         557,        0.57]],
[[         537,        0.69],[         449,        0.55],[         533,        0.61],[         563,         0.6],[         557,        0.57]],
[[         564,        0.72],[         545,        0.67],[         512,        0.58],[         588,        0.63],[         559,        0.57]],
[[         548,         0.7],[         525,        0.64],[         438,         0.5],[         572,        0.61],[         558,        0.57]],
[[         525,        0.67],[         545,        0.67],[         462,        0.53],[         568,        0.61],[         561,        0.57]],
[[         480,        0.62],[         559,        0.68],[         466,        0.53],[         576,        0.62],[         566,        0.58]],
[[         463,        0.59],[         561,        0.69],[         428,        0.49],[         616,        0.66],[         569,        0.58]],
[[         478,        0.61],[         557,        0.68],[         423,        0.48],[         607,        0.65],[         571,        0.58]],
[[         447,        0.57],[         567,        0.69],[         449,        0.51],[         583,        0.62],[         554,        0.57]],
[[         398,        0.51],[         496,        0.61],[         320,        0.36],[         451,        0.48],[         447,        0.46]],
[[         317,        0.41],[         444,        0.54],[         395,        0.45],[         401,        0.43],[         421,        0.43]],
[[         330,        0.42],[         514,        0.63],[         391,        0.45],[         439,        0.47],[         468,        0.48]],
[[         420,        0.54],[         532,        0.65],[         541,        0.62],[         460,        0.49],[         512,        0.52]],
[[         492,        0.63],[         586,        0.72],[         514,        0.59],[         467,         0.5],[         551,        0.56]],
[[         534,        0.69],[         568,         0.7],[         575,        0.66],[         506,        0.54],[         588,         0.6]],
[[         584,        0.75],[         602,        0.74],[         567,        0.65],[         521,        0.56],[         627,        0.64]],
[[         637,        0.82],[         581,        0.71],[         587,        0.67],[         522,        0.56],[         675,        0.69]],
[[         668,        0.86],[         603,        0.74],[         632,        0.72],[         545,        0.58],[         674,        0.69]],
[[         630,        0.81],[         559,        0.68],[         671,        0.76],[         580,        0.62],[         679,        0.69]],
[[         642,        0.82],[         561,        0.69],[         734,        0.84],[         592,        0.63],[         667,        0.68]],
[[         674,        0.87],[         529,        0.65],[         729,        0.83],[         618,        0.66],[         675,        0.69]],
[[         702,         0.9],[         535,        0.66],[         732,        0.83],[         632,        0.68],[         658,        0.67]],
[[         770,        0.99],[         553,        0.68],[         706,         0.8],[         668,        0.71],[         654,        0.67]],
[[         731,        0.94],[         586,        0.72],[         682,        0.78],[         661,        0.71],[         621,        0.63]],
[[         701,         0.9],[         519,        0.64],[         689,        0.79],[         681,        0.73],[         612,        0.62]],
[[         744,        0.96],[         596,        0.73],[         729,        0.83],[         686,        0.73],[         594,        0.61]],
[[         699,         0.9],[         609,        0.75],[         639,        0.73],[         688,        0.74],[         578,        0.59]],
[[         648,        0.83],[         662,        0.81],[         662,        0.75],[         688,        0.74],[         594,        0.61]],
[[         655,        0.84],[         634,        0.78],[         633,        0.72],[         688,        0.74],[         605,        0.62]],
[[         631,        0.81],[         678,        0.83],[         630,        0.72],[         706,        0.75],[         613,        0.63]],
[[         575,        0.74],[         676,        0.83],[         540,        0.62],[         734,        0.78],[         622,        0.64]],
[[         528,        0.68],[         670,        0.82],[         543,        0.62],[         693,        0.74],[         631,        0.64]],
[[         504,        0.65],[         728,        0.89],[         568,        0.65],[         691,        0.74],[         649,        0.66]],
[[         501,        0.64],[         680,        0.83],[         556,        0.63],[         667,        0.71],[         642,        0.66]],
[[         481,        0.62],[         657,         0.8],[         496,        0.57],[         674,        0.72],[         667,        0.68]],
[[         437,        0.56],[         714,        0.87],[         596,        0.68],[         701,        0.75],[         663,        0.68]],
[[         433,        0.56],[         644,        0.79],[         585,        0.67],[         619,        0.66],[         664,        0.68]],
[[         445,        0.57],[         602,        0.74],[         630,        0.72],[         646,        0.69],[         657,        0.67]],
[[         446,        0.57],[         629,        0.77],[         637,        0.73],[         633,        0.68],[         660,        0.67]],
[[         425,        0.55],[         585,        0.72],[         642,        0.73],[         612,        0.65],[         677,        0.69]],
[[         516,        0.66],[         555,        0.68],[         643,        0.73],[         539,        0.58],[         700,        0.71]],
[[         548,         0.7],[         494,        0.61],[         642,        0.73],[         534,        0.57],[         667,        0.68]],
[[         449,        0.58],[         473,        0.58],[         689,        0.79],[         550,        0.59],[         662,        0.68]],
[[         428,        0.55],[         477,        0.58],[         629,        0.72],[         557,         0.6],[         641,        0.65]],
[[         400,        0.51],[         435,        0.53],[         642,        0.73],[         489,        0.52],[         637,        0.65]],
[[         400,        0.51],[         400,        0.49],[         675,        0.77],[         564,         0.6],[         665,        0.68]],
[[         368,        0.47],[         405,         0.5],[         618,         0.7],[         580,        0.62],[         599,        0.61]],
[[         325,        0.42],[         413,        0.51],[         519,        0.59],[         601,        0.64],[         623,        0.64]],
[[         370,        0.48],[         408,         0.5],[         569,        0.65],[         586,        0.63],[         609,        0.62]],
[[         322,        0.41],[         397,        0.49],[         549,        0.63],[         598,        0.64],[         582,        0.59]],
[[         382,        0.49],[         436,        0.53],[         514,        0.59],[         603,        0.64],[         515,        0.53]],
[[         371,        0.48],[         504,        0.62],[         464,        0.53],[         599,        0.64],[         503,        0.51]],
[[         382,        0.49],[         402,        0.49],[         438,         0.5],[         638,        0.68],[         513,        0.52]],
[[         404,        0.52],[         369,        0.45],[         421,        0.48],[         588,        0.63],[         515,        0.53]],
[[         353,        0.45],[         351,        0.43],[         391,        0.45],[         577,        0.62],[         460,        0.47]],
[[         336,        0.43],[         369,        0.45],[         354,         0.4],[         590,        0.63],[         509,        0.52]],
[[         369,        0.47],[         317,        0.39],[         363,        0.41],[         555,        0.59],[         525,        0.54]],
[[         390,         0.5],[         275,        0.34],[         372,        0.42],[         483,        0.52],[         540,        0.55]],
[[         351,        0.45],[         323,         0.4],[         363,        0.41],[         510,        0.55],[         524,        0.53]],
[[         362,        0.47],[         303,        0.37],[         342,        0.39],[         482,        0.52],[         532,        0.54]],
[[         319,        0.41],[         315,        0.39],[         379,        0.43],[         461,        0.49],[         536,        0.55]],
[[         309,         0.4],[         335,        0.41],[         418,        0.48],[         411,        0.44],[         532,        0.54]],
[[         303,        0.39],[         307,        0.38],[         353,         0.4],[         394,        0.42],[         561,        0.57]],
[[         292,        0.38],[         338,        0.41],[         333,        0.38],[         370,         0.4],[         519,        0.53]],
[[         303,        0.39],[         303,        0.37],[         303,        0.35],[         344,        0.37],[         509,        0.52]],
[[         298,        0.38],[         280,        0.34],[         285,        0.32],[         330,        0.35],[         522,        0.53]],
[[         265,        0.34],[         319,        0.39],[         262,         0.3],[         324,        0.35],[         488,         0.5]],
[[         305,        0.39],[         311,        0.38],[         216,        0.25],[         322,        0.34],[         428,        0.44]],
[[         263,        0.34],[         263,        0.32],[         278,        0.32],[         317,        0.34],[         440,        0.45]],
[[         180,        0.23],[         279,        0.34],[         246,        0.28],[         305,        0.33],[         413,        0.42]],
[[         148,        0.19],[         232,        0.28],[         255,        0.29],[         329,        0.35],[         391,         0.4]],
[[         145,        0.19],[         222,        0.27],[         262,         0.3],[         365,        0.39],[         349,        0.36]],
[[         133,        0.17],[         194,        0.24],[         236,        0.27],[         282,         0.3],[         328,        0.33]],
[[         169,        0.22],[         170,        0.21],[         268,        0.31],[         252,        0.27],[         301,        0.31]],
[[         149,        0.19],[         176,        0.22],[         221,        0.25],[         240,        0.26],[         278,        0.28]],
[[         624,         0.8],[         161,         0.2],[         166,        0.19],[         221,        0.24],[         256,        0.26]],
[[           .,           .],[         128,        0.16],[         199,        0.23],[         188,         0.2],[         241,        0.25]],
[[           .,           .],[         145,        0.18],[         168,        0.19],[         149,        0.16],[         227,        0.23]],
[[           .,           .],[         108,        0.13],[         141,        0.16],[         169,        0.18],[         213,        0.22]],
[[           .,           .],[          82,         0.1],[         149,        0.17],[         146,        0.16],[         195,         0.2]],
[[           .,           .],[         270,        0.33],[         483,        0.55],[         639,        0.68],[         944,        0.96]]]]}}
