{
"ons":{
"label":"Population Projections for England and Wales, by local authority",
"source":"Office for National Statistics",
"updated":"2014-10-01",
"area": {
"code":"K04000001",
"label":"England and Wales"
},
"time": {
"label":"1998-2038",
"index":["1998",  "2008",  "2018",  "2028",  "2038"]
},
"concept":{
"label":["population", "% of population"],
"units":["count", "%"],
"max":[        1063,         1.04]
},
"sums":{
"series1":[       40382,        42503,        45445,        47278,        48558],
"series2":[       44298,        46037,        48885,        51506,        53453]
},
"dimension":{
"label":"age",
"index":["0", "1", "2", "3", "4", "5", "6", "7", "8", "9", "10", "11", "12", "13", "14", "15", "16", "17", "18", "19", "20", "21", "22", "23", "24", "25", "26", "27", "28", "29", "30", "31", "32", "33", "34", "35", "36", "37", "38", "39", "40", "41", "42", "43", "44", "45", "46", "47", "48", "49", "50", "51", "52", "53", "54", "55", "56", "57", "58", "59", "60", "61", "62", "63", "64", "65", "66", "67", "68", "69", "70", "71", "72", "73", "74", "75", "76", "77", "78", "79", "80", "81", "82", "83", "84", "85", "86", "87", "88", "89", "90+"]
},
"series":["male", "female"],
"value":[[[[         481,        0.57],[         441,         0.5],[         418,        0.44],[         455,        0.46],[         442,        0.43]],
[[         508,         0.6],[         490,        0.55],[         429,        0.45],[         471,        0.48],[         457,        0.45]],
[[         471,        0.56],[         450,        0.51],[         460,        0.49],[         476,        0.48],[         464,        0.45]],
[[         478,        0.56],[         508,        0.57],[         432,        0.46],[         487,        0.49],[         472,        0.46]],
[[         499,        0.59],[         520,        0.59],[         476,         0.5],[         493,         0.5],[         489,        0.48]],
[[         498,        0.59],[         500,        0.56],[         486,        0.52],[         499,        0.51],[         497,        0.49]],
[[         536,        0.63],[         485,        0.55],[         491,        0.52],[         511,        0.52],[         517,        0.51]],
[[         505,         0.6],[         494,        0.56],[         500,        0.53],[         504,        0.51],[         514,         0.5]],
[[         544,        0.64],[         502,        0.57],[         498,        0.53],[         498,         0.5],[         517,        0.51]],
[[         510,         0.6],[         579,        0.65],[         512,        0.54],[         501,        0.51],[         522,        0.51]],
[[         576,        0.68],[         559,        0.63],[         532,        0.56],[         504,        0.51],[         534,        0.52]],
[[         548,        0.65],[         597,        0.67],[         523,        0.55],[         497,         0.5],[         549,        0.54]],
[[         602,        0.71],[         572,        0.65],[         525,        0.56],[         531,        0.54],[         547,        0.54]],
[[         538,        0.64],[         584,        0.66],[         551,        0.58],[         513,        0.52],[         554,        0.54]],
[[         542,        0.64],[         531,         0.6],[         601,        0.64],[         538,        0.54],[         551,        0.54]],
[[         561,        0.66],[         467,        0.53],[         530,        0.56],[         536,        0.54],[         542,        0.53]],
[[         513,        0.61],[         538,        0.61],[         519,        0.55],[         532,        0.54],[         541,        0.53]],
[[         541,        0.64],[         651,        0.74],[         526,        0.56],[         547,        0.55],[         552,        0.54]],
[[         535,        0.63],[         744,        0.84],[         587,        0.62],[         606,        0.61],[         603,        0.59]],
[[         713,        0.84],[         676,        0.76],[         712,        0.75],[         722,        0.73],[         706,        0.69]],
[[         616,        0.73],[         771,        0.87],[         768,        0.81],[         770,        0.78],[         741,        0.73]],
[[         638,        0.75],[         704,         0.8],[         868,        0.92],[         742,        0.75],[         720,        0.71]],
[[         608,        0.72],[         625,        0.71],[         782,        0.83],[         693,         0.7],[         720,        0.71]],
[[         538,        0.64],[         537,        0.61],[         743,        0.79],[         684,        0.69],[         660,        0.65]],
[[         497,        0.59],[         570,        0.64],[         673,        0.71],[         677,        0.69],[         652,        0.64]],
[[         503,        0.59],[         514,        0.58],[         577,        0.61],[         577,        0.58],[         612,         0.6]],
[[         535,        0.63],[         497,        0.56],[         655,        0.69],[         539,        0.55],[         586,        0.57]],
[[         536,        0.63],[         438,        0.49],[         637,        0.68],[         531,        0.54],[         551,        0.54]],
[[         552,        0.65],[         417,        0.47],[         678,        0.72],[         526,        0.53],[         504,        0.49]],
[[         548,        0.65],[         421,        0.48],[         605,        0.64],[         526,        0.53],[         503,        0.49]],
[[         566,        0.67],[         373,        0.42],[         517,        0.55],[         521,        0.53],[         492,        0.48]],
[[         543,        0.64],[         387,        0.44],[         489,        0.52],[         563,        0.57],[         481,        0.47]],
[[         565,        0.67],[         410,        0.46],[         475,         0.5],[         580,        0.59],[         486,        0.48]],
[[         630,        0.74],[         414,        0.47],[         443,        0.47],[         585,        0.59],[         490,        0.48]],
[[         603,        0.71],[         437,        0.49],[         531,        0.56],[         569,        0.58],[         511,         0.5]],
[[         620,        0.73],[         479,        0.54],[         470,         0.5],[         574,        0.58],[         481,        0.47]],
[[         574,        0.68],[         533,         0.6],[         518,        0.55],[         625,        0.63],[         497,        0.49]],
[[         596,         0.7],[         581,        0.66],[         473,         0.5],[         613,        0.62],[         516,        0.51]],
[[         644,        0.76],[         608,        0.69],[         466,        0.49],[         617,        0.62],[         537,        0.53]],
[[         636,        0.75],[         620,         0.7],[         549,        0.58],[         621,        0.63],[         569,        0.56]],
[[         578,        0.68],[         660,        0.75],[         447,        0.47],[         597,         0.6],[         585,        0.57]],
[[         566,        0.67],[         627,        0.71],[         480,        0.51],[         592,         0.6],[         632,        0.62]],
[[         568,        0.67],[         682,        0.77],[         548,        0.58],[         571,        0.58],[         645,        0.63]],
[[         530,        0.63],[         732,        0.83],[         518,        0.55],[         533,        0.54],[         660,        0.65]],
[[         546,        0.64],[         729,        0.82],[         514,        0.54],[         603,        0.61],[         647,        0.63]],
[[         547,        0.65],[         674,        0.76],[         540,        0.57],[         551,        0.56],[         646,        0.63]],
[[         574,        0.68],[         641,        0.72],[         583,        0.62],[         570,        0.58],[         683,        0.67]],
[[         574,        0.68],[         664,        0.75],[         618,        0.66],[         520,        0.53],[         672,        0.66]],
[[         580,        0.68],[         651,        0.74],[         659,         0.7],[         539,        0.55],[         671,        0.66]],
[[         584,        0.69],[         638,        0.72],[         700,        0.74],[         588,         0.6],[         659,        0.65]],
[[         613,        0.72],[         611,        0.69],[         701,        0.74],[         494,         0.5],[         632,        0.62]],
[[         726,        0.86],[         604,        0.68],[         654,        0.69],[         506,        0.51],[         622,        0.61]],
[[         537,        0.63],[         574,        0.65],[         699,        0.74],[         551,        0.56],[         595,        0.58]],
[[         478,        0.56],[         540,        0.61],[         755,         0.8],[         534,        0.54],[         552,        0.54]],
[[         517,        0.61],[         521,        0.59],[         687,        0.73],[         546,        0.55],[         609,         0.6]],
[[         510,         0.6],[         544,        0.61],[         686,        0.73],[         545,        0.55],[         559,        0.55]],
[[         461,        0.54],[         535,         0.6],[         636,        0.67],[         592,         0.6],[         576,        0.56]],
[[         436,        0.51],[         551,        0.62],[         636,        0.67],[         622,        0.63],[         526,        0.52]],
[[         441,        0.52],[         557,        0.63],[         688,        0.73],[         650,        0.66],[         542,        0.53]],
[[         476,        0.56],[         568,        0.64],[         583,        0.62],[         684,        0.69],[         593,        0.58]],
[[         442,        0.52],[         577,        0.65],[         595,        0.63],[         683,        0.69],[         500,        0.49]],
[[         463,        0.55],[         664,        0.75],[         603,        0.64],[         652,        0.66],[         507,         0.5]],
[[         429,        0.51],[         515,        0.58],[         534,        0.57],[         684,        0.69],[         547,        0.54]],
[[         412,        0.49],[         412,        0.47],[         518,        0.55],[         742,        0.75],[         529,        0.52]],
[[         380,        0.45],[         499,        0.56],[         495,        0.52],[         677,        0.69],[         545,        0.53]],
[[         381,        0.45],[         460,        0.52],[         537,        0.57],[         652,        0.66],[         542,        0.53]],
[[         379,        0.45],[         401,        0.45],[         494,        0.52],[         610,        0.62],[         579,        0.57]],
[[         356,        0.42],[         398,        0.45],[         478,        0.51],[         593,         0.6],[         594,        0.58]],
[[         346,        0.41],[         402,        0.45],[         501,        0.53],[         617,        0.62],[         612,         0.6]],
[[         294,        0.35],[         414,        0.47],[         501,        0.53],[         538,        0.54],[         626,        0.61]],
[[         302,        0.36],[         352,         0.4],[         497,        0.53],[         541,        0.55],[         619,        0.61]],
[[         266,        0.31],[         378,        0.43],[         583,        0.62],[         526,        0.53],[         576,        0.56]],
[[         260,        0.31],[         343,        0.39],[         424,        0.45],[         466,        0.47],[         592,        0.58]],
[[         267,        0.32],[         330,        0.37],[         337,        0.36],[         440,        0.45],[         637,        0.62]],
[[         286,        0.34],[         303,        0.34],[         397,        0.42],[         409,        0.41],[         571,        0.56]],
[[         229,        0.27],[         303,        0.34],[         360,        0.38],[         423,        0.43],[         546,        0.54]],
[[         210,        0.25],[         282,        0.32],[         322,        0.34],[         393,         0.4],[         498,        0.49]],
[[         239,        0.28],[         256,        0.29],[         301,        0.32],[         381,        0.39],[         475,        0.47]],
[[         224,        0.26],[         212,        0.24],[         307,        0.33],[         372,        0.38],[         490,        0.48]],
[[         155,        0.18],[         182,        0.21],[         297,        0.31],[         364,        0.37],[         414,        0.41]],
[[         107,        0.13],[         174,         0.2],[         227,        0.24],[         351,        0.36],[         407,         0.4]],
[[         109,        0.13],[         170,        0.19],[         252,        0.27],[         395,         0.4],[         381,        0.37]],
[[         123,        0.15],[         144,        0.16],[         201,        0.21],[         267,        0.27],[         328,        0.32]],
[[         100,        0.12],[         140,        0.16],[         223,        0.24],[         209,        0.21],[         301,         0.3]],
[[         104,        0.12],[         130,        0.15],[         149,        0.16],[         237,        0.24],[         265,        0.26]],
[[          97,        0.11],[         105,        0.12],[         171,        0.18],[         203,        0.21],[         260,        0.25]],
[[          75,        0.09],[          88,         0.1],[         145,        0.15],[         167,        0.17],[         226,        0.22]],
[[          70,        0.08],[          90,         0.1],[          98,         0.1],[         137,        0.14],[         205,         0.2]],
[[          40,        0.05],[          76,        0.09],[          78,        0.08],[         133,        0.13],[         185,        0.18]],
[[          40,        0.05],[          45,        0.05],[          68,        0.07],[         110,        0.11],[         165,        0.16]],
[[         108,        0.13],[         131,        0.15],[         195,        0.21],[         364,        0.37],[         651,        0.64]]],
[[[         462,        0.55],[         416,        0.47],[         397,        0.42],[         439,        0.44],[         425,        0.42]],
[[         477,        0.56],[         448,        0.51],[         373,         0.4],[         448,        0.45],[         431,        0.42]],
[[         448,        0.53],[         452,        0.51],[         441,        0.47],[         458,        0.46],[         445,        0.44]],
[[         467,        0.55],[         454,        0.51],[         424,        0.45],[         465,        0.47],[         452,        0.44]],
[[         491,        0.58],[         452,        0.51],[         444,        0.47],[         477,        0.48],[         471,        0.46]],
[[         486,        0.57],[         470,        0.53],[         454,        0.48],[         479,        0.48],[         475,        0.47]],
[[         542,        0.64],[         422,        0.48],[         501,        0.53],[         485,        0.49],[         484,        0.47]],
[[         532,        0.63],[         497,        0.56],[         475,         0.5],[         495,         0.5],[         502,        0.49]],
[[         513,        0.61],[         508,        0.57],[         460,        0.49],[         497,         0.5],[         512,         0.5]],
[[         487,        0.58],[         523,        0.59],[         488,        0.52],[         500,        0.51],[         527,        0.52]],
[[         523,        0.62],[         535,         0.6],[         490,        0.52],[         503,        0.51],[         539,        0.53]],
[[         501,        0.59],[         568,        0.64],[         530,        0.56],[         497,         0.5],[         553,        0.54]],
[[         511,         0.6],[         554,        0.63],[         526,        0.56],[         534,        0.54],[         554,        0.54]],
[[         523,        0.62],[         535,         0.6],[         514,        0.54],[         533,        0.54],[         558,        0.55]],
[[         470,        0.56],[         468,        0.53],[         516,        0.55],[         545,        0.55],[         560,        0.55]],
[[         548,        0.65],[         474,        0.54],[         517,        0.55],[         535,        0.54],[         567,        0.56]],
[[         515,        0.61],[         571,        0.64],[         458,        0.49],[         587,        0.59],[         563,        0.55]],
[[         550,        0.65],[         693,        0.78],[         534,        0.57],[         574,        0.58],[         574,        0.56]],
[[         658,        0.78],[         754,        0.85],[         663,         0.7],[         649,        0.66],[         664,        0.65]],
[[         750,        0.89],[         732,        0.83],[         818,        0.87],[         797,        0.81],[         771,        0.76]],
[[         768,        0.91],[         832,        0.94],[         904,        0.96],[         812,        0.82],[         788,        0.77]],
[[         703,        0.83],[         730,        0.82],[         934,        0.99],[         795,         0.8],[         758,        0.74]],
[[         616,        0.73],[         649,        0.73],[         821,        0.87],[         726,        0.73],[         742,        0.73]],
[[         559,        0.66],[         582,        0.66],[         759,         0.8],[         655,        0.66],[         688,        0.67]],
[[         513,        0.61],[         484,        0.55],[         659,         0.7],[         624,        0.63],[         663,        0.65]],
[[         503,        0.59],[         478,        0.54],[         635,        0.67],[         587,        0.59],[         628,        0.62]],
[[         507,         0.6],[         511,        0.58],[         682,        0.72],[         552,        0.56],[         638,        0.63]],
[[         526,        0.62],[         476,        0.54],[         676,        0.72],[         571,        0.58],[         627,        0.61]],
[[         622,        0.73],[         488,        0.55],[         673,        0.71],[         565,        0.57],[         576,        0.56]],
[[         579,        0.68],[         454,        0.51],[         682,        0.72],[         567,        0.57],[         580,        0.57]],
[[         616,        0.73],[         482,        0.54],[         608,        0.64],[         584,        0.59],[         563,        0.55]],
[[         650,        0.77],[         462,        0.52],[         557,        0.59],[         648,        0.66],[         550,        0.54]],
[[         655,        0.77],[         447,         0.5],[         504,        0.53],[         616,        0.62],[         537,        0.53]],
[[         673,        0.79],[         500,        0.56],[         521,        0.55],[         643,        0.65],[         529,        0.52]],
[[         664,        0.78],[         495,        0.56],[         478,        0.51],[         633,        0.64],[         534,        0.52]],
[[         673,        0.79],[         584,        0.66],[         517,        0.55],[         632,        0.64],[         537,        0.53]],
[[         628,        0.74],[         633,        0.71],[         571,        0.61],[         699,        0.71],[         548,        0.54]],
[[         674,         0.8],[         676,        0.76],[         474,         0.5],[         703,        0.71],[         584,        0.57]],
[[         623,        0.74],[         730,        0.82],[         522,        0.55],[         707,        0.72],[         615,         0.6]],
[[         610,        0.72],[         677,        0.76],[         551,        0.58],[         728,        0.74],[         635,        0.62]],
[[         621,        0.73],[         715,        0.81],[         575,        0.61],[         688,         0.7],[         655,        0.64]],
[[         584,        0.69],[         687,        0.78],[         553,        0.59],[         652,        0.66],[         725,        0.71]],
[[         551,        0.65],[         752,        0.85],[         520,        0.55],[         629,        0.64],[         710,         0.7]],
[[         571,        0.67],[         773,        0.87],[         547,        0.58],[         639,        0.65],[         732,        0.72]],
[[         623,        0.74],[         737,        0.83],[         547,        0.58],[         592,         0.6],[         732,        0.72]],
[[         574,        0.68],[         746,        0.84],[         679,        0.72],[         631,        0.64],[         726,        0.71]],
[[         555,        0.66],[         687,        0.78],[         702,        0.74],[         652,        0.66],[         771,        0.76]],
[[         587,        0.69],[         694,        0.78],[         713,        0.76],[         568,        0.57],[         766,        0.75]],
[[         600,        0.71],[         656,        0.74],[         794,        0.84],[         585,        0.59],[         748,        0.73]],
[[         602,        0.71],[         609,        0.69],[         696,        0.74],[         603,        0.61],[         757,        0.74]],
[[         643,        0.76],[         628,        0.71],[         737,        0.78],[         608,        0.62],[         725,        0.71]],
[[         737,        0.87],[         601,        0.68],[         683,        0.72],[         588,         0.6],[         696,        0.68]],
[[         525,        0.62],[         569,        0.64],[         754,         0.8],[         560,        0.57],[         664,        0.65]],
[[         522,        0.62],[         556,        0.63],[         773,        0.82],[         593,         0.6],[         667,        0.65]],
[[         549,        0.65],[         602,        0.68],[         733,        0.78],[         575,        0.58],[         611,         0.6]],
[[         537,        0.63],[         557,        0.63],[         743,        0.79],[         691,         0.7],[         643,        0.63]],
[[         531,        0.63],[         539,        0.61],[         703,        0.75],[         691,         0.7],[         657,        0.64]],
[[         478,        0.56],[         573,        0.65],[         708,        0.75],[         720,        0.73],[         571,        0.56]],
[[         460,        0.54],[         551,        0.62],[         650,        0.69],[         784,        0.79],[         597,        0.59]],
[[         494,        0.58],[         556,        0.63],[         615,        0.65],[         697,        0.71],[         609,         0.6]],
[[         486,        0.57],[         619,         0.7],[         617,        0.65],[         734,        0.74],[         606,        0.59]],
[[         471,        0.56],[         701,        0.79],[         578,        0.61],[         678,        0.69],[         579,        0.57]],
[[         481,        0.57],[         515,        0.58],[         548,        0.58],[         742,        0.75],[         557,        0.55]],
[[         434,        0.51],[         494,        0.56],[         546,        0.58],[         752,        0.76],[         590,        0.58]],
[[         432,        0.51],[         530,         0.6],[         561,        0.59],[         713,        0.72],[         568,        0.56]],
[[         415,        0.49],[         508,        0.57],[         533,        0.57],[         726,        0.73],[         674,        0.66]],
[[         436,        0.51],[         499,        0.56],[         488,        0.52],[         666,        0.67],[         671,        0.66]],
[[         404,        0.48],[         444,         0.5],[         535,        0.57],[         665,        0.67],[         691,        0.68]],
[[         420,         0.5],[         437,        0.49],[         483,        0.51],[         620,        0.63],[         744,        0.73]],
[[         407,        0.48],[         457,        0.52],[         501,        0.53],[         572,        0.58],[         655,        0.64]],
[[         415,        0.49],[         423,        0.48],[         557,        0.59],[         579,        0.59],[         690,        0.68]],
[[         366,        0.43],[         437,        0.49],[         649,        0.69],[         536,        0.54],[         625,        0.61]],
[[         400,        0.47],[         418,        0.47],[         464,        0.49],[         500,        0.51],[         669,        0.66]],
[[         415,        0.49],[         381,        0.43],[         423,        0.45],[         484,        0.49],[         669,        0.66]],
[[         336,         0.4],[         374,        0.42],[         477,        0.51],[         489,         0.5],[         629,        0.62]],
[[         317,        0.37],[         347,        0.39],[         440,        0.47],[         450,        0.46],[         635,        0.62]],
[[         335,         0.4],[         380,        0.43],[         400,        0.42],[         424,        0.43],[         584,        0.57]],
[[         355,        0.42],[         326,        0.37],[         363,        0.38],[         439,        0.44],[         568,        0.56]],
[[         354,        0.42],[         319,        0.36],[         360,        0.38],[         409,        0.41],[         526,        0.52]],
[[         252,         0.3],[         303,        0.34],[         363,        0.38],[         398,         0.4],[         471,        0.46]],
[[         216,        0.26],[         288,        0.33],[         327,        0.35],[         429,        0.43],[         467,        0.46]],
[[         217,        0.26],[         234,        0.26],[         340,        0.36],[         486,        0.49],[         426,        0.42]],
[[         229,        0.27],[         252,        0.28],[         297,        0.31],[         333,        0.34],[         387,        0.38]],
[[         225,        0.27],[         264,         0.3],[         275,        0.29],[         296,         0.3],[         359,        0.35]],
[[         218,        0.26],[         206,        0.23],[         227,        0.24],[         313,        0.32],[         353,        0.35]],
[[         169,         0.2],[         169,        0.19],[         202,        0.21],[         278,        0.28],[         307,         0.3]],
[[         149,        0.18],[         183,        0.21],[         212,        0.22],[         241,        0.24],[         272,        0.27]],
[[         139,        0.16],[         178,         0.2],[         146,        0.15],[         205,        0.21],[         268,        0.26]],
[[         123,        0.15],[         181,         0.2],[         134,        0.14],[         187,        0.19],[         232,        0.23]],
[[          98,        0.12],[         103,        0.12],[         138,        0.15],[         171,        0.17],[         209,         0.2]],
[[         424,         0.5],[         383,        0.43],[         525,        0.56],[         701,        0.71],[        1063,        1.04]]]]}}
