{
"ons":{
"label":"Population Projections for England and Wales, by local authority",
"source":"Office for National Statistics",
"updated":"2014-10-01",
"area": {
"code":"K04000001",
"label":"England and Wales"
},
"time": {
"label":"1998-2038",
"index":["1998",  "2008",  "2018",  "2028",  "2038"]
},
"concept":{
"label":["population", "% of population"],
"units":["count", "%"],
"max":[        2824,         2.25]
},
"sums":{
"series1":[       59376,        63171,        68704,        76025,        81672],
"series2":[       66147,        68579,        73115,        80222,        85697]
},
"dimension":{
"label":"age",
"index":["0", "1", "2", "3", "4", "5", "6", "7", "8", "9", "10", "11", "12", "13", "14", "15", "16", "17", "18", "19", "20", "21", "22", "23", "24", "25", "26", "27", "28", "29", "30", "31", "32", "33", "34", "35", "36", "37", "38", "39", "40", "41", "42", "43", "44", "45", "46", "47", "48", "49", "50", "51", "52", "53", "54", "55", "56", "57", "58", "59", "60", "61", "62", "63", "64", "65", "66", "67", "68", "69", "70", "71", "72", "73", "74", "75", "76", "77", "78", "79", "80", "81", "82", "83", "84", "85", "86", "87", "88", "89", "90+"]
},
"series":["male", "female"],
"value":[[[[         751,         0.6],[         815,        0.62],[         826,        0.58],[         789,         0.5],[         827,        0.49]],
[[         760,        0.61],[         796,         0.6],[         802,        0.57],[         798,        0.51],[         827,        0.49]],
[[         777,        0.62],[         763,        0.58],[         885,        0.62],[         817,        0.52],[         839,         0.5]],
[[         721,        0.57],[         777,        0.59],[         817,        0.58],[         830,        0.53],[         843,         0.5]],
[[         758,         0.6],[         737,        0.56],[         847,         0.6],[         840,        0.54],[         847,        0.51]],
[[         779,        0.62],[         720,        0.55],[         920,        0.65],[         851,        0.54],[         853,        0.51]],
[[         858,        0.68],[         723,        0.55],[         929,        0.66],[         865,        0.55],[         860,        0.51]],
[[         846,        0.67],[         734,        0.56],[         930,        0.66],[         875,        0.56],[         863,        0.52]],
[[         758,         0.6],[         811,        0.62],[         879,        0.62],[         888,        0.57],[         872,        0.52]],
[[         836,        0.67],[         821,        0.62],[         906,        0.64],[         894,        0.57],[         877,        0.52]],
[[         803,        0.64],[         894,        0.68],[         931,        0.66],[         914,        0.58],[         897,        0.54]],
[[         817,        0.65],[         905,        0.69],[         933,        0.66],[         921,        0.59],[         915,        0.55]],
[[         898,        0.72],[         878,        0.67],[         844,         0.6],[        1009,        0.65],[         936,        0.56]],
[[         879,         0.7],[         864,        0.66],[         888,        0.63],[         957,        0.61],[         948,        0.57]],
[[         875,         0.7],[         929,        0.71],[         838,        0.59],[         970,        0.62],[         944,        0.56]],
[[         771,        0.61],[         910,        0.69],[         799,        0.56],[        1023,        0.65],[         951,        0.57]],
[[         747,         0.6],[         983,        0.75],[         817,        0.58],[        1034,        0.66],[         954,        0.57]],
[[         784,        0.62],[        1001,        0.76],[         790,        0.56],[        1011,        0.65],[         962,        0.57]],
[[         757,         0.6],[         829,        0.63],[         847,         0.6],[         937,         0.6],[         940,        0.56]],
[[         697,        0.56],[         778,        0.59],[         760,        0.54],[         831,        0.53],[         836,         0.5]],
[[         483,        0.38],[         703,        0.53],[         766,        0.54],[         812,        0.52],[         818,        0.49]],
[[         497,         0.4],[         656,         0.5],[         748,        0.53],[         804,        0.51],[         813,        0.49]],
[[         531,        0.42],[         725,        0.55],[         713,         0.5],[         762,        0.49],[         864,        0.52]],
[[         684,        0.54],[         701,        0.53],[         789,        0.56],[         751,        0.48],[         833,         0.5]],
[[         757,         0.6],[         695,        0.53],[         823,        0.58],[         745,        0.48],[         854,        0.51]],
[[         715,        0.57],[         643,        0.49],[         815,        0.57],[         708,        0.45],[         878,        0.52]],
[[         775,        0.62],[         650,        0.49],[         857,         0.6],[         694,        0.44],[         885,        0.53]],
[[         801,        0.64],[         682,        0.52],[         822,        0.58],[         701,        0.45],[         863,        0.52]],
[[         728,        0.58],[         626,        0.48],[         704,         0.5],[         747,        0.48],[         839,         0.5]],
[[         798,        0.64],[         662,         0.5],[         731,        0.52],[         765,        0.49],[         829,         0.5]],
[[         783,        0.62],[         628,        0.48],[         710,         0.5],[         792,        0.51],[         837,         0.5]],
[[         812,        0.65],[         576,        0.44],[         711,         0.5],[         806,        0.52],[         831,         0.5]],
[[         719,        0.57],[         589,        0.45],[         741,        0.52],[         794,        0.51],[         803,        0.48]],
[[         799,        0.64],[         617,        0.47],[         733,        0.52],[         812,        0.52],[         787,        0.47]],
[[         849,        0.68],[         658,         0.5],[         749,        0.53],[         861,        0.55],[         775,        0.46]],
[[         782,        0.62],[         685,        0.52],[         739,        0.52],[         871,        0.56],[         758,        0.45]],
[[         749,         0.6],[         753,        0.57],[         716,         0.5],[         919,        0.59],[         759,        0.45]],
[[         752,         0.6],[         833,        0.63],[         738,        0.52],[         898,        0.57],[         774,        0.46]],
[[         685,        0.55],[         764,        0.58],[         707,         0.5],[         828,        0.53],[         806,        0.48]],
[[         732,        0.58],[         835,        0.63],[         801,        0.56],[         850,        0.54],[         834,         0.5]],
[[         759,         0.6],[         874,        0.66],[         686,        0.48],[         842,        0.54],[         868,        0.52]],
[[         736,        0.59],[         870,        0.66],[         708,         0.5],[         833,        0.53],[         888,        0.53]],
[[         706,        0.56],[         864,        0.66],[         599,        0.42],[         849,        0.54],[         881,        0.53]],
[[         722,        0.58],[         911,        0.69],[         725,        0.51],[         826,        0.53],[         895,        0.53]],
[[         770,        0.61],[         902,        0.68],[         802,        0.57],[         826,        0.53],[         938,        0.56]],
[[         696,        0.55],[         896,        0.68],[         794,        0.56],[         827,        0.53],[         945,        0.56]],
[[         713,        0.57],[         886,        0.67],[         852,         0.6],[         835,        0.53],[         989,        0.59]],
[[         773,        0.62],[         844,        0.64],[         918,        0.65],[         840,        0.54],[         985,        0.59]],
[[         745,        0.59],[         803,        0.61],[         845,         0.6],[         835,        0.53],[         938,        0.56]],
[[         776,        0.62],[         838,        0.64],[         882,        0.62],[         865,        0.55],[         953,        0.57]],
[[         905,        0.72],[         807,        0.61],[         873,        0.62],[         784,         0.5],[         951,        0.57]],
[[         935,        0.74],[         832,        0.63],[         972,        0.69],[         799,        0.51],[         938,        0.56]],
[[         762,        0.61],[         727,        0.55],[         930,        0.66],[         733,        0.47],[         960,        0.57]],
[[         764,        0.61],[         751,        0.57],[        1002,        0.71],[         819,        0.52],[         944,        0.56]],
[[         773,        0.62],[         808,        0.61],[         965,        0.68],[         870,        0.56],[         946,        0.57]],
[[         739,        0.59],[         753,        0.57],[         941,        0.66],[         893,        0.57],[         952,        0.57]],
[[         693,        0.55],[         761,        0.58],[         986,         0.7],[         965,        0.62],[         962,        0.57]],
[[         566,        0.45],[         836,        0.63],[         927,        0.65],[        1025,        0.66],[         976,        0.58]],
[[         627,         0.5],[         818,        0.62],[         836,        0.59],[         969,        0.62],[         979,        0.58]],
[[         644,        0.51],[         863,        0.66],[         907,        0.64],[        1016,        0.65],[         994,        0.59]],
[[         652,        0.52],[         996,        0.76],[         858,         0.6],[        1016,        0.65],[         919,        0.55]],
[[         669,        0.53],[        1052,         0.8],[         879,        0.62],[        1085,        0.69],[         937,        0.56]],
[[         597,        0.48],[         831,        0.63],[         792,        0.56],[        1073,        0.69],[         896,        0.54]],
[[         620,        0.49],[         813,        0.62],[         839,        0.59],[        1136,        0.73],[         974,        0.58]],
[[         583,        0.46],[         789,         0.6],[         872,        0.61],[        1102,        0.71],[        1021,        0.61]],
[[         602,        0.48],[         746,        0.57],[         808,        0.57],[        1110,        0.71],[        1062,        0.63]],
[[         613,        0.49],[         683,        0.52],[         843,        0.59],[        1128,        0.72],[        1134,        0.68]],
[[         588,        0.47],[         596,        0.45],[         903,        0.64],[        1063,        0.68],[        1193,        0.71]],
[[         649,        0.52],[         638,        0.48],[         879,        0.62],[        1011,        0.65],[        1150,        0.69]],
[[         624,         0.5],[         637,        0.48],[         909,        0.64],[        1040,        0.67],[        1185,        0.71]],
[[         562,        0.45],[         620,        0.47],[        1006,        0.71],[         970,        0.62],[        1173,         0.7]],
[[         562,        0.45],[         627,        0.48],[        1081,        0.76],[         974,        0.62],[        1219,        0.73]],
[[         595,        0.47],[         572,        0.43],[         799,        0.56],[         879,        0.56],[        1194,        0.71]],
[[         572,        0.46],[         569,        0.43],[         777,        0.55],[         894,        0.57],[        1219,        0.73]],
[[         525,        0.42],[         502,        0.38],[         762,        0.54],[         894,        0.57],[        1154,        0.69]],
[[         565,        0.45],[         501,        0.38],[         657,        0.46],[         814,        0.52],[        1108,        0.66]],
[[         610,        0.49],[         497,        0.38],[         581,        0.41],[         805,        0.52],[        1088,        0.65]],
[[         594,        0.47],[         476,        0.36],[         539,        0.38],[         817,        0.52],[         997,         0.6]],
[[         601,        0.48],[         471,        0.36],[         518,        0.37],[         760,        0.49],[         911,        0.54]],
[[         373,         0.3],[         447,        0.34],[         501,        0.35],[         780,         0.5],[         896,        0.54]],
[[         321,        0.26],[         385,        0.29],[         436,        0.31],[         804,        0.51],[         806,        0.48]],
[[         335,        0.27],[         394,         0.3],[         422,         0.3],[         826,        0.53],[         764,        0.46]],
[[         315,        0.25],[         351,        0.27],[         373,        0.26],[         595,        0.38],[         666,         0.4]],
[[         292,        0.23],[         321,        0.24],[         339,        0.24],[         544,        0.35],[         641,        0.38]],
[[         290,        0.23],[         260,         0.2],[         301,        0.21],[         490,        0.31],[         609,        0.36]],
[[         960,        0.76],[         275,        0.21],[         264,        0.19],[         419,        0.27],[         547,        0.33]],
[[           .,           .],[         266,         0.2],[         237,        0.17],[         344,        0.22],[         501,         0.3]],
[[           .,           .],[         235,        0.18],[         225,        0.16],[         282,        0.18],[         470,        0.28]],
[[           .,           .],[         165,        0.13],[         178,        0.13],[         252,        0.16],[         410,        0.24]],
[[           .,           .],[         157,        0.12],[         163,        0.11],[         224,        0.14],[         384,        0.23]],
[[           .,           .],[         306,        0.23],[         512,        0.36],[         669,        0.43],[        1334,         0.8]]],
[[[         694,        0.55],[         747,        0.57],[         762,        0.54],[         749,        0.48],[         785,        0.47]],
[[         680,        0.54],[         744,        0.56],[         739,        0.52],[         759,        0.49],[         787,        0.47]],
[[         721,        0.57],[         743,        0.56],[         766,        0.54],[         774,         0.5],[         794,        0.47]],
[[         683,        0.54],[         651,        0.49],[         843,        0.59],[         786,         0.5],[         799,        0.48]],
[[         703,        0.56],[         664,         0.5],[         827,        0.58],[         795,        0.51],[         801,        0.48]],
[[         782,        0.62],[         618,        0.47],[         841,        0.59],[         810,        0.52],[         811,        0.48]],
[[         763,        0.61],[         660,         0.5],[         872,        0.61],[         818,        0.52],[         813,        0.49]],
[[         807,        0.64],[         683,        0.52],[         815,        0.57],[         830,        0.53],[         818,        0.49]],
[[         767,        0.61],[         727,        0.55],[         883,        0.62],[         838,        0.54],[         823,        0.49]],
[[         779,        0.62],[         749,        0.57],[         801,        0.56],[         845,        0.54],[         829,         0.5]],
[[         796,        0.63],[         854,        0.65],[         857,         0.6],[         855,        0.55],[         838,         0.5]],
[[         790,        0.63],[         855,        0.65],[         870,        0.61],[         859,        0.55],[         852,        0.51]],
[[         798,        0.64],[         839,        0.64],[         829,        0.58],[         869,        0.56],[         865,        0.52]],
[[         797,        0.63],[         780,        0.59],[         733,        0.52],[         920,        0.59],[         873,        0.52]],
[[         802,        0.64],[         820,        0.62],[         744,        0.52],[         891,        0.57],[         875,        0.52]],
[[         711,        0.57],[         892,        0.68],[         733,        0.52],[         919,        0.59],[         881,        0.53]],
[[         766,        0.61],[         876,        0.66],[         716,         0.5],[         959,        0.61],[         888,        0.53]],
[[         754,         0.6],[         896,        0.68],[         745,        0.53],[         885,        0.57],[         891,        0.53]],
[[         783,        0.62],[         790,         0.6],[         736,        0.52],[         914,        0.58],[         878,        0.52]],
[[         659,        0.53],[         744,        0.56],[         617,        0.44],[         737,        0.47],[         765,        0.46]],
[[         503,         0.4],[         681,        0.52],[         690,        0.49],[         743,        0.48],[         734,        0.44]],
[[         504,         0.4],[         675,        0.51],[         715,         0.5],[         726,        0.46],[         738,        0.44]],
[[         615,        0.49],[         749,        0.57],[         741,        0.52],[         740,        0.47],[         785,        0.47]],
[[         712,        0.57],[         733,        0.56],[         699,        0.49],[         704,        0.45],[         830,         0.5]],
[[         772,        0.62],[         738,        0.56],[         739,        0.52],[         705,        0.45],[         819,        0.49]],
[[         783,        0.62],[         695,        0.53],[         798,        0.56],[         693,        0.44],[         842,         0.5]],
[[         834,        0.66],[         728,        0.55],[         810,        0.57],[         678,        0.43],[         868,        0.52]],
[[         827,        0.66],[         749,        0.57],[         753,        0.53],[         695,        0.44],[         829,         0.5]],
[[         842,        0.67],[         762,        0.58],[         733,        0.52],[         721,        0.46],[         839,         0.5]],
[[         828,        0.66],[         719,        0.55],[         747,        0.53],[         748,        0.48],[         809,        0.48]],
[[         817,        0.65],[         654,         0.5],[         813,        0.57],[         781,         0.5],[         839,         0.5]],
[[         805,        0.64],[         652,        0.49],[         832,        0.59],[         776,         0.5],[         811,        0.48]],
[[         786,        0.63],[         704,        0.53],[         897,        0.63],[         791,        0.51],[         798,        0.48]],
[[         870,        0.69],[         707,        0.54],[         842,        0.59],[         785,         0.5],[         760,        0.45]],
[[         802,        0.64],[         704,        0.53],[         818,        0.58],[         826,        0.53],[         755,        0.45]],
[[         802,        0.64],[         798,        0.61],[         860,        0.61],[         868,        0.56],[         747,        0.45]],
[[         834,        0.66],[         791,         0.6],[         810,        0.57],[         906,        0.58],[         742,        0.44]],
[[         810,        0.65],[         888,        0.67],[         896,        0.63],[         895,        0.57],[         770,        0.46]],
[[         779,        0.62],[         865,        0.66],[         905,        0.64],[         862,        0.55],[         798,        0.48]],
[[         764,        0.61],[         906,        0.69],[         824,        0.58],[         881,        0.56],[         836,         0.5]],
[[         776,        0.62],[         909,        0.69],[         731,        0.52],[         926,        0.59],[         862,        0.52]],
[[         737,        0.59],[         914,        0.69],[         743,        0.52],[         921,        0.59],[         877,        0.52]],
[[         763,        0.61],[         958,        0.73],[         779,        0.55],[         965,        0.62],[         888,        0.53]],
[[         735,        0.59],[         945,        0.72],[         827,        0.58],[         938,         0.6],[         892,        0.53]],
[[         766,        0.61],[         939,        0.71],[         776,        0.55],[         936,         0.6],[         934,        0.56]],
[[         782,        0.62],[         952,        0.72],[         920,        0.65],[         951,        0.61],[         970,        0.58]],
[[         746,        0.59],[         923,         0.7],[         856,         0.6],[         925,        0.59],[        1014,        0.61]],
[[         751,         0.6],[         925,         0.7],[        1003,        0.71],[         998,        0.64],[        1014,        0.61]],
[[         816,        0.65],[         865,        0.66],[         945,        0.67],[         996,        0.64],[         983,        0.59]],
[[         832,        0.66],[         825,        0.63],[        1026,        0.72],[         918,        0.59],[         992,        0.59]],
[[         966,        0.77],[         827,        0.63],[        1005,        0.71],[         827,        0.53],[        1033,        0.62]],
[[        1028,        0.82],[         832,        0.63],[        1026,        0.72],[         850,        0.54],[        1024,        0.61]],
[[         835,        0.67],[         833,        0.63],[        1016,        0.72],[         902,        0.58],[        1062,        0.63]],
[[         785,        0.63],[         802,        0.61],[        1021,        0.72],[         918,        0.59],[        1047,        0.63]],
[[         770,        0.61],[         836,        0.63],[         978,        0.69],[         897,        0.57],[        1048,        0.63]],
[[         750,         0.6],[         859,        0.65],[        1026,        0.72],[        1017,        0.65],[        1071,        0.64]],
[[         681,        0.54],[         810,        0.61],[         981,        0.69],[        1009,        0.65],[        1059,        0.63]],
[[         650,        0.52],[         809,        0.61],[        1005,        0.71],[        1124,        0.72],[        1125,        0.67]],
[[         710,        0.57],[         847,        0.64],[         960,        0.68],[        1070,        0.68],[        1133,        0.68]],
[[         680,        0.54],[         911,        0.69],[         953,        0.67],[        1161,        0.74],[        1077,        0.64]],
[[         674,        0.54],[        1050,         0.8],[         911,        0.64],[        1149,        0.74],[         997,         0.6]],
[[         730,        0.58],[        1174,        0.89],[         962,        0.68],[        1189,        0.76],[        1032,        0.62]],
[[         683,        0.54],[         950,        0.72],[         892,        0.63],[        1228,        0.79],[        1090,        0.65]],
[[         633,         0.5],[         853,        0.65],[         953,        0.67],[        1245,         0.8],[        1117,        0.67]],
[[         660,        0.53],[         830,        0.63],[         956,        0.67],[        1208,        0.77],[        1116,        0.67]],
[[         670,        0.53],[         830,        0.63],[         945,        0.67],[        1238,        0.79],[        1220,        0.73]],
[[         704,        0.56],[         757,        0.57],[         903,        0.64],[        1205,        0.77],[        1220,        0.73]],
[[         759,         0.6],[         681,        0.52],[         912,        0.64],[        1201,        0.77],[        1322,        0.79]],
[[         756,         0.6],[         741,        0.56],[         968,        0.68],[        1143,        0.73],[        1273,        0.76]],
[[         761,        0.61],[         716,        0.54],[         962,        0.68],[        1114,        0.71],[        1349,        0.81]],
[[         770,        0.61],[         701,        0.53],[        1098,        0.77],[        1057,        0.68],[        1313,        0.78]],
[[         763,        0.61],[         720,        0.55],[        1207,        0.85],[        1056,        0.68],[        1320,        0.79]],
[[         794,        0.63],[         685,        0.52],[         926,        0.65],[         997,        0.64],[        1326,        0.79]],
[[         777,        0.62],[         636,        0.48],[         822,        0.58],[        1002,        0.64],[        1315,        0.79]],
[[         801,        0.64],[         607,        0.46],[         854,         0.6],[         976,        0.62],[        1248,        0.75]],
[[         811,        0.65],[         621,        0.47],[         810,        0.57],[         924,        0.59],[        1229,        0.73]],
[[         863,        0.69],[         619,        0.47],[         688,        0.49],[         869,        0.56],[        1167,         0.7]],
[[         849,        0.68],[         660,         0.5],[         592,        0.42],[         875,        0.56],[        1132,        0.68]],
[[         826,        0.66],[         629,        0.48],[         606,        0.43],[         870,        0.56],[        1049,        0.63]],
[[         559,        0.45],[         643,        0.49],[         584,        0.41],[         872,        0.56],[         994,        0.59]],
[[         505,         0.4],[         551,        0.42],[         581,        0.41],[         922,        0.59],[         919,        0.55]],
[[         535,        0.43],[         546,        0.41],[         521,        0.37],[         982,        0.63],[         886,        0.53]],
[[         535,        0.43],[         554,        0.42],[         499,        0.35],[         740,        0.47],[         811,        0.48]],
[[         527,        0.42],[         485,        0.37],[         458,        0.32],[         634,        0.41],[         778,        0.46]],
[[         495,        0.39],[         511,        0.39],[         415,        0.29],[         606,        0.39],[         731,        0.44]],
[[        2824,        2.25],[         489,        0.37],[         382,        0.27],[         544,        0.35],[         669,         0.4]],
[[           .,           .],[         472,        0.36],[         359,        0.25],[         458,        0.29],[         604,        0.36]],
[[           .,           .],[         473,        0.36],[         369,        0.26],[         368,        0.24],[         576,        0.34]],
[[           .,           .],[         334,        0.25],[         314,        0.22],[         367,        0.23],[         544,        0.33]],
[[           .,           .],[         265,         0.2],[         289,         0.2],[         328,        0.21],[         506,         0.3]],
[[           .,           .],[        1045,        0.79],[        1149,        0.81],[        1269,        0.81],[        2125,        1.27]]]]}}
