{
"ons":{
"label":"Population Projections for England and Wales, by local authority",
"source":"Office for National Statistics",
"updated":"2014-10-01",
"area": {
"code":"K04000001",
"label":"England and Wales"
},
"time": {
"label":"1998-2038",
"index":["1998",  "2008",  "2018",  "2028",  "2038"]
},
"concept":{
"label":["population", "% of population"],
"units":["count", "%"],
"max":[       54150,         1.66]
},
"sums":{
"series1":[     1407114,      1479395,      1547309,      1590086,      1620645],
"series2":[     1492407,      1546472,      1591322,      1617841,      1635767]
},
"dimension":{
"label":"age",
"index":["0", "1", "2", "3", "4", "5", "6", "7", "8", "9", "10", "11", "12", "13", "14", "15", "16", "17", "18", "19", "20", "21", "22", "23", "24", "25", "26", "27", "28", "29", "30", "31", "32", "33", "34", "35", "36", "37", "38", "39", "40", "41", "42", "43", "44", "45", "46", "47", "48", "49", "50", "51", "52", "53", "54", "55", "56", "57", "58", "59", "60", "61", "62", "63", "64", "65", "66", "67", "68", "69", "70", "71", "72", "73", "74", "75", "76", "77", "78", "79", "80", "81", "82", "83", "84", "85", "86", "87", "88", "89", "90+"]
},
"series":["male", "female"],
"value":[[[[       17216,        0.59],[       18253,         0.6],[       16333,        0.52],[       17406,        0.54],[       17246,        0.53]],
[[       18163,        0.63],[       17554,        0.58],[       16754,        0.53],[       17594,        0.55],[       17325,        0.53]],
[[       17782,        0.61],[       17420,        0.58],[       17493,        0.56],[       17762,        0.55],[       17378,        0.53]],
[[       17838,        0.62],[       16961,        0.56],[       17686,        0.56],[       17924,        0.56],[       17446,        0.54]],
[[       18546,        0.64],[       16579,        0.55],[       18008,        0.57],[       18051,        0.56],[       17520,        0.54]],
[[       19012,        0.66],[       16360,        0.54],[       18358,        0.58],[       18126,        0.57],[       17589,        0.54]],
[[       19652,        0.68],[       16250,        0.54],[       18949,         0.6],[       18117,        0.56],[       17638,        0.54]],
[[       20249,         0.7],[       17071,        0.56],[       19357,        0.62],[       18065,        0.56],[       17706,        0.54]],
[[       19848,        0.68],[       17259,        0.57],[       18975,         0.6],[       18018,        0.56],[       17780,        0.55]],
[[       20091,        0.69],[       17884,        0.59],[       18911,         0.6],[       17955,        0.56],[       17862,        0.55]],
[[       20104,        0.69],[       18349,        0.61],[       19082,        0.61],[       17911,        0.56],[       17969,        0.55]],
[[       19890,        0.69],[       19228,        0.64],[       18476,        0.59],[       17910,        0.56],[       18107,        0.56]],
[[       19612,        0.68],[       18990,        0.63],[       18265,        0.58],[       17893,        0.56],[       18239,        0.56]],
[[       19836,        0.68],[       18939,        0.63],[       17481,        0.56],[       17913,        0.56],[       18371,        0.56]],
[[       18851,        0.65],[       19752,        0.65],[       17069,        0.54],[       18085,        0.56],[       18464,        0.57]],
[[       18754,        0.65],[       19720,        0.65],[       17021,        0.54],[       18546,        0.58],[       18530,        0.57]],
[[       18781,        0.65],[       20066,        0.66],[       16943,        0.54],[       19196,         0.6],[       18542,        0.57]],
[[       18834,        0.65],[       21001,        0.69],[       17863,        0.57],[       19520,        0.61],[       18537,        0.57]],
[[       18605,        0.64],[       20589,        0.68],[       18301,        0.58],[       19593,        0.61],[       18900,        0.58]],
[[       16533,        0.57],[       21388,        0.71],[       20192,        0.64],[       21046,        0.66],[       20431,        0.63]],
[[       16224,        0.56],[       21658,        0.72],[       21281,        0.68],[       22255,        0.69],[       21399,        0.66]],
[[       16091,        0.55],[       20628,        0.68],[       21890,         0.7],[       21895,        0.68],[       21603,        0.66]],
[[       16403,        0.57],[       20512,        0.68],[       21638,        0.69],[       21366,        0.67],[       21291,        0.65]],
[[       16809,        0.58],[       20303,        0.67],[       21025,        0.67],[       20223,        0.63],[       20796,        0.64]],
[[       17023,        0.59],[       19379,        0.64],[       22135,        0.71],[       19530,        0.61],[       20573,        0.63]],
[[       18127,        0.63],[       18736,        0.62],[       21241,        0.68],[       18954,        0.59],[       20746,        0.64]],
[[       19285,        0.67],[       18087,         0.6],[       21029,        0.67],[       18652,        0.58],[       21142,        0.65]],
[[       19678,        0.68],[       18624,        0.62],[       21674,        0.69],[       19003,        0.59],[       20951,        0.64]],
[[       19242,        0.66],[       18932,        0.63],[       20809,        0.66],[       19300,         0.6],[       20511,        0.63]],
[[       20009,        0.69],[       17556,        0.58],[       20178,        0.64],[       19674,        0.61],[       20262,        0.62]],
[[       19638,        0.68],[       15866,        0.52],[       19635,        0.63],[       19779,        0.62],[       20240,        0.62]],
[[       20127,        0.69],[       16171,        0.53],[       18785,         0.6],[       20300,        0.63],[       19600,         0.6]],
[[       20678,        0.71],[       16186,        0.53],[       18947,         0.6],[       20064,        0.63],[       19201,        0.59]],
[[       21083,        0.73],[       16763,        0.55],[       18723,         0.6],[       19922,        0.62],[       18538,        0.57]],
[[       21050,        0.73],[       17220,        0.57],[       18055,        0.58],[       20376,        0.64],[       18186,        0.56]],
[[       20489,        0.71],[       18207,         0.6],[       18140,        0.58],[       19968,        0.62],[       17792,        0.55]],
[[       20650,        0.71],[       19723,        0.65],[       17824,        0.57],[       19986,        0.62],[       17631,        0.54]],
[[       20089,        0.69],[       20422,        0.67],[       18574,        0.59],[       20461,        0.64],[       18063,        0.55]],
[[       19348,        0.67],[       20047,        0.66],[       18617,        0.59],[       19851,        0.62],[       18508,        0.57]],
[[       19063,        0.66],[       20979,        0.69],[       17725,        0.56],[       19293,         0.6],[       19001,        0.58]],
[[       18968,        0.65],[       20709,        0.68],[       16057,        0.51],[       18922,        0.59],[       19159,        0.59]],
[[       18595,        0.64],[       21380,        0.71],[       16441,        0.52],[       18084,        0.56],[       19637,         0.6]],
[[       18138,        0.63],[       21438,        0.71],[       16254,        0.52],[       18087,        0.56],[       19516,         0.6]],
[[       17981,        0.62],[       21830,        0.72],[       17060,        0.54],[       17826,        0.56],[       19396,         0.6]],
[[       18507,        0.64],[       21954,        0.73],[       17443,        0.56],[       17275,        0.54],[       19848,        0.61]],
[[       18456,        0.64],[       21435,        0.71],[       18526,        0.59],[       17406,        0.54],[       19567,         0.6]],
[[       18229,        0.63],[       21436,        0.71],[       19949,        0.64],[       17223,        0.54],[       19645,         0.6]],
[[       18687,        0.64],[       20695,        0.68],[       20729,        0.66],[       17722,        0.55],[       20076,        0.62]],
[[       19736,        0.68],[       20074,        0.66],[       20134,        0.64],[       17854,        0.56],[       19494,         0.6]],
[[       20144,        0.69],[       19827,        0.66],[       21149,        0.67],[       17176,        0.54],[       18937,        0.58]],
[[       21710,        0.75],[       19503,        0.64],[       20877,        0.67],[       15841,        0.49],[       18680,        0.57]],
[[       22437,        0.77],[       19188,        0.63],[       21471,        0.68],[       15988,         0.5],[       17933,        0.55]],
[[       18241,        0.63],[       18359,        0.61],[       21420,        0.68],[       16077,         0.5],[       18030,        0.55]],
[[       18132,        0.63],[       18127,         0.6],[       22107,         0.7],[       16668,        0.52],[       17846,        0.55]],
[[       18142,        0.63],[       18736,        0.62],[       22064,         0.7],[       17085,        0.53],[       17295,        0.53]],
[[       17594,        0.61],[       18588,        0.61],[       21487,        0.68],[       18173,        0.57],[       17408,        0.53]],
[[       16436,        0.57],[       18445,        0.61],[       21602,        0.69],[       19448,        0.61],[       17258,        0.53]],
[[       15308,        0.53],[       18658,        0.62],[       20688,        0.66],[       20171,        0.63],[       17693,        0.54]],
[[       15620,        0.54],[       19590,        0.65],[       19996,        0.64],[       19762,        0.62],[       17798,        0.55]],
[[       15448,        0.53],[       20142,        0.67],[       19754,        0.63],[       20642,        0.64],[       17110,        0.53]],
[[       15362,        0.53],[       21398,        0.71],[       19478,        0.62],[       20422,        0.64],[       15842,        0.49]],
[[       14971,        0.52],[       22571,        0.75],[       19060,        0.61],[       20913,        0.65],[       15883,        0.49]],
[[       14763,        0.51],[       17745,        0.59],[       18007,        0.57],[       20803,        0.65],[       15977,        0.49]],
[[       14453,         0.5],[       17657,        0.58],[       17715,        0.56],[       21172,        0.66],[       16459,        0.51]],
[[       13760,        0.47],[       17709,        0.59],[       18134,        0.58],[       21068,        0.66],[       16799,        0.52]],
[[       13580,        0.47],[       16917,        0.56],[       18013,        0.57],[       20567,        0.64],[       17776,        0.55]],
[[       13461,        0.46],[       15478,        0.51],[       17576,        0.56],[       20401,        0.64],[       18825,        0.58]],
[[       13663,        0.47],[       14193,        0.47],[       17518,        0.56],[       19570,        0.61],[       19382,         0.6]],
[[       13171,        0.45],[       14335,        0.47],[       18168,        0.58],[       18711,        0.58],[       18843,        0.58]],
[[       12620,        0.44],[       14018,        0.46],[       18566,        0.59],[       18203,        0.57],[       19428,         0.6]],
[[       12056,        0.42],[       13536,        0.45],[       19383,        0.62],[       17671,        0.55],[       19037,        0.58]],
[[       12051,        0.42],[       12945,        0.43],[       20347,        0.65],[       17052,        0.53],[       19248,        0.59]],
[[       12168,        0.42],[       12268,        0.41],[       15217,        0.48],[       15969,         0.5],[       18891,        0.58]],
[[       11453,        0.39],[       11973,         0.4],[       14982,        0.48],[       15415,        0.48],[       18940,        0.58]],
[[       10873,        0.37],[       11045,        0.37],[       14758,        0.47],[       15480,        0.48],[       18548,        0.57]],
[[       10187,        0.35],[       10421,        0.34],[       13666,        0.44],[       15079,        0.47],[       17789,        0.55]],
[[       10013,        0.35],[        9976,        0.33],[       12142,        0.39],[       14435,        0.45],[       17333,        0.53]],
[[        9626,        0.33],[        9537,        0.32],[       10740,        0.34],[       14160,        0.44],[       16309,         0.5]],
[[        8884,        0.31],[        8812,        0.29],[       10506,        0.33],[       14264,        0.44],[       15291,        0.47]],
[[        6389,        0.22],[        8094,        0.27],[       10049,        0.32],[       14183,        0.44],[       14583,        0.45]],
[[        5198,        0.18],[        7336,        0.24],[        9332,         0.3],[       14447,        0.45],[       13843,        0.43]],
[[        5035,        0.17],[        6808,        0.22],[        8382,        0.27],[       14660,        0.46],[       12997,         0.4]],
[[        4611,        0.16],[        6522,        0.22],[        7715,        0.25],[       10719,        0.33],[       11836,        0.36]],
[[        4342,        0.15],[        5648,        0.19],[        7060,        0.22],[       10099,        0.31],[       11062,        0.34]],
[[        3690,        0.13],[        5087,        0.17],[        6143,         0.2],[        9520,         0.3],[       10693,        0.33]],
[[       14922,        0.51],[        4378,        0.14],[        5527,        0.18],[        8349,        0.26],[        9978,        0.31]],
[[           .,           .],[        3929,        0.13],[        4768,        0.15],[        7018,        0.22],[        9088,        0.28]],
[[           .,           .],[        3242,        0.11],[        4157,        0.13],[        5811,        0.18],[        8452,        0.26]],
[[           .,           .],[        2664,        0.09],[        3530,        0.11],[        5310,        0.17],[        8006,        0.25]],
[[           .,           .],[        2216,        0.07],[        2799,        0.09],[        4684,        0.15],[        7427,        0.23]],
[[           .,           .],[        5211,        0.17],[        9221,        0.29],[       19020,        0.59],[       36141,        1.11]]],
[[[       16480,        0.57],[       17349,        0.57],[       15630,         0.5],[       16572,        0.52],[       16418,         0.5]],
[[       17025,        0.59],[       16752,        0.55],[       16148,        0.51],[       16734,        0.52],[       16477,        0.51]],
[[       16681,        0.58],[       16513,        0.55],[       16788,        0.53],[       16894,        0.53],[       16527,        0.51]],
[[       17159,        0.59],[       16191,        0.54],[       16894,        0.54],[       17059,        0.53],[       16602,        0.51]],
[[       17677,        0.61],[       15775,        0.52],[       16969,        0.54],[       17194,        0.54],[       16686,        0.51]],
[[       18080,        0.62],[       15305,        0.51],[       17444,        0.56],[       17256,        0.54],[       16742,        0.51]],
[[       18934,        0.65],[       15312,        0.51],[       18120,        0.58],[       17270,        0.54],[       16812,        0.52]],
[[       18990,        0.65],[       15920,        0.53],[       18422,        0.59],[       17233,        0.54],[       16888,        0.52]],
[[       18657,        0.64],[       16425,        0.54],[       18170,        0.58],[       17197,        0.54],[       16967,        0.52]],
[[       18801,        0.65],[       17158,        0.57],[       17748,        0.57],[       17167,        0.54],[       17076,        0.52]],
[[       19229,        0.66],[       17566,        0.58],[       18247,        0.58],[       17124,        0.53],[       17180,        0.53]],
[[       18934,        0.65],[       18247,         0.6],[       17497,        0.56],[       17106,        0.53],[       17297,        0.53]],
[[       18565,        0.64],[       17785,        0.59],[       17320,        0.55],[       17072,        0.53],[       17408,        0.53]],
[[       18976,        0.65],[       18089,         0.6],[       16865,        0.54],[       17068,        0.53],[       17515,        0.54]],
[[       18051,        0.62],[       18841,        0.62],[       16361,        0.52],[       17090,        0.53],[       17596,        0.54]],
[[       18224,        0.63],[       19114,        0.63],[       15868,        0.51],[       17644,        0.55],[       17660,        0.54]],
[[       18240,        0.63],[       20049,        0.66],[       15860,        0.51],[       18314,        0.57],[       17637,        0.54]],
[[       18610,        0.64],[       19868,        0.66],[       16410,        0.52],[       18536,        0.58],[       17581,        0.54]],
[[       18023,        0.62],[       19403,        0.64],[       17179,        0.55],[       18530,        0.58],[       17858,        0.55]],
[[       16073,        0.55],[       20661,        0.68],[       18583,        0.59],[       19527,        0.61],[       19090,        0.59]],
[[       15869,        0.55],[       20958,        0.69],[       19581,        0.62],[       20618,        0.64],[       19730,        0.61]],
[[       15473,        0.53],[       20182,        0.67],[       19780,        0.63],[       19979,        0.62],[       19740,        0.61]],
[[       15688,        0.54],[       19911,        0.66],[       19109,        0.61],[       19098,         0.6],[       19101,        0.59]],
[[       16117,        0.56],[       19999,        0.66],[       18912,         0.6],[       18037,        0.56],[       18549,        0.57]],
[[       16846,        0.58],[       18817,        0.62],[       19955,        0.64],[       17310,        0.54],[       18246,        0.56]],
[[       17756,        0.61],[       18484,        0.61],[       20176,        0.64],[       16579,        0.52],[       18407,        0.57]],
[[       18985,        0.65],[       18233,         0.6],[       20792,        0.66],[       16233,        0.51],[       18747,        0.58]],
[[       19902,        0.69],[       18351,        0.61],[       20760,        0.66],[       16659,        0.52],[       18641,        0.57]],
[[       19633,        0.68],[       18541,        0.61],[       19827,        0.63],[       16991,        0.53],[       18287,        0.56]],
[[       20263,         0.7],[       17235,        0.57],[       19862,        0.63],[       17502,        0.55],[       18062,        0.55]],
[[       20336,         0.7],[       16231,        0.54],[       19446,        0.62],[       17784,        0.55],[       18251,        0.56]],
[[       20762,        0.72],[       15972,        0.53],[       18975,         0.6],[       18273,        0.57],[       17654,        0.54]],
[[       20907,        0.72],[       16418,        0.54],[       18711,         0.6],[       18026,        0.56],[       17394,        0.53]],
[[       21571,        0.74],[       17170,        0.57],[       18992,        0.61],[       18269,        0.57],[       16836,        0.52]],
[[       21882,        0.75],[       17899,        0.59],[       18164,        0.58],[       18810,        0.59],[       16529,        0.51]],
[[       21595,        0.74],[       18985,        0.63],[       18448,        0.59],[       18909,        0.59],[       16075,        0.49]],
[[       21108,        0.73],[       20274,        0.67],[       18374,        0.59],[       19619,        0.61],[       15947,        0.49]],
[[       20844,        0.72],[       21396,        0.71],[       19076,        0.61],[       19698,        0.61],[       16393,         0.5]],
[[       19951,        0.69],[       20900,        0.69],[       18890,         0.6],[       19176,         0.6],[       16777,        0.52]],
[[       19776,        0.68],[       21823,        0.72],[       17750,        0.57],[       19050,        0.59],[       17336,        0.53]],
[[       19640,        0.68],[       21726,        0.72],[       16847,        0.54],[       19024,        0.59],[       17624,        0.54]],
[[       19227,        0.66],[       22183,        0.73],[       16517,        0.53],[       18593,        0.58],[       18148,        0.56]],
[[       18561,        0.64],[       22122,        0.73],[       17021,        0.54],[       18279,        0.57],[       17992,        0.55]],
[[       18175,        0.63],[       22793,        0.75],[       17472,        0.56],[       18403,        0.57],[       18235,        0.56]],
[[       18840,        0.65],[       22992,        0.76],[       18259,        0.58],[       17854,        0.56],[       18794,        0.58]],
[[       18917,        0.65],[       22373,        0.74],[       19479,        0.62],[       18051,        0.56],[       18932,        0.58]],
[[       18672,        0.64],[       22062,        0.73],[       20658,        0.66],[       18102,        0.56],[       19630,         0.6]],
[[       19225,        0.66],[       21598,        0.71],[       22025,         0.7],[       18379,        0.57],[       19733,        0.61]],
[[       19811,        0.68],[       20727,        0.68],[       21302,        0.68],[       18576,        0.58],[       19247,        0.59]],
[[       20301,         0.7],[       20510,        0.68],[       22204,        0.71],[       17620,        0.55],[       19093,        0.59]],
[[       21853,        0.75],[       20194,        0.67],[       22056,         0.7],[       16627,        0.52],[       19124,        0.59]],
[[       22654,        0.78],[       19780,        0.65],[       22553,        0.72],[       16492,        0.51],[       18708,        0.57]],
[[       18535,        0.64],[       19128,        0.63],[       22571,        0.72],[       16962,        0.53],[       18438,        0.57]],
[[       18517,        0.64],[       18668,        0.62],[       23244,        0.74],[       17479,        0.54],[       18548,        0.57]],
[[       18174,        0.63],[       19311,        0.64],[       23317,        0.74],[       18160,        0.57],[       18027,        0.55]],
[[       17900,        0.62],[       19397,        0.64],[       22602,        0.72],[       19266,         0.6],[       18264,        0.56]],
[[       16676,        0.58],[       18874,        0.62],[       22320,        0.71],[       20453,        0.64],[       18319,        0.56]],
[[       15836,        0.55],[       19405,        0.64],[       21856,         0.7],[       21684,        0.68],[       18582,        0.57]],
[[       15649,        0.54],[       19931,        0.66],[       21085,        0.67],[       21053,        0.66],[       18759,        0.58]],
[[       15758,        0.54],[       20614,        0.68],[       20845,        0.66],[       21969,        0.68],[       17850,        0.55]],
[[       15793,        0.54],[       22063,        0.73],[       20491,        0.65],[       21788,        0.68],[       16827,        0.52]],
[[       15526,        0.54],[       23192,        0.77],[       19809,        0.63],[       22208,        0.69],[       16648,        0.51]],
[[       15276,        0.53],[       18475,        0.61],[       19238,        0.61],[       22146,        0.69],[       17098,        0.53]],
[[       14994,        0.52],[       18308,        0.61],[       18560,        0.59],[       22678,        0.71],[       17558,        0.54]],
[[       14714,        0.51],[       18132,         0.6],[       19160,        0.61],[       22666,        0.71],[       18126,        0.56]],
[[       14839,        0.51],[       17405,        0.58],[       19037,        0.61],[       21833,        0.68],[       19097,        0.59]],
[[       14771,        0.51],[       16215,        0.54],[       18369,        0.59],[       21489,        0.67],[       20112,        0.62]],
[[       14836,        0.51],[       15196,         0.5],[       18680,         0.6],[       20895,        0.65],[       21140,        0.65]],
[[       14920,        0.51],[       14936,        0.49],[       18926,         0.6],[       20062,        0.63],[       20398,        0.63]],
[[       14567,         0.5],[       14815,        0.49],[       19330,        0.62],[       19630,        0.61],[       21075,        0.65]],
[[       14185,        0.49],[       14708,        0.49],[       20440,        0.65],[       19071,        0.59],[       20743,        0.64]],
[[       14611,         0.5],[       14104,        0.47],[       21519,        0.69],[       18314,        0.57],[       20939,        0.64]],
[[       14749,        0.51],[       13766,        0.45],[       16533,        0.53],[       17588,        0.55],[       20674,        0.63]],
[[       14504,         0.5],[       13209,        0.44],[       16255,        0.52],[       16830,        0.52],[       20910,        0.64]],
[[       14117,        0.49],[       12753,        0.42],[       15918,        0.51],[       17077,        0.53],[       20639,        0.63]],
[[       13785,        0.48],[       12570,        0.42],[       14957,        0.48],[       16812,        0.52],[       19680,         0.6]],
[[       14210,        0.49],[       12139,         0.4],[       13779,        0.44],[       16059,         0.5],[       19122,        0.59]],
[[       14153,        0.49],[       11754,        0.39],[       12492,         0.4],[       15978,         0.5],[       18346,        0.56]],
[[       13766,        0.47],[       11413,        0.38],[       12003,        0.38],[       16057,         0.5],[       17355,        0.53]],
[[       10032,        0.35],[       10726,        0.35],[       11665,        0.37],[       16046,         0.5],[       16713,        0.51]],
[[        8852,        0.31],[       10167,        0.34],[       11245,        0.36],[       16565,        0.52],[       15943,        0.49]],
[[        9030,        0.31],[       10012,        0.33],[       10594,        0.34],[       17067,        0.53],[       15020,        0.46]],
[[        8662,         0.3],[        9598,        0.32],[        9941,        0.32],[       12830,         0.4],[       14106,        0.43]],
[[        8497,        0.29],[        9104,         0.3],[        9143,        0.29],[       12227,        0.38],[       13172,         0.4]],
[[        7867,        0.27],[        8261,        0.27],[        8486,        0.27],[       11608,        0.36],[       12980,         0.4]],
[[       41557,        1.43],[        7675,        0.25],[        7852,        0.25],[       10454,        0.33],[       12315,        0.38]],
[[           .,           .],[        7538,        0.25],[        7060,        0.22],[        9147,        0.29],[       11315,        0.35]],
[[           .,           .],[        6990,        0.23],[        6431,         0.2],[        7891,        0.25],[       10766,        0.33]],
[[           .,           .],[        6068,         0.2],[        5708,        0.18],[        7215,        0.22],[       10287,        0.32]],
[[           .,           .],[        4604,        0.15],[        4903,        0.16],[        6589,        0.21],[        9743,         0.3]],
[[           .,           .],[       16086,        0.53],[       20462,        0.65],[       32783,        1.02],[       54150,        1.66]]]]}}
