{
"ons":{
"label":"Population Projections for England and Wales, by local authority",
"source":"Office for National Statistics",
"updated":"2014-10-01",
"area": {
"code":"K04000001",
"label":"England and Wales"
},
"time": {
"label":"1998-2038",
"index":["1998",  "2008",  "2018",  "2028",  "2038"]
},
"concept":{
"label":["population", "% of population"],
"units":["count", "%"],
"max":[        5244,         1.62]
},
"sums":{
"series1":[      124122,       142927,       156569,       163941,       170635],
"series2":[      136843,       151378,       169905,       175862,       183660]
},
"dimension":{
"label":"age",
"index":["0", "1", "2", "3", "4", "5", "6", "7", "8", "9", "10", "11", "12", "13", "14", "15", "16", "17", "18", "19", "20", "21", "22", "23", "24", "25", "26", "27", "28", "29", "30", "31", "32", "33", "34", "35", "36", "37", "38", "39", "40", "41", "42", "43", "44", "45", "46", "47", "48", "49", "50", "51", "52", "53", "54", "55", "56", "57", "58", "59", "60", "61", "62", "63", "64", "65", "66", "67", "68", "69", "70", "71", "72", "73", "74", "75", "76", "77", "78", "79", "80", "81", "82", "83", "84", "85", "86", "87", "88", "89", "90+"]
},
"series":["male", "female"],
"value":[[[[        1910,        0.73],[        2390,        0.81],[        2334,        0.71],[        2560,        0.75],[        2537,        0.72]],
[[        1821,         0.7],[        2327,        0.79],[        2322,        0.71],[        2374,         0.7],[        2324,        0.66]],
[[        1710,        0.66],[        1944,        0.66],[        2206,        0.68],[        2237,        0.66],[        2177,        0.61]],
[[        1600,        0.61],[        1715,        0.58],[        2211,        0.68],[        2135,        0.63],[        2071,        0.58]],
[[        1541,        0.59],[        1621,        0.55],[        2033,        0.62],[        2062,        0.61],[        1996,        0.56]],
[[        1459,        0.56],[        1540,        0.52],[        2164,        0.66],[        1994,        0.59],[        1929,        0.54]],
[[        1484,        0.57],[        1358,        0.46],[        2165,        0.66],[        1944,        0.57],[        1879,        0.53]],
[[        1403,        0.54],[        1388,        0.47],[        2052,        0.63],[        1888,        0.56],[        1839,        0.52]],
[[        1331,        0.51],[        1318,        0.45],[        1873,        0.57],[        1853,        0.55],[        1809,        0.51]],
[[        1191,        0.46],[        1341,        0.46],[        1816,        0.56],[        1821,        0.54],[        1776,         0.5]],
[[        1236,        0.47],[        1272,        0.43],[        1656,        0.51],[        1797,        0.53],[        1752,        0.49]],
[[        1184,        0.45],[        1254,        0.43],[        1710,        0.52],[        1756,        0.52],[        1725,        0.49]],
[[         993,        0.38],[        1154,        0.39],[        1567,        0.48],[        1673,        0.49],[        1677,        0.47]],
[[        1140,        0.44],[        1068,        0.36],[        1393,        0.43],[        1680,        0.49],[        1650,        0.47]],
[[        1024,        0.39],[        1091,        0.37],[        1284,        0.39],[        1594,        0.47],[        1569,        0.44]],
[[        1010,        0.39],[        1045,        0.36],[        1264,        0.39],[        1656,        0.49],[        1568,        0.44]],
[[        1047,         0.4],[        1128,        0.38],[        1182,        0.36],[        1714,         0.5],[        1578,        0.45]],
[[        1027,        0.39],[        1193,        0.41],[        1262,        0.39],[        1684,         0.5],[        1565,        0.44]],
[[        1134,        0.43],[        1229,        0.42],[        1280,        0.39],[        1605,        0.47],[        1581,        0.45]],
[[        1405,        0.54],[        1281,        0.44],[        1261,        0.39],[        1584,        0.47],[        1562,        0.44]],
[[        1780,        0.68],[        1316,        0.45],[        1298,         0.4],[        1385,        0.41],[        1438,        0.41]],
[[        2035,        0.78],[        1813,        0.62],[        1423,        0.44],[        1486,        0.44],[        1515,        0.43]],
[[        2458,        0.94],[        2281,        0.78],[        1629,         0.5],[        1576,        0.46],[        1704,        0.48]],
[[        2632,        1.01],[        2983,        1.01],[        2076,        0.64],[        1895,        0.56],[        2162,        0.61]],
[[        2604,           1],[        3276,        1.11],[        2434,        0.75],[        2264,        0.67],[        2633,        0.74]],
[[        3025,        1.16],[        3485,        1.18],[        2852,        0.87],[        2581,        0.76],[        3145,        0.89]],
[[        3059,        1.17],[        3925,        1.33],[        3321,        1.02],[        2851,        0.84],[        3636,        1.03]],
[[        3285,        1.26],[        4218,        1.43],[        3404,        1.04],[        3227,        0.95],[        3919,        1.11]],
[[        3444,        1.32],[        4400,         1.5],[        3533,        1.08],[        3524,        1.04],[        4084,        1.15]],
[[        3339,        1.28],[        4470,        1.52],[        3828,        1.17],[        3862,        1.14],[        4301,        1.21]],
[[        3284,        1.26],[        4470,        1.52],[        3951,        1.21],[        3883,        1.14],[        4270,        1.21]],
[[        3524,        1.35],[        4329,        1.47],[        4163,        1.28],[        3915,        1.15],[        4128,        1.17]],
[[        3272,        1.25],[        4246,        1.44],[        4400,        1.35],[        3909,        1.15],[        3961,        1.12]],
[[        3305,        1.27],[        4073,        1.38],[        4372,        1.34],[        3804,        1.12],[        3697,        1.04]],
[[        3069,        1.18],[        3744,        1.27],[        4320,        1.32],[        3837,        1.13],[        3550,           1]],
[[        2794,        1.07],[        3547,        1.21],[        3960,        1.21],[        3601,        1.06],[        3252,        0.92]],
[[        2384,        0.91],[        3164,        1.08],[        3761,        1.15],[        3409,           1],[        2972,        0.84]],
[[        2367,        0.91],[        2858,        0.97],[        3656,        1.12],[        3262,        0.96],[        2851,         0.8]],
[[        2154,        0.83],[        2803,        0.95],[        3251,           1],[        3099,        0.91],[        2774,        0.78]],
[[        1981,        0.76],[        2560,        0.87],[        3107,        0.95],[        2977,        0.88],[        2714,        0.77]],
[[        1733,        0.66],[        2470,        0.84],[        2782,        0.85],[        2842,        0.84],[        2585,        0.73]],
[[        1707,        0.65],[        2424,        0.82],[        2560,        0.78],[        2706,         0.8],[        2519,        0.71]],
[[        1447,        0.55],[        2153,        0.73],[        2297,         0.7],[        2733,         0.8],[        2453,        0.69]],
[[        1350,        0.52],[        2006,        0.68],[        2382,        0.73],[        2653,        0.78],[        2341,        0.66]],
[[        1354,        0.52],[        2078,        0.71],[        2184,        0.67],[        2549,        0.75],[        2338,        0.66]],
[[        1324,        0.51],[        1839,        0.62],[        2275,         0.7],[        2421,        0.71],[        2255,        0.64]],
[[        1283,        0.49],[        1538,        0.52],[        2115,        0.65],[        2327,        0.68],[        2209,        0.62]],
[[        1313,         0.5],[        1691,        0.57],[        1898,        0.58],[        2311,        0.68],[        2208,        0.62]],
[[        1275,        0.49],[        1599,        0.54],[        1938,        0.59],[        2207,        0.65],[        2152,        0.61]],
[[        1297,         0.5],[        1475,         0.5],[        1868,        0.57],[        2127,        0.63],[        2107,        0.59]],
[[        1337,        0.51],[        1353,        0.46],[        1867,        0.57],[        1984,        0.58],[        2083,        0.59]],
[[        1375,        0.53],[        1293,        0.44],[        1742,        0.53],[        1861,        0.55],[        2009,        0.57]],
[[        1125,        0.43],[        1258,        0.43],[        1770,        0.54],[        1763,        0.52],[        2048,        0.58]],
[[        1123,        0.43],[        1162,        0.39],[        1553,        0.48],[        1804,        0.53],[        2043,        0.58]],
[[        1009,        0.39],[        1052,        0.36],[        1824,        0.56],[        1705,         0.5],[        1963,        0.55]],
[[        1001,        0.38],[        1047,        0.36],[        1531,        0.47],[        1745,        0.51],[        1910,        0.54]],
[[         936,        0.36],[        1033,        0.35],[        1361,        0.42],[        1721,        0.51],[        1863,        0.53]],
[[         946,        0.36],[        1023,        0.35],[        1442,        0.44],[        1563,        0.46],[        1872,        0.53]],
[[        1050,         0.4],[        1008,        0.34],[        1342,        0.41],[        1596,        0.47],[        1806,        0.51]],
[[         994,        0.38],[        1082,        0.37],[        1318,         0.4],[        1522,        0.45],[        1738,        0.49]],
[[         986,        0.38],[        1043,        0.35],[        1084,        0.33],[        1499,        0.44],[        1612,        0.45]],
[[         928,        0.36],[        1121,        0.38],[        1133,        0.35],[        1431,        0.42],[        1511,        0.43]],
[[         882,        0.34],[         850,        0.29],[        1096,        0.34],[        1413,        0.42],[        1440,        0.41]],
[[         869,        0.33],[         815,        0.28],[        1023,        0.31],[        1307,        0.38],[        1444,        0.41]],
[[         864,        0.33],[         750,        0.25],[         897,        0.27],[        1385,        0.41],[        1377,        0.39]],
[[         784,         0.3],[         729,        0.25],[         821,        0.25],[        1244,        0.37],[        1384,        0.39]],
[[         797,        0.31],[         646,        0.22],[         805,        0.25],[        1097,        0.32],[        1367,        0.39]],
[[         774,         0.3],[         665,        0.23],[         841,        0.26],[        1140,        0.34],[        1254,        0.35]],
[[         821,        0.31],[         679,        0.23],[         860,        0.26],[        1046,        0.31],[        1248,        0.35]],
[[         719,        0.28],[         637,        0.22],[         896,        0.27],[         966,        0.28],[        1188,        0.34]],
[[         637,        0.24],[         667,        0.23],[         772,        0.24],[         853,        0.25],[        1161,        0.33]],
[[         669,        0.26],[         630,        0.21],[         929,        0.28],[         856,        0.25],[        1116,        0.31]],
[[         675,        0.26],[         596,         0.2],[         699,        0.21],[         826,        0.24],[        1093,        0.31]],
[[         608,        0.23],[         515,        0.17],[         640,         0.2],[         769,        0.23],[        1017,        0.29]],
[[         579,        0.22],[         539,        0.18],[         541,        0.17],[         670,         0.2],[        1053,         0.3]],
[[         634,        0.24],[         492,        0.17],[         553,        0.17],[         632,        0.19],[         947,        0.27]],
[[         576,        0.22],[         482,        0.16],[         484,        0.15],[         602,        0.18],[         829,        0.23]],
[[         497,        0.19],[         447,        0.15],[         483,        0.15],[         609,        0.18],[         837,        0.24]],
[[         559,        0.21],[         431,        0.15],[         480,        0.15],[         596,        0.18],[         769,        0.22]],
[[         346,        0.13],[         362,        0.12],[         463,        0.14],[         615,        0.18],[         697,         0.2]],
[[         314,        0.12],[         325,        0.11],[         438,        0.13],[         545,        0.16],[         617,        0.17]],
[[         314,        0.12],[         340,        0.12],[         419,        0.13],[         599,        0.18],[         599,        0.17]],
[[         268,         0.1],[         293,         0.1],[         355,        0.11],[         454,        0.13],[         560,        0.16]],
[[         283,        0.11],[         291,         0.1],[         304,        0.09],[         404,        0.12],[         508,        0.14]],
[[         265,         0.1],[         237,        0.08],[         296,        0.09],[         341,         0.1],[         437,        0.12]],
[[        1050,         0.4],[         240,        0.08],[         239,        0.07],[         324,         0.1],[         397,        0.11]],
[[           .,           .],[         199,        0.07],[         211,        0.06],[         271,        0.08],[         363,         0.1]],
[[           .,           .],[         150,        0.05],[         187,        0.06],[         255,        0.08],[         348,         0.1]],
[[           .,           .],[         121,        0.04],[         174,        0.05],[         233,        0.07],[         318,        0.09]],
[[           .,           .],[         106,        0.04],[         142,        0.04],[         195,        0.06],[         297,        0.08]],
[[           .,           .],[         327,        0.11],[         481,        0.15],[         664,         0.2],[        1073,         0.3]]],
[[[        1876,        0.72],[        2346,         0.8],[        2233,        0.68],[        2445,        0.72],[        2422,        0.68]],
[[        1834,         0.7],[        2106,        0.72],[        2148,        0.66],[        2262,        0.67],[        2215,        0.63]],
[[        1666,        0.64],[        1935,        0.66],[        2191,        0.67],[        2110,        0.62],[        2054,        0.58]],
[[        1584,        0.61],[        1616,        0.55],[        2123,        0.65],[        1998,        0.59],[        1938,        0.55]],
[[        1524,        0.58],[        1651,        0.56],[        2074,        0.64],[        1913,        0.56],[        1851,        0.52]],
[[        1411,        0.54],[        1507,        0.51],[        2036,        0.62],[        1866,        0.55],[        1805,        0.51]],
[[        1410,        0.54],[        1394,        0.47],[        2069,        0.63],[        1827,        0.54],[        1766,         0.5]],
[[        1306,         0.5],[        1372,        0.47],[        1914,        0.59],[        1785,        0.53],[        1739,        0.49]],
[[        1260,        0.48],[        1276,        0.43],[        1845,        0.57],[        1734,        0.51],[        1693,        0.48]],
[[        1206,        0.46],[        1294,        0.44],[        1668,        0.51],[        1710,         0.5],[        1668,        0.47]],
[[        1116,        0.43],[        1273,        0.43],[        1645,         0.5],[        1684,         0.5],[        1641,        0.46]],
[[        1074,        0.41],[        1254,        0.43],[        1719,        0.53],[        1643,        0.48],[        1615,        0.46]],
[[         997,        0.38],[        1140,        0.39],[        1418,        0.43],[        1551,        0.46],[        1557,        0.44]],
[[        1040,         0.4],[        1130,        0.38],[        1297,         0.4],[        1566,        0.46],[        1536,        0.43]],
[[        1028,        0.39],[        1086,        0.37],[        1249,        0.38],[        1548,        0.46],[        1477,        0.42]],
[[        1046,         0.4],[        1098,        0.37],[        1245,        0.38],[        1559,        0.46],[        1472,        0.42]],
[[        1043,         0.4],[        1212,        0.41],[        1229,        0.38],[        1634,        0.48],[        1464,        0.41]],
[[        1145,        0.44],[        1121,        0.38],[        1243,        0.38],[        1542,        0.45],[        1451,        0.41]],
[[        1543,        0.59],[        1231,        0.42],[        1184,        0.36],[        1564,        0.46],[        1503,        0.42]],
[[        2137,        0.82],[        1717,        0.58],[        1489,        0.46],[        1736,        0.51],[        1763,         0.5]],
[[        2353,         0.9],[        1971,        0.67],[        1498,        0.46],[        1767,        0.52],[        1776,         0.5]],
[[        2505,        0.96],[        2311,        0.79],[        1628,         0.5],[        1857,        0.55],[        1878,        0.53]],
[[        2587,        0.99],[        2530,        0.86],[        1957,         0.6],[        2114,        0.62],[        2277,        0.64]],
[[        2693,        1.03],[        3286,        1.12],[        3027,        0.93],[        2787,        0.82],[        3150,        0.89]],
[[        2850,        1.09],[        4046,        1.37],[        3576,         1.1],[        3515,        1.03],[        4037,        1.14]],
[[        3143,         1.2],[        4281,        1.45],[        4220,        1.29],[        3800,        1.12],[        4568,        1.29]],
[[        3495,        1.34],[        4665,        1.59],[        4654,        1.43],[        4000,        1.18],[        5066,        1.43]],
[[        3691,        1.41],[        4723,         1.6],[        4891,         1.5],[        4298,        1.26],[        5156,        1.46]],
[[        3507,        1.34],[        4750,        1.61],[        4603,        1.41],[        4525,        1.33],[        5244,        1.48]],
[[        3475,        1.33],[        4757,        1.62],[        4477,        1.37],[        4729,        1.39],[        5239,        1.48]],
[[        3587,        1.37],[        4654,        1.58],[        4773,        1.46],[        4556,        1.34],[        4994,        1.41]],
[[        3514,        1.35],[        4361,        1.48],[        4553,        1.39],[        4395,        1.29],[        4604,         1.3]],
[[        3472,        1.33],[        3991,        1.36],[        4513,        1.38],[        4070,         1.2],[        4193,        1.18]],
[[        3341,        1.28],[        3829,         1.3],[        4408,        1.35],[        3883,        1.14],[        3807,        1.07]],
[[        3007,        1.15],[        3437,        1.17],[        3937,        1.21],[        3776,        1.11],[        3543,           1]],
[[        2803,        1.07],[        3091,        1.05],[        3996,        1.22],[        3470,        1.02],[        3150,        0.89]],
[[        2603,           1],[        3021,        1.03],[        3917,         1.2],[        3258,        0.96],[        2845,         0.8]],
[[        2211,        0.85],[        2812,        0.96],[        3204,        0.98],[        3157,        0.93],[        2731,        0.77]],
[[        2116,        0.81],[        2590,        0.88],[        3013,        0.92],[        2945,        0.87],[        2614,        0.74]],
[[        1940,        0.74],[        2372,        0.81],[        2933,         0.9],[        2850,        0.84],[        2573,        0.73]],
[[        1758,        0.67],[        2337,        0.79],[        2639,        0.81],[        2755,        0.81],[        2459,        0.69]],
[[        1708,        0.65],[        2209,        0.75],[        2453,        0.75],[        2564,        0.75],[        2380,        0.67]],
[[        1619,        0.62],[        2198,        0.75],[        2456,        0.75],[        2521,        0.74],[        2271,        0.64]],
[[        1499,        0.57],[        1998,        0.68],[        2334,        0.71],[        2453,        0.72],[        2201,        0.62]],
[[        1502,        0.58],[        1916,        0.65],[        2286,         0.7],[        2337,        0.69],[        2184,        0.62]],
[[        1483,        0.57],[        1835,        0.62],[        2032,        0.62],[        2350,        0.69],[        2157,        0.61]],
[[        1417,        0.54],[        1765,         0.6],[        2156,        0.66],[        2356,        0.69],[        2144,        0.61]],
[[        1452,        0.56],[        1570,        0.53],[        2046,        0.63],[        2240,        0.66],[        2164,        0.61]],
[[        1419,        0.54],[        1541,        0.52],[        2059,        0.63],[        2197,        0.65],[        2103,        0.59]],
[[        1440,        0.55],[        1399,        0.48],[        2015,        0.62],[        2178,        0.64],[        2089,        0.59]],
[[        1483,        0.57],[        1314,        0.45],[        1956,         0.6],[        2009,        0.59],[        2092,        0.59]],
[[        1544,        0.59],[        1286,        0.44],[        1865,        0.57],[        1888,        0.56],[        2014,        0.57]],
[[        1220,        0.47],[        1302,        0.44],[        1951,         0.6],[        1942,        0.57],[        2019,        0.57]],
[[        1212,        0.46],[        1203,        0.41],[        1701,        0.52],[        1840,        0.54],[        1981,        0.56]],
[[        1133,        0.43],[        1213,        0.41],[        1642,         0.5],[        1831,        0.54],[        1921,        0.54]],
[[        1154,        0.44],[        1186,         0.4],[        1664,        0.51],[        1724,        0.51],[        1935,        0.55]],
[[        1059,        0.41],[        1132,        0.38],[        1523,        0.47],[        1808,        0.53],[        1948,        0.55]],
[[        1003,        0.38],[        1144,        0.39],[        1437,        0.44],[        1706,         0.5],[        1874,        0.53]],
[[        1068,        0.41],[        1136,        0.39],[        1355,        0.42],[        1702,         0.5],[        1847,        0.52]],
[[        1030,        0.39],[        1141,        0.39],[        1261,        0.39],[        1662,        0.49],[        1826,        0.52]],
[[        1055,         0.4],[        1161,        0.39],[        1251,        0.38],[        1624,        0.48],[        1691,        0.48]],
[[         986,        0.38],[        1155,        0.39],[        1174,        0.36],[        1559,        0.46],[        1593,        0.45]],
[[         975,        0.37],[         932,        0.32],[        1210,        0.37],[        1617,        0.48],[        1633,        0.46]],
[[         897,        0.34],[         918,        0.31],[        1041,        0.32],[        1469,        0.43],[        1577,        0.45]],
[[         870,        0.33],[         862,        0.29],[        1110,        0.34],[        1418,        0.42],[        1564,        0.44]],
[[         828,        0.32],[         856,        0.29],[        1099,        0.34],[        1388,        0.41],[        1473,        0.42]],
[[         802,        0.31],[         795,        0.27],[        1020,        0.31],[        1292,        0.38],[        1522,        0.43]],
[[         909,        0.35],[         728,        0.25],[        1036,        0.32],[        1207,        0.36],[        1446,        0.41]],
[[         911,        0.35],[         777,        0.26],[         985,         0.3],[        1155,        0.34],[        1426,         0.4]],
[[         802,        0.31],[         807,        0.27],[         979,         0.3],[        1054,        0.31],[        1373,        0.39]],
[[         815,        0.31],[         761,        0.26],[         955,        0.29],[        1032,         0.3],[        1338,        0.38]],
[[         849,        0.33],[         725,        0.25],[         980,         0.3],[         974,        0.29],[        1292,        0.36]],
[[         870,        0.33],[         669,        0.23],[         765,        0.23],[         976,        0.29],[        1323,        0.37]],
[[         887,        0.34],[         639,        0.22],[         739,        0.23],[         869,        0.26],[        1204,        0.34]],
[[         891,        0.34],[         619,        0.21],[         740,        0.23],[         893,        0.26],[        1156,        0.33]],
[[         906,        0.35],[         600,         0.2],[         711,        0.22],[         863,        0.25],[        1127,        0.32]],
[[         838,        0.32],[         589,         0.2],[         637,         0.2],[         798,        0.23],[        1044,        0.29]],
[[         904,        0.35],[         577,         0.2],[         618,        0.19],[         800,        0.24],[         965,        0.27]],
[[         892,        0.34],[         576,         0.2],[         643,         0.2],[         751,        0.22],[         913,        0.26]],
[[         640,        0.25],[         481,        0.16],[         651,         0.2],[         735,        0.22],[         832,        0.23]],
[[         513,         0.2],[         494,        0.17],[         585,        0.18],[         708,        0.21],[         800,        0.23]],
[[         582,        0.22],[         478,        0.16],[         542,        0.17],[         718,        0.21],[         734,        0.21]],
[[         635,        0.24],[         481,        0.16],[         482,        0.15],[         549,        0.16],[         703,         0.2]],
[[         558,        0.21],[         499,        0.17],[         419,        0.13],[         505,        0.15],[         615,        0.17]],
[[         528,         0.2],[         431,        0.15],[         386,        0.12],[         486,        0.14],[         613,        0.17]],
[[        3158,        1.21],[         417,        0.14],[         364,        0.11],[         439,        0.13],[         565,        0.16]],
[[           .,           .],[         389,        0.13],[         345,        0.11],[         387,        0.11],[         501,        0.14]],
[[           .,           .],[         386,        0.13],[         300,        0.09],[         342,         0.1],[         483,        0.14]],
[[           .,           .],[         308,         0.1],[         292,        0.09],[         332,         0.1],[         428,        0.12]],
[[           .,           .],[         263,        0.09],[         228,        0.07],[         301,        0.09],[         390,        0.11]],
[[           .,           .],[         943,        0.32],[         990,         0.3],[        1124,        0.33],[        1652,        0.47]]]]}}
