{
"ons":{
"label":"Population Projections for England and Wales, by local authority",
"source":"Office for National Statistics",
"updated":"2014-10-01",
"area": {
"code":"K04000001",
"label":"England and Wales"
},
"time": {
"label":"1998-2038",
"index":["1998",  "2008",  "2018",  "2028",  "2038"]
},
"concept":{
"label":["population", "% of population"],
"units":["count", "%"],
"max":[        1591,         0.98]
},
"sums":{
"series1":[       74247,        83156,        89338,        95846,       100126],
"series2":[       78953,        88224,        92802,        98012,       101132]
},
"dimension":{
"label":"age",
"index":["0", "1", "2", "3", "4", "5", "6", "7", "8", "9", "10", "11", "12", "13", "14", "15", "16", "17", "18", "19", "20", "21", "22", "23", "24", "25", "26", "27", "28", "29", "30", "31", "32", "33", "34", "35", "36", "37", "38", "39", "40", "41", "42", "43", "44", "45", "46", "47", "48", "49", "50", "51", "52", "53", "54", "55", "56", "57", "58", "59", "60", "61", "62", "63", "64", "65", "66", "67", "68", "69", "70", "71", "72", "73", "74", "75", "76", "77", "78", "79", "80", "81", "82", "83", "84", "85", "86", "87", "88", "89", "90+"]
},
"series":["male", "female"],
"value":[[[[        1022,        0.67],[        1159,        0.68],[         991,        0.54],[        1079,        0.56],[        1073,        0.53]],
[[        1034,        0.67],[        1160,        0.68],[        1049,        0.58],[        1102,        0.57],[        1088,        0.54]],
[[        1046,        0.68],[        1112,        0.65],[        1041,        0.57],[        1126,        0.58],[        1112,        0.55]],
[[        1122,        0.73],[        1153,        0.67],[        1161,        0.64],[        1133,        0.58],[        1119,        0.56]],
[[        1090,        0.71],[        1079,        0.63],[        1152,        0.63],[        1141,        0.59],[        1128,        0.56]],
[[        1136,        0.74],[        1025,         0.6],[        1086,         0.6],[        1150,        0.59],[        1147,        0.57]],
[[        1124,        0.73],[         972,        0.57],[        1190,        0.65],[        1153,        0.59],[        1162,        0.58]],
[[        1097,        0.72],[        1063,        0.62],[        1280,         0.7],[        1155,         0.6],[        1171,        0.58]],
[[        1050,        0.69],[        1034,         0.6],[        1170,        0.64],[        1145,        0.59],[        1173,        0.58]],
[[        1093,        0.71],[        1171,        0.68],[        1257,        0.69],[        1141,        0.59],[        1177,        0.58]],
[[        1122,        0.73],[        1085,        0.63],[        1255,        0.69],[        1127,        0.58],[        1178,        0.59]],
[[        1115,        0.73],[        1103,        0.64],[        1198,        0.66],[        1096,        0.57],[        1186,        0.59]],
[[        1119,        0.73],[        1170,        0.68],[        1161,        0.64],[        1146,        0.59],[        1187,        0.59]],
[[        1044,        0.68],[        1186,        0.69],[        1163,        0.64],[        1192,        0.61],[        1184,        0.59]],
[[        1034,        0.67],[        1154,        0.67],[        1107,        0.61],[        1200,        0.62],[        1186,        0.59]],
[[         960,        0.63],[        1197,         0.7],[        1044,        0.57],[        1123,        0.58],[        1175,        0.58]],
[[        1031,        0.67],[        1095,        0.64],[         994,        0.55],[        1238,        0.64],[        1177,        0.58]],
[[        1043,        0.68],[        1123,        0.66],[        1080,        0.59],[        1300,        0.67],[        1171,        0.58]],
[[         902,        0.59],[        1013,        0.59],[         988,        0.54],[        1141,        0.59],[        1125,        0.56]],
[[         877,        0.57],[        1008,        0.59],[        1065,        0.58],[        1205,        0.62],[        1085,        0.54]],
[[         782,        0.51],[        1061,        0.62],[         969,        0.53],[        1195,        0.62],[        1072,        0.53]],
[[         756,        0.49],[        1064,        0.62],[        1042,        0.57],[        1128,        0.58],[        1041,        0.52]],
[[         937,        0.61],[        1004,        0.59],[        1115,        0.61],[        1093,        0.56],[        1091,        0.54]],
[[         846,        0.55],[         981,        0.57],[        1124,        0.62],[        1107,        0.57],[        1144,        0.57]],
[[         913,         0.6],[        1007,        0.59],[        1141,        0.63],[        1051,        0.54],[        1149,        0.57]],
[[         960,        0.63],[         943,        0.55],[        1132,        0.62],[        1008,        0.52],[        1090,        0.54]],
[[        1036,        0.68],[        1010,        0.59],[        1053,        0.58],[         973,         0.5],[        1179,        0.59]],
[[        1198,        0.78],[        1024,         0.6],[        1108,        0.61],[        1049,        0.54],[        1241,        0.62]],
[[        1146,        0.75],[        1051,        0.61],[        1052,        0.58],[        1020,        0.53],[        1152,        0.57]],
[[        1292,        0.84],[        1049,        0.61],[        1070,        0.59],[        1137,        0.59],[        1244,        0.62]],
[[        1369,        0.89],[         977,        0.57],[        1201,        0.66],[        1118,        0.58],[        1250,        0.62]],
[[        1408,        0.92],[        1025,         0.6],[        1156,        0.63],[        1207,        0.62],[        1221,        0.61]],
[[        1300,        0.85],[        1104,        0.64],[        1125,        0.62],[        1287,        0.66],[        1205,         0.6]],
[[        1379,         0.9],[        1097,        0.64],[        1108,        0.61],[        1286,        0.66],[        1215,         0.6]],
[[        1314,        0.86],[        1176,        0.69],[        1230,        0.68],[        1312,        0.68],[        1180,        0.59]],
[[        1278,        0.83],[        1219,        0.71],[        1172,        0.64],[        1332,        0.69],[        1142,        0.57]],
[[        1271,        0.83],[        1320,        0.77],[        1151,        0.63],[        1326,        0.68],[        1128,        0.56]],
[[        1281,        0.84],[        1475,        0.86],[        1183,        0.65],[        1369,        0.71],[        1187,        0.59]],
[[        1235,        0.81],[        1278,        0.75],[        1169,        0.64],[        1290,        0.67],[        1179,        0.59]],
[[        1221,         0.8],[        1445,        0.84],[        1192,        0.65],[        1315,        0.68],[        1281,        0.64]],
[[        1139,        0.74],[        1466,        0.86],[        1048,        0.58],[        1373,        0.71],[        1270,        0.63]],
[[        1094,        0.71],[        1437,        0.84],[        1148,        0.63],[        1325,        0.68],[        1340,        0.67]],
[[        1110,        0.72],[        1395,        0.81],[        1171,        0.64],[        1269,        0.65],[        1390,        0.69]],
[[        1042,        0.68],[        1501,        0.88],[        1195,        0.66],[        1246,        0.64],[        1386,        0.69]],
[[        1041,        0.68],[        1445,        0.84],[        1255,        0.69],[        1300,        0.67],[        1415,         0.7]],
[[        1023,        0.67],[        1423,        0.83],[        1263,        0.69],[        1254,        0.65],[        1428,        0.71]],
[[        1028,        0.67],[        1376,         0.8],[        1377,        0.76],[        1223,        0.63],[        1418,         0.7]],
[[        1062,        0.69],[        1359,        0.79],[        1413,        0.78],[        1224,        0.63],[        1450,        0.72]],
[[        1010,        0.66],[        1273,        0.74],[        1298,        0.71],[        1202,        0.62],[        1354,        0.67]],
[[        1065,         0.7],[        1249,        0.73],[        1407,        0.77],[        1205,        0.62],[        1367,        0.68]],
[[        1146,        0.75],[        1170,        0.68],[        1452,         0.8],[        1032,        0.53],[        1392,        0.69]],
[[        1189,        0.78],[        1124,        0.66],[        1368,        0.75],[        1129,        0.58],[        1326,        0.66]],
[[         943,        0.62],[        1107,        0.65],[        1348,        0.74],[        1141,        0.59],[        1263,        0.63]],
[[         918,         0.6],[        1005,        0.59],[        1445,        0.79],[        1152,        0.59],[        1218,        0.61]],
[[         899,        0.59],[        1024,         0.6],[        1336,        0.73],[        1186,        0.61],[        1259,        0.63]],
[[         881,        0.58],[         963,        0.56],[        1352,        0.74],[        1203,        0.62],[        1216,         0.6]],
[[         803,        0.52],[         983,        0.57],[        1287,        0.71],[        1298,        0.67],[        1176,        0.58]],
[[         752,        0.49],[        1023,         0.6],[        1302,        0.71],[        1346,        0.69],[        1178,        0.59]],
[[         759,         0.5],[         995,        0.58],[        1247,        0.68],[        1216,        0.63],[        1154,        0.57]],
[[         791,        0.52],[        1020,         0.6],[        1184,        0.65],[        1318,        0.68],[        1148,        0.57]],
[[         726,        0.47],[        1082,        0.63],[        1113,        0.61],[        1339,        0.69],[         975,        0.48]],
[[         785,        0.51],[        1099,        0.64],[        1037,        0.57],[        1282,        0.66],[        1061,        0.53]],
[[         702,        0.46],[         884,        0.52],[        1010,        0.55],[        1247,        0.64],[        1064,        0.53]],
[[         698,        0.46],[         851,         0.5],[         922,        0.51],[        1336,        0.69],[        1074,        0.53]],
[[         594,        0.39],[         827,        0.48],[         914,         0.5],[        1248,        0.64],[        1101,        0.55]],
[[         519,        0.34],[         783,        0.46],[         859,        0.47],[        1256,        0.65],[        1109,        0.55]],
[[         554,        0.36],[         726,        0.42],[         852,        0.47],[        1186,        0.61],[        1190,        0.59]],
[[         507,        0.33],[         691,         0.4],[         866,        0.48],[        1184,        0.61],[        1227,        0.61]],
[[         508,        0.33],[         655,        0.38],[         865,        0.47],[        1111,        0.57],[        1103,        0.55]],
[[         467,         0.3],[         682,         0.4],[         885,        0.49],[        1046,        0.54],[        1188,        0.59]],
[[         458,         0.3],[         607,        0.35],[         923,        0.51],[         988,        0.51],[        1208,         0.6]],
[[         469,        0.31],[         605,        0.35],[         952,        0.52],[         918,        0.47],[        1145,        0.57]],
[[         408,        0.27],[         553,        0.32],[         712,        0.39],[         874,        0.45],[        1105,        0.55]],
[[         388,        0.25],[         550,        0.32],[         678,        0.37],[         789,        0.41],[        1164,        0.58]],
[[         335,        0.22],[         458,        0.27],[         624,        0.34],[         777,         0.4],[        1078,        0.54]],
[[         310,         0.2],[         392,        0.23],[         600,        0.33],[         726,        0.37],[        1067,        0.53]],
[[         279,        0.18],[         408,        0.24],[         564,        0.31],[         689,        0.36],[         987,        0.49]],
[[         299,         0.2],[         353,        0.21],[         504,        0.28],[         691,        0.36],[         968,        0.48]],
[[         279,        0.18],[         335,         0.2],[         462,        0.25],[         665,        0.34],[         886,        0.44]],
[[         192,        0.13],[         286,        0.17],[         465,        0.26],[         663,        0.34],[         819,        0.41]],
[[         161,        0.11],[         253,        0.15],[         408,        0.22],[         668,        0.34],[         748,        0.37]],
[[         143,        0.09],[         260,        0.15],[         357,         0.2],[         658,        0.34],[         679,        0.34]],
[[         124,        0.08],[         200,        0.12],[         326,        0.18],[         486,        0.25],[         629,        0.31]],
[[         144,        0.09],[         197,        0.11],[         299,        0.16],[         445,        0.23],[         542,        0.27]],
[[         110,        0.07],[         136,        0.08],[         242,        0.13],[         395,         0.2],[         509,        0.25]],
[[         106,        0.07],[         121,        0.07],[         197,        0.11],[         348,        0.18],[         455,        0.23]],
[[          75,        0.05],[         100,        0.06],[         200,        0.11],[         297,        0.15],[         404,         0.2]],
[[          57,        0.04],[          98,        0.06],[         146,        0.08],[         253,        0.13],[         376,        0.19]],
[[          52,        0.03],[          78,        0.05],[         121,        0.07],[         206,        0.11],[         334,        0.17]],
[[          24,        0.02],[          45,        0.03],[         100,        0.05],[         191,         0.1],[         304,        0.15]],
[[          96,        0.06],[         131,        0.08],[         314,        0.17],[         546,        0.28],[        1084,        0.54]]],
[[[         979,        0.64],[        1133,        0.66],[         924,        0.51],[        1017,        0.52],[        1009,         0.5]],
[[        1067,         0.7],[        1091,        0.64],[         969,        0.53],[        1044,        0.54],[        1030,        0.51]],
[[        1025,        0.67],[        1085,        0.63],[        1002,        0.55],[        1057,        0.55],[        1044,        0.52]],
[[         998,        0.65],[        1059,        0.62],[         998,        0.55],[        1071,        0.55],[        1057,        0.53]],
[[        1050,        0.69],[        1069,        0.62],[        1070,        0.59],[        1083,        0.56],[        1072,        0.53]],
[[        1028,        0.67],[        1000,        0.58],[        1140,        0.63],[        1088,        0.56],[        1087,        0.54]],
[[        1087,        0.71],[        1092,        0.64],[        1049,        0.58],[        1082,        0.56],[        1086,        0.54]],
[[        1068,         0.7],[        1023,         0.6],[        1159,        0.64],[        1073,        0.55],[        1094,        0.54]],
[[        1058,        0.69],[        1041,        0.61],[        1108,        0.61],[        1065,        0.55],[        1097,        0.55]],
[[        1048,        0.68],[        1076,        0.63],[        1188,        0.65],[        1051,        0.54],[        1095,        0.54]],
[[        1013,        0.66],[        1121,        0.65],[        1182,        0.65],[        1038,        0.54],[        1092,        0.54]],
[[        1053,        0.69],[        1150,        0.67],[        1129,        0.62],[        1005,        0.52],[        1096,        0.54]],
[[        1098,        0.72],[        1102,        0.64],[        1116,        0.61],[        1025,        0.53],[        1101,        0.55]],
[[        1015,        0.66],[        1060,        0.62],[        1090,         0.6],[        1037,        0.53],[        1105,        0.55]],
[[         954,        0.62],[        1146,        0.67],[        1051,        0.58],[        1084,        0.56],[        1093,        0.54]],
[[         991,        0.65],[        1089,        0.64],[        1005,        0.55],[        1144,        0.59],[        1092,        0.54]],
[[         995,        0.65],[        1114,        0.65],[        1095,         0.6],[        1049,        0.54],[        1080,        0.54]],
[[         972,        0.63],[        1133,        0.66],[        1031,        0.57],[        1140,        0.59],[        1058,        0.53]],
[[         828,        0.54],[        1006,        0.59],[         989,        0.54],[        1040,        0.54],[         992,        0.49]],
[[         805,        0.53],[         977,        0.57],[         918,         0.5],[        1018,        0.53],[         916,        0.46]],
[[         805,        0.53],[         982,        0.57],[         916,         0.5],[        1023,        0.53],[         915,        0.45]],
[[         737,        0.48],[        1063,        0.62],[         993,        0.55],[         982,        0.51],[         882,        0.44]],
[[         890,        0.58],[        1062,        0.62],[         961,        0.53],[         996,        0.51],[         923,        0.46]],
[[         944,        0.62],[        1081,        0.63],[        1010,        0.55],[         985,        0.51],[         959,        0.48]],
[[        1002,        0.65],[         977,        0.57],[        1144,        0.63],[         953,        0.49],[        1003,         0.5]],
[[        1096,        0.72],[        1093,        0.64],[        1053,        0.58],[         938,        0.48],[        1062,        0.53]],
[[        1217,        0.79],[        1128,        0.66],[        1059,        0.58],[         994,        0.51],[        1005,         0.5]],
[[        1264,        0.83],[        1147,        0.67],[        1072,        0.59],[         976,         0.5],[        1093,        0.54]],
[[        1302,        0.85],[        1061,        0.62],[        1079,        0.59],[        1019,        0.53],[        1087,        0.54]],
[[        1332,        0.87],[        1047,        0.61],[        1088,         0.6],[        1082,        0.56],[        1160,        0.58]],
[[        1455,        0.95],[        1066,        0.62],[        1209,        0.66],[        1139,        0.59],[        1192,        0.59]],
[[        1498,        0.98],[        1000,        0.58],[        1287,        0.71],[        1248,        0.64],[        1171,        0.58]],
[[        1420,        0.93],[        1143,        0.67],[        1270,         0.7],[        1235,        0.64],[        1186,        0.59]],
[[        1477,        0.96],[        1223,        0.71],[        1267,         0.7],[        1286,        0.66],[        1178,        0.59]],
[[        1422,        0.93],[        1271,        0.74],[        1199,        0.66],[        1365,         0.7],[        1169,        0.58]],
[[        1369,        0.89],[        1367,         0.8],[        1322,        0.73],[        1358,         0.7],[        1153,        0.57]],
[[        1360,        0.89],[        1438,        0.84],[        1323,        0.73],[        1435,        0.74],[        1207,         0.6]],
[[        1275,        0.83],[        1456,        0.85],[        1324,        0.73],[        1428,        0.74],[        1205,         0.6]],
[[        1292,        0.84],[        1517,        0.89],[        1224,        0.67],[        1378,        0.71],[        1234,        0.61]],
[[        1305,        0.85],[        1552,        0.91],[        1187,        0.65],[        1385,        0.71],[        1282,        0.64]],
[[        1276,        0.83],[        1569,        0.92],[        1136,        0.62],[        1434,        0.74],[        1310,        0.65]],
[[        1143,        0.75],[        1591,        0.93],[        1074,        0.59],[        1456,        0.75],[        1403,         0.7]],
[[        1139,        0.74],[        1502,        0.88],[        1187,        0.65],[        1375,        0.71],[        1365,        0.68]],
[[        1074,         0.7],[        1587,        0.93],[        1259,        0.69],[        1389,        0.72],[        1385,        0.69]],
[[        1112,        0.73],[        1449,        0.85],[        1262,        0.69],[        1267,        0.65],[        1442,        0.72]],
[[        1073,         0.7],[        1450,        0.85],[        1394,        0.77],[        1359,         0.7],[        1417,         0.7]],
[[        1069,         0.7],[        1448,        0.84],[        1432,        0.79],[        1358,         0.7],[        1491,        0.74]],
[[        1059,        0.69],[        1376,         0.8],[        1437,        0.79],[        1333,        0.69],[        1462,        0.73]],
[[        1028,        0.67],[        1300,        0.76],[        1506,        0.83],[        1223,        0.63],[        1397,        0.69]],
[[        1122,        0.73],[        1341,        0.78],[        1479,        0.81],[        1183,        0.61],[        1392,        0.69]],
[[        1146,        0.75],[        1274,        0.74],[        1508,        0.83],[        1120,        0.58],[        1428,        0.71]],
[[        1206,        0.79],[        1138,        0.66],[        1508,        0.83],[        1042,        0.54],[        1442,        0.72]],
[[         990,        0.65],[        1123,        0.66],[        1432,        0.79],[        1160,         0.6],[        1358,        0.67]],
[[         931,        0.61],[        1054,        0.62],[        1493,        0.82],[        1202,        0.62],[        1364,        0.68]],
[[         947,        0.62],[        1101,        0.64],[        1379,        0.76],[        1210,        0.62],[        1242,        0.62]],
[[         919,         0.6],[        1102,        0.64],[        1402,        0.77],[        1328,        0.69],[        1328,        0.66]],
[[         853,        0.56],[        1041,        0.61],[        1365,        0.75],[        1374,        0.71],[        1318,        0.65]],
[[         841,        0.55],[        1056,        0.62],[        1311,        0.72],[        1371,        0.71],[        1290,        0.64]],
[[         816,        0.53],[        1015,        0.59],[        1222,        0.67],[        1447,        0.75],[        1183,        0.59]],
[[         815,        0.53],[        1084,        0.63],[        1258,        0.69],[        1423,        0.73],[        1127,        0.56]],
[[         786,        0.51],[        1138,        0.66],[        1151,        0.63],[        1416,        0.73],[        1063,        0.53]],
[[         721,        0.47],[        1177,        0.69],[        1088,         0.6],[        1417,        0.73],[         992,        0.49]],
[[         732,        0.48],[         947,        0.55],[        1036,        0.57],[        1374,        0.71],[        1090,        0.54]],
[[         689,        0.45],[         887,        0.52],[         965,        0.53],[        1404,        0.72],[        1131,        0.56]],
[[         660,        0.43],[         879,        0.51],[        1029,        0.56],[        1310,        0.68],[        1140,        0.57]],
[[         605,        0.39],[         898,        0.52],[        1028,        0.56],[        1307,        0.67],[        1243,        0.62]],
[[         693,        0.45],[         815,        0.48],[         958,        0.53],[        1290,        0.67],[        1282,        0.64]],
[[         628,        0.41],[         761,        0.44],[         939,        0.52],[        1210,        0.62],[        1285,        0.64]],
[[         579,        0.38],[         733,        0.43],[         921,        0.51],[        1107,        0.57],[        1338,        0.66]],
[[         572,        0.37],[         753,        0.44],[         973,        0.53],[        1157,         0.6],[        1314,        0.65]],
[[         545,        0.36],[         692,         0.4],[        1040,        0.57],[        1067,        0.55],[        1292,        0.64]],
[[         506,        0.33],[         635,        0.37],[        1036,        0.57],[         981,        0.51],[        1288,        0.64]],
[[         506,        0.33],[         644,        0.38],[         812,        0.45],[         926,        0.48],[        1232,        0.61]],
[[         470,        0.31],[         601,        0.35],[         744,        0.41],[         849,        0.44],[        1245,        0.62]],
[[         490,        0.32],[         544,        0.32],[         737,         0.4],[         911,        0.47],[        1153,        0.57]],
[[         421,        0.27],[         485,        0.28],[         737,         0.4],[         886,        0.46],[        1140,        0.57]],
[[         419,        0.27],[         537,        0.31],[         674,        0.37],[         802,        0.41],[        1108,        0.55]],
[[         456,         0.3],[         490,        0.29],[         593,        0.33],[         790,        0.41],[        1027,        0.51]],
[[         437,        0.29],[         429,        0.25],[         571,        0.31],[         746,        0.38],[         923,        0.46]],
[[         343,        0.22],[         409,        0.24],[         564,        0.31],[         774,         0.4],[         951,        0.47]],
[[         273,        0.18],[         359,        0.21],[         524,        0.29],[         803,        0.41],[         863,        0.43]],
[[         297,        0.19],[         335,         0.2],[         443,        0.24],[         784,         0.4],[         779,        0.39]],
[[         289,        0.19],[         322,        0.19],[         430,        0.24],[         588,         0.3],[         714,        0.35]],
[[         260,        0.17],[         282,        0.16],[         378,        0.21],[         537,        0.28],[         633,        0.31]],
[[         255,        0.17],[         286,        0.17],[         357,         0.2],[         503,        0.26],[         649,        0.32]],
[[         200,        0.13],[         222,        0.13],[         274,        0.15],[         475,        0.25],[         600,         0.3]],
[[         191,        0.12],[         203,        0.12],[         322,        0.18],[         413,        0.21],[         516,        0.26]],
[[         147,         0.1],[         203,        0.12],[         254,        0.14],[         339,        0.17],[         479,        0.24]],
[[         135,        0.09],[         190,        0.11],[         177,         0.1],[         296,        0.15],[         419,        0.21]],
[[         121,        0.08],[         111,        0.06],[         156,        0.09],[         274,        0.14],[         399,         0.2]],
[[         374,        0.24],[         415,        0.24],[         647,        0.36],[         806,        0.42],[        1338,        0.66]]]]}}
