{
"ons":{
"label":"Population Projections for England and Wales, by local authority",
"source":"Office for National Statistics",
"updated":"2014-10-01",
"area": {
"code":"K04000001",
"label":"England and Wales"
},
"time": {
"label":"1998-2038",
"index":["1998",  "2008",  "2018",  "2028",  "2038"]
},
"concept":{
"label":["population", "% of population"],
"units":["count", "%"],
"max":[        1880,         1.64]
},
"sums":{
"series1":[       46371,        50829,        53992,        55093,        55980],
"series2":[       48176,        52187,        55808,        57400,        58552]
},
"dimension":{
"label":"age",
"index":["0", "1", "2", "3", "4", "5", "6", "7", "8", "9", "10", "11", "12", "13", "14", "15", "16", "17", "18", "19", "20", "21", "22", "23", "24", "25", "26", "27", "28", "29", "30", "31", "32", "33", "34", "35", "36", "37", "38", "39", "40", "41", "42", "43", "44", "45", "46", "47", "48", "49", "50", "51", "52", "53", "54", "55", "56", "57", "58", "59", "60", "61", "62", "63", "64", "65", "66", "67", "68", "69", "70", "71", "72", "73", "74", "75", "76", "77", "78", "79", "80", "81", "82", "83", "84", "85", "86", "87", "88", "89", "90+"]
},
"series":["male", "female"],
"value":[[[[         612,        0.65],[         618,         0.6],[         519,        0.47],[         573,        0.51],[         577,         0.5]],
[[         609,        0.64],[         610,        0.59],[         575,        0.52],[         582,        0.52],[         579,        0.51]],
[[         653,        0.69],[         587,        0.57],[         620,        0.56],[         590,        0.52],[         582,        0.51]],
[[         648,        0.69],[         588,        0.57],[         608,        0.55],[         599,        0.53],[         587,        0.51]],
[[         647,        0.68],[         618,         0.6],[         666,        0.61],[         606,        0.54],[         590,        0.52]],
[[         681,        0.72],[         571,        0.55],[         730,        0.66],[         615,        0.55],[         596,        0.52]],
[[         700,        0.74],[         559,        0.54],[         721,        0.66],[         621,        0.55],[         599,        0.52]],
[[         629,        0.67],[         565,        0.55],[         715,        0.65],[         622,        0.55],[         603,        0.53]],
[[         652,        0.69],[         604,        0.59],[         690,        0.63],[         630,        0.56],[         608,        0.53]],
[[         673,        0.71],[         605,        0.59],[         685,        0.62],[         635,        0.56],[         611,        0.53]],
[[         642,        0.68],[         633,        0.61],[         654,         0.6],[         645,        0.57],[         617,        0.54]],
[[         574,        0.61],[         638,        0.62],[         664,         0.6],[         646,        0.57],[         624,        0.54]],
[[         591,        0.63],[         647,        0.63],[         619,        0.56],[         652,        0.58],[         628,        0.55]],
[[         517,        0.55],[         700,        0.68],[         622,        0.57],[         651,        0.58],[         631,        0.55]],
[[         589,        0.62],[         670,        0.65],[         664,         0.6],[         687,        0.61],[         640,        0.56]],
[[         579,        0.61],[         715,        0.69],[         608,        0.55],[         734,        0.65],[         649,        0.57]],
[[         623,        0.66],[         793,        0.77],[         603,        0.55],[         736,        0.65],[         652,        0.57]],
[[         601,        0.64],[         758,        0.74],[         566,        0.52],[         739,        0.66],[         644,        0.56]],
[[         534,        0.56],[         735,        0.71],[         596,        0.54],[         684,        0.61],[         634,        0.55]],
[[         456,        0.48],[         607,        0.59],[         442,         0.4],[         509,        0.45],[         485,        0.42]],
[[         472,         0.5],[         505,        0.49],[         389,        0.35],[         421,        0.37],[         412,        0.36]],
[[         462,        0.49],[         458,        0.44],[         471,        0.43],[         452,         0.4],[         452,        0.39]],
[[         400,        0.42],[         519,         0.5],[         524,        0.48],[         470,        0.42],[         496,        0.43]],
[[         491,        0.52],[         549,        0.53],[         574,        0.52],[         520,        0.46],[         566,        0.49]],
[[         448,        0.47],[         569,        0.55],[         593,        0.54],[         566,         0.5],[         609,        0.53]],
[[         607,        0.64],[         576,        0.56],[         529,        0.48],[         600,        0.53],[         690,         0.6]],
[[         573,        0.61],[         588,        0.57],[         662,         0.6],[         594,        0.53],[         709,        0.62]],
[[         787,        0.83],[         638,        0.62],[         679,        0.62],[         594,        0.53],[         706,        0.62]],
[[         685,        0.72],[         634,        0.62],[         681,        0.62],[         610,        0.54],[         678,        0.59]],
[[         764,        0.81],[         618,         0.6],[         692,        0.63],[         581,        0.52],[         632,        0.55]],
[[         651,        0.69],[         580,        0.56],[         779,        0.71],[         621,        0.55],[         667,        0.58]],
[[         685,        0.72],[         578,        0.56],[         660,         0.6],[         644,        0.57],[         658,        0.57]],
[[         767,        0.81],[         559,        0.54],[         680,        0.62],[         650,        0.58],[         641,        0.56]],
[[         718,        0.76],[         588,        0.57],[         662,         0.6],[         633,        0.56],[         596,        0.52]],
[[         689,        0.73],[         650,        0.63],[         612,        0.56],[         661,        0.59],[         621,        0.54]],
[[         716,        0.76],[         656,        0.64],[         674,        0.61],[         641,        0.57],[         593,        0.52]],
[[         769,        0.81],[         697,        0.68],[         734,        0.67],[         698,        0.62],[         596,        0.52]],
[[         852,         0.9],[         819,         0.8],[         692,        0.63],[         697,        0.62],[         611,        0.53]],
[[         742,        0.78],[         835,        0.81],[         707,        0.64],[         672,         0.6],[         613,        0.54]],
[[         715,        0.76],[         791,        0.77],[         687,        0.63],[         668,        0.59],[         612,        0.53]],
[[         727,        0.77],[         784,        0.76],[         578,        0.53],[         693,        0.62],[         620,        0.54]],
[[         688,        0.73],[         761,        0.74],[         632,        0.58],[         639,        0.57],[         627,        0.55]],
[[         643,        0.68],[         826,         0.8],[         610,        0.56],[         648,        0.58],[         640,        0.56]],
[[         700,        0.74],[         871,        0.85],[         633,        0.58],[         664,        0.59],[         659,        0.58]],
[[         604,        0.64],[         828,         0.8],[         691,        0.63],[         646,        0.57],[         670,        0.58]],
[[         675,        0.71],[         867,        0.84],[         749,        0.68],[         681,        0.61],[         651,        0.57]],
[[         611,        0.65],[         840,        0.82],[         769,         0.7],[         674,         0.6],[         676,        0.59]],
[[         619,        0.65],[         789,        0.77],[         804,        0.73],[         670,         0.6],[         673,        0.59]],
[[         680,        0.72],[         756,        0.73],[         791,        0.72],[         666,        0.59],[         674,        0.59]],
[[         651,        0.69],[         687,        0.67],[         731,        0.67],[         671,         0.6],[         666,        0.58]],
[[         758,         0.8],[         722,         0.7],[         795,        0.72],[         588,        0.52],[         677,        0.59]],
[[         778,        0.82],[         693,        0.67],[         744,        0.68],[         622,        0.55],[         650,        0.57]],
[[         626,        0.66],[         620,         0.6],[         815,        0.74],[         593,        0.53],[         649,        0.57]],
[[         638,        0.67],[         679,        0.66],[         845,        0.77],[         639,        0.57],[         663,        0.58]],
[[         612,        0.65],[         598,        0.58],[         794,        0.72],[         664,        0.59],[         629,        0.55]],
[[         617,        0.65],[         595,        0.58],[         826,        0.75],[         688,        0.61],[         657,        0.57]],
[[         528,        0.56],[         567,        0.55],[         838,        0.76],[         705,        0.63],[         654,        0.57]],
[[         450,        0.48],[         626,        0.61],[         730,        0.66],[         756,        0.67],[         654,        0.57]],
[[         512,        0.54],[         659,        0.64],[         730,        0.66],[         730,        0.65],[         649,        0.57]],
[[         510,        0.54],[         688,        0.67],[         662,         0.6],[         717,        0.64],[         652,        0.57]],
[[         451,        0.48],[         707,        0.69],[         671,        0.61],[         760,        0.68],[         584,        0.51]],
[[         477,         0.5],[         731,        0.71],[         699,        0.64],[         725,        0.64],[         603,        0.53]],
[[         477,         0.5],[         589,        0.57],[         611,        0.56],[         751,        0.67],[         582,        0.51]],
[[         438,        0.46],[         588,        0.57],[         635,        0.58],[         783,         0.7],[         609,        0.53]],
[[         412,        0.44],[         592,        0.57],[         571,        0.52],[         758,        0.67],[         643,        0.56]],
[[         409,        0.43],[         583,        0.57],[         563,        0.51],[         769,        0.68],[         675,        0.59]],
[[         405,        0.43],[         503,        0.49],[         533,        0.49],[         764,        0.68],[         690,         0.6]],
[[         406,        0.43],[         451,        0.44],[         627,        0.57],[         697,        0.62],[         733,        0.64]],
[[         414,        0.44],[         480,        0.47],[         613,        0.56],[         678,         0.6],[         706,        0.62]],
[[         376,         0.4],[         461,        0.45],[         637,        0.58],[         620,        0.55],[         692,         0.6]],
[[         374,         0.4],[         410,         0.4],[         674,        0.61],[         632,        0.56],[         721,        0.63]],
[[         351,        0.37],[         432,        0.42],[         673,        0.61],[         636,        0.57],[         693,        0.61]],
[[         346,        0.37],[         432,        0.42],[         527,        0.48],[         569,        0.51],[         715,        0.62]],
[[         339,        0.36],[         365,        0.35],[         555,        0.51],[         575,        0.51],[         735,        0.64]],
[[         315,        0.33],[         354,        0.34],[         532,        0.48],[         522,        0.46],[         708,        0.62]],
[[         289,        0.31],[         310,         0.3],[         518,        0.47],[         508,        0.45],[         701,        0.61]],
[[         273,        0.29],[         335,        0.33],[         410,        0.37],[         484,        0.43],[         688,         0.6]],
[[         286,         0.3],[         304,         0.3],[         368,        0.34],[         532,        0.47],[         618,        0.54]],
[[         276,        0.29],[         302,        0.29],[         380,        0.35],[         515,        0.46],[         591,        0.52]],
[[         189,         0.2],[         303,        0.29],[         389,        0.35],[         523,        0.46],[         532,        0.46]],
[[         167,        0.18],[         282,        0.27],[         314,        0.29],[         527,        0.47],[         526,        0.46]],
[[         158,        0.17],[         232,        0.23],[         339,        0.31],[         525,        0.47],[         510,        0.45]],
[[         164,        0.17],[         198,        0.19],[         307,        0.28],[         394,        0.35],[         444,        0.39]],
[[         153,        0.16],[         197,        0.19],[         255,        0.23],[         388,        0.34],[         429,        0.37]],
[[         113,        0.12],[         180,        0.17],[         245,        0.22],[         354,        0.31],[         381,        0.33]],
[[         483,        0.51],[         147,        0.14],[         195,        0.18],[         330,        0.29],[         357,        0.31]],
[[           .,           .],[         128,        0.12],[         204,        0.19],[         260,        0.23],[         329,        0.29]],
[[           .,           .],[         121,        0.12],[         173,        0.16],[         221,         0.2],[         341,         0.3]],
[[           .,           .],[         102,         0.1],[         134,        0.12],[         217,        0.19],[         321,        0.28]],
[[           .,           .],[          88,        0.09],[         156,        0.14],[         198,        0.18],[         311,        0.27]],
[[           .,           .],[         238,        0.23],[         469,        0.43],[         780,        0.69],[        1425,        1.24]]],
[[[         569,         0.6],[         631,        0.61],[         541,        0.49],[         545,        0.48],[         550,        0.48]],
[[         616,        0.65],[         626,        0.61],[         570,        0.52],[         551,        0.49],[         548,        0.48]],
[[         545,        0.58],[         549,        0.53],[         549,         0.5],[         559,         0.5],[         551,        0.48]],
[[         583,        0.62],[         555,        0.54],[         623,        0.57],[         573,        0.51],[         561,        0.49]],
[[         619,        0.65],[         594,        0.58],[         572,        0.52],[         582,        0.52],[         566,        0.49]],
[[         609,        0.64],[         586,        0.57],[         652,        0.59],[         591,        0.53],[         573,         0.5]],
[[         616,        0.65],[         505,        0.49],[         697,        0.63],[         598,        0.53],[         577,         0.5]],
[[         646,        0.68],[         560,        0.54],[         686,        0.62],[         597,        0.53],[         579,        0.51]],
[[         666,         0.7],[         585,        0.57],[         719,        0.65],[         608,        0.54],[         586,        0.51]],
[[         594,        0.63],[         594,        0.58],[         677,        0.62],[         615,        0.55],[         591,        0.52]],
[[         590,        0.62],[         612,        0.59],[         637,        0.58],[         625,        0.56],[         598,        0.52]],
[[         552,        0.58],[         607,        0.59],[         699,        0.64],[         627,        0.56],[         605,        0.53]],
[[         561,        0.59],[         595,        0.58],[         585,        0.53],[         594,        0.53],[         606,        0.53]],
[[         556,        0.59],[         630,        0.61],[         587,        0.53],[         651,        0.58],[         614,        0.54]],
[[         529,        0.56],[         639,        0.62],[         586,        0.53],[         625,        0.56],[         617,        0.54]],
[[         584,        0.62],[         582,        0.56],[         624,        0.57],[         674,         0.6],[         622,        0.54]],
[[         360,        0.38],[         683,        0.66],[         546,         0.5],[         733,        0.65],[         627,        0.55]],
[[         637,        0.67],[         686,        0.67],[         606,        0.55],[         707,        0.63],[         622,        0.54]],
[[         578,        0.61],[         642,        0.62],[         602,        0.55],[         659,        0.59],[         597,        0.52]],
[[         505,        0.53],[         519,         0.5],[         399,        0.36],[         402,        0.36],[         379,        0.33]],
[[         393,        0.42],[         373,        0.36],[         308,        0.28],[         331,        0.29],[         323,        0.28]],
[[         291,        0.31],[         378,        0.37],[         405,        0.37],[         380,        0.34],[         365,        0.32]],
[[         410,        0.43],[         446,        0.43],[         446,        0.41],[         434,        0.39],[         453,         0.4]],
[[         485,        0.51],[         483,        0.47],[         541,        0.49],[         476,        0.42],[         524,        0.46]],
[[         510,        0.54],[         537,        0.52],[         521,        0.47],[         495,        0.44],[         546,        0.48]],
[[         629,        0.67],[         580,        0.56],[         525,        0.48],[         513,        0.46],[         591,        0.52]],
[[         733,        0.78],[         498,        0.48],[         528,        0.48],[         485,        0.43],[         611,        0.53]],
[[         689,        0.73],[         548,        0.53],[         599,        0.55],[         520,        0.46],[         615,        0.54]],
[[         678,        0.72],[         591,        0.57],[         613,        0.56],[         534,        0.47],[         607,        0.53]],
[[         700,        0.74],[         624,        0.61],[         678,        0.62],[         544,        0.48],[         593,        0.52]],
[[         711,        0.75],[         548,        0.53],[         598,        0.54],[         567,         0.5],[         614,        0.54]],
[[         804,        0.85],[         541,        0.53],[         642,        0.58],[         591,        0.53],[         601,        0.52]],
[[         779,        0.82],[         584,        0.57],[         606,        0.55],[         598,        0.53],[         591,        0.52]],
[[         729,        0.77],[         636,        0.62],[         648,        0.59],[         600,        0.53],[         571,         0.5]],
[[         823,        0.87],[         643,        0.62],[         689,        0.63],[         616,        0.55],[         573,         0.5]],
[[         798,        0.84],[         738,        0.72],[         667,        0.61],[         618,        0.55],[         558,        0.49]],
[[         731,        0.77],[         812,        0.79],[         666,        0.61],[         659,        0.59],[         557,        0.49]],
[[         818,        0.87],[         785,        0.76],[         708,        0.64],[         669,        0.59],[         575,         0.5]],
[[         760,         0.8],[         763,        0.74],[         685,        0.62],[         657,        0.58],[         579,        0.51]],
[[         721,        0.76],[         804,        0.78],[         699,        0.64],[         675,         0.6],[         606,        0.53]],
[[         678,        0.72],[         808,        0.78],[         654,         0.6],[         650,        0.58],[         616,        0.54]],
[[         681,        0.72],[         885,        0.86],[         649,        0.59],[         685,        0.61],[         638,        0.56]],
[[         652,        0.69],[         887,        0.86],[         635,        0.58],[         661,        0.59],[         632,        0.55]],
[[         607,        0.64],[         842,        0.82],[         725,        0.66],[         692,        0.62],[         637,        0.56]],
[[         648,        0.69],[         879,        0.85],[         711,        0.65],[         702,        0.62],[         650,        0.57]],
[[         661,         0.7],[         864,        0.84],[         783,        0.71],[         721,        0.64],[         655,        0.57]],
[[         634,        0.67],[         825,         0.8],[         836,        0.76],[         694,        0.62],[         677,        0.59]],
[[         681,        0.72],[         832,        0.81],[         841,        0.77],[         733,        0.65],[         690,         0.6]],
[[         704,        0.74],[         747,        0.73],[         797,        0.73],[         725,        0.64],[         687,         0.6]],
[[         706,        0.75],[         711,        0.69],[         811,        0.74],[         706,        0.63],[         690,         0.6]],
[[         761,         0.8],[         713,        0.69],[         818,        0.74],[         657,        0.58],[         676,        0.59]],
[[         780,        0.82],[         683,        0.66],[         903,        0.82],[         658,        0.58],[         705,        0.62]],
[[         658,         0.7],[         666,        0.65],[         867,        0.79],[         658,        0.58],[         687,         0.6]],
[[         700,        0.74],[         634,        0.62],[         824,        0.75],[         728,        0.65],[         715,        0.62]],
[[         621,        0.66],[         652,        0.63],[         877,         0.8],[         718,        0.64],[         719,        0.63]],
[[         582,        0.62],[         704,        0.68],[         882,         0.8],[         768,        0.68],[         728,        0.64]],
[[         525,        0.56],[         616,         0.6],[         845,        0.77],[         818,        0.73],[         712,        0.62]],
[[         474,         0.5],[         669,        0.65],[         793,        0.72],[         839,        0.75],[         747,        0.65]],
[[         491,        0.52],[         722,         0.7],[         755,        0.69],[         786,         0.7],[         738,        0.64]],
[[         515,        0.54],[         682,        0.66],[         746,        0.68],[         812,        0.72],[         720,        0.63]],
[[         479,        0.51],[         761,        0.74],[         691,        0.63],[         813,        0.72],[         669,        0.58]],
[[         460,        0.49],[         757,        0.73],[         659,         0.6],[         876,        0.78],[         665,        0.58]],
[[         435,        0.46],[         649,        0.63],[         662,         0.6],[         849,        0.75],[         671,        0.59]],
[[         467,        0.49],[         673,        0.65],[         653,        0.59],[         829,        0.74],[         727,        0.63]],
[[         437,        0.46],[         618,         0.6],[         637,        0.58],[         870,        0.77],[         722,        0.63]],
[[         395,        0.42],[         585,        0.57],[         668,        0.61],[         853,        0.76],[         773,        0.67]],
[[         409,        0.43],[         523,        0.51],[         592,        0.54],[         812,        0.72],[         814,        0.71]],
[[         416,        0.44],[         472,        0.46],[         673,        0.61],[         787,         0.7],[         829,        0.72]],
[[         430,        0.45],[         481,        0.47],[         701,        0.64],[         741,        0.66],[         783,        0.68]],
[[         467,        0.49],[         503,        0.49],[         639,        0.58],[         714,        0.63],[         805,         0.7]],
[[         413,        0.44],[         460,        0.45],[         752,        0.68],[         680,         0.6],[         807,         0.7]],
[[         413,        0.44],[         411,         0.4],[         741,        0.67],[         652,        0.58],[         860,        0.75]],
[[         389,        0.41],[         416,         0.4],[         625,        0.57],[         643,        0.57],[         836,        0.73]],
[[         414,        0.44],[         421,        0.41],[         646,        0.59],[         627,        0.56],[         815,        0.71]],
[[         400,        0.42],[         406,        0.39],[         613,        0.56],[         608,        0.54],[         836,        0.73]],
[[         399,        0.42],[         370,        0.36],[         530,        0.48],[         634,        0.56],[         812,        0.71]],
[[         405,        0.43],[         403,        0.39],[         478,        0.44],[         565,         0.5],[         775,        0.68]],
[[         422,        0.45],[         357,        0.35],[         436,         0.4],[         610,        0.54],[         732,        0.64]],
[[         369,        0.39],[         359,        0.35],[         441,         0.4],[         614,        0.55],[         680,        0.59]],
[[         241,        0.25],[         370,        0.36],[         453,        0.41],[         581,        0.52],[         648,        0.57]],
[[         221,        0.23],[         318,        0.31],[         386,        0.35],[         647,        0.58],[         612,        0.53]],
[[         267,        0.28],[         327,        0.32],[         336,        0.31],[         638,        0.57],[         577,         0.5]],
[[         253,        0.27],[         292,        0.28],[         347,        0.32],[         527,        0.47],[         558,        0.49]],
[[         273,        0.29],[         295,        0.29],[         337,        0.31],[         525,        0.47],[         535,        0.47]],
[[         248,        0.26],[         289,        0.28],[         337,        0.31],[         481,        0.43],[         513,        0.45]],
[[        1188,        1.26],[         269,        0.26],[         289,        0.26],[         413,        0.37],[         515,        0.45]],
[[           .,           .],[         254,        0.25],[         308,        0.28],[         361,        0.32],[         454,         0.4]],
[[           .,           .],[         248,        0.24],[         263,        0.24],[         307,        0.27],[         461,         0.4]],
[[           .,           .],[         202,         0.2],[         218,         0.2],[         291,        0.26],[         444,        0.39]],
[[           .,           .],[         141,        0.14],[         204,        0.19],[         284,        0.25],[         402,        0.35]],
[[           .,           .],[         644,        0.63],[         812,        0.74],[        1077,        0.96],[        1880,        1.64]]]]}}
