{
"ons":{
"label":"Population Projections for England and Wales, by local authority",
"source":"Office for National Statistics",
"updated":"2014-10-01",
"area": {
"code":"K04000001",
"label":"England and Wales"
},
"time": {
"label":"1998-2038",
"index":["1998",  "2008",  "2018",  "2028",  "2038"]
},
"concept":{
"label":["population", "% of population"],
"units":["count", "%"],
"max":[        3282,          1.5]
},
"sums":{
"series1":[       89067,       110388,       133472,       139575,       146000],
"series2":[       95585,       108285,       121852,       123787,       128036]
},
"dimension":{
"label":"age",
"index":["0", "1", "2", "3", "4", "5", "6", "7", "8", "9", "10", "11", "12", "13", "14", "15", "16", "17", "18", "19", "20", "21", "22", "23", "24", "25", "26", "27", "28", "29", "30", "31", "32", "33", "34", "35", "36", "37", "38", "39", "40", "41", "42", "43", "44", "45", "46", "47", "48", "49", "50", "51", "52", "53", "54", "55", "56", "57", "58", "59", "60", "61", "62", "63", "64", "65", "66", "67", "68", "69", "70", "71", "72", "73", "74", "75", "76", "77", "78", "79", "80", "81", "82", "83", "84", "85", "86", "87", "88", "89", "90+"]
},
"series":["male", "female"],
"value":[[[[        1076,        0.58],[        1402,        0.64],[        1396,        0.55],[        1213,        0.46],[        1206,        0.44]],
[[        1102,         0.6],[        1290,        0.59],[        1358,        0.53],[        1207,        0.46],[        1186,        0.43]],
[[         911,        0.49],[        1171,        0.54],[        1463,        0.57],[        1205,        0.46],[        1174,        0.43]],
[[         881,        0.48],[        1056,        0.48],[        1405,        0.55],[        1206,        0.46],[        1167,        0.43]],
[[         896,        0.49],[        1020,        0.47],[        1457,        0.57],[        1232,        0.47],[        1186,        0.43]],
[[         809,        0.44],[         979,        0.45],[        1479,        0.58],[        1248,        0.47],[        1195,        0.44]],
[[         812,        0.44],[         937,        0.43],[        1519,        0.59],[        1262,        0.48],[        1202,        0.44]],
[[         819,        0.44],[         936,        0.43],[        1647,        0.65],[        1264,        0.48],[        1199,        0.44]],
[[         671,        0.36],[         932,        0.43],[        1447,        0.57],[        1282,        0.49],[        1209,        0.44]],
[[         714,        0.39],[         882,         0.4],[        1388,        0.54],[        1310,         0.5],[        1231,        0.45]],
[[         677,        0.37],[         868,         0.4],[        1376,        0.54],[        1330,        0.51],[        1240,        0.45]],
[[         665,        0.36],[         872,         0.4],[        1302,        0.51],[        1348,        0.51],[        1254,        0.46]],
[[         535,        0.29],[         767,        0.35],[        1293,        0.51],[        1359,        0.52],[        1258,        0.46]],
[[         565,        0.31],[         744,        0.34],[        1193,        0.47],[        1367,        0.52],[        1257,        0.46]],
[[         566,        0.31],[         759,        0.35],[        1216,        0.48],[        1335,        0.51],[        1240,        0.45]],
[[         741,         0.4],[         738,        0.34],[        1099,        0.43],[        1407,        0.53],[        1283,        0.47]],
[[         885,        0.48],[         730,        0.33],[        1106,        0.43],[        1492,        0.57],[        1328,        0.48]],
[[         936,        0.51],[         460,        0.21],[        1210,        0.47],[        1589,         0.6],[        1386,        0.51]],
[[        1015,        0.55],[         718,        0.33],[        1411,        0.55],[        1661,        0.63],[        1566,        0.57]],
[[         892,        0.48],[        1359,        0.62],[        1726,        0.68],[        2234,        0.85],[        2190,         0.8]],
[[        1786,        0.97],[        1472,        0.67],[        1406,        0.55],[        1938,        0.74],[        1926,         0.7]],
[[        1796,        0.97],[        1532,         0.7],[        1609,        0.63],[        1788,        0.68],[        1836,        0.67]],
[[        1811,        0.98],[        1848,        0.85],[        1782,         0.7],[        1807,        0.69],[        1922,         0.7]],
[[        1638,        0.89],[        2122,        0.97],[        2149,        0.84],[        1887,        0.72],[        2075,        0.76]],
[[        1551,        0.84],[        2402,         1.1],[        2555,           1],[        1964,        0.75],[        2206,        0.81]],
[[        1730,        0.94],[        2665,        1.22],[        2544,           1],[        2053,        0.78],[        2396,        0.87]],
[[        1882,        1.02],[        2882,        1.32],[        2588,        1.01],[        2124,        0.81],[        2566,        0.94]],
[[        2129,        1.15],[        3127,        1.43],[        2325,        0.91],[        2288,        0.87],[        2676,        0.98]],
[[        2073,        1.12],[        3282,         1.5],[        2577,        1.01],[        2411,        0.92],[        2714,        0.99]],
[[        2084,        1.13],[        3166,        1.45],[        2694,        1.06],[        2563,        0.97],[        2787,        1.02]],
[[        2178,        1.18],[        3097,        1.42],[        2717,        1.06],[        2630,           1],[        2845,        1.04]],
[[        2280,        1.23],[        2968,        1.36],[        3034,        1.19],[        2626,           1],[        2789,        1.02]],
[[        2121,        1.15],[        2751,        1.26],[        3198,        1.25],[        2614,        0.99],[        2707,        0.99]],
[[        1972,        1.07],[        2783,        1.27],[        2978,        1.17],[        2633,           1],[        2589,        0.94]],
[[        2050,        1.11],[        2696,        1.23],[        3025,        1.18],[        2703,        1.03],[        2508,        0.92]],
[[        1844,           1],[        2524,        1.15],[        2927,        1.15],[        2646,           1],[        2385,        0.87]],
[[        1725,        0.93],[        2373,        1.09],[        2921,        1.14],[        2584,        0.98],[        2290,        0.84]],
[[        1527,        0.83],[        2277,        1.04],[        2872,        1.12],[        2510,        0.95],[        2258,        0.82]],
[[        1489,        0.81],[        2232,        1.02],[        2837,        1.11],[        2489,        0.95],[        2246,        0.82]],
[[        1323,        0.72],[        2120,        0.97],[        2607,        1.02],[        2385,        0.91],[        2227,        0.81]],
[[        1131,        0.61],[        2004,        0.92],[        2267,        0.89],[        2332,        0.89],[        2174,        0.79]],
[[        1245,        0.67],[        1955,        0.89],[        2298,         0.9],[        2293,        0.87],[        2116,        0.77]],
[[        1139,        0.62],[        1765,        0.81],[        2050,         0.8],[        2333,        0.89],[        2091,        0.76]],
[[        1139,        0.62],[        1583,        0.72],[        2146,        0.84],[        2269,        0.86],[        2067,        0.75]],
[[        1051,        0.57],[        1635,        0.75],[        2014,        0.79],[        2234,        0.85],[        2084,        0.76]],
[[        1008,        0.55],[        1479,        0.68],[        2003,        0.78],[        2225,        0.84],[        2068,        0.75]],
[[         975,        0.53],[        1403,        0.64],[        1882,        0.74],[        2229,        0.85],[        2073,        0.76]],
[[        1132,        0.61],[        1275,        0.58],[        1733,        0.68],[        2221,        0.84],[        2081,        0.76]],
[[        1128,        0.61],[        1390,        0.64],[        1890,        0.74],[        2166,        0.82],[        2057,        0.75]],
[[        1199,        0.65],[        1220,        0.56],[        1748,        0.68],[        2063,        0.78],[        2017,        0.74]],
[[        1223,        0.66],[        1146,        0.52],[        1796,         0.7],[        1915,        0.73],[        2001,        0.73]],
[[        1287,         0.7],[        1128,        0.52],[        1764,        0.69],[        1885,        0.72],[        1980,        0.72]],
[[        1123,        0.61],[        1153,        0.53],[        1656,        0.65],[        1780,        0.68],[        2021,        0.74]],
[[        1064,        0.58],[         994,        0.45],[        1637,        0.64],[        1794,        0.68],[        1980,        0.72]],
[[         979,        0.53],[         934,        0.43],[        1507,        0.59],[        1738,        0.66],[        1955,        0.71]],
[[         925,         0.5],[         922,        0.42],[        1484,        0.58],[        1718,        0.65],[        1926,         0.7]],
[[         823,        0.45],[         946,        0.43],[        1389,        0.54],[        1672,        0.63],[        1893,        0.69]],
[[         933,        0.51],[         940,        0.43],[        1280,         0.5],[        1596,        0.61],[        1895,        0.69]],
[[         844,        0.46],[        1000,        0.46],[        1264,         0.5],[        1634,        0.62],[        1841,        0.67]],
[[         791,        0.43],[         978,        0.45],[        1115,        0.44],[        1536,        0.58],[        1760,        0.64]],
[[         821,        0.44],[        1009,        0.46],[        1052,        0.41],[        1529,        0.58],[        1646,         0.6]],
[[         851,        0.46],[        1033,        0.47],[        1001,        0.39],[        1490,        0.57],[        1597,        0.58]],
[[         864,        0.47],[         880,         0.4],[        1121,        0.44],[        1434,        0.54],[        1519,        0.55]],
[[         783,        0.42],[         862,        0.39],[        1021,         0.4],[        1387,        0.53],[        1535,        0.56]],
[[         781,        0.42],[         816,        0.37],[         928,        0.36],[        1335,        0.51],[        1490,        0.54]],
[[         721,        0.39],[         749,        0.34],[         931,        0.36],[        1276,        0.48],[        1471,        0.54]],
[[         703,        0.38],[         627,        0.29],[         943,        0.37],[        1195,        0.45],[        1435,        0.52]],
[[         692,        0.37],[         633,        0.29],[         831,        0.33],[        1112,        0.42],[        1372,         0.5]],
[[         724,        0.39],[         637,        0.29],[         905,        0.35],[        1107,        0.42],[        1382,         0.5]],
[[         667,        0.36],[         653,         0.3],[         826,        0.32],[         992,        0.38],[        1307,        0.48]],
[[         632,        0.34],[         629,        0.29],[         845,        0.33],[         925,        0.35],[        1286,        0.47]],
[[         585,        0.32],[         591,        0.27],[         892,        0.35],[         884,        0.34],[        1249,        0.46]],
[[         560,         0.3],[         580,        0.27],[         699,        0.27],[         923,        0.35],[        1188,        0.43]],
[[         565,        0.31],[         578,        0.26],[         732,        0.29],[         829,        0.31],[        1129,        0.41]],
[[         519,        0.28],[         535,        0.24],[         637,        0.25],[         761,        0.29],[        1087,         0.4]],
[[         467,        0.25],[         493,        0.23],[         590,        0.23],[         736,        0.28],[        1030,        0.38]],
[[         436,        0.24],[         439,         0.2],[         506,         0.2],[         709,        0.27],[         953,        0.35]],
[[         485,        0.26],[         431,         0.2],[         503,         0.2],[         655,        0.25],[         884,        0.32]],
[[         476,        0.26],[         462,        0.21],[         480,        0.19],[         673,        0.26],[         853,        0.31]],
[[         304,        0.16],[         406,        0.19],[         500,         0.2],[         613,        0.23],[         756,        0.28]],
[[         259,        0.14],[         360,        0.16],[         469,        0.18],[         611,        0.23],[         688,        0.25]],
[[         242,        0.13],[         308,        0.14],[         408,        0.16],[         627,        0.24],[         646,        0.24]],
[[         241,        0.13],[         287,        0.13],[         357,        0.14],[         492,        0.19],[         657,        0.24]],
[[         231,        0.13],[         281,        0.13],[         372,        0.15],[         490,        0.19],[         581,        0.21]],
[[         193,         0.1],[         230,        0.11],[         319,        0.12],[         422,        0.16],[         514,        0.19]],
[[         969,        0.52],[         182,        0.08],[         300,        0.12],[         381,        0.14],[         490,        0.18]],
[[           .,           .],[         179,        0.08],[         272,        0.11],[         303,        0.12],[         452,        0.16]],
[[           .,           .],[         119,        0.05],[         233,        0.09],[         288,        0.11],[         399,        0.15]],
[[           .,           .],[         151,        0.07],[         223,        0.09],[         263,         0.1],[         381,        0.14]],
[[           .,           .],[         102,        0.05],[         189,        0.07],[         237,        0.09],[         326,        0.12]],
[[           .,           .],[         357,        0.16],[         628,        0.25],[        1071,        0.41],[        1715,        0.63]]],
[[[        1069,        0.58],[        1299,        0.59],[        1193,        0.47],[        1162,        0.44],[        1155,        0.42]],
[[         962,        0.52],[        1240,        0.57],[        1346,        0.53],[        1172,        0.45],[        1152,        0.42]],
[[         972,        0.53],[        1172,        0.54],[        1354,        0.53],[        1178,        0.45],[        1148,        0.42]],
[[         846,        0.46],[        1028,        0.47],[        1331,        0.52],[        1183,        0.45],[        1144,        0.42]],
[[         842,        0.46],[         993,        0.45],[        1389,        0.54],[        1197,        0.45],[        1151,        0.42]],
[[         816,        0.44],[         916,        0.42],[        1433,        0.56],[        1204,        0.46],[        1153,        0.42]],
[[         774,        0.42],[         860,        0.39],[        1600,        0.63],[        1224,        0.46],[        1165,        0.43]],
[[         739,         0.4],[         895,        0.41],[        1423,        0.56],[        1223,        0.46],[        1159,        0.42]],
[[         795,        0.43],[         863,        0.39],[        1458,        0.57],[        1225,        0.47],[        1153,        0.42]],
[[         763,        0.41],[         847,        0.39],[        1345,        0.53],[        1234,        0.47],[        1158,        0.42]],
[[         773,        0.42],[         888,        0.41],[        1228,        0.48],[        1266,        0.48],[        1177,        0.43]],
[[         738,         0.4],[         822,        0.38],[        1211,        0.47],[        1293,        0.49],[        1200,        0.44]],
[[         604,        0.33],[         767,        0.35],[        1146,        0.45],[        1279,        0.49],[        1196,        0.44]],
[[         655,        0.35],[         725,        0.33],[        1149,        0.45],[        1314,         0.5],[        1211,        0.44]],
[[         656,        0.36],[         706,        0.32],[        1087,        0.43],[        1309,         0.5],[        1220,        0.45]],
[[         733,         0.4],[         705,        0.32],[        1138,        0.45],[        1360,        0.52],[        1243,        0.45]],
[[         878,        0.48],[         506,        0.23],[        1052,        0.41],[        1483,        0.56],[        1252,        0.46]],
[[         941,        0.51],[         377,        0.17],[        1208,        0.47],[        1409,        0.54],[        1292,        0.47]],
[[        1223,        0.66],[         669,        0.31],[        1148,        0.45],[        1499,        0.57],[        1390,        0.51]],
[[        1399,        0.76],[        1456,        0.67],[        1311,        0.51],[        1815,        0.69],[        1779,        0.65]],
[[        1915,        1.04],[        1627,        0.74],[        1241,        0.49],[        1520,        0.58],[        1534,        0.56]],
[[        1975,        1.07],[        1810,        0.83],[        1380,        0.54],[        1403,        0.53],[        1443,        0.53]],
[[        1944,        1.05],[        2090,        0.96],[        1684,        0.66],[        1483,        0.56],[        1583,        0.58]],
[[        1762,        0.95],[        2348,        1.07],[        1924,        0.75],[        1595,        0.61],[        1774,        0.65]],
[[        1882,        1.02],[        2598,        1.19],[        2224,        0.87],[        1677,        0.64],[        1900,        0.69]],
[[        1988,        1.08],[        2822,        1.29],[        2439,        0.96],[        1713,        0.65],[        2021,        0.74]],
[[        2192,        1.19],[        3036,        1.39],[        2006,        0.79],[        1743,        0.66],[        2169,        0.79]],
[[        2319,        1.26],[        3015,        1.38],[        2060,        0.81],[        1890,        0.72],[        2226,        0.81]],
[[        2146,        1.16],[        3063,         1.4],[        2245,        0.88],[        1986,        0.75],[        2265,        0.83]],
[[        2113,        1.14],[        3037,        1.39],[        2406,        0.94],[        2074,        0.79],[        2280,        0.83]],
[[        2216,         1.2],[        2935,        1.34],[        2307,         0.9],[        2076,        0.79],[        2256,        0.82]],
[[        2107,        1.14],[        2755,        1.26],[        2468,        0.97],[        2037,        0.77],[        2139,        0.78]],
[[        2058,        1.11],[        2591,        1.18],[        2619,        1.03],[        1987,        0.75],[        2043,        0.75]],
[[        1925,        1.04],[        2444,        1.12],[        2422,        0.95],[        1957,        0.74],[        1925,         0.7]],
[[        1888,        1.02],[        2304,        1.05],[        2128,        0.83],[        1937,        0.74],[        1816,        0.66]],
[[        1661,         0.9],[        2179,           1],[        2361,        0.92],[        1872,        0.71],[        1677,        0.61]],
[[        1550,        0.84],[        2056,        0.94],[        2298,         0.9],[        1767,        0.67],[        1564,        0.57]],
[[        1503,        0.81],[        1787,        0.82],[        2210,        0.87],[        1748,        0.66],[        1545,        0.56]],
[[        1418,        0.77],[        1701,        0.78],[        2016,        0.79],[        1721,        0.65],[        1521,        0.56]],
[[        1346,        0.73],[        1709,        0.78],[        1901,        0.74],[        1712,        0.65],[        1516,        0.55]],
[[        1250,        0.68],[        1659,        0.76],[        1819,        0.71],[        1701,        0.65],[        1502,        0.55]],
[[        1144,        0.62],[        1544,        0.71],[        1794,         0.7],[        1668,        0.63],[        1489,        0.54]],
[[        1152,        0.62],[        1548,        0.71],[        1814,        0.71],[        1691,        0.64],[        1458,        0.53]],
[[        1098,        0.59],[        1508,        0.69],[        1817,        0.71],[        1670,        0.63],[        1434,        0.52]],
[[        1097,        0.59],[        1431,        0.65],[        1767,        0.69],[        1583,         0.6],[        1449,        0.53]],
[[        1146,        0.62],[        1394,        0.64],[        1750,        0.69],[        1675,        0.64],[        1477,        0.54]],
[[        1168,        0.63],[        1268,        0.58],[        1562,        0.61],[        1720,        0.65],[        1492,        0.54]],
[[        1161,        0.63],[        1334,        0.61],[        1457,        0.57],[        1725,        0.65],[        1525,        0.56]],
[[        1152,        0.62],[        1228,        0.56],[        1623,        0.64],[        1699,        0.65],[        1537,        0.56]],
[[        1223,        0.66],[        1209,        0.55],[        1618,        0.63],[        1699,        0.65],[        1555,        0.57]],
[[        1257,        0.68],[        1161,        0.53],[        1645,        0.64],[        1616,        0.61],[        1574,        0.57]],
[[        1296,         0.7],[        1107,        0.51],[        1584,        0.62],[        1616,        0.61],[        1568,        0.57]],
[[        1185,        0.64],[        1070,        0.49],[        1522,         0.6],[        1602,        0.61],[        1593,        0.58]],
[[        1081,        0.59],[        1072,        0.49],[        1530,         0.6],[        1632,        0.62],[        1609,        0.59]],
[[        1019,        0.55],[        1058,        0.48],[        1471,        0.58],[        1626,        0.62],[        1562,        0.57]],
[[        1008,        0.55],[        1055,        0.48],[        1401,        0.55],[        1634,        0.62],[        1631,         0.6]],
[[         931,         0.5],[        1050,        0.48],[        1314,        0.51],[        1568,         0.6],[        1669,        0.61]],
[[         868,        0.47],[        1007,        0.46],[        1368,        0.54],[        1514,        0.57],[        1685,        0.61]],
[[         913,        0.49],[        1041,        0.48],[        1320,        0.52],[        1560,        0.59],[        1660,        0.61]],
[[         893,        0.48],[        1030,        0.47],[        1249,        0.49],[        1556,        0.59],[        1653,         0.6]],
[[         874,        0.47],[        1023,        0.47],[        1254,        0.49],[        1565,        0.59],[        1572,        0.57]],
[[         851,        0.46],[        1026,        0.47],[        1163,        0.46],[        1532,        0.58],[        1569,        0.57]],
[[         846,        0.46],[         959,        0.44],[        1109,        0.43],[        1469,        0.56],[        1564,        0.57]],
[[         784,        0.42],[         874,         0.4],[        1125,        0.44],[        1474,        0.56],[        1573,        0.57]],
[[         745,         0.4],[         797,        0.36],[        1124,        0.44],[        1446,        0.55],[        1570,        0.57]],
[[         767,        0.42],[         748,        0.34],[        1078,        0.42],[        1383,        0.53],[        1547,        0.56]],
[[         744,         0.4],[         714,        0.33],[        1050,        0.41],[        1270,        0.48],[        1472,        0.54]],
[[         704,        0.38],[         683,        0.31],[         996,        0.39],[        1280,        0.49],[        1406,        0.51]],
[[         714,        0.39],[         697,        0.32],[         942,        0.37],[        1209,        0.46],[        1429,        0.52]],
[[         738,         0.4],[         713,        0.33],[         935,        0.37],[        1163,        0.44],[        1406,        0.51]],
[[         707,        0.38],[         670,        0.31],[         903,        0.35],[        1116,        0.42],[        1396,        0.51]],
[[         682,        0.37],[         666,         0.3],[         871,        0.34],[        1033,        0.39],[        1340,        0.49]],
[[         645,        0.35],[         644,        0.29],[         818,        0.32],[         980,        0.37],[        1275,        0.47]],
[[         675,        0.37],[         606,        0.28],[         764,         0.3],[         963,        0.37],[        1264,        0.46]],
[[         649,        0.35],[         542,        0.25],[         700,        0.27],[         926,        0.35],[        1220,        0.45]],
[[         611,        0.33],[         571,        0.26],[         640,        0.25],[         890,        0.34],[        1163,        0.42]],
[[         622,        0.34],[         513,        0.23],[         577,        0.23],[         869,        0.33],[        1066,        0.39]],
[[         664,        0.36],[         498,        0.23],[         569,        0.22],[         802,         0.3],[        1058,        0.39]],
[[         569,        0.31],[         467,        0.21],[         542,        0.21],[         781,         0.3],[         985,        0.36]],
[[         418,        0.23],[         472,        0.22],[         585,        0.23],[         752,        0.29],[         942,        0.34]],
[[         453,        0.25],[         459,        0.21],[         537,        0.21],[         728,        0.28],[         903,        0.33]],
[[         419,        0.23],[         408,        0.19],[         530,        0.21],[         699,        0.27],[         828,         0.3]],
[[         407,        0.22],[         398,        0.18],[         513,         0.2],[         631,        0.24],[         769,        0.28]],
[[         473,        0.26],[         390,        0.18],[         423,        0.17],[         580,        0.22],[         733,        0.27]],
[[         360,        0.19],[         340,        0.16],[         355,        0.14],[         508,        0.19],[         690,        0.25]],
[[        2336,        1.27],[         330,        0.15],[         375,        0.15],[         454,        0.17],[         639,        0.23]],
[[           .,           .],[         284,        0.13],[         310,        0.12],[         401,        0.15],[         600,        0.22]],
[[           .,           .],[         305,        0.14],[         312,        0.12],[         369,        0.14],[         531,        0.19]],
[[           .,           .],[         209,         0.1],[         257,         0.1],[         332,        0.13],[         488,        0.18]],
[[           .,           .],[         176,        0.08],[         229,        0.09],[         311,        0.12],[         430,        0.16]],
[[           .,           .],[         688,        0.31],[         952,        0.37],[        1190,        0.45],[        1792,        0.65]]]]}}
