{
"ons":{
"label":"Population Projections for England and Wales, by local authority",
"source":"Office for National Statistics",
"updated":"2014-10-01",
"area": {
"code":"K04000001",
"label":"England and Wales"
},
"time": {
"label":"1998-2038",
"index":["1998",  "2008",  "2018",  "2028",  "2038"]
},
"concept":{
"label":["population", "% of population"],
"units":["count", "%"],
"max":[        3281,         1.09]
},
"sums":{
"series1":[      148079,       154666,       162617,       165255,       166575],
"series2":[      153649,       157305,       163471,       165970,       167271]
},
"dimension":{
"label":"age",
"index":["0", "1", "2", "3", "4", "5", "6", "7", "8", "9", "10", "11", "12", "13", "14", "15", "16", "17", "18", "19", "20", "21", "22", "23", "24", "25", "26", "27", "28", "29", "30", "31", "32", "33", "34", "35", "36", "37", "38", "39", "40", "41", "42", "43", "44", "45", "46", "47", "48", "49", "50", "51", "52", "53", "54", "55", "56", "57", "58", "59", "60", "61", "62", "63", "64", "65", "66", "67", "68", "69", "70", "71", "72", "73", "74", "75", "76", "77", "78", "79", "80", "81", "82", "83", "84", "85", "86", "87", "88", "89", "90+"]
},
"series":["male", "female"],
"value":[[[[        1824,         0.6],[        2069,        0.66],[        1804,        0.55],[        1696,        0.51],[        1703,        0.51]],
[[        1904,        0.63],[        1875,         0.6],[        1909,        0.59],[        1722,        0.52],[        1709,        0.51]],
[[        1942,        0.64],[        2021,        0.65],[        1927,        0.59],[        1752,        0.53],[        1721,        0.52]],
[[        1907,        0.63],[        1870,         0.6],[        1957,         0.6],[        1779,        0.54],[        1732,        0.52]],
[[        1993,        0.66],[        1839,        0.59],[        1940,        0.59],[        1804,        0.54],[        1740,        0.52]],
[[        2055,        0.68],[        1819,        0.58],[        1933,        0.59],[        1828,        0.55],[        1752,        0.52]],
[[        2143,        0.71],[        1720,        0.55],[        2046,        0.63],[        1842,        0.56],[        1759,        0.53]],
[[        2130,        0.71],[        1769,        0.57],[        2133,        0.65],[        1858,        0.56],[        1769,        0.53]],
[[        2104,         0.7],[        1825,        0.58],[        2113,        0.65],[        1878,        0.57],[        1782,        0.53]],
[[        2076,        0.69],[        1899,        0.61],[        2093,        0.64],[        1897,        0.57],[        1794,        0.54]],
[[        2080,        0.69],[        1865,         0.6],[        2116,        0.65],[        1910,        0.58],[        1811,        0.54]],
[[        2131,        0.71],[        1928,        0.62],[        1971,         0.6],[        1895,        0.57],[        1828,        0.55]],
[[        2038,        0.68],[        1989,        0.64],[        2081,        0.64],[        1997,         0.6],[        1849,        0.55]],
[[        2061,        0.68],[        1952,        0.63],[        1874,        0.57],[        2044,        0.62],[        1871,        0.56]],
[[        1954,        0.65],[        2092,        0.67],[        1885,        0.58],[        2026,        0.61],[        1891,        0.57]],
[[        1951,        0.65],[        2076,        0.67],[        1842,        0.56],[        2029,        0.61],[        1909,        0.57]],
[[        1969,        0.65],[        2146,        0.69],[        1814,        0.56],[        2123,        0.64],[        1923,        0.58]],
[[        1940,        0.64],[        2223,        0.71],[        1866,        0.57],[        2151,        0.65],[        1926,        0.58]],
[[        1841,        0.61],[        2158,        0.69],[        1883,        0.58],[        2080,        0.63],[        1895,        0.57]],
[[        1351,        0.45],[        1949,        0.62],[        1749,        0.54],[        1795,        0.54],[        1670,         0.5]],
[[        1194,         0.4],[        1880,         0.6],[        1636,         0.5],[        1798,        0.54],[        1641,        0.49]],
[[        1197,         0.4],[        1873,         0.6],[        1698,        0.52],[        1719,        0.52],[        1662,         0.5]],
[[        1428,        0.47],[        1904,        0.61],[        1833,        0.56],[        1834,        0.55],[        1819,        0.54]],
[[        1956,        0.65],[        1974,        0.63],[        1801,        0.55],[        1731,        0.52],[        1895,        0.57]],
[[        2004,        0.66],[        1860,         0.6],[        1911,        0.59],[        1733,        0.52],[        1911,        0.57]],
[[        2205,        0.73],[        1964,        0.63],[        1955,         0.6],[        1706,        0.52],[        1935,        0.58]],
[[        2539,        0.84],[        1927,        0.62],[        2081,        0.64],[        1685,        0.51],[        2026,        0.61]],
[[        2553,        0.85],[        1860,         0.6],[        2135,        0.65],[        1738,        0.52],[        2046,        0.61]],
[[        2507,        0.83],[        1978,        0.63],[        2103,        0.64],[        1807,        0.55],[        2037,        0.61]],
[[        2512,        0.83],[        1826,        0.59],[        2105,        0.65],[        1894,        0.57],[        2014,         0.6]],
[[        2509,        0.83],[        1717,        0.55],[        2073,        0.64],[        1891,        0.57],[        2070,        0.62]],
[[        2539,        0.84],[        1802,        0.58],[        2174,        0.67],[        1961,        0.59],[        1977,        0.59]],
[[        2458,        0.81],[        1793,        0.57],[        2087,        0.64],[        2046,        0.62],[        2011,         0.6]],
[[        2496,        0.83],[        2005,        0.64],[        2101,        0.64],[        1962,        0.59],[        1877,        0.56]],
[[        2477,        0.82],[        2047,        0.66],[        2042,        0.63],[        2055,        0.62],[        1859,        0.56]],
[[        2350,        0.78],[        2143,        0.69],[        2122,        0.65],[        2103,        0.63],[        1813,        0.54]],
[[        2275,        0.75],[        2399,        0.77],[        2115,        0.65],[        2194,        0.66],[        1788,        0.54]],
[[        2275,        0.75],[        2524,        0.81],[        2006,        0.62],[        2254,        0.68],[        1821,        0.55]],
[[        2047,        0.68],[        2474,        0.79],[        2106,        0.65],[        2170,        0.66],[        1874,        0.56]],
[[        2055,        0.68],[        2519,        0.81],[        1937,        0.59],[        2136,        0.64],[        1950,        0.58]],
[[        2027,        0.67],[        2540,        0.81],[        1761,        0.54],[        2102,        0.63],[        1950,        0.58]],
[[        1926,        0.64],[        2618,        0.84],[        1849,        0.57],[        2180,        0.66],[        2029,        0.61]],
[[        1903,        0.63],[        2556,        0.82],[        1853,        0.57],[        2104,        0.64],[        2085,        0.62]],
[[        1818,         0.6],[        2572,        0.82],[        2016,        0.62],[        2109,        0.64],[        2028,        0.61]],
[[        1942,        0.64],[        2563,        0.82],[        2098,        0.64],[        2047,        0.62],[        2106,        0.63]],
[[        1893,        0.63],[        2376,        0.76],[        2161,        0.66],[        2131,        0.64],[        2160,        0.65]],
[[        1879,        0.62],[        2326,        0.75],[        2391,        0.73],[        2079,        0.63],[        2228,        0.67]],
[[        2020,        0.67],[        2319,        0.74],[        2598,         0.8],[        2016,        0.61],[        2300,        0.69]],
[[        2126,         0.7],[        2082,        0.67],[        2477,        0.76],[        2094,        0.63],[        2222,        0.67]],
[[        2234,        0.74],[        2046,        0.66],[        2512,        0.77],[        1946,        0.59],[        2172,        0.65]],
[[        2435,        0.81],[        2111,        0.68],[        2513,        0.77],[        1796,        0.54],[        2146,        0.64]],
[[        2549,        0.84],[        1906,        0.61],[        2616,         0.8],[        1835,        0.55],[        2184,        0.65]],
[[        2082,        0.69],[        1871,         0.6],[        2557,        0.78],[        1864,        0.56],[        2123,        0.64]],
[[        2077,        0.69],[        1792,        0.57],[        2564,        0.79],[        1989,         0.6],[        2118,        0.63]],
[[        2117,         0.7],[        1920,        0.62],[        2544,        0.78],[        2087,        0.63],[        2056,        0.62]],
[[        2075,        0.69],[        1832,        0.59],[        2289,         0.7],[        2126,        0.64],[        2105,        0.63]],
[[        1897,        0.63],[        1812,        0.58],[        2324,        0.71],[        2314,         0.7],[        2064,        0.62]],
[[        1711,        0.57],[        1932,        0.62],[        2290,         0.7],[        2481,        0.75],[        1999,         0.6]],
[[        1767,        0.59],[        2014,        0.65],[        1999,        0.61],[        2365,        0.71],[        2053,        0.61]],
[[        1734,        0.57],[        2132,        0.68],[        2016,        0.62],[        2402,        0.73],[        1910,        0.57]],
[[        1627,        0.54],[        2214,        0.71],[        2061,        0.63],[        2380,        0.72],[        1758,        0.53]],
[[        1565,        0.52],[        2436,        0.78],[        1792,        0.55],[        2447,        0.74],[        1773,        0.53]],
[[        1543,        0.51],[        1875,         0.6],[        1759,        0.54],[        2421,        0.73],[        1796,        0.54]],
[[        1484,        0.49],[        1860,         0.6],[        1683,        0.52],[        2409,        0.73],[        1904,        0.57]],
[[        1369,        0.45],[        1895,        0.61],[        1792,        0.55],[        2386,        0.72],[        1981,        0.59]],
[[        1306,        0.43],[        1824,        0.58],[        1754,        0.54],[        2157,        0.65],[        2012,         0.6]],
[[        1280,        0.42],[        1659,        0.53],[        1707,        0.52],[        2140,        0.65],[        2166,        0.65]],
[[        1229,        0.41],[        1452,        0.47],[        1762,        0.54],[        2132,        0.64],[        2305,        0.69]],
[[        1167,        0.39],[        1516,        0.49],[        1820,        0.56],[        1859,        0.56],[        2195,        0.66]],
[[        1045,        0.35],[        1443,        0.46],[        1917,        0.59],[        1828,        0.55],[        2216,        0.66]],
[[        1020,        0.34],[        1297,        0.42],[        1965,         0.6],[        1857,        0.56],[        2175,        0.65]],
[[         990,        0.33],[        1252,         0.4],[        2130,        0.65],[        1643,         0.5],[        2212,        0.66]],
[[        1037,        0.34],[        1195,        0.38],[        1581,        0.48],[        1547,        0.47],[        2163,        0.65]],
[[         936,        0.31],[        1132,        0.36],[        1541,        0.47],[        1474,        0.45],[        2109,        0.63]],
[[         916,         0.3],[         961,        0.31],[        1530,        0.47],[        1524,        0.46],[        2056,        0.62]],
[[         812,        0.27],[         917,        0.29],[        1406,        0.43],[        1442,        0.44],[        1838,        0.55]],
[[         828,        0.27],[         876,        0.28],[        1296,         0.4],[        1373,        0.41],[        1780,        0.53]],
[[         804,        0.27],[         818,        0.26],[        1070,        0.33],[        1387,        0.42],[        1723,        0.52]],
[[         757,        0.25],[         721,        0.23],[        1067,        0.33],[        1377,        0.42],[        1468,        0.44]],
[[         496,        0.16],[         622,         0.2],[         972,         0.3],[        1412,        0.43],[        1394,        0.42]],
[[         386,        0.13],[         571,        0.18],[         852,        0.26],[        1366,        0.41],[        1360,        0.41]],
[[         361,        0.12],[         537,        0.17],[         764,        0.23],[        1427,        0.43],[        1164,        0.35]],
[[         380,        0.13],[         468,        0.15],[         673,        0.21],[         996,         0.3],[        1057,        0.32]],
[[         335,        0.11],[         431,        0.14],[         615,        0.19],[         924,        0.28],[         955,        0.29]],
[[         268,        0.09],[         395,        0.13],[         467,        0.14],[         869,        0.26],[         937,        0.28]],
[[         956,        0.32],[         291,        0.09],[         391,        0.12],[         743,        0.22],[         845,        0.25]],
[[           .,           .],[         276,        0.09],[         383,        0.12],[         640,        0.19],[         767,        0.23]],
[[           .,           .],[         228,        0.07],[         347,        0.11],[         500,        0.15],[         735,        0.22]],
[[           .,           .],[         197,        0.06],[         284,        0.09],[         465,        0.14],[         680,         0.2]],
[[           .,           .],[         125,        0.04],[         184,        0.06],[         395,        0.12],[         646,        0.19]],
[[           .,           .],[         309,         0.1],[         667,         0.2],[        1146,        0.35],[        2306,        0.69]]],
[[[        1687,        0.56],[        1897,        0.61],[        1761,        0.54],[        1604,        0.48],[        1610,        0.48]],
[[        1843,        0.61],[        1781,        0.57],[        1778,        0.55],[        1620,        0.49],[        1608,        0.48]],
[[        1732,        0.57],[        1832,        0.59],[        1739,        0.53],[        1649,         0.5],[        1619,        0.48]],
[[        1835,        0.61],[        1791,        0.57],[        1807,        0.55],[        1672,         0.5],[        1627,        0.49]],
[[        1934,        0.64],[        1761,        0.56],[        1828,        0.56],[        1686,        0.51],[        1626,        0.49]],
[[        1983,        0.66],[        1677,        0.54],[        1862,        0.57],[        1706,        0.52],[        1635,        0.49]],
[[        2073,        0.69],[        1644,        0.53],[        1955,         0.6],[        1726,        0.52],[        1648,        0.49]],
[[        1986,        0.66],[        1715,        0.55],[        1940,        0.59],[        1739,        0.53],[        1656,         0.5]],
[[        1971,        0.65],[        1672,        0.54],[        1940,        0.59],[        1756,        0.53],[        1665,         0.5]],
[[        1985,        0.66],[        1740,        0.56],[        1976,        0.61],[        1771,        0.53],[        1674,         0.5]],
[[        1958,        0.65],[        1718,        0.55],[        1930,        0.59],[        1778,        0.54],[        1685,         0.5]],
[[        1968,        0.65],[        1899,        0.61],[        1863,        0.57],[        1767,        0.53],[        1702,        0.51]],
[[        1916,        0.64],[        1880,         0.6],[        1912,        0.59],[        1779,        0.54],[        1719,        0.51]],
[[        1921,        0.64],[        1911,        0.61],[        1832,        0.56],[        1839,        0.56],[        1730,        0.52]],
[[        1887,        0.63],[        1979,        0.63],[        1782,        0.55],[        1892,        0.57],[        1746,        0.52]],
[[        1830,        0.61],[        2003,        0.64],[        1714,        0.53],[        1917,        0.58],[        1764,        0.53]],
[[        1884,        0.62],[        2124,        0.68],[        1702,        0.52],[        1994,         0.6],[        1781,        0.53]],
[[        1828,        0.61],[        2053,        0.66],[        1763,        0.54],[        1981,         0.6],[        1791,        0.54]],
[[        1789,        0.59],[        1975,        0.63],[        1686,        0.52],[        1913,        0.58],[        1761,        0.53]],
[[        1495,         0.5],[        1800,        0.58],[        1412,        0.43],[        1535,        0.46],[        1422,        0.43]],
[[        1170,        0.39],[        1612,        0.52],[        1387,        0.43],[        1518,        0.46],[        1428,        0.43]],
[[        1229,        0.41],[        1715,        0.55],[        1576,        0.48],[        1552,        0.47],[        1510,        0.45]],
[[        1445,        0.48],[        1927,        0.62],[        1693,        0.52],[        1671,         0.5],[        1644,        0.49]],
[[        1830,        0.61],[        1935,        0.62],[        1796,        0.55],[        1665,         0.5],[        1742,        0.52]],
[[        2037,        0.68],[        1971,        0.63],[        1830,        0.56],[        1663,         0.5],[        1825,        0.55]],
[[        2169,        0.72],[        1885,         0.6],[        1905,        0.58],[        1625,        0.49],[        1891,        0.57]],
[[        2338,        0.77],[        1902,        0.61],[        2054,        0.63],[        1649,         0.5],[        1985,        0.59]],
[[        2502,        0.83],[        1970,        0.63],[        2040,        0.63],[        1707,        0.52],[        1975,        0.59]],
[[        2516,        0.83],[        1996,        0.64],[        2126,        0.65],[        1729,        0.52],[        1967,        0.59]],
[[        2481,        0.82],[        1891,        0.61],[        2183,        0.67],[        1808,        0.55],[        1967,        0.59]],
[[        2435,        0.81],[        1785,        0.57],[        2197,        0.67],[        1824,        0.55],[        1975,        0.59]],
[[        2439,        0.81],[        1763,        0.57],[        2136,        0.66],[        1945,        0.59],[        1925,        0.58]],
[[        2490,        0.83],[        1851,        0.59],[        2174,        0.67],[        1965,        0.59],[        1920,        0.58]],
[[        2416,         0.8],[        1929,        0.62],[        2149,        0.66],[        1965,        0.59],[        1865,        0.56]],
[[        2443,        0.81],[        2115,        0.68],[        2208,        0.68],[        2020,        0.61],[        1828,        0.55]],
[[        2346,        0.78],[        2170,         0.7],[        2052,        0.63],[        2077,        0.63],[        1756,        0.53]],
[[        2351,        0.78],[        2379,        0.76],[        2053,        0.63],[        2200,        0.66],[        1751,        0.52]],
[[        2162,        0.72],[        2567,        0.82],[        2164,        0.66],[        2154,        0.65],[        1803,        0.54]],
[[        2104,         0.7],[        2511,         0.8],[        2077,        0.64],[        2153,        0.65],[        1820,        0.55]],
[[        2072,        0.69],[        2517,        0.81],[        2000,        0.61],[        2202,        0.66],[        1881,        0.56]],
[[        2000,        0.66],[        2545,        0.82],[        1839,        0.56],[        2189,        0.66],[        1898,        0.57]],
[[        1984,        0.66],[        2473,        0.79],[        1791,        0.55],[        2148,        0.65],[        2001,         0.6]],
[[        1909,        0.63],[        2504,         0.8],[        1886,        0.58],[        2161,        0.65],[        2014,         0.6]],
[[        1901,        0.63],[        2456,        0.79],[        1954,         0.6],[        2157,        0.65],[        2007,         0.6]],
[[        1912,        0.63],[        2472,        0.79],[        2139,        0.66],[        2174,        0.66],[        2057,        0.62]],
[[        1927,        0.64],[        2411,        0.77],[        2213,        0.68],[        2080,        0.63],[        2114,        0.63]],
[[        1856,        0.62],[        2383,        0.76],[        2416,        0.74],[        2099,        0.63],[        2235,        0.67]],
[[        1926,        0.64],[        2207,        0.71],[        2588,        0.79],[        2145,        0.65],[        2199,        0.66]],
[[        2153,        0.71],[        2162,        0.69],[        2551,        0.78],[        2075,        0.63],[        2186,        0.65]],
[[        2218,        0.74],[        2116,        0.68],[        2646,        0.81],[        2011,        0.61],[        2230,        0.67]],
[[        2450,        0.81],[        2012,        0.64],[        2529,        0.78],[        1859,        0.56],[        2215,        0.66]],
[[        2638,        0.87],[        1965,        0.63],[        2451,        0.75],[        1803,        0.54],[        2171,        0.65]],
[[        2039,        0.68],[        1917,        0.61],[        2535,        0.78],[        1914,        0.58],[        2179,        0.65]],
[[        2093,        0.69],[        1828,        0.59],[        2436,        0.75],[        1962,        0.59],[        2177,        0.65]],
[[        2003,        0.66],[        1843,        0.59],[        2500,        0.77],[        2118,        0.64],[        2176,        0.65]],
[[        1997,        0.66],[        1870,         0.6],[        2376,        0.73],[        2194,        0.66],[        2089,        0.63]],
[[        1871,        0.62],[        1807,        0.58],[        2360,        0.72],[        2366,        0.71],[        2100,        0.63]],
[[        1592,        0.53],[        1852,        0.59],[        2171,        0.67],[        2553,        0.77],[        2127,        0.64]],
[[        1753,        0.58],[        2021,        0.65],[        2133,        0.65],[        2475,        0.75],[        2068,        0.62]],
[[        1676,        0.56],[        2110,        0.68],[        2061,        0.63],[        2524,        0.76],[        1990,         0.6]],
[[        1639,        0.54],[        2301,        0.74],[        1986,        0.61],[        2453,        0.74],[        1836,        0.55]],
[[        1539,        0.51],[        2482,         0.8],[        1921,        0.59],[        2391,        0.72],[        1774,        0.53]],
[[        1459,        0.48],[        1847,        0.59],[        1792,        0.55],[        2432,        0.73],[        1870,        0.56]],
[[        1434,        0.48],[        1914,        0.61],[        1741,        0.53],[        2336,        0.71],[        1907,        0.57]],
[[        1393,        0.46],[        1837,        0.59],[        1782,        0.55],[        2375,        0.72],[        2043,        0.61]],
[[        1359,        0.45],[        1833,        0.59],[        1786,        0.55],[        2288,        0.69],[        2118,        0.63]],
[[        1435,        0.48],[        1658,        0.53],[        1734,        0.53],[        2252,        0.68],[        2271,        0.68]],
[[        1372,        0.45],[        1425,        0.46],[        1712,        0.53],[        2068,        0.62],[        2433,        0.73]],
[[        1309,        0.43],[        1527,        0.49],[        1877,        0.58],[        2019,        0.61],[        2341,         0.7]],
[[        1223,        0.41],[        1471,        0.47],[        1932,        0.59],[        1939,        0.59],[        2381,        0.71]],
[[        1229,        0.41],[        1420,        0.46],[        2070,        0.63],[        1838,        0.55],[        2296,        0.69]],
[[        1319,        0.44],[        1321,        0.42],[        2279,         0.7],[        1777,        0.54],[        2230,        0.67]],
[[        1318,        0.44],[        1193,        0.38],[        1647,        0.51],[        1667,         0.5],[        2242,        0.67]],
[[        1233,        0.41],[        1243,         0.4],[        1670,        0.51],[        1579,        0.48],[        2131,        0.64]],
[[        1141,        0.38],[        1139,        0.37],[        1549,        0.48],[        1587,        0.48],[        2141,        0.64]],
[[        1199,         0.4],[        1090,        0.35],[        1572,        0.48],[        1563,        0.47],[        2034,        0.61]],
[[        1247,        0.41],[        1085,        0.35],[        1349,        0.41],[        1500,        0.45],[        1967,        0.59]],
[[        1282,        0.42],[        1063,        0.34],[        1131,        0.35],[        1446,        0.44],[        1771,        0.53]],
[[        1293,        0.43],[         904,        0.29],[        1165,        0.36],[        1555,        0.47],[        1702,        0.51]],
[[         901,         0.3],[         876,        0.28],[        1095,        0.34],[        1537,        0.46],[        1595,        0.48]],
[[         798,        0.26],[         831,        0.27],[        1051,        0.32],[        1606,        0.48],[        1475,        0.44]],
[[         738,        0.24],[         840,        0.27],[         923,        0.28],[        1693,        0.51],[        1381,        0.41]],
[[         731,        0.24],[         799,        0.26],[         789,        0.24],[        1169,        0.35],[        1248,        0.37]],
[[         750,        0.25],[         710,        0.23],[         768,        0.24],[        1127,        0.34],[        1132,        0.34]],
[[         649,        0.22],[         607,        0.19],[         699,        0.21],[        1011,        0.31],[        1095,        0.33]],
[[        3281,        1.09],[         614,         0.2],[         588,        0.18],[         974,        0.29],[        1031,        0.31]],
[[           .,           .],[         564,        0.18],[         581,        0.18],[         794,        0.24],[         949,        0.28]],
[[           .,           .],[         534,        0.17],[         509,        0.16],[         638,        0.19],[         865,        0.26]],
[[           .,           .],[         464,        0.15],[         426,        0.13],[         590,        0.18],[         846,        0.25]],
[[           .,           .],[         402,        0.13],[         359,        0.11],[         515,        0.16],[         781,        0.23]],
[[           .,           .],[        1114,        0.36],[        1431,        0.44],[        1832,        0.55],[        3227,        0.97]]]]}}
