{
"ons":{
"label":"Population Projections for England and Wales, by local authority",
"source":"Office for National Statistics",
"updated":"2014-10-01",
"area": {
"code":"K04000001",
"label":"England and Wales"
},
"time": {
"label":"1998-2038",
"index":["1998",  "2008",  "2018",  "2028",  "2038"]
},
"concept":{
"label":["population", "% of population"],
"units":["count", "%"],
"max":[        1159,         1.23]
},
"sums":{
"series1":[       43164,        47170,        50490,        52562,        53665],
"series2":[       45165,        48360,        50677,        51858,        52558]
},
"dimension":{
"label":"age",
"index":["0", "1", "2", "3", "4", "5", "6", "7", "8", "9", "10", "11", "12", "13", "14", "15", "16", "17", "18", "19", "20", "21", "22", "23", "24", "25", "26", "27", "28", "29", "30", "31", "32", "33", "34", "35", "36", "37", "38", "39", "40", "41", "42", "43", "44", "45", "46", "47", "48", "49", "50", "51", "52", "53", "54", "55", "56", "57", "58", "59", "60", "61", "62", "63", "64", "65", "66", "67", "68", "69", "70", "71", "72", "73", "74", "75", "76", "77", "78", "79", "80", "81", "82", "83", "84", "85", "86", "87", "88", "89", "90+"]
},
"series":["male", "female"],
"value":[[[[         575,        0.65],[         745,        0.78],[         660,        0.65],[         605,        0.58],[         612,        0.58]],
[[         619,         0.7],[         715,        0.75],[         643,        0.64],[         622,         0.6],[         620,        0.58]],
[[         617,         0.7],[         699,        0.73],[         717,        0.71],[         639,        0.61],[         630,        0.59]],
[[         581,        0.66],[         617,        0.65],[         720,        0.71],[         651,        0.62],[         636,         0.6]],
[[         626,        0.71],[         579,        0.61],[         692,        0.68],[         660,        0.63],[         641,         0.6]],
[[         592,        0.67],[         611,        0.64],[         746,        0.74],[         665,        0.64],[         643,        0.61]],
[[         640,        0.72],[         571,         0.6],[         807,         0.8],[         672,        0.64],[         648,        0.61]],
[[         618,         0.7],[         603,        0.63],[         713,         0.7],[         677,        0.65],[         651,        0.61]],
[[         611,        0.69],[         555,        0.58],[         781,        0.77],[         688,        0.66],[         657,        0.62]],
[[         571,        0.65],[         593,        0.62],[         712,         0.7],[         687,        0.66],[         654,        0.62]],
[[         588,        0.67],[         570,         0.6],[         756,        0.75],[         690,        0.66],[         654,        0.62]],
[[         567,        0.64],[         574,         0.6],[         722,        0.71],[         687,        0.66],[         653,        0.61]],
[[         560,        0.63],[         577,         0.6],[         688,        0.68],[         700,        0.67],[         650,        0.61]],
[[         557,        0.63],[         560,        0.59],[         623,        0.62],[         712,        0.68],[         648,        0.61]],
[[         510,        0.58],[         561,        0.59],[         570,        0.56],[         683,        0.65],[         649,        0.61]],
[[         551,        0.62],[         597,        0.62],[         578,        0.57],[         722,        0.69],[         652,        0.61]],
[[         551,        0.62],[         562,        0.59],[         581,        0.57],[         778,        0.75],[         657,        0.62]],
[[         591,        0.67],[         597,        0.62],[         603,         0.6],[         732,         0.7],[         661,        0.62]],
[[         537,        0.61],[         584,        0.61],[         528,        0.52],[         723,        0.69],[         640,         0.6]],
[[         353,         0.4],[         469,        0.49],[         417,        0.41],[         425,        0.41],[         410,        0.39]],
[[         373,        0.42],[         369,        0.39],[         354,        0.35],[         371,        0.36],[         346,        0.33]],
[[         364,        0.41],[         393,        0.41],[         403,         0.4],[         365,        0.35],[         358,        0.34]],
[[         446,         0.5],[         473,         0.5],[         412,        0.41],[         415,         0.4],[         434,        0.41]],
[[         480,        0.54],[         543,        0.57],[         495,        0.49],[         433,        0.41],[         493,        0.46]],
[[         610,        0.69],[         556,        0.58],[         430,        0.43],[         451,        0.43],[         529,         0.5]],
[[         601,        0.68],[         667,         0.7],[         526,        0.52],[         459,        0.44],[         563,        0.53]],
[[         667,        0.76],[         657,        0.69],[         476,        0.47],[         472,        0.45],[         615,        0.58]],
[[         705,         0.8],[         690,        0.72],[         564,        0.56],[         500,        0.48],[         617,        0.58]],
[[         694,        0.79],[         759,        0.79],[         512,        0.51],[         517,         0.5],[         624,        0.59]],
[[         746,        0.84],[         765,         0.8],[         597,        0.59],[         540,        0.52],[         607,        0.57]],
[[         746,        0.84],[         713,        0.75],[         629,        0.62],[         556,        0.53],[         631,        0.59]],
[[         745,        0.84],[         715,        0.75],[         608,         0.6],[         596,        0.57],[         624,        0.59]],
[[         788,        0.89],[         823,        0.86],[         596,        0.59],[         619,        0.59],[         621,        0.58]],
[[         790,        0.89],[         786,        0.82],[         671,        0.66],[         637,        0.61],[         606,        0.57]],
[[         743,        0.84],[         775,        0.81],[         623,        0.62],[         641,        0.61],[         602,        0.57]],
[[         775,        0.88],[         787,        0.82],[         642,        0.63],[         682,        0.65],[         602,        0.57]],
[[         739,        0.84],[         817,        0.86],[         725,        0.72],[         683,        0.65],[         605,        0.57]],
[[         696,        0.79],[         810,        0.85],[         758,        0.75],[         741,        0.71],[         633,         0.6]],
[[         671,        0.76],[         779,        0.82],[         813,         0.8],[         721,        0.69],[         660,        0.62]],
[[         682,        0.77],[         788,        0.82],[         865,        0.86],[         741,        0.71],[         693,        0.65]],
[[         638,        0.72],[         796,        0.83],[         829,        0.82],[         766,        0.73],[         697,        0.66]],
[[         646,        0.73],[         773,        0.81],[         804,        0.79],[         735,         0.7],[         720,        0.68]],
[[         639,        0.72],[         732,        0.77],[         890,        0.88],[         729,         0.7],[         725,        0.68]],
[[         616,         0.7],[         779,        0.82],[         896,        0.89],[         763,        0.73],[         725,        0.68]],
[[         623,        0.71],[         746,        0.78],[         805,         0.8],[         741,        0.71],[         729,        0.69]],
[[         624,        0.71],[         763,         0.8],[         754,        0.75],[         737,        0.71],[         735,        0.69]],
[[         658,        0.74],[         717,        0.75],[         777,        0.77],[         760,        0.73],[         725,        0.68]],
[[         615,         0.7],[         686,        0.72],[         750,        0.74],[         781,        0.75],[         757,        0.71]],
[[         609,        0.69],[         648,        0.68],[         766,        0.76],[         796,        0.76],[         730,        0.69]],
[[         647,        0.73],[         673,         0.7],[         759,        0.75],[         792,        0.76],[         720,        0.68]],
[[         671,        0.76],[         643,        0.67],[         725,        0.72],[         767,        0.73],[         736,        0.69]],
[[         731,        0.83],[         628,        0.66],[         768,        0.76],[         727,         0.7],[         700,        0.66]],
[[         566,        0.64],[         590,        0.62],[         716,        0.71],[         757,        0.72],[         691,        0.65]],
[[         576,        0.65],[         609,        0.64],[         749,        0.74],[         788,        0.75],[         710,        0.67]],
[[         526,         0.6],[         548,        0.57],[         695,        0.69],[         739,        0.71],[         689,        0.65]],
[[         506,        0.57],[         543,        0.57],[         697,        0.69],[         710,        0.68],[         686,        0.65]],
[[         455,        0.52],[         569,         0.6],[         619,        0.61],[         711,        0.68],[         700,        0.66]],
[[         401,        0.45],[         550,        0.58],[         636,        0.63],[         694,        0.66],[         708,        0.67]],
[[         421,        0.48],[         526,        0.55],[         615,        0.61],[         679,        0.65],[         712,        0.67]],
[[         385,        0.44],[         524,        0.55],[         591,        0.58],[         670,        0.64],[         703,        0.66]],
[[         402,        0.46],[         588,        0.62],[         623,        0.62],[         649,        0.62],[         667,        0.63]],
[[         413,        0.47],[         577,         0.6],[         592,        0.59],[         665,        0.64],[         636,         0.6]],
[[         408,        0.46],[         455,        0.48],[         496,        0.49],[         631,         0.6],[         655,        0.62]],
[[         357,         0.4],[         445,        0.47],[         534,        0.53],[         650,        0.62],[         672,        0.63]],
[[         369,        0.42],[         435,        0.46],[         471,        0.47],[         630,         0.6],[         637,         0.6]],
[[         358,        0.41],[         418,        0.44],[         479,        0.47],[         607,        0.58],[         615,        0.58]],
[[         387,        0.44],[         355,        0.37],[         490,        0.48],[         544,        0.52],[         609,        0.57]],
[[         356,         0.4],[         319,        0.33],[         482,        0.48],[         532,        0.51],[         592,        0.56]],
[[         340,        0.38],[         344,        0.36],[         438,        0.43],[         522,         0.5],[         576,        0.54]],
[[         286,        0.32],[         304,        0.32],[         483,        0.48],[         501,        0.48],[         566,        0.53]],
[[         285,        0.32],[         311,        0.33],[         478,        0.47],[         509,        0.49],[         553,        0.52]],
[[         290,        0.33],[         355,        0.37],[         504,         0.5],[         490,        0.47],[         565,        0.53]],
[[         294,        0.33],[         310,        0.32],[         365,        0.36],[         423,        0.41],[         533,         0.5]],
[[         293,        0.33],[         295,        0.31],[         368,        0.36],[         435,        0.42],[         538,        0.51]],
[[         276,        0.31],[         282,         0.3],[         359,        0.35],[         388,        0.37],[         518,        0.49]],
[[         238,        0.27],[         272,        0.28],[         334,        0.33],[         397,        0.38],[         499,        0.47]],
[[         228,        0.26],[         273,        0.29],[         289,        0.29],[         385,        0.37],[         450,        0.42]],
[[         236,        0.27],[         228,        0.24],[         257,        0.25],[         375,        0.36],[         439,        0.41]],
[[         216,        0.24],[         252,        0.26],[         272,        0.27],[         348,        0.33],[         421,         0.4]],
[[         136,        0.15],[         207,        0.22],[         234,        0.23],[         363,        0.35],[         398,        0.37]],
[[         144,        0.16],[         175,        0.18],[         228,        0.23],[         373,        0.36],[         399,        0.38]],
[[         152,        0.17],[         196,        0.21],[         260,        0.26],[         381,        0.36],[         377,        0.35]],
[[         135,        0.15],[         172,        0.18],[         244,        0.24],[         283,        0.27],[         329,        0.31]],
[[         125,        0.14],[         186,        0.19],[         201,         0.2],[         272,        0.26],[         333,        0.31]],
[[          95,        0.11],[         160,        0.17],[         179,        0.18],[         254,        0.24],[         293,        0.28]],
[[         316,        0.36],[         111,        0.12],[         159,        0.16],[         231,        0.22],[         283,        0.27]],
[[           .,           .],[         110,        0.12],[         148,        0.15],[         197,        0.19],[         269,        0.25]],
[[           .,           .],[          85,        0.09],[         134,        0.13],[         161,        0.15],[         245,        0.23]],
[[           .,           .],[          70,        0.07],[         109,        0.11],[         152,        0.15],[         215,         0.2]],
[[           .,           .],[          48,        0.05],[         118,        0.12],[         135,        0.13],[         218,        0.21]],
[[           .,           .],[         185,        0.19],[         365,        0.36],[         684,        0.66],[        1139,        1.07]]],
[[[         614,         0.7],[         697,        0.73],[         618,        0.61],[         574,        0.55],[         580,        0.55]],
[[         592,        0.67],[         646,        0.68],[         628,        0.62],[         588,        0.56],[         586,        0.55]],
[[         627,        0.71],[         625,        0.65],[         644,        0.64],[         596,        0.57],[         588,        0.55]],
[[         576,        0.65],[         594,        0.62],[         706,         0.7],[         608,        0.58],[         594,        0.56]],
[[         609,        0.69],[         590,        0.62],[         664,        0.66],[         610,        0.58],[         592,        0.56]],
[[         577,        0.65],[         549,        0.57],[         701,        0.69],[         615,        0.59],[         594,        0.56]],
[[         590,        0.67],[         526,        0.55],[         711,         0.7],[         620,        0.59],[         598,        0.56]],
[[         612,        0.69],[         572,         0.6],[         699,        0.69],[         626,         0.6],[         601,        0.57]],
[[         552,        0.62],[         535,        0.56],[         730,        0.72],[         637,        0.61],[         608,        0.57]],
[[         580,        0.66],[         553,        0.58],[         653,        0.65],[         639,        0.61],[         610,        0.57]],
[[         571,        0.65],[         597,        0.62],[         695,        0.69],[         644,        0.62],[         611,        0.58]],
[[         543,        0.61],[         520,        0.54],[         696,        0.69],[         637,        0.61],[         606,        0.57]],
[[         567,        0.64],[         568,        0.59],[         622,        0.61],[         647,        0.62],[         600,        0.56]],
[[         545,        0.62],[         523,        0.55],[         622,        0.61],[         671,        0.64],[         602,        0.57]],
[[         525,        0.59],[         556,        0.58],[         584,        0.58],[         666,        0.64],[         603,        0.57]],
[[         568,        0.64],[         532,        0.56],[         551,        0.54],[         656,        0.63],[         603,        0.57]],
[[         596,        0.67],[         598,        0.63],[         524,        0.52],[         691,        0.66],[         605,        0.57]],
[[         646,        0.73],[         601,        0.63],[         570,        0.56],[         694,        0.66],[         613,        0.58]],
[[         527,         0.6],[         579,        0.61],[         469,        0.46],[         645,        0.62],[         581,        0.55]],
[[         339,        0.38],[         400,        0.42],[         338,        0.33],[         331,        0.32],[         315,         0.3]],
[[         336,        0.38],[         391,        0.41],[         340,        0.34],[         302,        0.29],[         284,        0.27]],
[[         338,        0.38],[         396,        0.41],[         339,        0.34],[         334,        0.32],[         325,        0.31]],
[[         401,        0.45],[         494,        0.52],[         412,        0.41],[         409,        0.39],[         437,        0.41]],
[[         479,        0.54],[         593,        0.62],[         474,        0.47],[         462,        0.44],[         518,        0.49]],
[[         566,        0.64],[         610,        0.64],[         496,        0.49],[         474,        0.45],[         541,        0.51]],
[[         633,        0.72],[         668,         0.7],[         496,        0.49],[         472,        0.45],[         569,        0.54]],
[[         627,        0.71],[         670,         0.7],[         567,        0.56],[         467,        0.45],[         603,        0.57]],
[[         721,        0.82],[         754,        0.79],[         541,        0.53],[         489,        0.47],[         595,        0.56]],
[[         716,        0.81],[         683,        0.71],[         514,        0.51],[         498,        0.48],[         593,        0.56]],
[[         784,        0.89],[         735,        0.77],[         537,        0.53],[         529,        0.51],[         592,        0.56]],
[[         804,        0.91],[         705,        0.74],[         602,         0.6],[         550,        0.53],[         609,        0.57]],
[[         785,        0.89],[         721,        0.75],[         634,        0.63],[         586,        0.56],[         607,        0.57]],
[[         791,         0.9],[         763,         0.8],[         601,        0.59],[         615,        0.59],[         615,        0.58]],
[[         765,        0.87],[         740,        0.77],[         691,        0.68],[         628,         0.6],[         603,        0.57]],
[[         757,        0.86],[         761,         0.8],[         693,        0.69],[         641,        0.61],[         600,        0.56]],
[[         769,        0.87],[         795,        0.83],[         786,        0.78],[         654,        0.63],[         589,        0.55]],
[[         759,        0.86],[         760,         0.8],[         790,        0.78],[         690,        0.66],[         584,        0.55]],
[[         722,        0.82],[         814,        0.85],[         850,        0.84],[         716,        0.69],[         616,        0.58]],
[[         643,        0.73],[         723,        0.76],[         815,        0.81],[         714,        0.68],[         629,        0.59]],
[[         660,        0.75],[         733,        0.77],[         807,         0.8],[         708,        0.68],[         650,        0.61]],
[[         652,        0.74],[         763,         0.8],[         760,        0.75],[         750,        0.72],[         656,        0.62]],
[[         643,        0.73],[         771,        0.81],[         764,        0.76],[         720,        0.69],[         673,        0.63]],
[[         610,        0.69],[         829,        0.87],[         795,        0.79],[         708,        0.68],[         675,        0.64]],
[[         591,        0.67],[         769,         0.8],[         780,        0.77],[         721,        0.69],[         666,        0.63]],
[[         579,        0.66],[         754,        0.79],[         803,        0.79],[         730,         0.7],[         677,        0.64]],
[[         651,        0.74],[         772,        0.81],[         739,        0.73],[         767,        0.73],[         678,        0.64]],
[[         581,        0.66],[         722,        0.76],[         734,        0.73],[         783,        0.75],[         695,        0.65]],
[[         566,        0.64],[         735,        0.77],[         739,        0.73],[         801,        0.77],[         707,        0.67]],
[[         598,        0.68],[         657,        0.69],[         717,        0.71],[         765,        0.73],[         695,        0.65]],
[[         633,        0.72],[         633,        0.66],[         702,        0.69],[         749,        0.72],[         688,        0.65]],
[[         677,        0.77],[         642,        0.67],[         713,         0.7],[         712,        0.68],[         714,        0.67]],
[[         699,        0.79],[         618,        0.65],[         757,        0.75],[         703,        0.67],[         690,        0.65]],
[[         564,        0.64],[         572,         0.6],[         789,        0.78],[         726,         0.7],[         672,        0.63]],
[[         544,        0.62],[         537,        0.56],[         734,        0.73],[         730,         0.7],[         684,        0.64]],
[[         538,        0.61],[         553,        0.58],[         667,        0.66],[         741,        0.71],[         686,        0.65]],
[[         473,        0.54],[         564,        0.59],[         701,        0.69],[         711,        0.68],[         714,        0.67]],
[[         444,         0.5],[         491,        0.51],[         668,        0.66],[         684,        0.66],[         717,        0.67]],
[[         403,        0.46],[         514,        0.54],[         644,        0.64],[         687,        0.66],[         722,        0.68]],
[[         429,        0.49],[         559,        0.59],[         634,        0.63],[         645,        0.62],[         692,        0.65]],
[[         425,        0.48],[         581,        0.61],[         557,        0.55],[         653,        0.63],[         671,        0.63]],
[[         436,        0.49],[         598,        0.63],[         592,        0.59],[         639,        0.61],[         632,        0.59]],
[[         413,        0.47],[         589,        0.62],[         543,        0.54],[         655,        0.63],[         613,        0.58]],
[[         430,        0.49],[         492,        0.52],[         520,        0.51],[         678,        0.65],[         631,        0.59]],
[[         385,        0.44],[         475,         0.5],[         485,        0.48],[         638,        0.61],[         632,        0.59]],
[[         386,        0.44],[         460,        0.48],[         469,        0.46],[         597,        0.57],[         634,         0.6]],
[[         398,        0.45],[         377,        0.39],[         507,         0.5],[         613,        0.59],[         612,        0.58]],
[[         410,        0.46],[         392,        0.41],[         432,        0.43],[         561,        0.54],[         597,        0.56]],
[[         413,        0.47],[         351,        0.37],[         445,        0.44],[         561,        0.54],[         604,        0.57]],
[[         377,        0.43],[         332,        0.35],[         495,        0.49],[         548,        0.52],[         570,        0.54]],
[[         365,        0.41],[         377,        0.39],[         492,        0.49],[         492,        0.47],[         568,        0.53]],
[[         319,        0.36],[         375,        0.39],[         486,        0.48],[         510,        0.49],[         561,        0.53]],
[[         333,        0.38],[         324,        0.34],[         512,        0.51],[         478,        0.46],[         575,        0.54]],
[[         319,        0.36],[         348,        0.36],[         443,        0.44],[         459,        0.44],[         593,        0.56]],
[[         315,        0.36],[         316,        0.33],[         383,        0.38],[         431,        0.41],[         565,        0.53]],
[[         312,        0.35],[         333,        0.35],[         408,         0.4],[         418,         0.4],[         535,         0.5]],
[[         345,        0.39],[         347,        0.36],[         337,        0.33],[         442,        0.42],[         547,        0.51]],
[[         357,         0.4],[         325,        0.34],[         349,        0.34],[         396,        0.38],[         506,        0.48]],
[[         330,        0.37],[         359,        0.38],[         323,        0.32],[         396,        0.38],[         500,        0.47]],
[[         326,        0.37],[         316,        0.33],[         295,        0.29],[         428,        0.41],[         479,        0.45]],
[[         241,        0.27],[         307,        0.32],[         317,        0.31],[         427,        0.41],[         437,        0.41]],
[[         205,        0.23],[         252,        0.26],[         329,        0.33],[         415,         0.4],[         437,        0.41]],
[[         199,        0.23],[         284,         0.3],[         262,        0.26],[         422,         0.4],[         401,        0.38]],
[[         273,        0.31],[         265,        0.28],[         277,        0.27],[         348,        0.33],[         375,        0.35]],
[[         267,         0.3],[         236,        0.25],[         234,        0.23],[         305,        0.29],[         350,        0.33]],
[[         212,        0.24],[         218,        0.23],[         235,        0.23],[         313,         0.3],[         335,        0.32]],
[[        1087,        1.23],[         242,        0.25],[         233,        0.23],[         260,        0.25],[         337,        0.32]],
[[           .,           .],[         204,        0.21],[         207,         0.2],[         255,        0.24],[         299,        0.28]],
[[           .,           .],[         187,         0.2],[         232,        0.23],[         216,        0.21],[         290,        0.27]],
[[           .,           .],[         156,        0.16],[         191,        0.19],[         190,        0.18],[         292,        0.27]],
[[           .,           .],[         131,        0.14],[         189,        0.19],[         187,        0.18],[         272,        0.26]],
[[           .,           .],[         486,        0.51],[         648,        0.64],[         763,        0.73],[        1159,        1.09]]]]}}
