{
"ons":{
"label":"Population Projections for England and Wales, by local authority",
"source":"Office for National Statistics",
"updated":"2014-10-01",
"area": {
"code":"K04000001",
"label":"England and Wales"
},
"time": {
"label":"1998-2038",
"index":["1998",  "2008",  "2018",  "2028",  "2038"]
},
"concept":{
"label":["population", "% of population"],
"units":["count", "%"],
"max":[        2414,         1.72]
},
"sums":{
"series1":[       53619,        57042,        62271,        65639,        68527],
"series2":[       55630,        59187,        65069,        68917,        72216]
},
"dimension":{
"label":"age",
"index":["0", "1", "2", "3", "4", "5", "6", "7", "8", "9", "10", "11", "12", "13", "14", "15", "16", "17", "18", "19", "20", "21", "22", "23", "24", "25", "26", "27", "28", "29", "30", "31", "32", "33", "34", "35", "36", "37", "38", "39", "40", "41", "42", "43", "44", "45", "46", "47", "48", "49", "50", "51", "52", "53", "54", "55", "56", "57", "58", "59", "60", "61", "62", "63", "64", "65", "66", "67", "68", "69", "70", "71", "72", "73", "74", "75", "76", "77", "78", "79", "80", "81", "82", "83", "84", "85", "86", "87", "88", "89", "90+"]
},
"series":["male", "female"],
"value":[[[[         620,        0.57],[         603,        0.52],[         603,        0.47],[         592,        0.44],[         604,        0.43]],
[[         642,        0.59],[         607,        0.52],[         642,         0.5],[         616,        0.46],[         622,        0.44]],
[[         664,        0.61],[         627,        0.54],[         640,         0.5],[         641,        0.48],[         641,        0.46]],
[[         680,        0.62],[         581,         0.5],[         695,        0.55],[         662,        0.49],[         659,        0.47]],
[[         647,        0.59],[         624,        0.54],[         669,        0.53],[         679,         0.5],[         674,        0.48]],
[[         662,        0.61],[         631,        0.54],[         774,        0.61],[         696,        0.52],[         691,        0.49]],
[[         706,        0.65],[         580,         0.5],[         741,        0.58],[         708,        0.53],[         704,         0.5]],
[[         718,        0.66],[         633,        0.54],[         691,        0.54],[         724,        0.54],[         720,        0.51]],
[[         703,        0.64],[         652,        0.56],[         641,         0.5],[         731,        0.54],[         733,        0.52]],
[[         697,        0.64],[         691,        0.59],[         742,        0.58],[         736,        0.55],[         742,        0.53]],
[[         701,        0.64],[         735,        0.63],[         743,        0.58],[         746,        0.55],[         751,        0.53]],
[[         733,        0.67],[         757,        0.65],[         729,        0.57],[         737,        0.55],[         756,        0.54]],
[[         701,        0.64],[         740,        0.64],[         726,        0.57],[         756,        0.56],[         761,        0.54]],
[[         682,        0.62],[         727,        0.63],[         692,        0.54],[         773,        0.57],[         768,        0.55]],
[[         627,        0.57],[         709,        0.61],[         677,        0.53],[         757,        0.56],[         774,        0.55]],
[[         666,        0.61],[         707,        0.61],[         695,        0.55],[         823,        0.61],[         780,        0.55]],
[[         636,        0.58],[         765,        0.66],[         647,        0.51],[         818,        0.61],[         783,        0.56]],
[[         721,        0.66],[         733,        0.63],[         671,        0.53],[         765,        0.57],[         787,        0.56]],
[[         638,        0.58],[         712,        0.61],[         654,        0.51],[         699,        0.52],[         757,        0.54]],
[[         482,        0.44],[         543,        0.47],[         527,        0.41],[         549,        0.41],[         555,        0.39]],
[[         373,        0.34],[         415,        0.36],[         545,        0.43],[         495,        0.37],[         507,        0.36]],
[[         391,        0.36],[         485,        0.42],[         524,        0.41],[         512,        0.38],[         528,        0.38]],
[[         461,        0.42],[         529,        0.46],[         568,        0.45],[         542,         0.4],[         582,        0.41]],
[[         559,        0.51],[         544,        0.47],[         619,        0.49],[         561,        0.42],[         619,        0.44]],
[[         620,        0.57],[         557,        0.48],[         575,        0.45],[         551,        0.41],[         620,        0.44]],
[[         614,        0.56],[         529,        0.46],[         619,        0.49],[         539,         0.4],[         643,        0.46]],
[[         656,         0.6],[         502,        0.43],[         662,        0.52],[         517,        0.38],[         649,        0.46]],
[[         687,        0.63],[         559,        0.48],[         691,        0.54],[         538,         0.4],[         624,        0.44]],
[[         692,        0.63],[         558,        0.48],[         652,        0.51],[         541,         0.4],[         601,        0.43]],
[[         682,        0.62],[         532,        0.46],[         575,        0.45],[         558,        0.41],[         605,        0.43]],
[[         698,        0.64],[         496,        0.43],[         583,        0.46],[         593,        0.44],[         623,        0.44]],
[[         728,        0.67],[         482,        0.41],[         595,        0.47],[         620,        0.46],[         616,        0.44]],
[[         740,        0.68],[         554,        0.48],[         675,        0.53],[         615,        0.46],[         612,        0.43]],
[[         785,        0.72],[         525,        0.45],[         639,         0.5],[         633,        0.47],[         600,        0.43]],
[[         840,        0.77],[         622,        0.54],[         618,        0.49],[         634,        0.47],[         591,        0.42]],
[[         760,         0.7],[         679,        0.58],[         630,        0.49],[         652,        0.48],[         586,        0.42]],
[[         776,        0.71],[         739,        0.64],[         578,        0.45],[         686,        0.51],[         586,        0.42]],
[[         791,        0.72],[         754,        0.65],[         651,        0.51],[         726,        0.54],[         618,        0.44]],
[[         758,        0.69],[         802,        0.69],[         630,        0.49],[         736,        0.55],[         643,        0.46]],
[[         729,        0.67],[         827,        0.71],[         660,        0.52],[         687,        0.51],[         676,        0.48]],
[[         759,        0.69],[         875,        0.75],[         603,        0.47],[         710,        0.53],[         708,         0.5]],
[[         751,        0.69],[         928,         0.8],[         617,        0.48],[         695,        0.52],[         740,        0.53]],
[[         734,        0.67],[         882,        0.76],[         677,        0.53],[         735,        0.55],[         745,        0.53]],
[[         769,         0.7],[         882,        0.76],[         661,        0.52],[         731,        0.54],[         766,        0.54]],
[[         752,        0.69],[         954,        0.82],[         800,        0.63],[         729,        0.54],[         790,        0.56]],
[[         800,        0.73],[         934,         0.8],[         803,        0.63],[         747,        0.56],[         809,        0.57]],
[[         768,         0.7],[         924,        0.79],[         861,        0.68],[         730,        0.54],[         826,        0.59]],
[[         788,        0.72],[         890,        0.77],[         862,        0.68],[         774,        0.58],[         861,        0.61]],
[[         863,        0.79],[         821,        0.71],[         920,        0.72],[         766,        0.57],[         859,        0.61]],
[[         889,        0.81],[         795,        0.68],[         891,         0.7],[         763,        0.57],[         810,        0.58]],
[[         957,        0.88],[         833,        0.72],[         940,        0.74],[         706,        0.52],[         822,        0.58]],
[[        1057,        0.97],[         793,        0.68],[        1023,         0.8],[         713,        0.53],[         806,        0.57]],
[[         839,        0.77],[         796,        0.68],[         977,        0.77],[         754,        0.56],[         842,         0.6]],
[[         786,        0.72],[         789,        0.68],[         938,        0.74],[         763,        0.57],[         842,         0.6]],
[[         857,        0.78],[         827,        0.71],[        1024,         0.8],[         868,        0.65],[         831,        0.59]],
[[         760,         0.7],[         803,        0.69],[        1003,        0.79],[         889,        0.66],[         842,         0.6]],
[[         713,        0.65],[         797,        0.69],[         978,        0.77],[         938,         0.7],[         832,        0.59]],
[[         617,        0.56],[         819,         0.7],[         938,        0.74],[         944,         0.7],[         864,        0.61]],
[[         668,        0.61],[         853,        0.73],[         920,        0.72],[         984,        0.73],[         868,        0.62]],
[[         654,         0.6],[         902,        0.78],[         842,        0.66],[         965,        0.72],[         854,        0.61]],
[[         641,        0.59],[         957,        0.82],[         885,        0.69],[        1017,        0.76],[         798,        0.57]],
[[         615,        0.56],[        1069,        0.92],[         801,        0.63],[        1091,        0.81],[         792,        0.56]],
[[         587,        0.54],[         814,         0.7],[         860,        0.68],[        1045,        0.78],[         828,        0.59]],
[[         566,        0.52],[         796,        0.68],[         823,        0.65],[        1019,        0.76],[         842,         0.6]],
[[         541,         0.5],[         868,        0.75],[         858,        0.67],[        1088,        0.81],[         925,        0.66]],
[[         557,        0.51],[         732,        0.63],[         814,        0.64],[        1049,        0.78],[         949,        0.67]],
[[         574,        0.53],[         662,        0.57],[         802,        0.63],[        1025,        0.76],[        1004,        0.71]],
[[         545,         0.5],[         614,        0.53],[         871,        0.68],[         978,        0.73],[        1012,        0.72]],
[[         507,        0.46],[         607,        0.52],[         914,        0.72],[         935,        0.69],[        1027,        0.73]],
[[         480,        0.44],[         638,        0.55],[         894,         0.7],[         888,        0.66],[        1016,        0.72]],
[[         482,        0.44],[         578,         0.5],[         943,        0.74],[         884,        0.66],[        1037,        0.74]],
[[         501,        0.46],[         595,        0.51],[        1023,         0.8],[         824,        0.61],[        1091,        0.78]],
[[         466,        0.43],[         532,        0.46],[         770,         0.6],[         824,        0.61],[        1041,        0.74]],
[[         437,         0.4],[         515,        0.44],[         733,        0.58],[         789,        0.59],[         999,        0.71]],
[[         406,        0.37],[         456,        0.39],[         810,        0.64],[         807,         0.6],[        1034,        0.73]],
[[         389,        0.36],[         451,        0.39],[         659,        0.52],[         771,        0.57],[         991,         0.7]],
[[         431,        0.39],[         475,        0.41],[         615,        0.48],[         746,        0.55],[         947,        0.67]],
[[         385,        0.35],[         408,        0.35],[         527,        0.41],[         751,        0.56],[         883,        0.63]],
[[         345,        0.32],[         381,        0.33],[         483,        0.38],[         754,        0.56],[         823,        0.58]],
[[         223,         0.2],[         352,         0.3],[         519,        0.41],[         740,        0.55],[         770,        0.55]],
[[         203,        0.19],[         335,        0.29],[         457,        0.36],[         746,        0.55],[         738,        0.52]],
[[         213,        0.19],[         339,        0.29],[         439,        0.34],[         785,        0.58],[         672,        0.48]],
[[         192,        0.18],[         284,        0.24],[         375,        0.29],[         574,        0.43],[         643,        0.46]],
[[         190,        0.17],[         238,         0.2],[         360,        0.28],[         537,         0.4],[         603,        0.43]],
[[         174,        0.16],[         213,        0.18],[         314,        0.25],[         560,        0.42],[         592,        0.42]],
[[         522,        0.48],[         192,        0.17],[         267,        0.21],[         432,        0.32],[         536,        0.38]],
[[           .,           .],[         187,        0.16],[         261,         0.2],[         373,        0.28],[         494,        0.35]],
[[           .,           .],[         162,        0.14],[         199,        0.16],[         297,        0.22],[         458,        0.33]],
[[           .,           .],[         107,        0.09],[         158,        0.12],[         260,        0.19],[         431,        0.31]],
[[           .,           .],[          78,        0.07],[         155,        0.12],[         244,        0.18],[         395,        0.28]],
[[           .,           .],[         263,        0.23],[         516,        0.41],[         753,        0.56],[        1442,        1.02]]],
[[[         536,        0.49],[         543,        0.47],[         577,        0.45],[         563,        0.42],[         574,        0.41]],
[[         577,        0.53],[         529,        0.46],[         605,        0.48],[         585,        0.43],[         590,        0.42]],
[[         585,        0.54],[         614,        0.53],[         660,        0.52],[         611,        0.45],[         611,        0.43]],
[[         651,         0.6],[         599,        0.52],[         596,        0.47],[         636,        0.47],[         633,        0.45]],
[[         617,        0.56],[         616,        0.53],[         620,        0.49],[         650,        0.48],[         646,        0.46]],
[[         616,        0.56],[         574,        0.49],[         750,        0.59],[         661,        0.49],[         656,        0.47]],
[[         672,        0.62],[         594,        0.51],[         718,        0.56],[         677,         0.5],[         674,        0.48]],
[[         652,         0.6],[         560,        0.48],[         742,        0.58],[         692,        0.51],[         687,        0.49]],
[[         699,        0.64],[         650,        0.56],[         692,        0.54],[         698,        0.52],[         699,         0.5]],
[[         683,        0.63],[         650,        0.56],[         653,        0.51],[         701,        0.52],[         706,         0.5]],
[[         653,         0.6],[         637,        0.55],[         678,        0.53],[         716,        0.53],[         721,        0.51]],
[[         594,        0.54],[         695,         0.6],[         669,        0.53],[         717,        0.53],[         734,        0.52]],
[[         647,        0.59],[         670,        0.58],[         724,        0.57],[         764,        0.57],[         745,        0.53]],
[[         594,        0.54],[         722,        0.62],[         698,        0.55],[         716,        0.53],[         757,        0.54]],
[[         645,        0.59],[         733,        0.63],[         687,        0.54],[         755,        0.56],[         768,        0.55]],
[[         609,        0.56],[         708,        0.61],[         631,         0.5],[         822,        0.61],[         768,        0.55]],
[[         578,        0.53],[         753,        0.65],[         687,        0.54],[         803,         0.6],[         772,        0.55]],
[[         607,        0.56],[         655,        0.56],[         617,        0.48],[         811,         0.6],[         776,        0.55]],
[[         643,        0.59],[         683,        0.59],[         642,         0.5],[         711,        0.53],[         730,        0.52]],
[[         570,        0.52],[         561,        0.48],[         499,        0.39],[         440,        0.33],[         464,        0.33]],
[[         429,        0.39],[         391,        0.34],[         432,        0.34],[         416,        0.31],[         432,        0.31]],
[[         411,        0.38],[         393,        0.34],[         445,        0.35],[         427,        0.32],[         446,        0.32]],
[[         461,        0.42],[         501,        0.43],[         588,        0.46],[         497,        0.37],[         535,        0.38]],
[[         580,        0.53],[         534,        0.46],[         586,        0.46],[         507,        0.38],[         546,        0.39]],
[[         568,        0.52],[         531,        0.46],[         575,        0.45],[         504,        0.37],[         562,         0.4]],
[[         654,         0.6],[         498,        0.43],[         554,        0.44],[         479,        0.36],[         583,        0.41]],
[[         670,        0.61],[         504,        0.43],[         574,        0.45],[         487,        0.36],[         596,        0.42]],
[[         707,        0.65],[         515,        0.44],[         526,        0.41],[         507,        0.38],[         612,        0.43]],
[[         709,        0.65],[         551,        0.47],[         651,        0.51],[         541,         0.4],[         606,        0.43]],
[[         753,        0.69],[         579,         0.5],[         707,        0.56],[         564,        0.42],[         608,        0.43]],
[[         715,        0.65],[         493,        0.42],[         617,        0.48],[         593,        0.44],[         635,        0.45]],
[[         808,        0.74],[         528,        0.45],[         691,        0.54],[         642,        0.48],[         640,        0.45]],
[[         740,        0.68],[         545,        0.47],[         599,        0.47],[         662,        0.49],[         649,        0.46]],
[[         780,        0.71],[         582,         0.5],[         717,        0.56],[         665,        0.49],[         636,        0.45]],
[[         782,        0.72],[         655,        0.56],[         720,        0.57],[         705,        0.52],[         641,        0.46]],
[[         833,        0.76],[         748,        0.64],[         702,        0.55],[         704,        0.52],[         627,        0.45]],
[[         803,        0.74],[         811,         0.7],[         641,         0.5],[         738,        0.55],[         638,        0.45]],
[[         782,        0.72],[         834,        0.72],[         689,        0.54],[         745,        0.55],[         656,        0.47]],
[[         774,        0.71],[         892,        0.77],[         752,        0.59],[         779,        0.58],[         688,        0.49]],
[[         768,         0.7],[         937,        0.81],[         781,        0.61],[         799,        0.59],[         715,        0.51]],
[[         823,        0.75],[         940,        0.81],[         635,         0.5],[         760,        0.56],[         738,        0.52]],
[[         758,        0.69],[         957,        0.82],[         675,        0.53],[         790,        0.59],[         776,        0.55]],
[[         778,        0.71],[         888,        0.76],[         675,        0.53],[         753,        0.56],[         785,        0.56]],
[[         766,         0.7],[         905,        0.78],[         756,        0.59],[         814,         0.6],[         793,        0.56]],
[[         796,        0.73],[         902,        0.78],[         794,        0.62],[         789,        0.59],[         829,        0.59]],
[[         802,        0.73],[         949,        0.82],[         839,        0.66],[         814,         0.6],[         829,        0.59]],
[[         758,        0.69],[         957,        0.82],[         952,        0.75],[         789,        0.59],[         864,        0.61]],
[[         805,        0.74],[         844,        0.73],[         971,        0.76],[         800,        0.59],[         874,        0.62]],
[[         819,        0.75],[         858,        0.74],[         982,        0.77],[         840,        0.62],[         891,        0.63]],
[[         844,        0.77],[         824,        0.71],[        1011,        0.79],[         837,        0.62],[         905,        0.64]],
[[         922,        0.84],[         878,        0.76],[        1037,        0.81],[         746,        0.55],[         877,        0.62]],
[[         952,        0.87],[         823,        0.71],[        1022,         0.8],[         776,        0.58],[         897,        0.64]],
[[         824,        0.75],[         790,        0.68],[        1004,        0.79],[         781,        0.58],[         868,        0.62]],
[[         819,        0.75],[         792,        0.68],[        1036,        0.81],[         843,        0.63],[         910,        0.65]],
[[         792,        0.72],[         854,        0.73],[        1029,        0.81],[         881,        0.65],[         889,        0.63]],
[[         744,        0.68],[         802,        0.69],[        1041,        0.82],[         914,        0.68],[         915,        0.65]],
[[         630,        0.58],[         802,        0.69],[        1045,        0.82],[        1026,        0.76],[         897,        0.64]],
[[         609,        0.56],[         822,        0.71],[         912,        0.72],[        1041,        0.77],[         910,        0.65]],
[[         694,        0.64],[         866,        0.75],[         925,        0.73],[        1058,        0.79],[         945,        0.67]],
[[         672,        0.62],[         892,        0.77],[         895,         0.7],[        1095,        0.81],[         926,        0.66]],
[[         614,        0.56],[         935,         0.8],[         956,        0.75],[        1100,        0.82],[         839,         0.6]],
[[         606,        0.55],[        1034,        0.89],[         887,         0.7],[        1113,        0.83],[         861,        0.61]],
[[         593,        0.54],[         839,        0.72],[         846,        0.66],[        1090,        0.81],[         873,        0.62]],
[[         569,        0.52],[         823,        0.71],[         856,        0.67],[        1106,        0.82],[         926,        0.66]],
[[         532,        0.49],[         814,         0.7],[         930,        0.73],[        1118,        0.83],[         970,        0.69]],
[[         577,        0.53],[         753,        0.65],[         903,        0.71],[        1105,        0.82],[         999,        0.71]],
[[         573,        0.52],[         654,        0.56],[         823,        0.65],[        1094,        0.81],[        1095,        0.78]],
[[         590,        0.54],[         618,        0.53],[         856,        0.67],[         991,        0.74],[        1118,        0.79]],
[[         586,        0.54],[         683,        0.59],[         896,         0.7],[         984,        0.73],[        1120,         0.8]],
[[         532,        0.49],[         651,        0.56],[         949,        0.75],[         943,         0.7],[        1157,        0.82]],
[[         533,        0.49],[         612,        0.53],[         978,        0.77],[         969,        0.72],[        1145,        0.81]],
[[         534,        0.49],[         542,        0.47],[        1074,        0.84],[         914,        0.68],[        1139,        0.81]],
[[         569,        0.52],[         585,         0.5],[         819,        0.64],[         855,        0.64],[        1103,        0.78]],
[[         530,        0.49],[         507,        0.44],[         809,        0.64],[         835,        0.62],[        1102,        0.78]],
[[         515,        0.47],[         489,        0.42],[         776,        0.61],[         872,        0.65],[        1087,        0.77]],
[[         520,        0.48],[         531,        0.46],[         705,        0.55],[         841,        0.63],[        1057,        0.75]],
[[         499,        0.46],[         482,        0.41],[         583,        0.46],[         777,        0.58],[        1028,        0.73]],
[[         514,        0.47],[         493,        0.42],[         542,        0.43],[         788,        0.59],[         927,        0.66]],
[[         506,        0.46],[         529,        0.46],[         617,        0.48],[         782,        0.58],[         893,        0.63]],
[[         362,        0.33],[         434,        0.37],[         550,        0.43],[         811,         0.6],[         842,         0.6]],
[[         305,        0.28],[         425,        0.37],[         523,        0.41],[         829,        0.62],[         839,         0.6]],
[[         304,        0.28],[         419,        0.36],[         439,        0.34],[         881,        0.65],[         780,        0.55]],
[[         365,        0.33],[         414,        0.36],[         413,        0.32],[         640,        0.48],[         719,        0.51]],
[[         351,        0.32],[         390,        0.34],[         380,         0.3],[         636,        0.47],[         679,        0.48]],
[[         314,        0.29],[         390,        0.34],[         354,        0.28],[         587,        0.44],[         684,        0.49]],
[[        1375,        1.26],[         331,        0.28],[         365,        0.29],[         510,        0.38],[         642,        0.46]],
[[           .,           .],[         306,        0.26],[         339,        0.27],[         421,        0.31],[         563,         0.4]],
[[           .,           .],[         307,        0.26],[         323,        0.25],[         364,        0.27],[         545,        0.39]],
[[           .,           .],[         250,        0.22],[         295,        0.23],[         369,        0.27],[         508,        0.36]],
[[           .,           .],[         167,        0.14],[         242,        0.19],[         312,        0.23],[         485,        0.34]],
[[           .,           .],[         667,        0.57],[        1113,        0.87],[        1441,        1.07],[        2414,        1.72]]]]}}
