{
"ons":{
"label":"Population Projections for England and Wales, by local authority",
"source":"Office for National Statistics",
"updated":"2014-10-01",
"area": {
"code":"K04000001",
"label":"England and Wales"
},
"time": {
"label":"1998-2038",
"index":["1998",  "2008",  "2018",  "2028",  "2038"]
},
"concept":{
"label":["population", "% of population"],
"units":["count", "%"],
"max":[        2315,         1.25]
},
"sums":{
"series1":[       78668,        82688,        85830,        88798,        90348],
"series2":[       82047,        85110,        88811,        92749,        94474]
},
"dimension":{
"label":"age",
"index":["0", "1", "2", "3", "4", "5", "6", "7", "8", "9", "10", "11", "12", "13", "14", "15", "16", "17", "18", "19", "20", "21", "22", "23", "24", "25", "26", "27", "28", "29", "30", "31", "32", "33", "34", "35", "36", "37", "38", "39", "40", "41", "42", "43", "44", "45", "46", "47", "48", "49", "50", "51", "52", "53", "54", "55", "56", "57", "58", "59", "60", "61", "62", "63", "64", "65", "66", "67", "68", "69", "70", "71", "72", "73", "74", "75", "76", "77", "78", "79", "80", "81", "82", "83", "84", "85", "86", "87", "88", "89", "90+"]
},
"series":["male", "female"],
"value":[[[[        1042,        0.65],[        1086,        0.65],[        1064,        0.61],[        1025,        0.56],[        1050,        0.57]],
[[        1098,        0.68],[        1102,        0.66],[        1029,        0.59],[        1049,        0.58],[        1058,        0.57]],
[[        1082,        0.67],[        1111,        0.66],[        1132,        0.65],[        1070,        0.59],[        1066,        0.58]],
[[         989,        0.62],[        1069,        0.64],[        1190,        0.68],[        1094,         0.6],[        1077,        0.58]],
[[        1080,        0.67],[        1103,        0.66],[        1127,        0.65],[        1111,        0.61],[        1084,        0.59]],
[[        1077,        0.67],[        1044,        0.62],[        1163,        0.67],[        1125,        0.62],[        1091,        0.59]],
[[        1132,         0.7],[        1028,        0.61],[        1260,        0.72],[        1137,        0.63],[        1099,        0.59]],
[[        1125,         0.7],[        1085,        0.65],[        1238,        0.71],[        1151,        0.63],[        1104,         0.6]],
[[        1087,        0.68],[        1106,        0.66],[        1169,        0.67],[        1168,        0.64],[        1113,         0.6]],
[[        1059,        0.66],[        1105,        0.66],[        1224,         0.7],[        1176,        0.65],[        1123,        0.61]],
[[         994,        0.62],[        1106,        0.66],[        1117,        0.64],[        1182,        0.65],[        1127,        0.61]],
[[        1003,        0.62],[        1095,        0.65],[        1186,        0.68],[        1164,        0.64],[        1128,        0.61]],
[[        1013,        0.63],[        1087,        0.65],[        1206,        0.69],[        1223,        0.67],[        1137,        0.62]],
[[        1069,        0.67],[        1064,        0.63],[        1177,        0.67],[        1229,        0.68],[        1149,        0.62]],
[[        1007,        0.63],[        1142,        0.68],[        1119,        0.64],[        1219,        0.67],[        1163,        0.63]],
[[         996,        0.62],[        1067,        0.64],[        1105,        0.63],[        1215,        0.67],[        1175,        0.64]],
[[         966,         0.6],[        1125,        0.67],[        1053,         0.6],[        1305,        0.72],[        1187,        0.64]],
[[         984,        0.61],[        1140,        0.68],[        1077,        0.62],[        1278,         0.7],[        1203,        0.65]],
[[        1049,        0.65],[        1124,        0.67],[        1128,        0.65],[        1200,        0.66],[        1196,        0.65]],
[[         814,        0.51],[         951,        0.57],[         834,        0.48],[        1086,         0.6],[        1057,        0.57]],
[[         689,        0.43],[         888,        0.53],[         746,        0.43],[        1019,        0.56],[        1045,        0.57]],
[[         726,        0.45],[         902,        0.54],[         851,        0.49],[        1044,        0.58],[        1062,        0.57]],
[[         829,        0.52],[         998,        0.59],[         958,        0.55],[        1023,        0.56],[        1099,        0.59]],
[[         966,         0.6],[        1060,        0.63],[         988,        0.57],[         986,        0.54],[        1090,        0.59]],
[[        1074,        0.67],[        1072,        0.64],[        1019,        0.58],[         949,        0.52],[        1072,        0.58]],
[[        1190,        0.74],[        1105,        0.66],[         947,        0.54],[         903,         0.5],[        1064,        0.58]],
[[        1264,        0.79],[        1009,         0.6],[         963,        0.55],[         836,        0.46],[        1070,        0.58]],
[[        1205,        0.75],[        1082,        0.64],[         921,        0.53],[         834,        0.46],[        1026,        0.56]],
[[        1193,        0.74],[        1090,        0.65],[         941,        0.54],[         850,        0.47],[         975,        0.53]],
[[        1256,        0.78],[        1090,        0.65],[         936,        0.54],[         870,        0.48],[         977,        0.53]],
[[        1249,        0.78],[        1104,        0.66],[         977,        0.56],[         875,        0.48],[         970,        0.52]],
[[        1371,        0.85],[        1043,        0.62],[         841,        0.48],[         893,        0.49],[         956,        0.52]],
[[        1328,        0.83],[        1045,        0.62],[         992,        0.57],[         917,        0.51],[         940,        0.51]],
[[        1341,        0.83],[        1073,        0.64],[         999,        0.57],[         935,        0.52],[         919,         0.5]],
[[        1228,        0.76],[        1257,        0.75],[        1007,        0.58],[         982,        0.54],[         895,        0.48]],
[[        1358,        0.84],[        1211,        0.72],[        1137,        0.65],[         978,        0.54],[         899,        0.49]],
[[        1338,        0.83],[        1286,        0.77],[        1064,        0.61],[        1036,        0.57],[         893,        0.48]],
[[        1296,        0.81],[        1246,        0.74],[        1212,        0.69],[        1070,        0.59],[         930,         0.5]],
[[        1145,        0.71],[        1301,        0.78],[        1066,        0.61],[        1100,        0.61],[         971,        0.53]],
[[        1152,        0.72],[        1266,        0.75],[        1157,        0.66],[        1103,        0.61],[        1007,        0.54]],
[[        1124,         0.7],[        1363,        0.81],[        1151,        0.66],[        1118,        0.62],[        1025,        0.55]],
[[        1209,        0.75],[        1335,         0.8],[        1133,        0.65],[        1039,        0.57],[        1052,        0.57]],
[[        1043,        0.65],[        1343,         0.8],[        1135,        0.65],[        1150,        0.63],[        1075,        0.58]],
[[        1062,        0.66],[        1376,        0.82],[        1165,        0.67],[        1162,        0.64],[        1083,        0.59]],
[[        1086,        0.68],[        1334,         0.8],[        1325,        0.76],[        1150,        0.63],[        1132,        0.61]],
[[        1168,        0.73],[        1284,        0.77],[        1245,        0.71],[        1206,        0.66],[        1096,        0.59]],
[[        1083,        0.67],[        1260,        0.75],[        1312,        0.75],[        1180,        0.65],[        1144,        0.62]],
[[        1048,        0.65],[        1187,        0.71],[        1257,        0.72],[        1245,        0.69],[        1157,        0.63]],
[[        1089,        0.68],[        1143,        0.68],[        1299,        0.74],[        1194,        0.66],[        1178,        0.64]],
[[        1148,        0.71],[        1098,        0.65],[        1230,         0.7],[        1178,        0.65],[        1147,        0.62]],
[[        1269,        0.79],[        1109,        0.66],[        1336,        0.76],[        1185,        0.65],[        1156,        0.63]],
[[        1365,        0.85],[        1020,        0.61],[        1200,        0.69],[        1157,        0.64],[        1090,        0.59]],
[[        1083,        0.67],[        1024,        0.61],[        1259,        0.72],[        1130,        0.62],[        1165,        0.63]],
[[        1112,        0.69],[        1019,        0.61],[        1342,        0.77],[        1137,        0.63],[        1161,        0.63]],
[[        1084,        0.67],[        1010,         0.6],[        1354,        0.78],[        1220,        0.67],[        1136,        0.61]],
[[        1062,        0.66],[        1019,        0.61],[        1173,        0.67],[        1195,        0.66],[        1172,        0.63]],
[[         924,        0.57],[         993,        0.59],[        1233,        0.71],[        1196,        0.66],[        1124,        0.61]],
[[         780,        0.49],[         917,        0.55],[        1084,        0.62],[        1162,        0.64],[        1163,        0.63]],
[[         869,        0.54],[         959,        0.57],[        1010,        0.58],[        1174,        0.65],[        1107,         0.6]],
[[         817,        0.51],[         944,        0.56],[         975,        0.56],[        1107,        0.61],[        1091,        0.59]],
[[         876,        0.55],[        1051,        0.63],[         948,        0.54],[        1173,        0.65],[        1073,        0.58]],
[[         838,        0.52],[        1153,        0.69],[         907,        0.52],[        1074,        0.59],[        1032,        0.56]],
[[         766,        0.48],[         833,         0.5],[         905,        0.52],[        1112,        0.61],[         999,        0.54]],
[[         800,         0.5],[         892,        0.53],[         854,        0.49],[        1136,        0.63],[         996,        0.54]],
[[         751,        0.47],[         880,        0.52],[         872,         0.5],[        1150,        0.63],[        1050,        0.57]],
[[         694,        0.43],[         874,        0.52],[         884,        0.51],[        1001,        0.55],[        1030,        0.56]],
[[         701,        0.44],[         752,        0.45],[         847,        0.48],[        1033,        0.57],[        1028,        0.56]],
[[         666,        0.41],[         625,        0.37],[         759,        0.43],[         930,        0.51],[        1010,        0.55]],
[[         636,         0.4],[         679,         0.4],[         797,        0.46],[         877,        0.48],[        1011,        0.55]],
[[         578,        0.36],[         638,        0.38],[         824,        0.47],[         856,        0.47],[         960,        0.52]],
[[         526,        0.33],[         628,        0.37],[         872,         0.5],[         817,        0.45],[        1004,        0.54]],
[[         531,        0.33],[         653,        0.39],[         998,        0.57],[         791,        0.44],[         935,        0.51]],
[[         490,         0.3],[         599,        0.36],[         705,         0.4],[         774,        0.43],[         965,        0.52]],
[[         456,        0.28],[         576,        0.34],[         751,        0.43],[         747,        0.41],[         985,        0.53]],
[[         435,        0.27],[         546,        0.33],[         770,        0.44],[         742,        0.41],[         986,        0.53]],
[[         419,        0.26],[         513,        0.31],[         706,         0.4],[         756,        0.42],[         865,        0.47]],
[[         426,        0.27],[         512,        0.31],[         658,        0.38],[         702,        0.39],[         886,        0.48]],
[[         389,        0.24],[         453,        0.27],[         469,        0.27],[         639,        0.35],[         794,        0.43]],
[[         375,        0.23],[         436,        0.26],[         526,         0.3],[         653,        0.36],[         740,         0.4]],
[[         225,        0.14],[         374,        0.22],[         482,        0.28],[         657,        0.36],[         708,        0.38]],
[[         212,        0.13],[         338,         0.2],[         458,        0.26],[         682,        0.38],[         663,        0.36]],
[[         236,        0.15],[         313,        0.19],[         466,        0.27],[         752,        0.41],[         626,        0.34]],
[[         224,        0.14],[         269,        0.16],[         416,        0.24],[         519,        0.29],[         592,        0.32]],
[[         215,        0.13],[         230,        0.14],[         380,        0.22],[         532,        0.29],[         557,         0.3]],
[[         177,        0.11],[         218,        0.13],[         321,        0.18],[         507,        0.28],[         527,        0.29]],
[[         737,        0.46],[         197,        0.12],[         316,        0.18],[         442,        0.24],[         507,        0.27]],
[[           .,           .],[         186,        0.11],[         319,        0.18],[         371,         0.2],[         442,        0.24]],
[[           .,           .],[         164,         0.1],[         222,        0.13],[         263,        0.14],[         388,        0.21]],
[[           .,           .],[         124,        0.07],[         191,        0.11],[         276,        0.15],[         376,         0.2]],
[[           .,           .],[          96,        0.06],[         158,        0.09],[         231,        0.13],[         348,        0.19]],
[[           .,           .],[         281,        0.17],[         511,        0.29],[         909,         0.5],[        1564,        0.85]]],
[[[        1032,        0.64],[        1097,        0.65],[        1064,        0.61],[         979,        0.54],[        1002,        0.54]],
[[        1062,        0.66],[        1015,         0.6],[        1049,         0.6],[        1003,        0.55],[        1012,        0.55]],
[[        1010,        0.63],[        1101,        0.66],[        1052,         0.6],[        1025,        0.56],[        1021,        0.55]],
[[        1002,        0.62],[        1075,        0.64],[        1146,        0.66],[        1043,        0.57],[        1028,        0.56]],
[[        1052,        0.65],[         997,        0.59],[        1094,        0.63],[        1064,        0.59],[        1039,        0.56]],
[[        1049,        0.65],[        1011,         0.6],[        1200,        0.69],[        1071,        0.59],[        1039,        0.56]],
[[        1079,        0.67],[        1018,        0.61],[        1161,        0.66],[        1082,         0.6],[        1045,        0.57]],
[[        1075,        0.67],[        1044,        0.62],[        1208,        0.69],[        1095,         0.6],[        1051,        0.57]],
[[        1122,         0.7],[        1038,        0.62],[        1104,        0.63],[        1105,        0.61],[        1053,        0.57]],
[[        1017,        0.63],[         983,        0.59],[        1197,        0.69],[        1109,        0.61],[        1058,        0.57]],
[[         966,         0.6],[        1014,         0.6],[        1170,        0.67],[        1132,        0.62],[        1079,        0.58]],
[[         997,        0.62],[        1047,        0.62],[        1100,        0.63],[        1141,        0.63],[        1104,         0.6]],
[[        1003,        0.62],[        1059,        0.63],[        1170,        0.67],[        1212,        0.67],[        1135,        0.61]],
[[        1039,        0.65],[        1112,        0.66],[        1144,        0.66],[        1266,         0.7],[        1158,        0.63]],
[[        1089,        0.68],[        1045,        0.62],[        1088,        0.62],[        1217,        0.67],[        1171,        0.63]],
[[        1030,        0.64],[        1148,        0.68],[        1099,        0.63],[        1282,        0.71],[        1173,        0.63]],
[[        1046,        0.65],[        1119,        0.67],[        1107,        0.63],[        1286,        0.71],[        1172,        0.63]],
[[        1120,         0.7],[        1171,         0.7],[        1116,        0.64],[        1286,        0.71],[        1178,        0.64]],
[[        1086,        0.68],[        1135,        0.68],[        1031,        0.59],[        1183,        0.65],[        1159,        0.63]],
[[         921,        0.57],[         874,        0.52],[         669,        0.38],[        1031,        0.57],[         996,        0.54]],
[[         698,        0.43],[         879,        0.52],[         745,        0.43],[         990,        0.55],[         978,        0.53]],
[[         744,        0.46],[         949,        0.57],[         820,        0.47],[         987,        0.54],[        1011,        0.55]],
[[         947,        0.59],[        1035,        0.62],[         868,         0.5],[         997,        0.55],[        1073,        0.58]],
[[        1033,        0.64],[        1080,        0.64],[         844,        0.48],[         964,        0.53],[        1080,        0.58]],
[[        1183,        0.74],[        1032,        0.62],[         923,        0.53],[         923,        0.51],[        1053,        0.57]],
[[        1261,        0.78],[        1042,        0.62],[         916,        0.52],[         871,        0.48],[        1055,        0.57]],
[[        1258,        0.78],[        1081,        0.64],[         844,        0.48],[         840,        0.46],[        1059,        0.57]],
[[        1261,        0.78],[        1125,        0.67],[         917,        0.53],[         841,        0.46],[        1019,        0.55]],
[[        1241,        0.77],[        1094,        0.65],[        1028,        0.59],[         860,        0.47],[        1000,        0.54]],
[[        1317,        0.82],[        1108,        0.66],[        1009,        0.58],[         873,        0.48],[         989,        0.54]],
[[        1344,        0.84],[        1047,        0.62],[        1037,        0.59],[         897,        0.49],[         999,        0.54]],
[[        1375,        0.86],[        1035,        0.62],[         941,        0.54],[         932,        0.51],[         986,        0.53]],
[[        1298,        0.81],[        1082,        0.64],[        1028,        0.59],[         952,        0.52],[         977,        0.53]],
[[        1282,         0.8],[        1096,        0.65],[        1104,        0.63],[         981,        0.54],[         965,        0.52]],
[[        1266,        0.79],[        1129,        0.67],[        1147,        0.66],[        1021,        0.56],[         945,        0.51]],
[[        1231,        0.77],[        1265,        0.75],[        1087,        0.62],[        1060,        0.58],[         939,        0.51]],
[[        1215,        0.76],[        1277,        0.76],[        1254,        0.72],[        1052,        0.58],[         936,        0.51]],
[[        1234,        0.77],[        1361,        0.81],[        1265,        0.72],[        1125,        0.62],[         978,        0.53]],
[[        1247,        0.78],[        1288,        0.77],[        1199,        0.69],[        1158,        0.64],[        1008,        0.55]],
[[        1198,        0.75],[        1340,         0.8],[        1239,        0.71],[        1187,        0.65],[        1033,        0.56]],
[[        1190,        0.74],[        1362,        0.81],[        1196,        0.68],[        1201,        0.66],[        1059,        0.57]],
[[        1183,        0.74],[        1363,        0.81],[        1142,        0.65],[        1186,        0.65],[        1084,        0.59]],
[[        1122,         0.7],[        1322,        0.79],[        1233,        0.71],[        1191,        0.66],[        1090,        0.59]],
[[        1093,        0.68],[        1245,        0.74],[        1199,        0.69],[        1226,        0.68],[        1092,        0.59]],
[[        1125,         0.7],[        1275,        0.76],[        1179,        0.68],[        1225,        0.67],[        1134,        0.61]],
[[        1102,        0.69],[        1227,        0.73],[        1257,        0.72],[        1208,        0.67],[        1136,        0.61]],
[[        1113,        0.69],[        1216,        0.72],[        1238,        0.71],[        1296,        0.71],[        1130,        0.61]],
[[        1081,        0.67],[        1199,        0.71],[        1383,        0.79],[        1296,        0.71],[        1177,        0.64]],
[[        1143,        0.71],[        1130,        0.67],[        1335,        0.76],[        1263,         0.7],[        1187,        0.64]],
[[        1192,        0.74],[        1147,        0.68],[        1321,        0.76],[        1255,        0.69],[        1201,        0.65]],
[[        1245,        0.77],[        1121,        0.67],[        1276,        0.73],[        1190,        0.66],[        1202,        0.65]],
[[        1397,        0.87],[        1089,        0.65],[        1338,        0.77],[        1137,        0.63],[        1183,        0.64]],
[[        1146,        0.71],[        1054,        0.63],[        1282,        0.73],[        1156,        0.64],[        1171,        0.63]],
[[        1016,        0.63],[        1052,        0.63],[        1215,         0.7],[        1136,        0.63],[        1187,        0.64]],
[[        1079,        0.67],[        1026,        0.61],[        1187,        0.68],[        1134,        0.62],[        1178,        0.64]],
[[        1016,        0.63],[        1013,         0.6],[        1153,        0.66],[        1204,        0.66],[        1171,        0.63]],
[[         903,        0.56],[        1010,         0.6],[        1116,        0.64],[        1181,        0.65],[        1229,        0.66]],
[[         763,        0.47],[         966,        0.58],[        1084,        0.62],[        1278,         0.7],[        1220,        0.66]],
[[         837,        0.52],[        1010,         0.6],[        1074,        0.61],[        1223,        0.67],[        1183,        0.64]],
[[         831,        0.52],[        1036,        0.62],[        1048,         0.6],[        1225,        0.67],[        1166,        0.63]],
[[         843,        0.52],[        1053,        0.63],[        1018,        0.58],[        1186,        0.65],[        1102,         0.6]],
[[         796,         0.5],[        1111,        0.66],[        1009,        0.58],[        1197,        0.66],[        1050,        0.57]],
[[         763,        0.47],[         940,        0.56],[         930,        0.53],[        1176,        0.65],[        1067,        0.58]],
[[         750,        0.47],[         885,        0.53],[         945,        0.54],[        1120,        0.62],[        1053,        0.57]],
[[         714,        0.44],[         944,        0.56],[         919,        0.53],[        1099,        0.61],[        1045,        0.57]],
[[         677,        0.42],[         878,        0.52],[         914,        0.52],[        1068,        0.59],[        1099,        0.59]],
[[         704,        0.44],[         757,        0.45],[         870,         0.5],[        1022,        0.56],[        1085,        0.59]],
[[         670,        0.42],[         632,        0.38],[         858,        0.49],[        1021,        0.56],[        1161,        0.63]],
[[         666,        0.41],[         732,        0.44],[         905,        0.52],[         973,        0.54],[        1115,         0.6]],
[[         643,         0.4],[         736,        0.44],[         917,        0.53],[         970,        0.53],[        1122,        0.61]],
[[         621,        0.39],[         714,        0.43],[         937,        0.54],[         926,        0.51],[        1095,        0.59]],
[[         567,        0.35],[         651,        0.39],[         990,        0.57],[         913,         0.5],[        1108,         0.6]],
[[         559,        0.35],[         623,        0.37],[         852,        0.49],[         880,        0.48],[        1088,        0.59]],
[[         535,        0.33],[         642,        0.38],[         809,        0.46],[         867,        0.48],[        1040,        0.56]],
[[         531,        0.33],[         593,        0.35],[         850,        0.49],[         828,        0.46],[        1012,        0.55]],
[[         524,        0.33],[         589,        0.35],[         799,        0.46],[         822,        0.45],[         981,        0.53]],
[[         524,        0.33],[         579,        0.35],[         677,        0.39],[         798,        0.44],[         930,         0.5]],
[[         538,        0.33],[         558,        0.33],[         530,         0.3],[         764,        0.42],[         920,         0.5]],
[[         549,        0.34],[         540,        0.32],[         610,        0.35],[         792,        0.44],[         866,        0.47]],
[[         343,        0.21],[         477,        0.28],[         629,        0.36],[         800,        0.44],[         848,        0.46]],
[[         297,        0.18],[         467,        0.28],[         590,        0.34],[         793,        0.44],[         798,        0.43]],
[[         356,        0.22],[         395,        0.24],[         504,        0.29],[         837,        0.46],[         778,        0.42]],
[[         391,        0.24],[         404,        0.24],[         515,        0.29],[         684,        0.38],[         729,        0.39]],
[[         395,        0.25],[         381,        0.23],[         497,        0.28],[         643,        0.35],[         701,        0.38]],
[[         350,        0.22],[         348,        0.21],[         464,        0.27],[         622,        0.34],[         649,        0.35]],
[[        1734,        1.08],[         342,         0.2],[         418,        0.24],[         566,        0.31],[         624,        0.34]],
[[           .,           .],[         306,        0.18],[         386,        0.22],[         473,        0.26],[         584,        0.32]],
[[           .,           .],[         260,        0.15],[         347,         0.2],[         371,         0.2],[         541,        0.29]],
[[           .,           .],[         236,        0.14],[         320,        0.18],[         386,        0.21],[         528,        0.29]],
[[           .,           .],[         155,        0.09],[         243,        0.14],[         357,         0.2],[         500,        0.27]],
[[           .,           .],[         871,        0.52],[        1119,        0.64],[        1463,        0.81],[        2315,        1.25]]]]}}
