{
"ons":{
"label":"Population Projections for England and Wales, by local authority",
"source":"Office for National Statistics",
"updated":"2014-10-01",
"area": {
"code":"K04000001",
"label":"England and Wales"
},
"time": {
"label":"1998-2038",
"index":["1998",  "2008",  "2018",  "2028",  "2038"]
},
"concept":{
"label":["population", "% of population"],
"units":["count", "%"],
"max":[        3643,         1.74]
},
"sums":{
"series1":[       84873,        92533,       102870,       108610,       112563],
"series2":[       91404,        98235,       107023,       109329,       111506]
},
"dimension":{
"label":"age",
"index":["0", "1", "2", "3", "4", "5", "6", "7", "8", "9", "10", "11", "12", "13", "14", "15", "16", "17", "18", "19", "20", "21", "22", "23", "24", "25", "26", "27", "28", "29", "30", "31", "32", "33", "34", "35", "36", "37", "38", "39", "40", "41", "42", "43", "44", "45", "46", "47", "48", "49", "50", "51", "52", "53", "54", "55", "56", "57", "58", "59", "60", "61", "62", "63", "64", "65", "66", "67", "68", "69", "70", "71", "72", "73", "74", "75", "76", "77", "78", "79", "80", "81", "82", "83", "84", "85", "86", "87", "88", "89", "90+"]
},
"series":["male", "female"],
"value":[[[[        1010,        0.57],[        1044,        0.55],[         979,        0.47],[        1053,        0.48],[        1062,        0.47]],
[[        1017,        0.58],[        1008,        0.53],[         963,        0.46],[        1049,        0.48],[        1045,        0.47]],
[[         958,        0.54],[         982,        0.51],[        1044,         0.5],[        1053,        0.48],[        1041,        0.46]],
[[         974,        0.55],[        1006,        0.53],[        1028,        0.49],[        1055,        0.48],[        1036,        0.46]],
[[         987,        0.56],[         922,        0.48],[        1065,        0.51],[        1065,        0.49],[        1041,        0.46]],
[[         970,        0.55],[         908,        0.48],[        1101,        0.52],[        1062,        0.49],[        1037,        0.46]],
[[        1055,         0.6],[         903,        0.47],[        1121,        0.53],[        1065,        0.49],[        1040,        0.46]],
[[        1103,        0.63],[         936,        0.49],[        1172,        0.56],[        1069,        0.49],[        1047,        0.47]],
[[        1144,        0.65],[         911,        0.48],[        1040,         0.5],[        1071,        0.49],[        1053,        0.47]],
[[        1077,        0.61],[         982,        0.51],[        1105,        0.53],[        1072,        0.49],[        1055,        0.47]],
[[        1049,         0.6],[        1017,        0.53],[        1110,        0.53],[        1074,        0.49],[        1063,        0.47]],
[[        1077,        0.61],[        1003,        0.53],[        1096,        0.52],[        1062,        0.49],[        1066,        0.48]],
[[        1014,        0.58],[         997,        0.52],[        1022,        0.49],[        1078,        0.49],[        1076,        0.48]],
[[        1074,        0.61],[        1003,        0.53],[        1005,        0.48],[        1081,         0.5],[        1082,        0.48]],
[[        1021,        0.58],[        1036,        0.54],[         980,        0.47],[        1096,         0.5],[        1093,        0.49]],
[[        1027,        0.58],[         973,        0.51],[         953,        0.45],[        1131,        0.52],[        1104,        0.49]],
[[         962,        0.55],[        1024,        0.54],[         969,        0.46],[        1177,        0.54],[        1117,         0.5]],
[[         993,        0.56],[        1088,        0.57],[         980,        0.47],[        1259,        0.58],[        1147,        0.51]],
[[        1019,        0.58],[        1245,        0.65],[        1293,        0.62],[        1361,        0.62],[        1359,        0.61]],
[[        1228,         0.7],[        1872,        0.98],[        2709,        1.29],[        2680,        1.23],[        2630,        1.17]],
[[        1136,        0.64],[        2141,        1.12],[        2723,         1.3],[        2925,        1.34],[        2859,        1.28]],
[[        1122,        0.64],[        1846,        0.97],[        2379,        1.13],[        2743,        1.26],[        2733,        1.22]],
[[        1088,        0.62],[        1676,        0.88],[        1999,        0.95],[        2294,        1.05],[        2426,        1.08]],
[[        1196,        0.68],[        1647,        0.86],[        1880,         0.9],[        1989,        0.91],[        2170,        0.97]],
[[        1212,        0.69],[        1568,        0.82],[        2077,        0.99],[        1832,        0.84],[        2043,        0.91]],
[[        1276,        0.72],[        1528,         0.8],[        1983,        0.94],[        1689,        0.77],[        1967,        0.88]],
[[        1329,        0.75],[        1419,        0.74],[        1709,        0.81],[        1636,        0.75],[        1976,        0.88]],
[[        1334,        0.76],[        1408,        0.74],[        1766,        0.84],[        1608,        0.74],[        1898,        0.85]],
[[        1272,        0.72],[        1385,        0.73],[        1897,         0.9],[        1614,        0.74],[        1807,        0.81]],
[[        1377,        0.78],[        1297,        0.68],[        1592,        0.76],[        1629,        0.75],[        1760,        0.79]],
[[        1412,         0.8],[        1185,        0.62],[        1429,        0.68],[        1594,        0.73],[        1706,        0.76]],
[[        1382,        0.78],[        1190,        0.62],[        1452,        0.69],[        1550,        0.71],[        1629,        0.73]],
[[        1407,         0.8],[        1154,         0.6],[        1373,        0.65],[        1527,         0.7],[        1560,         0.7]],
[[        1387,        0.79],[        1208,        0.63],[        1321,        0.63],[        1482,        0.68],[        1441,        0.64]],
[[        1376,        0.78],[        1161,        0.61],[        1429,        0.68],[        1532,         0.7],[        1408,        0.63]],
[[        1358,        0.77],[        1246,        0.65],[        1262,         0.6],[        1527,         0.7],[        1341,         0.6]],
[[        1343,        0.76],[        1359,        0.71],[        1244,        0.59],[        1443,        0.66],[        1286,        0.57]],
[[        1310,        0.74],[        1395,        0.73],[        1263,         0.6],[        1492,        0.68],[        1290,        0.58]],
[[        1254,        0.71],[        1350,        0.71],[        1170,        0.56],[        1517,         0.7],[        1311,        0.59]],
[[        1200,        0.68],[        1355,        0.71],[        1196,        0.57],[        1367,        0.63],[        1345,         0.6]],
[[        1213,        0.69],[        1294,        0.68],[        1135,        0.54],[        1261,        0.58],[        1330,        0.59]],
[[        1193,        0.68],[        1401,        0.73],[        1126,        0.54],[        1262,        0.58],[        1333,        0.59]],
[[        1121,        0.64],[        1350,        0.71],[        1092,        0.52],[        1223,        0.56],[        1311,        0.59]],
[[        1120,        0.64],[        1376,        0.72],[        1159,        0.55],[        1200,        0.55],[        1298,        0.58]],
[[        1126,        0.64],[        1411,        0.74],[        1143,        0.54],[        1235,        0.57],[        1337,         0.6]],
[[        1118,        0.63],[        1273,        0.67],[        1241,        0.59],[        1153,        0.53],[        1352,         0.6]],
[[        1100,        0.62],[        1323,        0.69],[        1296,        0.62],[        1172,        0.54],[        1319,        0.59]],
[[        1196,        0.68],[        1257,        0.66],[        1304,        0.62],[        1186,        0.54],[        1350,         0.6]],
[[        1202,        0.68],[        1173,        0.61],[        1281,        0.61],[        1126,        0.52],[        1365,        0.61]],
[[        1163,        0.66],[        1225,        0.64],[        1318,        0.63],[        1109,        0.51],[        1246,        0.56]],
[[        1266,        0.72],[        1188,        0.62],[        1290,        0.61],[        1048,        0.48],[        1184,        0.53]],
[[        1404,         0.8],[        1155,        0.61],[        1340,        0.64],[        1064,        0.49],[        1181,        0.53]],
[[        1112,        0.63],[        1088,        0.57],[        1249,         0.6],[        1000,        0.46],[        1161,        0.52]],
[[        1072,        0.61],[        1070,        0.56],[        1364,        0.65],[        1088,         0.5],[        1147,        0.51]],
[[        1009,        0.57],[        1052,        0.55],[        1388,        0.66],[        1091,         0.5],[        1176,        0.52]],
[[         952,        0.54],[        1066,        0.56],[        1264,         0.6],[        1163,        0.53],[        1110,         0.5]],
[[         862,        0.49],[        1078,        0.57],[        1293,        0.62],[        1247,        0.57],[        1125,         0.5]],
[[         850,        0.48],[        1109,        0.58],[        1230,        0.59],[        1286,        0.59],[        1147,        0.51]],
[[         893,        0.51],[        1108,        0.58],[        1153,        0.55],[        1231,        0.56],[        1100,        0.49]],
[[         900,        0.51],[        1104,        0.58],[        1192,        0.57],[        1266,        0.58],[        1076,        0.48]],
[[         884,         0.5],[        1170,        0.61],[        1157,        0.55],[        1231,        0.56],[        1011,        0.45]],
[[         886,         0.5],[        1280,        0.67],[        1059,         0.5],[        1274,        0.58],[        1005,        0.45]],
[[         851,        0.48],[        1055,        0.55],[        1014,        0.48],[        1219,        0.56],[         963,        0.43]],
[[         847,        0.48],[         958,         0.5],[         980,        0.47],[        1274,        0.58],[        1029,        0.46]],
[[         786,        0.45],[         942,        0.49],[         982,        0.47],[        1279,        0.59],[        1024,        0.46]],
[[         827,        0.47],[         847,        0.44],[         954,        0.45],[        1186,        0.54],[        1085,        0.48]],
[[         796,        0.45],[         777,        0.41],[         919,        0.44],[        1170,        0.54],[        1153,        0.51]],
[[         765,        0.43],[         729,        0.38],[         966,        0.46],[        1113,        0.51],[        1184,        0.53]],
[[         739,        0.42],[         744,        0.39],[         973,        0.46],[        1047,        0.48],[        1127,         0.5]],
[[         719,        0.41],[         774,        0.41],[         959,        0.46],[        1072,        0.49],[        1151,        0.51]],
[[         694,        0.39],[         735,        0.39],[        1015,        0.48],[        1023,        0.47],[        1116,         0.5]],
[[         691,        0.39],[         751,        0.39],[        1134,        0.54],[         938,        0.43],[        1150,        0.51]],
[[         664,        0.38],[         722,        0.38],[         911,        0.43],[         908,        0.42],[        1099,        0.49]],
[[         671,        0.38],[         688,        0.36],[         834,         0.4],[         865,         0.4],[        1132,        0.51]],
[[         630,        0.36],[         598,        0.31],[         803,        0.38],[         859,        0.39],[        1129,         0.5]],
[[         603,        0.34],[         667,        0.35],[         723,        0.34],[         823,        0.38],[        1043,        0.47]],
[[         609,        0.35],[         603,        0.32],[         638,         0.3],[         799,        0.37],[        1017,        0.45]],
[[         588,        0.33],[         559,        0.29],[         565,        0.27],[         806,        0.37],[         958,        0.43]],
[[         555,        0.31],[         512,        0.27],[         586,        0.28],[         805,        0.37],[         891,         0.4]],
[[         348,         0.2],[         481,        0.25],[         596,        0.28],[         775,        0.36],[         889,         0.4]],
[[         280,        0.16],[         459,        0.24],[         554,        0.26],[         806,        0.37],[         830,        0.37]],
[[         283,        0.16],[         431,        0.23],[         543,        0.26],[         864,         0.4],[         746,        0.33]],
[[         299,        0.17],[         417,        0.22],[         503,        0.24],[         657,         0.3],[         699,        0.31]],
[[         228,        0.13],[         352,        0.18],[         441,        0.21],[         581,        0.27],[         645,        0.29]],
[[         237,        0.13],[         319,        0.17],[         350,        0.17],[         541,        0.25],[         610,        0.27]],
[[         991,        0.56],[         285,        0.15],[         368,        0.18],[         469,        0.22],[         562,        0.25]],
[[           .,           .],[         306,        0.16],[         299,        0.14],[         375,        0.17],[         510,        0.23]],
[[           .,           .],[         257,        0.13],[         263,        0.13],[         310,        0.14],[         483,        0.22]],
[[           .,           .],[         189,         0.1],[         215,         0.1],[         293,        0.13],[         448,         0.2]],
[[           .,           .],[         119,        0.06],[         173,        0.08],[         264,        0.12],[         393,        0.18]],
[[           .,           .],[         328,        0.17],[         656,        0.31],[         965,        0.44],[        1684,        0.75]]],
[[[         932,        0.53],[        1022,        0.54],[         869,        0.41],[         997,        0.46],[        1006,        0.45]],
[[         911,        0.52],[        1003,        0.53],[         950,        0.45],[         996,        0.46],[         993,        0.44]],
[[         922,        0.52],[         996,        0.52],[         979,        0.47],[         999,        0.46],[         988,        0.44]],
[[         933,        0.53],[         930,        0.49],[         948,        0.45],[        1002,        0.46],[         984,        0.44]],
[[         960,        0.54],[         871,        0.46],[         997,        0.48],[        1002,        0.46],[         980,        0.44]],
[[         945,        0.54],[         862,        0.45],[         982,        0.47],[        1009,        0.46],[         986,        0.44]],
[[        1038,        0.59],[         852,        0.45],[        1074,        0.51],[        1011,        0.46],[         987,        0.44]],
[[        1087,        0.62],[         870,        0.46],[        1092,        0.52],[        1004,        0.46],[         984,        0.44]],
[[        1029,        0.58],[         852,        0.45],[        1093,        0.52],[        1009,        0.46],[         992,        0.44]],
[[        1046,        0.59],[         961,         0.5],[        1018,        0.49],[        1013,        0.46],[         998,        0.45]],
[[        1070,        0.61],[         921,        0.48],[        1043,         0.5],[        1009,        0.46],[         998,        0.45]],
[[        1040,        0.59],[         971,        0.51],[        1077,        0.51],[         997,        0.46],[        1001,        0.45]],
[[         994,        0.56],[         946,         0.5],[         982,        0.47],[         997,        0.46],[        1006,        0.45]],
[[        1017,        0.58],[         937,        0.49],[        1004,        0.48],[         996,        0.46],[        1015,        0.45]],
[[         963,        0.55],[        1002,        0.53],[         941,        0.45],[        1035,        0.47],[        1017,        0.45]],
[[         997,        0.57],[         942,        0.49],[         909,        0.43],[        1026,        0.47],[        1026,        0.46]],
[[         968,        0.55],[         993,        0.52],[         911,        0.43],[        1087,         0.5],[        1035,        0.46]],
[[         979,        0.56],[        1106,        0.58],[         970,        0.46],[        1145,        0.53],[        1076,        0.48]],
[[        1043,        0.59],[        1192,        0.62],[        1320,        0.63],[        1497,        0.69],[        1403,        0.63]],
[[        1466,        0.83],[        2235,        1.17],[        3287,        1.57],[        3291,        1.51],[        3239,        1.45]],
[[        1417,         0.8],[        2575,        1.35],[        3643,        1.74],[        3548,        1.63],[        3473,        1.55]],
[[        1396,        0.79],[        2011,        1.05],[        2859,        1.36],[        2996,        1.37],[        2985,        1.33]],
[[        1202,        0.68],[        1714,         0.9],[        2031,        0.97],[        2090,        0.96],[        2180,        0.97]],
[[        1130,        0.64],[        1575,        0.83],[        1627,        0.78],[        1711,        0.79],[        1843,        0.82]],
[[        1090,        0.62],[        1385,        0.73],[        1980,        0.94],[        1522,         0.7],[        1687,        0.75]],
[[        1181,        0.67],[        1434,        0.75],[        1577,        0.75],[        1380,        0.63],[        1600,        0.71]],
[[        1180,        0.67],[        1357,        0.71],[        1692,        0.81],[        1293,        0.59],[        1572,         0.7]],
[[        1334,        0.76],[        1414,        0.74],[        1575,        0.75],[        1301,         0.6],[        1521,        0.68]],
[[        1383,        0.78],[        1384,        0.73],[        1518,        0.72],[        1296,        0.59],[        1471,        0.66]],
[[        1397,        0.79],[        1300,        0.68],[        1275,        0.61],[        1313,         0.6],[        1411,        0.63]],
[[        1392,        0.79],[        1201,        0.63],[        1403,        0.67],[        1307,         0.6],[        1393,        0.62]],
[[        1338,        0.76],[        1146,         0.6],[        1244,        0.59],[        1269,        0.58],[        1308,        0.58]],
[[        1343,        0.76],[        1113,        0.58],[        1340,        0.64],[        1226,        0.56],[        1253,        0.56]],
[[        1423,        0.81],[        1192,        0.62],[        1318,        0.63],[        1211,        0.56],[        1198,        0.53]],
[[        1452,        0.82],[        1211,        0.63],[        1157,        0.55],[        1302,         0.6],[        1158,        0.52]],
[[        1303,        0.74],[        1216,        0.64],[        1211,        0.58],[        1268,        0.58],[        1105,        0.49]],
[[        1383,        0.78],[        1320,        0.69],[        1196,        0.57],[        1335,        0.61],[        1079,        0.48]],
[[        1318,        0.75],[        1420,        0.74],[        1291,        0.62],[        1338,        0.61],[        1099,        0.49]],
[[        1293,        0.73],[        1420,        0.74],[        1208,        0.58],[        1296,        0.59],[        1116,         0.5]],
[[        1205,        0.68],[        1394,        0.73],[        1207,        0.58],[        1205,        0.55],[        1150,        0.51]],
[[        1289,        0.73],[        1409,        0.74],[        1176,        0.56],[        1265,        0.58],[        1157,        0.52]],
[[        1206,        0.68],[        1359,        0.71],[        1103,        0.53],[        1184,        0.54],[        1161,        0.52]],
[[        1178,        0.67],[        1322,        0.69],[        1121,        0.53],[        1247,        0.57],[        1156,        0.52]],
[[        1129,        0.64],[        1392,        0.73],[        1209,        0.58],[        1231,        0.56],[        1142,        0.51]],
[[        1116,        0.63],[        1439,        0.75],[        1138,        0.54],[        1125,        0.52],[        1228,        0.55]],
[[        1135,        0.64],[        1308,        0.69],[        1164,        0.55],[        1165,        0.53],[        1224,        0.55]],
[[        1099,        0.62],[        1392,        0.73],[        1325,        0.63],[        1182,        0.54],[        1285,        0.57]],
[[        1120,        0.64],[        1328,         0.7],[        1386,        0.66],[        1247,        0.57],[        1286,        0.57]],
[[        1200,        0.68],[        1283,        0.67],[        1389,        0.66],[        1214,        0.56],[        1246,        0.56]],
[[        1221,        0.69],[        1166,        0.61],[        1341,        0.64],[        1182,        0.54],[        1172,        0.52]],
[[        1337,        0.76],[        1256,        0.66],[        1355,        0.65],[        1116,        0.51],[        1232,        0.55]],
[[        1500,        0.85],[        1131,        0.59],[        1322,        0.63],[        1054,        0.48],[        1173,        0.52]],
[[        1104,        0.63],[        1126,        0.59],[        1294,        0.62],[        1090,         0.5],[        1215,        0.54]],
[[        1085,        0.62],[        1125,        0.59],[        1385,        0.66],[        1169,        0.54],[        1206,        0.54]],
[[        1014,        0.58],[        1076,        0.56],[        1453,        0.69],[        1125,        0.52],[        1109,        0.49]],
[[        1016,        0.58],[        1100,        0.58],[        1274,        0.61],[        1163,        0.53],[        1138,        0.51]],
[[         966,        0.55],[        1046,        0.55],[        1313,        0.63],[        1295,        0.59],[        1152,        0.51]],
[[         898,        0.51],[        1083,        0.57],[        1284,        0.61],[        1344,        0.62],[        1205,        0.54]],
[[         929,        0.53],[        1121,        0.59],[        1242,        0.59],[        1352,        0.62],[        1176,        0.52]],
[[         962,        0.55],[        1173,        0.61],[        1089,        0.52],[        1303,         0.6],[        1144,        0.51]],
[[         959,        0.54],[        1285,        0.67],[        1204,        0.57],[        1333,        0.61],[        1074,        0.48]],
[[         959,        0.54],[        1446,        0.76],[        1083,        0.52],[        1301,         0.6],[        1016,        0.45]],
[[         883,         0.5],[        1058,        0.55],[        1092,        0.52],[        1259,        0.58],[        1052,        0.47]],
[[         890,         0.5],[        1032,        0.54],[        1070,        0.51],[        1328,        0.61],[        1117,         0.5]],
[[         872,        0.49],[        1001,        0.52],[        1064,        0.51],[        1358,        0.62],[        1091,        0.49]],
[[         886,         0.5],[         970,        0.51],[        1056,         0.5],[        1261,        0.58],[        1131,         0.5]],
[[         888,         0.5],[         901,        0.47],[        1004,        0.48],[        1277,        0.59],[        1249,        0.56]],
[[         910,        0.52],[         846,        0.44],[        1020,        0.49],[        1252,        0.57],[        1297,        0.58]],
[[         892,        0.51],[         892,        0.47],[        1050,         0.5],[        1182,        0.54],[        1298,        0.58]],
[[         901,        0.51],[         893,        0.47],[        1137,        0.54],[        1064,        0.49],[        1265,        0.56]],
[[         857,        0.49],[         914,        0.48],[        1214,        0.58],[        1131,        0.52],[        1284,        0.57]],
[[         864,        0.49],[         864,        0.45],[        1324,        0.63],[        1061,        0.49],[        1259,        0.56]],
[[         894,        0.51],[         850,        0.45],[        1001,        0.48],[        1031,        0.47],[        1217,        0.54]],
[[         851,        0.48],[         835,        0.44],[         985,        0.47],[        1009,        0.46],[        1264,        0.56]],
[[         824,        0.47],[         782,        0.41],[         935,        0.45],[         965,        0.44],[        1270,        0.57]],
[[         826,        0.47],[         720,        0.38],[         880,        0.42],[         959,        0.44],[        1177,        0.53]],
[[         835,        0.47],[         760,         0.4],[         780,        0.37],[         918,        0.42],[        1171,        0.52]],
[[         842,        0.48],[         757,         0.4],[         690,        0.33],[         907,        0.42],[        1126,         0.5]],
[[         807,        0.46],[         717,        0.38],[         763,        0.36],[         923,        0.42],[        1046,        0.47]],
[[         538,        0.31],[         687,        0.36],[         725,        0.35],[         964,        0.44],[         939,        0.42]],
[[         499,        0.28],[         658,        0.34],[         732,        0.35],[        1014,        0.47],[         969,        0.43]],
[[         503,        0.29],[         670,        0.35],[         691,        0.33],[        1080,         0.5],[         888,         0.4]],
[[         543,        0.31],[         610,        0.32],[         674,        0.32],[         782,        0.36],[         840,        0.37]],
[[         458,        0.26],[         542,        0.28],[         642,        0.31],[         738,        0.34],[         798,        0.36]],
[[         468,        0.27],[         510,        0.27],[         562,        0.27],[         692,        0.32],[         749,        0.33]],
[[        2751,        1.56],[         505,        0.26],[         457,        0.22],[         617,        0.28],[         716,        0.32]],
[[           .,           .],[         507,        0.27],[         451,        0.21],[         525,        0.24],[         656,        0.29]],
[[           .,           .],[         454,        0.24],[         435,        0.21],[         443,         0.2],[         620,        0.28]],
[[           .,           .],[         386,         0.2],[         370,        0.18],[         448,        0.21],[         592,        0.26]],
[[           .,           .],[         265,        0.14],[         333,        0.16],[         398,        0.18],[         572,        0.26]],
[[           .,           .],[        1037,        0.54],[        1438,        0.69],[        1729,        0.79],[        2642,        1.18]]]]}}
